# WaveFront *.obj file (generated by Autodesk ATF)

mtllib Untitled v1.mtl

g Body20

v -15899.999534 -0.010000 -2960.348620
v -15900.000000 -0.010000 -2968.769097
v -15890.177494 -0.010000 -2968.769640
v -15880.354987 -0.010000 -2968.770184
v -15870.532481 -0.010000 -2968.770727
v -15860.709975 -0.010000 -2968.771270
v -15850.887468 -0.010000 -2968.771814
v -15841.064962 -0.010000 -2968.772357
v -15831.242456 -0.010000 -2968.772901
v -15833.047619 -0.010000 -2978.095575
v -15844.206349 -0.010000 -2978.095575
v -15855.365079 -0.010000 -2978.095575
v -15866.523810 -0.010000 -2978.095575
v -15877.682540 -0.010000 -2978.095575
v -15888.841270 -0.010000 -2978.095575
v -15900.000000 -0.010000 -2978.095575
v -15900.000000 -0.010000 -2984.077840
v -15900.000000 -0.010000 -2990.060105
v -15889.025366 -0.010000 -2990.060105
v -15878.050731 -0.010000 -2990.060105
v -15867.076097 -0.010000 -2990.060105
v -15856.101463 -0.010000 -2990.060105
v -15845.126829 -0.010000 -2990.060105
v -15834.152194 -0.010000 -2990.060105
v -15823.177560 -0.010000 -2990.060105
v -15821.618160 -0.010000 -2982.006664
v -15820.058760 -0.010000 -2973.953223
v -15820.058760 -0.010000 -2983.728487
v -15820.058760 -0.010000 -2993.503750
v -15820.058760 -0.010000 -3003.279014
v -15808.796790 -0.010000 -3003.279014
v -15797.534819 -0.010000 -3003.279014
v -15786.272849 -0.010000 -3003.279014
v -15775.010878 -0.010000 -3003.279014
v -15763.748908 -0.010000 -3003.279014
v -15752.486938 -0.010000 -3003.279014
v -15741.224967 -0.010000 -3003.279014
v -15729.962997 -0.010000 -3003.279014
v -15718.701026 -0.010000 -3003.279014
v -15707.439056 -0.010000 -3003.279014
v -15696.177086 -0.010000 -3003.279014
v -15684.915115 -0.010000 -3003.279014
v -15673.653145 -0.010000 -3003.279014
v -15662.391174 -0.010000 -3003.279014
v -15651.129204 -0.010000 -3003.279014
v -15639.867234 -0.010000 -3003.279014
v -15628.605263 -0.010000 -3003.279014
v -15617.343293 -0.010000 -3003.279014
v -15606.081322 -0.010000 -3003.279014
v -15594.819352 -0.010000 -3003.279014
v -15583.557382 -0.010000 -3003.279014
v -15572.295411 -0.010000 -3003.279014
v -15561.033441 -0.010000 -3003.279014
v -15549.771470 -0.010000 -3003.279014
v -15538.509500 -0.010000 -3003.279014
v -15527.247530 -0.010000 -3003.279014
v -15515.985559 -0.010000 -3003.279014
v -15504.723589 -0.010000 -3003.279014
v -15493.461618 -0.010000 -3003.279014
v -15482.199648 -0.010000 -3003.279014
v -15470.937678 -0.010000 -3003.279014
v -15459.675707 -0.010000 -3003.279014
v -15448.413737 -0.010000 -3003.279014
v -15437.151766 -0.010000 -3003.279014
v -15425.889796 -0.010000 -3003.279014
v -15414.627826 -0.010000 -3003.279014
v -15403.365855 -0.010000 -3003.279014
v -15392.103885 -0.010000 -3003.279014
v -15380.841914 -0.010000 -3003.279014
v -15369.579944 -0.010000 -3003.279014
v -15358.317974 -0.010000 -3003.279014
v -15347.056003 -0.010000 -3003.279014
v -15335.794033 -0.010000 -3003.279014
v -15324.532062 -0.010000 -3003.279014
v -15313.270092 -0.010000 -3003.279014
v -15302.008122 -0.010000 -3003.279014
v -15290.746151 -0.010000 -3003.279014
v -15279.484181 -0.010000 -3003.279014
v -15268.222210 -0.010000 -3003.279014
v -15256.960240 -0.010000 -3003.279014
v -15245.698269 -0.010000 -3003.279014
v -15234.436299 -0.010000 -3003.279014
v -15223.174329 -0.010000 -3003.279014
v -15211.912358 -0.010000 -3003.279014
v -15200.650388 -0.010000 -3003.279014
v -15189.388417 -0.010000 -3003.279014
v -15178.126447 -0.010000 -3003.279014
v -15166.864477 -0.010000 -3003.279014
v -15155.602506 -0.010000 -3003.279014
v -15144.340536 -0.010000 -3003.279014
v -15133.078565 -0.010000 -3003.279014
v -15121.816595 -0.010000 -3003.279014
v -15110.554625 -0.010000 -3003.279014
v -15099.292654 -0.010000 -3003.279014
v -15088.030684 -0.010000 -3003.279014
v -15076.768713 -0.010000 -3003.279014
v -15065.506743 -0.010000 -3003.279014
v -15054.244773 -0.010000 -3003.279014
v -15042.982802 -0.010000 -3003.279014
v -15031.720832 -0.010000 -3003.279014
v -15020.458861 -0.010000 -3003.279014
v -15009.196891 -0.010000 -3003.279014
v -14997.934921 -0.010000 -3003.279014
v -14986.672950 -0.010000 -3003.279014
v -14975.410980 -0.010000 -3003.279014
v -14964.149009 -0.010000 -3003.279014
v -14952.887039 -0.010000 -3003.279014
v -14941.625069 -0.010000 -3003.279014
v -14930.363098 -0.010000 -3003.279014
v -14919.101128 -0.010000 -3003.279014
v -14907.839157 -0.010000 -3003.279014
v -14896.577187 -0.010000 -3003.279014
v -14885.315217 -0.010000 -3003.279014
v -14874.053246 -0.010000 -3003.279014
v -14862.791276 -0.010000 -3003.279014
v -14851.529305 -0.010000 -3003.279014
v -14840.267335 -0.010000 -3003.279014
v -14829.005365 -0.010000 -3003.279014
v -14817.743394 -0.010000 -3003.279014
v -14806.481424 -0.010000 -3003.279014
v -14795.219453 -0.010000 -3003.279014
v -14783.957483 -0.010000 -3003.279014
v -14772.695513 -0.010000 -3003.279014
v -14761.433542 -0.010000 -3003.279014
v -14750.171572 -0.010000 -3003.279014
v -14750.171572 -0.010000 -2992.172114
v -14750.171572 -0.010000 -2981.065214
v -14750.171572 -0.010000 -2969.958314
v -14750.171572 -0.010000 -2958.851414
v -14750.171572 -0.010000 -2947.744514
v -14750.171572 -0.010000 -2936.637614
v -14750.171572 -0.010000 -2925.530714
v -14750.171572 -0.010000 -2914.423814
v -14750.171572 -0.010000 -2903.316914
v -14750.171572 -0.010000 -2892.210015
v -14750.171572 -0.010000 -2881.103115
v -14750.171572 -0.010000 -2869.996215
v -14750.171572 -0.010000 -2858.889315
v -14750.171572 -0.010000 -2847.782415
v -14750.171572 -0.010000 -2836.675515
v -14750.171572 -0.010000 -2825.568615
v -14750.171572 -0.010000 -2814.461715
v -14750.171572 -0.010000 -2803.354815
v -14750.171572 -0.010000 -2792.247916
v -14750.171572 -0.010000 -2781.141016
v -14750.171572 -0.010000 -2770.034116
v -14750.171572 -0.010000 -2758.927216
v -14758.620466 -0.010000 -2764.276241
v -14767.069361 -0.010000 -2769.625267
v -14775.518255 -0.010000 -2774.974293
v -14783.967149 -0.010000 -2780.323318
v -14792.354618 -0.010000 -2785.701502
v -14800.742087 -0.010000 -2791.079687
v -14809.129556 -0.010000 -2796.457871
v -14817.517024 -0.010000 -2801.836055
v -14825.904493 -0.010000 -2807.214240
v -14834.246917 -0.010000 -2812.631954
v -14842.589341 -0.010000 -2818.049668
v -14850.931766 -0.010000 -2823.467382
v -14859.274190 -0.010000 -2828.885096
v -14867.616614 -0.010000 -2834.302810
v -14875.913993 -0.010000 -2839.760054
v -14884.211373 -0.010000 -2845.217297
v -14892.508752 -0.010000 -2850.674541
v -14900.806132 -0.010000 -2856.131785
v -14909.103511 -0.010000 -2861.589028
v -14909.354655 -0.010000 -2861.754192
v -14909.606770 -0.010000 -2861.917870
v -14909.859847 -0.010000 -2862.080056
v -14910.113877 -0.010000 -2862.240745
v -14910.368852 -0.010000 -2862.399930
v -14910.624763 -0.010000 -2862.557607
v -14910.881600 -0.010000 -2862.713770
v -14911.139355 -0.010000 -2862.868413
v -14911.398019 -0.010000 -2863.021531
v -14911.657583 -0.010000 -2863.173119
v -14911.918038 -0.010000 -2863.323171
v -14912.179374 -0.010000 -2863.471682
v -14912.441583 -0.010000 -2863.618648
v -14912.704655 -0.010000 -2863.764062
v -14912.968581 -0.010000 -2863.907920
v -14913.233353 -0.010000 -2864.050217
v -14913.498960 -0.010000 -2864.190948
v -14913.765393 -0.010000 -2864.330107
v -14914.032644 -0.010000 -2864.467691
v -14914.300703 -0.010000 -2864.603694
v -14914.569560 -0.010000 -2864.738111
v -14914.839207 -0.010000 -2864.870938
v -14915.109633 -0.010000 -2865.002171
v -14915.380829 -0.010000 -2865.131804
v -14915.652787 -0.010000 -2865.259833
v -14915.925495 -0.010000 -2865.386253
v -14916.198946 -0.010000 -2865.511061
v -14916.473129 -0.010000 -2865.634252
v -14916.748035 -0.010000 -2865.755821
v -14917.023654 -0.010000 -2865.875765
v -14917.299976 -0.010000 -2865.994079
v -14917.576992 -0.010000 -2866.110758
v -14917.854693 -0.010000 -2866.225800
v -14918.133068 -0.010000 -2866.339200
v -14918.412108 -0.010000 -2866.450953
v -14918.691804 -0.010000 -2866.561057
v -14918.972144 -0.010000 -2866.669507
v -14919.253121 -0.010000 -2866.776299
v -14919.534723 -0.010000 -2866.881431
v -14919.816941 -0.010000 -2866.984897
v -14920.099765 -0.010000 -2867.086694
v -14920.383185 -0.010000 -2867.186820
v -14920.667192 -0.010000 -2867.285270
v -14920.951775 -0.010000 -2867.382041
v -14921.236925 -0.010000 -2867.477129
v -14921.522632 -0.010000 -2867.570532
v -14921.808885 -0.010000 -2867.662246
v -14922.095674 -0.010000 -2867.752267
v -14922.382991 -0.010000 -2867.840594
v -14922.670824 -0.010000 -2867.927222
v -14922.959163 -0.010000 -2868.012148
v -14923.248000 -0.010000 -2868.095370
v -14923.537322 -0.010000 -2868.176885
v -14923.827121 -0.010000 -2868.256690
v -14924.117387 -0.010000 -2868.334782
v -14924.408108 -0.010000 -2868.411158
v -14924.699275 -0.010000 -2868.485816
v -14924.990879 -0.010000 -2868.558753
v -14925.282908 -0.010000 -2868.629966
v -14925.575352 -0.010000 -2868.699454
v -14925.868202 -0.010000 -2868.767213
v -14926.161446 -0.010000 -2868.833241
v -14926.455076 -0.010000 -2868.897537
v -14926.749080 -0.010000 -2868.960097
v -14927.043449 -0.010000 -2869.020920
v -14927.338171 -0.010000 -2869.080003
v -14927.633238 -0.010000 -2869.137345
v -14927.928638 -0.010000 -2869.192943
v -14928.224361 -0.010000 -2869.246795
v -14928.520397 -0.010000 -2869.298900
v -14928.816735 -0.010000 -2869.349256
v -14929.113366 -0.010000 -2869.397861
v -14929.410279 -0.010000 -2869.444713
v -14929.707463 -0.010000 -2869.489810
v -14930.004909 -0.010000 -2869.533152
v -14930.302605 -0.010000 -2869.574736
v -14930.600541 -0.010000 -2869.614562
v -14930.898708 -0.010000 -2869.652627
v -14931.197094 -0.010000 -2869.688930
v -14931.495689 -0.010000 -2869.723471
v -14931.794484 -0.010000 -2869.756247
v -14932.093466 -0.010000 -2869.787259
v -14932.392627 -0.010000 -2869.816504
v -14932.691955 -0.010000 -2869.843982
v -14932.991440 -0.010000 -2869.869691
v -14933.291071 -0.010000 -2869.893632
v -14933.590839 -0.010000 -2869.915802
v -14933.890732 -0.010000 -2869.936201
v -14934.190741 -0.010000 -2869.954829
v -14934.490855 -0.010000 -2869.971685
v -14934.791063 -0.010000 -2869.986769
v -14935.091354 -0.010000 -2870.000078
v -14935.391719 -0.010000 -2870.011615
v -14935.692147 -0.010000 -2870.021377
v -14935.992628 -0.010000 -2870.029364
v -14936.293150 -0.010000 -2870.035577
v -14936.593704 -0.010000 -2870.040015
v -14936.894278 -0.010000 -2870.042678
v -14937.194864 -0.010000 -2870.043566
v -14938.780345 -0.010000 -2870.037277
v -14940.365727 -0.010000 -2870.018410
v -14941.950909 -0.010000 -2869.986966
v -14943.535792 -0.010000 -2869.942948
v -14945.120276 -0.010000 -2869.886358
v -14946.704260 -0.010000 -2869.817200
v -14948.287647 -0.010000 -2869.735478
v -14949.870335 -0.010000 -2869.641197
v -14951.452226 -0.010000 -2869.534363
v -14953.033219 -0.010000 -2869.414983
v -14954.613215 -0.010000 -2869.283064
v -14956.192115 -0.010000 -2869.138615
v -14957.769820 -0.010000 -2868.981645
v -14959.346229 -0.010000 -2868.812163
v -14960.921245 -0.010000 -2868.630181
v -14962.494767 -0.010000 -2868.435709
v -14964.066697 -0.010000 -2868.228761
v -14965.636935 -0.010000 -2868.009349
v -14967.205384 -0.010000 -2867.777486
v -14968.771944 -0.010000 -2867.533188
v -14970.336516 -0.010000 -2867.276469
v -14971.899003 -0.010000 -2867.007347
v -14973.459305 -0.010000 -2866.725837
v -14975.017325 -0.010000 -2866.431958
v -14976.572965 -0.010000 -2866.125729
v -14978.126126 -0.010000 -2865.807167
v -14979.676711 -0.010000 -2865.476294
v -14981.224622 -0.010000 -2865.133131
v -14982.769763 -0.010000 -2864.777698
v -14984.312035 -0.010000 -2864.410018
v -14985.851341 -0.010000 -2864.030115
v -14987.387586 -0.010000 -2863.638012
v -14988.920671 -0.010000 -2863.233734
v -14990.450501 -0.010000 -2862.817306
v -14991.976979 -0.010000 -2862.388755
v -14993.500009 -0.010000 -2861.948108
v -14995.019495 -0.010000 -2861.495392
v -14996.535342 -0.010000 -2861.030636
v -14998.047455 -0.010000 -2860.553868
v -14999.555738 -0.010000 -2860.065120
v -15001.060095 -0.010000 -2859.564422
v -15002.560434 -0.010000 -2859.051805
v -15004.056658 -0.010000 -2858.527301
v -15005.548674 -0.010000 -2857.990945
v -15007.036388 -0.010000 -2857.442768
v -15008.519707 -0.010000 -2856.882807
v -15009.998537 -0.010000 -2856.311095
v -15011.472784 -0.010000 -2855.727670
v -15012.942357 -0.010000 -2855.132567
v -15014.407162 -0.010000 -2854.525825
v -15015.867108 -0.010000 -2853.907481
v -15017.322103 -0.010000 -2853.277575
v -15018.772054 -0.010000 -2852.636145
v -15020.216872 -0.010000 -2851.983233
v -15021.656464 -0.010000 -2851.318880
v -15023.090740 -0.010000 -2850.643126
v -15024.519610 -0.010000 -2849.956016
v -15025.942985 -0.010000 -2849.257592
v -15027.360773 -0.010000 -2848.547897
v -15028.772887 -0.010000 -2847.826977
v -15030.179238 -0.010000 -2847.094878
v -15031.579736 -0.010000 -2846.351644
v -15032.974294 -0.010000 -2845.597324
v -15034.362824 -0.010000 -2844.831964
v -15035.745238 -0.010000 -2844.055612
v -15037.121450 -0.010000 -2843.268318
v -15038.491372 -0.010000 -2842.470130
v -15039.854920 -0.010000 -2841.661100
v -15041.212006 -0.010000 -2840.841278
v -15042.562546 -0.010000 -2840.010716
v -15043.906454 -0.010000 -2839.169466
v -15045.243646 -0.010000 -2838.317581
v -15046.574038 -0.010000 -2837.455114
v -15047.897545 -0.010000 -2836.582120
v -15049.214086 -0.010000 -2835.698654
v -15050.523576 -0.010000 -2834.804771
v -15051.825934 -0.010000 -2833.900528
v -15053.121077 -0.010000 -2832.985982
v -15054.408924 -0.010000 -2832.061189
v -15055.689394 -0.010000 -2831.126209
v -15056.962406 -0.010000 -2830.181100
v -15058.227881 -0.010000 -2829.225922
v -15059.485737 -0.010000 -2828.260734
v -15060.735898 -0.010000 -2827.285598
v -15066.869266 -0.010000 -2822.268607
v -15072.706097 -0.010000 -2817.029575
v -15072.810166 -0.010000 -2816.945819
v -15072.923164 -0.010000 -2816.881735
v -15073.169293 -0.010000 -2816.800374
v -15073.694258 -0.010000 -2816.749454
v -15084.942999 -0.010000 -2816.749454
v -15096.191739 -0.010000 -2816.749454
v -15107.440480 -0.010000 -2816.749454
v -15118.689220 -0.010000 -2816.749454
v -15129.937961 -0.010000 -2816.749454
v -15141.186701 -0.010000 -2816.749454
v -15152.435442 -0.010000 -2816.749454
v -15163.684183 -0.010000 -2816.749454
v -15174.932923 -0.010000 -2816.749454
v -15186.181664 -0.010000 -2816.749454
v -15197.430404 -0.010000 -2816.749454
v -15208.679145 -0.010000 -2816.749454
v -15219.927885 -0.010000 -2816.749454
v -15231.176626 -0.010000 -2816.749454
v -15242.425366 -0.010000 -2816.749454
v -15253.674107 -0.010000 -2816.749454
v -15264.922847 -0.010000 -2816.749454
v -15276.171588 -0.010000 -2816.749454
v -15287.420328 -0.010000 -2816.749454
v -15298.669069 -0.010000 -2816.749454
v -15309.917809 -0.010000 -2816.749454
v -15321.166550 -0.010000 -2816.749454
v -15332.415290 -0.010000 -2816.749454
v -15343.664031 -0.010000 -2816.749454
v -15354.912771 -0.010000 -2816.749454
v -15366.161512 -0.010000 -2816.749454
v -15377.410252 -0.010000 -2816.749454
v -15388.658993 -0.010000 -2816.749454
v -15399.907733 -0.010000 -2816.749454
v -15411.156474 -0.010000 -2816.749454
v -15422.405214 -0.010000 -2816.749454
v -15433.653955 -0.010000 -2816.749454
v -15444.902695 -0.010000 -2816.749454
v -15456.151436 -0.010000 -2816.749454
v -15467.400176 -0.010000 -2816.749454
v -15478.648917 -0.010000 -2816.749454
v -15489.897657 -0.010000 -2816.749454
v -15501.146398 -0.010000 -2816.749454
v -15512.395138 -0.010000 -2816.749454
v -15523.643879 -0.010000 -2816.749454
v -15534.892619 -0.010000 -2816.749454
v -15546.141360 -0.010000 -2816.749454
v -15557.390100 -0.010000 -2816.749454
v -15568.638841 -0.010000 -2816.749454
v -15579.887581 -0.010000 -2816.749454
v -15591.136322 -0.010000 -2816.749454
v -15602.385062 -0.010000 -2816.749454
v -15613.633803 -0.010000 -2816.749454
v -15624.882543 -0.010000 -2816.749454
v -15636.131284 -0.010000 -2816.749454
v -15647.380024 -0.010000 -2816.749454
v -15658.628765 -0.010000 -2816.749454
v -15669.877505 -0.010000 -2816.749454
v -15681.126246 -0.010000 -2816.749454
v -15692.374987 -0.010000 -2816.749454
v -15703.623727 -0.010000 -2816.749454
v -15714.872468 -0.010000 -2816.749454
v -15726.121208 -0.010000 -2816.749454
v -15737.369949 -0.010000 -2816.749454
v -15748.618689 -0.010000 -2816.749454
v -15759.867430 -0.010000 -2816.749454
v -15771.116170 -0.010000 -2816.749454
v -15782.364911 -0.010000 -2816.749454
v -15793.613651 -0.010000 -2816.749454
v -15804.862392 -0.010000 -2816.749454
v -15816.111132 -0.010000 -2816.749454
v -15827.359873 -0.010000 -2816.749454
v -15838.608613 -0.010000 -2816.749454
v -15849.857354 -0.010000 -2816.749454
v -15855.029933 -0.010000 -2817.430436
v -15859.850009 -0.010000 -2819.426977
v -15863.989102 -0.010000 -2822.603015
v -15867.165140 -0.010000 -2826.742109
v -15869.161681 -0.010000 -2831.562185
v -15869.842664 -0.010000 -2836.734764
v -15869.842664 -0.010000 -2847.972538
v -15869.842664 -0.010000 -2859.210313
v -15869.842664 -0.010000 -2870.448088
v -15869.842664 -0.010000 -2881.685863
v -15869.842664 -0.010000 -2892.923638
v -15869.842664 -0.010000 -2904.161413
v -15869.842664 -0.010000 -2915.399188
v -15869.842664 -0.010000 -2926.636963
v -15869.842664 -0.010000 -2937.874738
v -15869.842664 -0.010000 -2949.112513
v -15869.842664 -0.010000 -2960.350288
v -15879.894954 -0.010000 -2960.349732
v -15889.947244 -0.010000 -2960.349176
v -15866.181517 -0.010000 -2847.782609
v -15821.090206 -0.010000 -2969.958314
v -15809.817378 -0.010000 -2969.958314
v -15798.544551 -0.010000 -2969.958314
v -15787.271723 -0.010000 -2969.958314
v -15775.998895 -0.010000 -2969.958314
v -15764.726067 -0.010000 -2969.958314
v -15753.453240 -0.010000 -2969.958314
v -15742.180412 -0.010000 -2969.958314
v -15730.907584 -0.010000 -2969.958314
v -15719.634756 -0.010000 -2969.958314
v -15708.361929 -0.010000 -2969.958314
v -15697.089101 -0.010000 -2969.958314
v -15685.816273 -0.010000 -2969.958314
v -15674.543446 -0.010000 -2969.958314
v -15663.270618 -0.010000 -2969.958314
v -15651.997790 -0.010000 -2969.958314
v -15640.724962 -0.010000 -2969.958314
v -15629.452135 -0.010000 -2969.958314
v -15618.179307 -0.010000 -2969.958314
v -15606.906479 -0.010000 -2969.958314
v -15595.633651 -0.010000 -2969.958314
v -15584.360824 -0.010000 -2969.958314
v -15573.087996 -0.010000 -2969.958314
v -15561.815168 -0.010000 -2969.958314
v -15550.542341 -0.010000 -2969.958314
v -15539.269513 -0.010000 -2969.958314
v -15527.996685 -0.010000 -2969.958314
v -15516.723857 -0.010000 -2969.958314
v -15505.451030 -0.010000 -2969.958314
v -15494.178202 -0.010000 -2969.958314
v -15482.905374 -0.010000 -2969.958314
v -15471.632546 -0.010000 -2969.958314
v -15460.359719 -0.010000 -2969.958314
v -15449.086891 -0.010000 -2969.958314
v -15437.814063 -0.010000 -2969.958314
v -15426.541236 -0.010000 -2969.958314
v -15415.268408 -0.010000 -2969.958314
v -15403.995580 -0.010000 -2969.958314
v -15392.722752 -0.010000 -2969.958314
v -15381.449925 -0.010000 -2969.958314
v -15370.177097 -0.010000 -2969.958314
v -15358.904269 -0.010000 -2969.958314
v -15347.631441 -0.010000 -2969.958314
v -15336.358614 -0.010000 -2969.958314
v -15325.085786 -0.010000 -2969.958314
v -15313.812958 -0.010000 -2969.958314
v -15302.540131 -0.010000 -2969.958314
v -15291.267303 -0.010000 -2969.958314
v -15279.994475 -0.010000 -2969.958314
v -15268.721647 -0.010000 -2969.958314
v -15257.448820 -0.010000 -2969.958314
v -15246.175992 -0.010000 -2969.958314
v -15234.903164 -0.010000 -2969.958314
v -15223.630336 -0.010000 -2969.958314
v -15212.357509 -0.010000 -2969.958314
v -15201.084681 -0.010000 -2969.958314
v -15189.811853 -0.010000 -2969.958314
v -15178.539025 -0.010000 -2969.958314
v -15167.266198 -0.010000 -2969.958314
v -15155.993370 -0.010000 -2969.958314
v -15144.720542 -0.010000 -2969.958314
v -15133.447715 -0.010000 -2969.958314
v -15122.174887 -0.010000 -2969.958314
v -15110.902059 -0.010000 -2969.958314
v -15099.629231 -0.010000 -2969.958314
v -15088.356404 -0.010000 -2969.958314
v -15077.083576 -0.010000 -2969.958314
v -15065.810748 -0.010000 -2969.958314
v -15054.537920 -0.010000 -2969.958314
v -15043.265093 -0.010000 -2969.958314
v -15031.992265 -0.010000 -2969.958314
v -15020.719437 -0.010000 -2969.958314
v -15009.446610 -0.010000 -2969.958314
v -14998.173782 -0.010000 -2969.958314
v -14986.900954 -0.010000 -2969.958314
v -14975.628126 -0.010000 -2969.958314
v -14964.355299 -0.010000 -2969.958314
v -14953.082471 -0.010000 -2969.958314
v -14941.809643 -0.010000 -2969.958314
v -14930.536815 -0.010000 -2969.958314
v -14919.263988 -0.010000 -2969.958314
v -14907.991160 -0.010000 -2969.958314
v -14896.718332 -0.010000 -2969.958314
v -14885.445505 -0.010000 -2969.958314
v -14874.172677 -0.010000 -2969.958314
v -14862.899849 -0.010000 -2969.958314
v -14851.627021 -0.010000 -2969.958314
v -14840.354194 -0.010000 -2969.958314
v -14829.081366 -0.010000 -2969.958314
v -14817.808538 -0.010000 -2969.958314
v -14806.535710 -0.010000 -2969.958314
v -14795.262883 -0.010000 -2969.958314
v -14783.990055 -0.010000 -2969.958314
v -14772.717227 -0.010000 -2969.958314
v -14761.444400 -0.010000 -2969.958314
v -14761.444400 -0.010000 -2958.851414
v -14772.717227 -0.010000 -2958.851414
v -14783.990055 -0.010000 -2958.851414
v -14795.262883 -0.010000 -2958.851414
v -14806.535710 -0.010000 -2958.851414
v -14817.808538 -0.010000 -2958.851414
v -14829.081366 -0.010000 -2958.851414
v -14840.354194 -0.010000 -2958.851414
v -14851.627021 -0.010000 -2958.851414
v -14862.899849 -0.010000 -2958.851414
v -14874.172677 -0.010000 -2958.851414
v -14885.445505 -0.010000 -2958.851414
v -14896.718332 -0.010000 -2958.851414
v -14907.991160 -0.010000 -2958.851414
v -14919.263988 -0.010000 -2958.851414
v -14930.536815 -0.010000 -2958.851414
v -14941.809643 -0.010000 -2958.851414
v -14953.082471 -0.010000 -2958.851414
v -14964.355299 -0.010000 -2958.851414
v -14975.628126 -0.010000 -2958.851414
v -14986.900954 -0.010000 -2958.851414
v -14998.173782 -0.010000 -2958.851414
v -15009.446610 -0.010000 -2958.851414
v -15020.719437 -0.010000 -2958.851414
v -15031.992265 -0.010000 -2958.851414
v -15043.265093 -0.010000 -2958.851414
v -15054.537920 -0.010000 -2958.851414
v -15065.810748 -0.010000 -2958.851414
v -15077.083576 -0.010000 -2958.851414
v -15088.356404 -0.010000 -2958.851414
v -15099.629231 -0.010000 -2958.851414
v -15110.902059 -0.010000 -2958.851414
v -15122.174887 -0.010000 -2958.851414
v -15133.447715 -0.010000 -2958.851414
v -15144.720542 -0.010000 -2958.851414
v -15155.993370 -0.010000 -2958.851414
v -15167.266198 -0.010000 -2958.851414
v -15178.539025 -0.010000 -2958.851414
v -15189.811853 -0.010000 -2958.851414
v -15201.084681 -0.010000 -2958.851414
v -15212.357509 -0.010000 -2958.851414
v -15223.630336 -0.010000 -2958.851414
v -15234.903164 -0.010000 -2958.851414
v -15246.175992 -0.010000 -2958.851414
v -15257.448820 -0.010000 -2958.851414
v -15268.721647 -0.010000 -2958.851414
v -15279.994475 -0.010000 -2958.851414
v -15291.267303 -0.010000 -2958.851414
v -15302.540131 -0.010000 -2958.851414
v -15313.812958 -0.010000 -2958.851414
v -15325.085786 -0.010000 -2958.851414
v -15336.358614 -0.010000 -2958.851414
v -15347.631441 -0.010000 -2958.851414
v -15358.904269 -0.010000 -2958.851414
v -15370.177097 -0.010000 -2958.851414
v -15381.449925 -0.010000 -2958.851414
v -15392.722752 -0.010000 -2958.851414
v -15403.995580 -0.010000 -2958.851414
v -15415.268408 -0.010000 -2958.851414
v -15426.541236 -0.010000 -2958.851414
v -15437.814063 -0.010000 -2958.851414
v -15449.086891 -0.010000 -2958.851414
v -15460.359719 -0.010000 -2958.851414
v -15471.632546 -0.010000 -2958.851414
v -15482.905374 -0.010000 -2958.851414
v -15494.178202 -0.010000 -2958.851414
v -15505.451030 -0.010000 -2958.851414
v -15516.723857 -0.010000 -2958.851414
v -15527.996685 -0.010000 -2958.851414
v -15539.269513 -0.010000 -2958.851414
v -15550.542341 -0.010000 -2958.851414
v -15561.815168 -0.010000 -2958.851414
v -15573.087996 -0.010000 -2958.851414
v -15584.360824 -0.010000 -2958.851414
v -15595.633651 -0.010000 -2958.851414
v -15606.906479 -0.010000 -2958.851414
v -15618.179307 -0.010000 -2958.851414
v -15629.452135 -0.010000 -2958.851414
v -15640.724962 -0.010000 -2958.851414
v -15651.997790 -0.010000 -2958.851414
v -15663.270618 -0.010000 -2958.851414
v -15674.543446 -0.010000 -2958.851414
v -15685.816273 -0.010000 -2958.851414
v -15697.089101 -0.010000 -2958.851414
v -15708.361929 -0.010000 -2958.851414
v -15719.634756 -0.010000 -2958.851414
v -15730.907584 -0.010000 -2958.851414
v -15742.180412 -0.010000 -2958.851414
v -15753.453240 -0.010000 -2958.851414
v -15764.726067 -0.010000 -2958.851414
v -15775.998895 -0.010000 -2958.851414
v -15787.271723 -0.010000 -2958.851414
v -15798.544551 -0.010000 -2958.851414
v -15809.817378 -0.010000 -2958.851414
v -15821.090206 -0.010000 -2958.851414
v -15832.363034 -0.010000 -2958.851414
v -15843.635861 -0.010000 -2958.851414
v -15854.908689 -0.010000 -2958.851414
v -15866.181517 -0.010000 -2958.851414
v -15888.727172 -0.010000 -2981.065214
v -15877.454345 -0.010000 -2981.065214
v -15866.181517 -0.010000 -2981.065214
v -15854.908689 -0.010000 -2981.065214
v -15843.635861 -0.010000 -2981.065214
v -15832.363034 -0.010000 -2981.065214
v -15809.817378 -0.010000 -2981.065214
v -15798.544551 -0.010000 -2981.065214
v -15787.271723 -0.010000 -2981.065214
v -15775.998895 -0.010000 -2981.065214
v -15764.726067 -0.010000 -2981.065214
v -15753.453240 -0.010000 -2981.065214
v -15742.180412 -0.010000 -2981.065214
v -15730.907584 -0.010000 -2981.065214
v -15719.634756 -0.010000 -2981.065214
v -15708.361929 -0.010000 -2981.065214
v -15697.089101 -0.010000 -2981.065214
v -15685.816273 -0.010000 -2981.065214
v -15674.543446 -0.010000 -2981.065214
v -15663.270618 -0.010000 -2981.065214
v -15651.997790 -0.010000 -2981.065214
v -15640.724962 -0.010000 -2981.065214
v -15629.452135 -0.010000 -2981.065214
v -15618.179307 -0.010000 -2981.065214
v -15606.906479 -0.010000 -2981.065214
v -15595.633651 -0.010000 -2981.065214
v -15584.360824 -0.010000 -2981.065214
v -15573.087996 -0.010000 -2981.065214
v -15561.815168 -0.010000 -2981.065214
v -15550.542341 -0.010000 -2981.065214
v -15539.269513 -0.010000 -2981.065214
v -15527.996685 -0.010000 -2981.065214
v -15516.723857 -0.010000 -2981.065214
v -15505.451030 -0.010000 -2981.065214
v -15494.178202 -0.010000 -2981.065214
v -15482.905374 -0.010000 -2981.065214
v -15471.632546 -0.010000 -2981.065214
v -15460.359719 -0.010000 -2981.065214
v -15449.086891 -0.010000 -2981.065214
v -15437.814063 -0.010000 -2981.065214
v -15426.541236 -0.010000 -2981.065214
v -15415.268408 -0.010000 -2981.065214
v -15403.995580 -0.010000 -2981.065214
v -15392.722752 -0.010000 -2981.065214
v -15381.449925 -0.010000 -2981.065214
v -15370.177097 -0.010000 -2981.065214
v -15358.904269 -0.010000 -2981.065214
v -15347.631441 -0.010000 -2981.065214
v -15336.358614 -0.010000 -2981.065214
v -15325.085786 -0.010000 -2981.065214
v -15313.812958 -0.010000 -2981.065214
v -15302.540131 -0.010000 -2981.065214
v -15291.267303 -0.010000 -2981.065214
v -15279.994475 -0.010000 -2981.065214
v -15268.721647 -0.010000 -2981.065214
v -15257.448820 -0.010000 -2981.065214
v -15246.175992 -0.010000 -2981.065214
v -15234.903164 -0.010000 -2981.065214
v -15223.630336 -0.010000 -2981.065214
v -15212.357509 -0.010000 -2981.065214
v -15201.084681 -0.010000 -2981.065214
v -15189.811853 -0.010000 -2981.065214
v -15178.539025 -0.010000 -2981.065214
v -15167.266198 -0.010000 -2981.065214
v -15155.993370 -0.010000 -2981.065214
v -15144.720542 -0.010000 -2981.065214
v -15133.447715 -0.010000 -2981.065214
v -15122.174887 -0.010000 -2981.065214
v -15110.902059 -0.010000 -2981.065214
v -15099.629231 -0.010000 -2981.065214
v -15088.356404 -0.010000 -2981.065214
v -15077.083576 -0.010000 -2981.065214
v -15065.810748 -0.010000 -2981.065214
v -15054.537920 -0.010000 -2981.065214
v -15043.265093 -0.010000 -2981.065214
v -15031.992265 -0.010000 -2981.065214
v -15020.719437 -0.010000 -2981.065214
v -15009.446610 -0.010000 -2981.065214
v -14998.173782 -0.010000 -2981.065214
v -14986.900954 -0.010000 -2981.065214
v -14975.628126 -0.010000 -2981.065214
v -14964.355299 -0.010000 -2981.065214
v -14953.082471 -0.010000 -2981.065214
v -14941.809643 -0.010000 -2981.065214
v -14930.536815 -0.010000 -2981.065214
v -14919.263988 -0.010000 -2981.065214
v -14907.991160 -0.010000 -2981.065214
v -14896.718332 -0.010000 -2981.065214
v -14885.445505 -0.010000 -2981.065214
v -14874.172677 -0.010000 -2981.065214
v -14862.899849 -0.010000 -2981.065214
v -14851.627021 -0.010000 -2981.065214
v -14840.354194 -0.010000 -2981.065214
v -14829.081366 -0.010000 -2981.065214
v -14817.808538 -0.010000 -2981.065214
v -14806.535710 -0.010000 -2981.065214
v -14795.262883 -0.010000 -2981.065214
v -14783.990055 -0.010000 -2981.065214
v -14772.717227 -0.010000 -2981.065214
v -14761.444400 -0.010000 -2981.065214
v -15809.817378 -0.010000 -2992.172114
v -15798.544551 -0.010000 -2992.172114
v -15787.271723 -0.010000 -2992.172114
v -15775.998895 -0.010000 -2992.172114
v -15764.726067 -0.010000 -2992.172114
v -15753.453240 -0.010000 -2992.172114
v -15742.180412 -0.010000 -2992.172114
v -15730.907584 -0.010000 -2992.172114
v -15719.634756 -0.010000 -2992.172114
v -15708.361929 -0.010000 -2992.172114
v -15697.089101 -0.010000 -2992.172114
v -15685.816273 -0.010000 -2992.172114
v -15674.543446 -0.010000 -2992.172114
v -15663.270618 -0.010000 -2992.172114
v -15651.997790 -0.010000 -2992.172114
v -15640.724962 -0.010000 -2992.172114
v -15629.452135 -0.010000 -2992.172114
v -15618.179307 -0.010000 -2992.172114
v -15606.906479 -0.010000 -2992.172114
v -15595.633651 -0.010000 -2992.172114
v -15584.360824 -0.010000 -2992.172114
v -15573.087996 -0.010000 -2992.172114
v -15561.815168 -0.010000 -2992.172114
v -15550.542341 -0.010000 -2992.172114
v -15539.269513 -0.010000 -2992.172114
v -15527.996685 -0.010000 -2992.172114
v -15516.723857 -0.010000 -2992.172114
v -15505.451030 -0.010000 -2992.172114
v -15494.178202 -0.010000 -2992.172114
v -15482.905374 -0.010000 -2992.172114
v -15471.632546 -0.010000 -2992.172114
v -15460.359719 -0.010000 -2992.172114
v -15449.086891 -0.010000 -2992.172114
v -15437.814063 -0.010000 -2992.172114
v -15426.541236 -0.010000 -2992.172114
v -15415.268408 -0.010000 -2992.172114
v -15403.995580 -0.010000 -2992.172114
v -15392.722752 -0.010000 -2992.172114
v -15381.449925 -0.010000 -2992.172114
v -15370.177097 -0.010000 -2992.172114
v -15358.904269 -0.010000 -2992.172114
v -15347.631441 -0.010000 -2992.172114
v -15336.358614 -0.010000 -2992.172114
v -15325.085786 -0.010000 -2992.172114
v -15313.812958 -0.010000 -2992.172114
v -15302.540131 -0.010000 -2992.172114
v -15291.267303 -0.010000 -2992.172114
v -15279.994475 -0.010000 -2992.172114
v -15268.721647 -0.010000 -2992.172114
v -15257.448820 -0.010000 -2992.172114
v -15246.175992 -0.010000 -2992.172114
v -15234.903164 -0.010000 -2992.172114
v -15223.630336 -0.010000 -2992.172114
v -15212.357509 -0.010000 -2992.172114
v -15201.084681 -0.010000 -2992.172114
v -15189.811853 -0.010000 -2992.172114
v -15178.539025 -0.010000 -2992.172114
v -15167.266198 -0.010000 -2992.172114
v -15155.993370 -0.010000 -2992.172114
v -15144.720542 -0.010000 -2992.172114
v -15133.447715 -0.010000 -2992.172114
v -15122.174887 -0.010000 -2992.172114
v -15110.902059 -0.010000 -2992.172114
v -15099.629231 -0.010000 -2992.172114
v -15088.356404 -0.010000 -2992.172114
v -15077.083576 -0.010000 -2992.172114
v -15065.810748 -0.010000 -2992.172114
v -15054.537920 -0.010000 -2992.172114
v -15043.265093 -0.010000 -2992.172114
v -15031.992265 -0.010000 -2992.172114
v -15020.719437 -0.010000 -2992.172114
v -15009.446610 -0.010000 -2992.172114
v -14998.173782 -0.010000 -2992.172114
v -14986.900954 -0.010000 -2992.172114
v -14975.628126 -0.010000 -2992.172114
v -14964.355299 -0.010000 -2992.172114
v -14953.082471 -0.010000 -2992.172114
v -14941.809643 -0.010000 -2992.172114
v -14930.536815 -0.010000 -2992.172114
v -14919.263988 -0.010000 -2992.172114
v -14907.991160 -0.010000 -2992.172114
v -14896.718332 -0.010000 -2992.172114
v -14885.445505 -0.010000 -2992.172114
v -14874.172677 -0.010000 -2992.172114
v -14862.899849 -0.010000 -2992.172114
v -14851.627021 -0.010000 -2992.172114
v -14840.354194 -0.010000 -2992.172114
v -14829.081366 -0.010000 -2992.172114
v -14817.808538 -0.010000 -2992.172114
v -14806.535710 -0.010000 -2992.172114
v -14795.262883 -0.010000 -2992.172114
v -14783.990055 -0.010000 -2992.172114
v -14772.717227 -0.010000 -2992.172114
v -14761.444400 -0.010000 -2992.172114
v -14761.444400 -0.010000 -2947.744514
v -14772.717227 -0.010000 -2947.744514
v -14783.990055 -0.010000 -2947.744514
v -14795.262883 -0.010000 -2947.744514
v -14806.535710 -0.010000 -2947.744514
v -14817.808538 -0.010000 -2947.744514
v -14829.081366 -0.010000 -2947.744514
v -14840.354194 -0.010000 -2947.744514
v -14851.627021 -0.010000 -2947.744514
v -14862.899849 -0.010000 -2947.744514
v -14874.172677 -0.010000 -2947.744514
v -14885.445505 -0.010000 -2947.744514
v -14896.718332 -0.010000 -2947.744514
v -14907.991160 -0.010000 -2947.744514
v -14919.263988 -0.010000 -2947.744514
v -14930.536815 -0.010000 -2947.744514
v -14941.809643 -0.010000 -2947.744514
v -14953.082471 -0.010000 -2947.744514
v -14964.355299 -0.010000 -2947.744514
v -14975.628126 -0.010000 -2947.744514
v -14986.900954 -0.010000 -2947.744514
v -14998.173782 -0.010000 -2947.744514
v -15009.446610 -0.010000 -2947.744514
v -15020.719437 -0.010000 -2947.744514
v -15031.992265 -0.010000 -2947.744514
v -15043.265093 -0.010000 -2947.744514
v -15054.537920 -0.010000 -2947.744514
v -15065.810748 -0.010000 -2947.744514
v -15077.083576 -0.010000 -2947.744514
v -15088.356404 -0.010000 -2947.744514
v -15099.629231 -0.010000 -2947.744514
v -15110.902059 -0.010000 -2947.744514
v -15122.174887 -0.010000 -2947.744514
v -15133.447715 -0.010000 -2947.744514
v -15144.720542 -0.010000 -2947.744514
v -15155.993370 -0.010000 -2947.744514
v -15167.266198 -0.010000 -2947.744514
v -15178.539025 -0.010000 -2947.744514
v -15189.811853 -0.010000 -2947.744514
v -15201.084681 -0.010000 -2947.744514
v -15212.357509 -0.010000 -2947.744514
v -15223.630336 -0.010000 -2947.744514
v -15234.903164 -0.010000 -2947.744514
v -15246.175992 -0.010000 -2947.744514
v -15257.448820 -0.010000 -2947.744514
v -15268.721647 -0.010000 -2947.744514
v -15279.994475 -0.010000 -2947.744514
v -15291.267303 -0.010000 -2947.744514
v -15302.540131 -0.010000 -2947.744514
v -15313.812958 -0.010000 -2947.744514
v -15325.085786 -0.010000 -2947.744514
v -15336.358614 -0.010000 -2947.744514
v -15347.631441 -0.010000 -2947.744514
v -15358.904269 -0.010000 -2947.744514
v -15370.177097 -0.010000 -2947.744514
v -15381.449925 -0.010000 -2947.744514
v -15392.722752 -0.010000 -2947.744514
v -15403.995580 -0.010000 -2947.744514
v -15415.268408 -0.010000 -2947.744514
v -15426.541236 -0.010000 -2947.744514
v -15437.814063 -0.010000 -2947.744514
v -15449.086891 -0.010000 -2947.744514
v -15460.359719 -0.010000 -2947.744514
v -15471.632546 -0.010000 -2947.744514
v -15482.905374 -0.010000 -2947.744514
v -15494.178202 -0.010000 -2947.744514
v -15505.451030 -0.010000 -2947.744514
v -15516.723857 -0.010000 -2947.744514
v -15527.996685 -0.010000 -2947.744514
v -15539.269513 -0.010000 -2947.744514
v -15550.542341 -0.010000 -2947.744514
v -15561.815168 -0.010000 -2947.744514
v -15573.087996 -0.010000 -2947.744514
v -15584.360824 -0.010000 -2947.744514
v -15595.633651 -0.010000 -2947.744514
v -15606.906479 -0.010000 -2947.744514
v -15618.179307 -0.010000 -2947.744514
v -15629.452135 -0.010000 -2947.744514
v -15640.724962 -0.010000 -2947.744514
v -15651.997790 -0.010000 -2947.744514
v -15663.270618 -0.010000 -2947.744514
v -15674.543446 -0.010000 -2947.744514
v -15685.816273 -0.010000 -2947.744514
v -15697.089101 -0.010000 -2947.744514
v -15708.361929 -0.010000 -2947.744514
v -15719.634756 -0.010000 -2947.744514
v -15730.907584 -0.010000 -2947.744514
v -15742.180412 -0.010000 -2947.744514
v -15753.453240 -0.010000 -2947.744514
v -15764.726067 -0.010000 -2947.744514
v -15775.998895 -0.010000 -2947.744514
v -15787.271723 -0.010000 -2947.744514
v -15798.544551 -0.010000 -2947.744514
v -15809.817378 -0.010000 -2947.744514
v -15821.090206 -0.010000 -2947.744514
v -15832.363034 -0.010000 -2947.744514
v -15843.635861 -0.010000 -2947.744514
v -15854.908689 -0.010000 -2947.744514
v -15866.181517 -0.010000 -2947.744514
v -14761.444400 -0.010000 -2936.637614
v -14772.717227 -0.010000 -2936.637614
v -14783.990055 -0.010000 -2936.637614
v -14795.262883 -0.010000 -2936.637614
v -14806.535710 -0.010000 -2936.637614
v -14817.808538 -0.010000 -2936.637614
v -14829.081366 -0.010000 -2936.637614
v -14840.354194 -0.010000 -2936.637614
v -14851.627021 -0.010000 -2936.637614
v -14862.899849 -0.010000 -2936.637614
v -14874.172677 -0.010000 -2936.637614
v -14885.445505 -0.010000 -2936.637614
v -14896.718332 -0.010000 -2936.637614
v -14907.991160 -0.010000 -2936.637614
v -14919.263988 -0.010000 -2936.637614
v -14930.536815 -0.010000 -2936.637614
v -14941.809643 -0.010000 -2936.637614
v -14953.082471 -0.010000 -2936.637614
v -14964.355299 -0.010000 -2936.637614
v -14975.628126 -0.010000 -2936.637614
v -14986.900954 -0.010000 -2936.637614
v -14998.173782 -0.010000 -2936.637614
v -15009.446610 -0.010000 -2936.637614
v -15020.719437 -0.010000 -2936.637614
v -15031.992265 -0.010000 -2936.637614
v -15043.265093 -0.010000 -2936.637614
v -15054.537920 -0.010000 -2936.637614
v -15065.810748 -0.010000 -2936.637614
v -15077.083576 -0.010000 -2936.637614
v -15088.356404 -0.010000 -2936.637614
v -15099.629231 -0.010000 -2936.637614
v -15110.902059 -0.010000 -2936.637614
v -15122.174887 -0.010000 -2936.637614
v -15133.447715 -0.010000 -2936.637614
v -15144.720542 -0.010000 -2936.637614
v -15155.993370 -0.010000 -2936.637614
v -15167.266198 -0.010000 -2936.637614
v -15178.539025 -0.010000 -2936.637614
v -15189.811853 -0.010000 -2936.637614
v -15201.084681 -0.010000 -2936.637614
v -15212.357509 -0.010000 -2936.637614
v -15223.630336 -0.010000 -2936.637614
v -15234.903164 -0.010000 -2936.637614
v -15246.175992 -0.010000 -2936.637614
v -15257.448820 -0.010000 -2936.637614
v -15268.721647 -0.010000 -2936.637614
v -15279.994475 -0.010000 -2936.637614
v -15291.267303 -0.010000 -2936.637614
v -15302.540131 -0.010000 -2936.637614
v -15313.812958 -0.010000 -2936.637614
v -15325.085786 -0.010000 -2936.637614
v -15336.358614 -0.010000 -2936.637614
v -15347.631441 -0.010000 -2936.637614
v -15358.904269 -0.010000 -2936.637614
v -15370.177097 -0.010000 -2936.637614
v -15381.449925 -0.010000 -2936.637614
v -15392.722752 -0.010000 -2936.637614
v -15403.995580 -0.010000 -2936.637614
v -15415.268408 -0.010000 -2936.637614
v -15426.541236 -0.010000 -2936.637614
v -15437.814063 -0.010000 -2936.637614
v -15449.086891 -0.010000 -2936.637614
v -15460.359719 -0.010000 -2936.637614
v -15471.632546 -0.010000 -2936.637614
v -15482.905374 -0.010000 -2936.637614
v -15494.178202 -0.010000 -2936.637614
v -15505.451030 -0.010000 -2936.637614
v -15516.723857 -0.010000 -2936.637614
v -15527.996685 -0.010000 -2936.637614
v -15539.269513 -0.010000 -2936.637614
v -15550.542341 -0.010000 -2936.637614
v -15561.815168 -0.010000 -2936.637614
v -15573.087996 -0.010000 -2936.637614
v -15584.360824 -0.010000 -2936.637614
v -15595.633651 -0.010000 -2936.637614
v -15606.906479 -0.010000 -2936.637614
v -15618.179307 -0.010000 -2936.637614
v -15629.452135 -0.010000 -2936.637614
v -15640.724962 -0.010000 -2936.637614
v -15651.997790 -0.010000 -2936.637614
v -15663.270618 -0.010000 -2936.637614
v -15674.543446 -0.010000 -2936.637614
v -15685.816273 -0.010000 -2936.637614
v -15697.089101 -0.010000 -2936.637614
v -15708.361929 -0.010000 -2936.637614
v -15719.634756 -0.010000 -2936.637614
v -15730.907584 -0.010000 -2936.637614
v -15742.180412 -0.010000 -2936.637614
v -15753.453240 -0.010000 -2936.637614
v -15764.726067 -0.010000 -2936.637614
v -15775.998895 -0.010000 -2936.637614
v -15787.271723 -0.010000 -2936.637614
v -15798.544551 -0.010000 -2936.637614
v -15809.817378 -0.010000 -2936.637614
v -15821.090206 -0.010000 -2936.637614
v -15832.363034 -0.010000 -2936.637614
v -15843.635861 -0.010000 -2936.637614
v -15854.908689 -0.010000 -2936.637614
v -15866.181517 -0.010000 -2936.637614
v -14761.444400 -0.010000 -2925.530714
v -14772.717227 -0.010000 -2925.530714
v -14783.990055 -0.010000 -2925.530714
v -14795.262883 -0.010000 -2925.530714
v -14806.535710 -0.010000 -2925.530714
v -14817.808538 -0.010000 -2925.530714
v -14829.081366 -0.010000 -2925.530714
v -14840.354194 -0.010000 -2925.530714
v -14851.627021 -0.010000 -2925.530714
v -14862.899849 -0.010000 -2925.530714
v -14874.172677 -0.010000 -2925.530714
v -14885.445505 -0.010000 -2925.530714
v -14896.718332 -0.010000 -2925.530714
v -14907.991160 -0.010000 -2925.530714
v -14919.263988 -0.010000 -2925.530714
v -14930.536815 -0.010000 -2925.530714
v -14941.809643 -0.010000 -2925.530714
v -14953.082471 -0.010000 -2925.530714
v -14964.355299 -0.010000 -2925.530714
v -14975.628126 -0.010000 -2925.530714
v -14986.900954 -0.010000 -2925.530714
v -14998.173782 -0.010000 -2925.530714
v -15009.446610 -0.010000 -2925.530714
v -15020.719437 -0.010000 -2925.530714
v -15031.992265 -0.010000 -2925.530714
v -15043.265093 -0.010000 -2925.530714
v -15054.537920 -0.010000 -2925.530714
v -15065.810748 -0.010000 -2925.530714
v -15077.083576 -0.010000 -2925.530714
v -15088.356404 -0.010000 -2925.530714
v -15099.629231 -0.010000 -2925.530714
v -15110.902059 -0.010000 -2925.530714
v -15122.174887 -0.010000 -2925.530714
v -15133.447715 -0.010000 -2925.530714
v -15144.720542 -0.010000 -2925.530714
v -15155.993370 -0.010000 -2925.530714
v -15167.266198 -0.010000 -2925.530714
v -15178.539025 -0.010000 -2925.530714
v -15189.811853 -0.010000 -2925.530714
v -15201.084681 -0.010000 -2925.530714
v -15212.357509 -0.010000 -2925.530714
v -15223.630336 -0.010000 -2925.530714
v -15234.903164 -0.010000 -2925.530714
v -15246.175992 -0.010000 -2925.530714
v -15257.448820 -0.010000 -2925.530714
v -15268.721647 -0.010000 -2925.530714
v -15279.994475 -0.010000 -2925.530714
v -15291.267303 -0.010000 -2925.530714
v -15302.540131 -0.010000 -2925.530714
v -15313.812958 -0.010000 -2925.530714
v -15325.085786 -0.010000 -2925.530714
v -15336.358614 -0.010000 -2925.530714
v -15347.631441 -0.010000 -2925.530714
v -15358.904269 -0.010000 -2925.530714
v -15370.177097 -0.010000 -2925.530714
v -15381.449925 -0.010000 -2925.530714
v -15392.722752 -0.010000 -2925.530714
v -15403.995580 -0.010000 -2925.530714
v -15415.268408 -0.010000 -2925.530714
v -15426.541236 -0.010000 -2925.530714
v -15437.814063 -0.010000 -2925.530714
v -15449.086891 -0.010000 -2925.530714
v -15460.359719 -0.010000 -2925.530714
v -15471.632546 -0.010000 -2925.530714
v -15482.905374 -0.010000 -2925.530714
v -15494.178202 -0.010000 -2925.530714
v -15505.451030 -0.010000 -2925.530714
v -15516.723857 -0.010000 -2925.530714
v -15527.996685 -0.010000 -2925.530714
v -15539.269513 -0.010000 -2925.530714
v -15550.542341 -0.010000 -2925.530714
v -15561.815168 -0.010000 -2925.530714
v -15573.087996 -0.010000 -2925.530714
v -15584.360824 -0.010000 -2925.530714
v -15595.633651 -0.010000 -2925.530714
v -15606.906479 -0.010000 -2925.530714
v -15618.179307 -0.010000 -2925.530714
v -15629.452135 -0.010000 -2925.530714
v -15640.724962 -0.010000 -2925.530714
v -15651.997790 -0.010000 -2925.530714
v -15663.270618 -0.010000 -2925.530714
v -15674.543446 -0.010000 -2925.530714
v -15685.816273 -0.010000 -2925.530714
v -15697.089101 -0.010000 -2925.530714
v -15708.361929 -0.010000 -2925.530714
v -15719.634756 -0.010000 -2925.530714
v -15730.907584 -0.010000 -2925.530714
v -15742.180412 -0.010000 -2925.530714
v -15753.453240 -0.010000 -2925.530714
v -15764.726067 -0.010000 -2925.530714
v -15775.998895 -0.010000 -2925.530714
v -15787.271723 -0.010000 -2925.530714
v -15798.544551 -0.010000 -2925.530714
v -15809.817378 -0.010000 -2925.530714
v -15821.090206 -0.010000 -2925.530714
v -15832.363034 -0.010000 -2925.530714
v -15843.635861 -0.010000 -2925.530714
v -15854.908689 -0.010000 -2925.530714
v -15866.181517 -0.010000 -2925.530714
v -14761.444400 -0.010000 -2914.423814
v -14772.717227 -0.010000 -2914.423814
v -14783.990055 -0.010000 -2914.423814
v -14795.262883 -0.010000 -2914.423814
v -14806.535710 -0.010000 -2914.423814
v -14817.808538 -0.010000 -2914.423814
v -14829.081366 -0.010000 -2914.423814
v -14840.354194 -0.010000 -2914.423814
v -14851.627021 -0.010000 -2914.423814
v -14862.899849 -0.010000 -2914.423814
v -14874.172677 -0.010000 -2914.423814
v -14885.445505 -0.010000 -2914.423814
v -14896.718332 -0.010000 -2914.423814
v -14907.991160 -0.010000 -2914.423814
v -14919.263988 -0.010000 -2914.423814
v -14930.536815 -0.010000 -2914.423814
v -14941.809643 -0.010000 -2914.423814
v -14953.082471 -0.010000 -2914.423814
v -14964.355299 -0.010000 -2914.423814
v -14975.628126 -0.010000 -2914.423814
v -14986.900954 -0.010000 -2914.423814
v -14998.173782 -0.010000 -2914.423814
v -15009.446610 -0.010000 -2914.423814
v -15020.719437 -0.010000 -2914.423814
v -15031.992265 -0.010000 -2914.423814
v -15043.265093 -0.010000 -2914.423814
v -15054.537920 -0.010000 -2914.423814
v -15065.810748 -0.010000 -2914.423814
v -15077.083576 -0.010000 -2914.423814
v -15088.356404 -0.010000 -2914.423814
v -15099.629231 -0.010000 -2914.423814
v -15110.902059 -0.010000 -2914.423814
v -15122.174887 -0.010000 -2914.423814
v -15133.447715 -0.010000 -2914.423814
v -15144.720542 -0.010000 -2914.423814
v -15155.993370 -0.010000 -2914.423814
v -15167.266198 -0.010000 -2914.423814
v -15178.539025 -0.010000 -2914.423814
v -15189.811853 -0.010000 -2914.423814
v -15201.084681 -0.010000 -2914.423814
v -15212.357509 -0.010000 -2914.423814
v -15223.630336 -0.010000 -2914.423814
v -15234.903164 -0.010000 -2914.423814
v -15246.175992 -0.010000 -2914.423814
v -15257.448820 -0.010000 -2914.423814
v -15268.721647 -0.010000 -2914.423814
v -15279.994475 -0.010000 -2914.423814
v -15291.267303 -0.010000 -2914.423814
v -15302.540131 -0.010000 -2914.423814
v -15313.812958 -0.010000 -2914.423814
v -15325.085786 -0.010000 -2914.423814
v -15336.358614 -0.010000 -2914.423814
v -15347.631441 -0.010000 -2914.423814
v -15358.904269 -0.010000 -2914.423814
v -15370.177097 -0.010000 -2914.423814
v -15381.449925 -0.010000 -2914.423814
v -15392.722752 -0.010000 -2914.423814
v -15403.995580 -0.010000 -2914.423814
v -15415.268408 -0.010000 -2914.423814
v -15426.541236 -0.010000 -2914.423814
v -15437.814063 -0.010000 -2914.423814
v -15449.086891 -0.010000 -2914.423814
v -15460.359719 -0.010000 -2914.423814
v -15471.632546 -0.010000 -2914.423814
v -15482.905374 -0.010000 -2914.423814
v -15494.178202 -0.010000 -2914.423814
v -15505.451030 -0.010000 -2914.423814
v -15516.723857 -0.010000 -2914.423814
v -15527.996685 -0.010000 -2914.423814
v -15539.269513 -0.010000 -2914.423814
v -15550.542341 -0.010000 -2914.423814
v -15561.815168 -0.010000 -2914.423814
v -15573.087996 -0.010000 -2914.423814
v -15584.360824 -0.010000 -2914.423814
v -15595.633651 -0.010000 -2914.423814
v -15606.906479 -0.010000 -2914.423814
v -15618.179307 -0.010000 -2914.423814
v -15629.452135 -0.010000 -2914.423814
v -15640.724962 -0.010000 -2914.423814
v -15651.997790 -0.010000 -2914.423814
v -15663.270618 -0.010000 -2914.423814
v -15674.543446 -0.010000 -2914.423814
v -15685.816273 -0.010000 -2914.423814
v -15697.089101 -0.010000 -2914.423814
v -15708.361929 -0.010000 -2914.423814
v -15719.634756 -0.010000 -2914.423814
v -15730.907584 -0.010000 -2914.423814
v -15742.180412 -0.010000 -2914.423814
v -15753.453240 -0.010000 -2914.423814
v -15764.726067 -0.010000 -2914.423814
v -15775.998895 -0.010000 -2914.423814
v -15787.271723 -0.010000 -2914.423814
v -15798.544551 -0.010000 -2914.423814
v -15809.817378 -0.010000 -2914.423814
v -15821.090206 -0.010000 -2914.423814
v -15832.363034 -0.010000 -2914.423814
v -15843.635861 -0.010000 -2914.423814
v -15854.908689 -0.010000 -2914.423814
v -15866.181517 -0.010000 -2914.423814
v -14761.444400 -0.010000 -2903.316914
v -14772.717227 -0.010000 -2903.316914
v -14783.990055 -0.010000 -2903.316914
v -14795.262883 -0.010000 -2903.316914
v -14806.535710 -0.010000 -2903.316914
v -14817.808538 -0.010000 -2903.316914
v -14829.081366 -0.010000 -2903.316914
v -14840.354194 -0.010000 -2903.316914
v -14851.627021 -0.010000 -2903.316914
v -14862.899849 -0.010000 -2903.316914
v -14874.172677 -0.010000 -2903.316914
v -14885.445505 -0.010000 -2903.316914
v -14896.718332 -0.010000 -2903.316914
v -14907.991160 -0.010000 -2903.316914
v -14919.263988 -0.010000 -2903.316914
v -14930.536815 -0.010000 -2903.316914
v -14941.809643 -0.010000 -2903.316914
v -14953.082471 -0.010000 -2903.316914
v -14964.355299 -0.010000 -2903.316914
v -14975.628126 -0.010000 -2903.316914
v -14986.900954 -0.010000 -2903.316914
v -14998.173782 -0.010000 -2903.316914
v -15009.446610 -0.010000 -2903.316914
v -15020.719437 -0.010000 -2903.316914
v -15031.992265 -0.010000 -2903.316914
v -15043.265093 -0.010000 -2903.316914
v -15054.537920 -0.010000 -2903.316914
v -15065.810748 -0.010000 -2903.316914
v -15077.083576 -0.010000 -2903.316914
v -15088.356404 -0.010000 -2903.316914
v -15099.629231 -0.010000 -2903.316914
v -15110.902059 -0.010000 -2903.316914
v -15122.174887 -0.010000 -2903.316914
v -15133.447715 -0.010000 -2903.316914
v -15144.720542 -0.010000 -2903.316914
v -15155.993370 -0.010000 -2903.316914
v -15167.266198 -0.010000 -2903.316914
v -15178.539025 -0.010000 -2903.316914
v -15189.811853 -0.010000 -2903.316914
v -15201.084681 -0.010000 -2903.316914
v -15212.357509 -0.010000 -2903.316914
v -15223.630336 -0.010000 -2903.316914
v -15234.903164 -0.010000 -2903.316914
v -15246.175992 -0.010000 -2903.316914
v -15257.448820 -0.010000 -2903.316914
v -15268.721647 -0.010000 -2903.316914
v -15279.994475 -0.010000 -2903.316914
v -15291.267303 -0.010000 -2903.316914
v -15302.540131 -0.010000 -2903.316914
v -15313.812958 -0.010000 -2903.316914
v -15325.085786 -0.010000 -2903.316914
v -15336.358614 -0.010000 -2903.316914
v -15347.631441 -0.010000 -2903.316914
v -15358.904269 -0.010000 -2903.316914
v -15370.177097 -0.010000 -2903.316914
v -15381.449925 -0.010000 -2903.316914
v -15392.722752 -0.010000 -2903.316914
v -15403.995580 -0.010000 -2903.316914
v -15415.268408 -0.010000 -2903.316914
v -15426.541236 -0.010000 -2903.316914
v -15437.814063 -0.010000 -2903.316914
v -15449.086891 -0.010000 -2903.316914
v -15460.359719 -0.010000 -2903.316914
v -15471.632546 -0.010000 -2903.316914
v -15482.905374 -0.010000 -2903.316914
v -15494.178202 -0.010000 -2903.316914
v -15505.451030 -0.010000 -2903.316914
v -15516.723857 -0.010000 -2903.316914
v -15527.996685 -0.010000 -2903.316914
v -15539.269513 -0.010000 -2903.316914
v -15550.542341 -0.010000 -2903.316914
v -15561.815168 -0.010000 -2903.316914
v -15573.087996 -0.010000 -2903.316914
v -15584.360824 -0.010000 -2903.316914
v -15595.633651 -0.010000 -2903.316914
v -15606.906479 -0.010000 -2903.316914
v -15618.179307 -0.010000 -2903.316914
v -15629.452135 -0.010000 -2903.316914
v -15640.724962 -0.010000 -2903.316914
v -15651.997790 -0.010000 -2903.316914
v -15663.270618 -0.010000 -2903.316914
v -15674.543446 -0.010000 -2903.316914
v -15685.816273 -0.010000 -2903.316914
v -15697.089101 -0.010000 -2903.316914
v -15708.361929 -0.010000 -2903.316914
v -15719.634756 -0.010000 -2903.316914
v -15730.907584 -0.010000 -2903.316914
v -15742.180412 -0.010000 -2903.316914
v -15753.453240 -0.010000 -2903.316914
v -15764.726067 -0.010000 -2903.316914
v -15775.998895 -0.010000 -2903.316914
v -15787.271723 -0.010000 -2903.316914
v -15798.544551 -0.010000 -2903.316914
v -15809.817378 -0.010000 -2903.316914
v -15821.090206 -0.010000 -2903.316914
v -15832.363034 -0.010000 -2903.316914
v -15843.635861 -0.010000 -2903.316914
v -15854.908689 -0.010000 -2903.316914
v -15866.181517 -0.010000 -2903.316914
v -14761.444400 -0.010000 -2892.210015
v -14772.717227 -0.010000 -2892.210015
v -14783.990055 -0.010000 -2892.210015
v -14795.262883 -0.010000 -2892.210015
v -14806.535710 -0.010000 -2892.210015
v -14817.808538 -0.010000 -2892.210015
v -14829.081366 -0.010000 -2892.210015
v -14840.354194 -0.010000 -2892.210015
v -14851.627021 -0.010000 -2892.210015
v -14862.899849 -0.010000 -2892.210015
v -14874.172677 -0.010000 -2892.210015
v -14885.445505 -0.010000 -2892.210015
v -14896.718332 -0.010000 -2892.210015
v -14907.991160 -0.010000 -2892.210015
v -14919.263988 -0.010000 -2892.210015
v -14930.536815 -0.010000 -2892.210015
v -14941.809643 -0.010000 -2892.210015
v -14953.082471 -0.010000 -2892.210015
v -14964.355299 -0.010000 -2892.210015
v -14975.628126 -0.010000 -2892.210015
v -14986.900954 -0.010000 -2892.210015
v -14998.173782 -0.010000 -2892.210015
v -15009.446610 -0.010000 -2892.210015
v -15020.719437 -0.010000 -2892.210015
v -15031.992265 -0.010000 -2892.210015
v -15043.265093 -0.010000 -2892.210015
v -15054.537920 -0.010000 -2892.210015
v -15065.810748 -0.010000 -2892.210015
v -15077.083576 -0.010000 -2892.210015
v -15088.356404 -0.010000 -2892.210015
v -15099.629231 -0.010000 -2892.210015
v -15110.902059 -0.010000 -2892.210015
v -15122.174887 -0.010000 -2892.210015
v -15133.447715 -0.010000 -2892.210015
v -15144.720542 -0.010000 -2892.210015
v -15155.993370 -0.010000 -2892.210015
v -15167.266198 -0.010000 -2892.210015
v -15178.539025 -0.010000 -2892.210015
v -15189.811853 -0.010000 -2892.210015
v -15201.084681 -0.010000 -2892.210015
v -15212.357509 -0.010000 -2892.210015
v -15223.630336 -0.010000 -2892.210015
v -15234.903164 -0.010000 -2892.210015
v -15246.175992 -0.010000 -2892.210015
v -15257.448820 -0.010000 -2892.210015
v -15268.721647 -0.010000 -2892.210015
v -15279.994475 -0.010000 -2892.210015
v -15291.267303 -0.010000 -2892.210015
v -15302.540131 -0.010000 -2892.210015
v -15313.812958 -0.010000 -2892.210015
v -15325.085786 -0.010000 -2892.210015
v -15336.358614 -0.010000 -2892.210015
v -15347.631441 -0.010000 -2892.210015
v -15358.904269 -0.010000 -2892.210015
v -15370.177097 -0.010000 -2892.210015
v -15381.449925 -0.010000 -2892.210015
v -15392.722752 -0.010000 -2892.210015
v -15403.995580 -0.010000 -2892.210015
v -15415.268408 -0.010000 -2892.210015
v -15426.541236 -0.010000 -2892.210015
v -15437.814063 -0.010000 -2892.210015
v -15449.086891 -0.010000 -2892.210015
v -15460.359719 -0.010000 -2892.210015
v -15471.632546 -0.010000 -2892.210015
v -15482.905374 -0.010000 -2892.210015
v -15494.178202 -0.010000 -2892.210015
v -15505.451030 -0.010000 -2892.210015
v -15516.723857 -0.010000 -2892.210015
v -15527.996685 -0.010000 -2892.210015
v -15539.269513 -0.010000 -2892.210015
v -15550.542341 -0.010000 -2892.210015
v -15561.815168 -0.010000 -2892.210015
v -15573.087996 -0.010000 -2892.210015
v -15584.360824 -0.010000 -2892.210015
v -15595.633651 -0.010000 -2892.210015
v -15606.906479 -0.010000 -2892.210015
v -15618.179307 -0.010000 -2892.210015
v -15629.452135 -0.010000 -2892.210015
v -15640.724962 -0.010000 -2892.210015
v -15651.997790 -0.010000 -2892.210015
v -15663.270618 -0.010000 -2892.210015
v -15674.543446 -0.010000 -2892.210015
v -15685.816273 -0.010000 -2892.210015
v -15697.089101 -0.010000 -2892.210015
v -15708.361929 -0.010000 -2892.210015
v -15719.634756 -0.010000 -2892.210015
v -15730.907584 -0.010000 -2892.210015
v -15742.180412 -0.010000 -2892.210015
v -15753.453240 -0.010000 -2892.210015
v -15764.726067 -0.010000 -2892.210015
v -15775.998895 -0.010000 -2892.210015
v -15787.271723 -0.010000 -2892.210015
v -15798.544551 -0.010000 -2892.210015
v -15809.817378 -0.010000 -2892.210015
v -15821.090206 -0.010000 -2892.210015
v -15832.363034 -0.010000 -2892.210015
v -15843.635861 -0.010000 -2892.210015
v -15854.908689 -0.010000 -2892.210015
v -15866.181517 -0.010000 -2892.210015
v -14761.444400 -0.010000 -2881.103115
v -14772.717227 -0.010000 -2881.103115
v -14783.990055 -0.010000 -2881.103115
v -14795.262883 -0.010000 -2881.103115
v -14806.535710 -0.010000 -2881.103115
v -14817.808538 -0.010000 -2881.103115
v -14829.081366 -0.010000 -2881.103115
v -14840.354194 -0.010000 -2881.103115
v -14851.627021 -0.010000 -2881.103115
v -14862.899849 -0.010000 -2881.103115
v -14874.172677 -0.010000 -2881.103115
v -14885.445505 -0.010000 -2881.103115
v -14896.718332 -0.010000 -2881.103115
v -14907.991160 -0.010000 -2881.103115
v -14919.263988 -0.010000 -2881.103115
v -14930.536815 -0.010000 -2881.103115
v -14941.809643 -0.010000 -2881.103115
v -14953.082471 -0.010000 -2881.103115
v -14964.355299 -0.010000 -2881.103115
v -14975.628126 -0.010000 -2881.103115
v -14986.900954 -0.010000 -2881.103115
v -14998.173782 -0.010000 -2881.103115
v -15009.446610 -0.010000 -2881.103115
v -15020.719437 -0.010000 -2881.103115
v -15031.992265 -0.010000 -2881.103115
v -15043.265093 -0.010000 -2881.103115
v -15054.537920 -0.010000 -2881.103115
v -15065.810748 -0.010000 -2881.103115
v -15077.083576 -0.010000 -2881.103115
v -15088.356404 -0.010000 -2881.103115
v -15099.629231 -0.010000 -2881.103115
v -15110.902059 -0.010000 -2881.103115
v -15122.174887 -0.010000 -2881.103115
v -15133.447715 -0.010000 -2881.103115
v -15144.720542 -0.010000 -2881.103115
v -15155.993370 -0.010000 -2881.103115
v -15167.266198 -0.010000 -2881.103115
v -15178.539025 -0.010000 -2881.103115
v -15189.811853 -0.010000 -2881.103115
v -15201.084681 -0.010000 -2881.103115
v -15212.357509 -0.010000 -2881.103115
v -15223.630336 -0.010000 -2881.103115
v -15234.903164 -0.010000 -2881.103115
v -15246.175992 -0.010000 -2881.103115
v -15257.448820 -0.010000 -2881.103115
v -15268.721647 -0.010000 -2881.103115
v -15279.994475 -0.010000 -2881.103115
v -15291.267303 -0.010000 -2881.103115
v -15302.540131 -0.010000 -2881.103115
v -15313.812958 -0.010000 -2881.103115
v -15325.085786 -0.010000 -2881.103115
v -15336.358614 -0.010000 -2881.103115
v -15347.631441 -0.010000 -2881.103115
v -15358.904269 -0.010000 -2881.103115
v -15370.177097 -0.010000 -2881.103115
v -15381.449925 -0.010000 -2881.103115
v -15392.722752 -0.010000 -2881.103115
v -15403.995580 -0.010000 -2881.103115
v -15415.268408 -0.010000 -2881.103115
v -15426.541236 -0.010000 -2881.103115
v -15437.814063 -0.010000 -2881.103115
v -15449.086891 -0.010000 -2881.103115
v -15460.359719 -0.010000 -2881.103115
v -15471.632546 -0.010000 -2881.103115
v -15482.905374 -0.010000 -2881.103115
v -15494.178202 -0.010000 -2881.103115
v -15505.451030 -0.010000 -2881.103115
v -15516.723857 -0.010000 -2881.103115
v -15527.996685 -0.010000 -2881.103115
v -15539.269513 -0.010000 -2881.103115
v -15550.542341 -0.010000 -2881.103115
v -15561.815168 -0.010000 -2881.103115
v -15573.087996 -0.010000 -2881.103115
v -15584.360824 -0.010000 -2881.103115
v -15595.633651 -0.010000 -2881.103115
v -15606.906479 -0.010000 -2881.103115
v -15618.179307 -0.010000 -2881.103115
v -15629.452135 -0.010000 -2881.103115
v -15640.724962 -0.010000 -2881.103115
v -15651.997790 -0.010000 -2881.103115
v -15663.270618 -0.010000 -2881.103115
v -15674.543446 -0.010000 -2881.103115
v -15685.816273 -0.010000 -2881.103115
v -15697.089101 -0.010000 -2881.103115
v -15708.361929 -0.010000 -2881.103115
v -15719.634756 -0.010000 -2881.103115
v -15730.907584 -0.010000 -2881.103115
v -15742.180412 -0.010000 -2881.103115
v -15753.453240 -0.010000 -2881.103115
v -15764.726067 -0.010000 -2881.103115
v -15775.998895 -0.010000 -2881.103115
v -15787.271723 -0.010000 -2881.103115
v -15798.544551 -0.010000 -2881.103115
v -15809.817378 -0.010000 -2881.103115
v -15821.090206 -0.010000 -2881.103115
v -15832.363034 -0.010000 -2881.103115
v -15843.635861 -0.010000 -2881.103115
v -15854.908689 -0.010000 -2881.103115
v -15866.181517 -0.010000 -2881.103115
v -14761.444400 -0.010000 -2869.989900
v -14772.717227 -0.010000 -2869.983585
v -14783.990055 -0.010000 -2869.977270
v -14795.262883 -0.010000 -2869.970955
v -14806.535710 -0.010000 -2869.964640
v -14817.808538 -0.010000 -2869.958325
v -14829.081366 -0.010000 -2869.952010
v -14840.354194 -0.010000 -2869.945695
v -14851.627021 -0.010000 -2869.939380
v -14862.899849 -0.010000 -2869.933065
v -14874.172677 -0.010000 -2869.926750
v -14885.445505 -0.010000 -2869.920435
v -14896.718332 -0.010000 -2869.914120
v -14907.991160 -0.010000 -2869.907805
v -14919.263988 -0.010000 -2869.901489
v -14930.536815 -0.010000 -2869.895174
v -14953.082471 -0.010000 -2869.887304
v -14975.628126 -0.010000 -2869.889982
v -14986.900954 -0.010000 -2869.891322
v -14998.173782 -0.010000 -2869.892661
v -15009.446610 -0.010000 -2869.894000
v -15020.719437 -0.010000 -2869.895339
v -15031.992265 -0.010000 -2869.896678
v -15043.265093 -0.010000 -2869.898018
v -15054.537920 -0.010000 -2869.899357
v -15065.810748 -0.010000 -2869.900696
v -15077.083576 -0.010000 -2869.902035
v -15088.356404 -0.010000 -2869.903374
v -15099.629231 -0.010000 -2869.904714
v -15110.902059 -0.010000 -2869.906053
v -15122.174887 -0.010000 -2869.907392
v -15133.447715 -0.010000 -2869.908731
v -15144.720542 -0.010000 -2869.910071
v -15155.993370 -0.010000 -2869.911410
v -15167.266198 -0.010000 -2869.912749
v -15178.539025 -0.010000 -2869.914088
v -15189.811853 -0.010000 -2869.915427
v -15201.084681 -0.010000 -2869.916767
v -15212.357509 -0.010000 -2869.918106
v -15223.630336 -0.010000 -2869.919445
v -15234.903164 -0.010000 -2869.920784
v -15246.175992 -0.010000 -2869.922123
v -15257.448820 -0.010000 -2869.923463
v -15268.721647 -0.010000 -2869.924802
v -15279.994475 -0.010000 -2869.926141
v -15291.267303 -0.010000 -2869.927480
v -15302.540131 -0.010000 -2869.928819
v -15313.812958 -0.010000 -2869.930159
v -15325.085786 -0.010000 -2869.931498
v -15336.358614 -0.010000 -2869.932837
v -15347.631441 -0.010000 -2869.934176
v -15358.904269 -0.010000 -2869.935515
v -15370.177097 -0.010000 -2869.936855
v -15381.449925 -0.010000 -2869.938194
v -15392.722752 -0.010000 -2869.939533
v -15403.995580 -0.010000 -2869.940872
v -15415.268408 -0.010000 -2869.942212
v -15426.541236 -0.010000 -2869.943551
v -15437.814063 -0.010000 -2869.944890
v -15449.086891 -0.010000 -2869.946229
v -15460.359719 -0.010000 -2869.947568
v -15471.632546 -0.010000 -2869.948908
v -15482.905374 -0.010000 -2869.950247
v -15494.178202 -0.010000 -2869.951586
v -15505.451030 -0.010000 -2869.952925
v -15516.723857 -0.010000 -2869.954264
v -15527.996685 -0.010000 -2869.955604
v -15539.269513 -0.010000 -2869.956943
v -15550.542341 -0.010000 -2869.958282
v -15561.815168 -0.010000 -2869.959621
v -15573.087996 -0.010000 -2869.960960
v -15584.360824 -0.010000 -2869.962300
v -15595.633651 -0.010000 -2869.963639
v -15606.906479 -0.010000 -2869.964978
v -15618.179307 -0.010000 -2869.966317
v -15629.452135 -0.010000 -2869.967656
v -15640.724962 -0.010000 -2869.968996
v -15651.997790 -0.010000 -2869.970335
v -15663.270618 -0.010000 -2869.971674
v -15674.543446 -0.010000 -2869.973013
v -15685.816273 -0.010000 -2869.974353
v -15697.089101 -0.010000 -2869.975692
v -15708.361929 -0.010000 -2869.977031
v -15719.634756 -0.010000 -2869.978370
v -15730.907584 -0.010000 -2869.979709
v -15742.180412 -0.010000 -2869.981049
v -15753.453240 -0.010000 -2869.982388
v -15764.726067 -0.010000 -2869.983727
v -15775.998895 -0.010000 -2869.985066
v -15787.271723 -0.010000 -2869.986405
v -15798.544551 -0.010000 -2869.987745
v -15809.817378 -0.010000 -2869.989084
v -15821.090206 -0.010000 -2869.990423
v -15832.363034 -0.010000 -2869.991762
v -15843.635861 -0.010000 -2869.993101
v -15854.908689 -0.010000 -2869.994441
v -15866.181517 -0.010000 -2869.995780
v -14964.355299 -0.010000 -2869.888643
v -14761.444400 -0.010000 -2858.889315
v -14772.717227 -0.010000 -2858.889315
v -14783.990055 -0.010000 -2858.889315
v -14795.262883 -0.010000 -2858.889315
v -14806.535710 -0.010000 -2858.889315
v -14817.808538 -0.010000 -2858.889315
v -14829.081366 -0.010000 -2858.889315
v -14840.354194 -0.010000 -2858.889315
v -14851.627021 -0.010000 -2858.889315
v -14862.899849 -0.010000 -2858.889315
v -14874.172677 -0.010000 -2858.889315
v -14885.445505 -0.010000 -2858.889315
v -14896.718332 -0.010000 -2858.889315
v -14761.444400 -0.010000 -2847.782415
v -14772.717227 -0.010000 -2847.782415
v -14783.990055 -0.010000 -2847.782415
v -14795.262883 -0.010000 -2847.782415
v -14806.535710 -0.010000 -2847.782415
v -14817.808538 -0.010000 -2847.782415
v -14829.081366 -0.010000 -2847.782415
v -14840.354194 -0.010000 -2847.782415
v -14851.627021 -0.010000 -2847.782415
v -14862.899849 -0.010000 -2847.782415
v -14874.172677 -0.010000 -2847.782415
v -14885.445505 -0.010000 -2847.782415
v -14761.444400 -0.010000 -2836.675515
v -14772.717227 -0.010000 -2836.675515
v -14783.990055 -0.010000 -2836.675515
v -14795.262883 -0.010000 -2836.675515
v -14806.535710 -0.010000 -2836.675515
v -14817.808538 -0.010000 -2836.675515
v -14829.081366 -0.010000 -2836.675515
v -14840.354194 -0.010000 -2836.675515
v -14851.627021 -0.010000 -2836.675515
v -14862.899849 -0.010000 -2836.675515
v -14761.444400 -0.010000 -2825.568615
v -14772.717227 -0.010000 -2825.568615
v -14783.990055 -0.010000 -2825.568615
v -14795.262883 -0.010000 -2825.568615
v -14806.535710 -0.010000 -2825.568615
v -14817.808538 -0.010000 -2825.568615
v -14829.081366 -0.010000 -2825.568615
v -14840.354194 -0.010000 -2825.568615
v -14851.627021 -0.010000 -2825.568615
v -14761.444400 -0.010000 -2814.461715
v -14772.717227 -0.010000 -2814.461715
v -14783.990055 -0.010000 -2814.461715
v -14795.262883 -0.010000 -2814.461715
v -14806.535710 -0.010000 -2814.461715
v -14817.808538 -0.010000 -2814.461715
v -14829.081366 -0.010000 -2814.461715
v -14761.444400 -0.010000 -2803.354815
v -14772.717227 -0.010000 -2803.354815
v -14783.990055 -0.010000 -2803.354815
v -14795.262883 -0.010000 -2803.354815
v -14806.535710 -0.010000 -2803.354815
v -14817.808538 -0.010000 -2803.354815
v -14761.444400 -0.010000 -2792.247916
v -14772.717227 -0.010000 -2792.247916
v -14783.990055 -0.010000 -2792.247916
v -14795.262883 -0.010000 -2792.247916
v -14761.444400 -0.010000 -2781.141016
v -14772.717227 -0.010000 -2781.141016
v -14783.990055 -0.010000 -2781.141016
v -14761.444400 -0.010000 -2770.034116
v -15009.446610 -0.010000 -2858.889315
v -15020.719437 -0.010000 -2858.889315
v -15031.992265 -0.010000 -2858.889315
v -15043.265093 -0.010000 -2858.889315
v -15054.537920 -0.010000 -2858.889315
v -15065.810748 -0.010000 -2858.889315
v -15077.083576 -0.010000 -2858.889315
v -15088.356404 -0.010000 -2858.889315
v -15099.629231 -0.010000 -2858.889315
v -15110.902059 -0.010000 -2858.889315
v -15122.174887 -0.010000 -2858.889315
v -15133.447715 -0.010000 -2858.889315
v -15144.720542 -0.010000 -2858.889315
v -15155.993370 -0.010000 -2858.889315
v -15167.266198 -0.010000 -2858.889315
v -15178.539025 -0.010000 -2858.889315
v -15189.811853 -0.010000 -2858.889315
v -15201.084681 -0.010000 -2858.889315
v -15212.357509 -0.010000 -2858.889315
v -15223.630336 -0.010000 -2858.889315
v -15234.903164 -0.010000 -2858.889315
v -15246.175992 -0.010000 -2858.889315
v -15257.448820 -0.010000 -2858.889315
v -15268.721647 -0.010000 -2858.889315
v -15279.994475 -0.010000 -2858.889315
v -15291.267303 -0.010000 -2858.889315
v -15302.540131 -0.010000 -2858.889315
v -15313.812958 -0.010000 -2858.889315
v -15325.085786 -0.010000 -2858.889315
v -15336.358614 -0.010000 -2858.889315
v -15347.631441 -0.010000 -2858.889315
v -15358.904269 -0.010000 -2858.889315
v -15370.177097 -0.010000 -2858.889315
v -15381.449925 -0.010000 -2858.889315
v -15392.722752 -0.010000 -2858.889315
v -15403.995580 -0.010000 -2858.889315
v -15415.268408 -0.010000 -2858.889315
v -15426.541236 -0.010000 -2858.889315
v -15437.814063 -0.010000 -2858.889315
v -15449.086891 -0.010000 -2858.889315
v -15460.359719 -0.010000 -2858.889315
v -15471.632546 -0.010000 -2858.889315
v -15482.905374 -0.010000 -2858.889315
v -15494.178202 -0.010000 -2858.889315
v -15505.451030 -0.010000 -2858.889315
v -15516.723857 -0.010000 -2858.889315
v -15527.996685 -0.010000 -2858.889315
v -15539.269513 -0.010000 -2858.889315
v -15550.542341 -0.010000 -2858.889315
v -15561.815168 -0.010000 -2858.889315
v -15573.087996 -0.010000 -2858.889315
v -15584.360824 -0.010000 -2858.889315
v -15595.633651 -0.010000 -2858.889315
v -15606.906479 -0.010000 -2858.889315
v -15618.179307 -0.010000 -2858.889315
v -15629.452135 -0.010000 -2858.889315
v -15640.724962 -0.010000 -2858.889315
v -15651.997790 -0.010000 -2858.889315
v -15663.270618 -0.010000 -2858.889315
v -15674.543446 -0.010000 -2858.889315
v -15685.816273 -0.010000 -2858.889315
v -15697.089101 -0.010000 -2858.889315
v -15708.361929 -0.010000 -2858.889315
v -15719.634756 -0.010000 -2858.889315
v -15730.907584 -0.010000 -2858.889315
v -15742.180412 -0.010000 -2858.889315
v -15753.453240 -0.010000 -2858.889315
v -15764.726067 -0.010000 -2858.889315
v -15775.998895 -0.010000 -2858.889315
v -15787.271723 -0.010000 -2858.889315
v -15798.544551 -0.010000 -2858.889315
v -15809.817378 -0.010000 -2858.889315
v -15821.090206 -0.010000 -2858.889315
v -15832.363034 -0.010000 -2858.889315
v -15843.635861 -0.010000 -2858.889315
v -15854.908689 -0.010000 -2858.889315
v -15866.181517 -0.010000 -2858.889315
v -15031.992265 -0.010000 -2847.826807
v -15043.265093 -0.010000 -2847.826210
v -15054.537920 -0.010000 -2847.825612
v -15065.810748 -0.010000 -2847.825015
v -15077.083576 -0.010000 -2847.824418
v -15088.356404 -0.010000 -2847.823821
v -15099.629231 -0.010000 -2847.823223
v -15110.902059 -0.010000 -2847.822626
v -15122.174887 -0.010000 -2847.822029
v -15133.447715 -0.010000 -2847.821431
v -15144.720542 -0.010000 -2847.820834
v -15155.993370 -0.010000 -2847.820237
v -15167.266198 -0.010000 -2847.819640
v -15178.539025 -0.010000 -2847.819042
v -15189.811853 -0.010000 -2847.818445
v -15201.084681 -0.010000 -2847.817848
v -15212.357509 -0.010000 -2847.817251
v -15223.630336 -0.010000 -2847.816653
v -15234.903164 -0.010000 -2847.816056
v -15246.175992 -0.010000 -2847.815459
v -15257.448820 -0.010000 -2847.814862
v -15268.721647 -0.010000 -2847.814264
v -15279.994475 -0.010000 -2847.813667
v -15291.267303 -0.010000 -2847.813070
v -15302.540131 -0.010000 -2847.812472
v -15313.812958 -0.010000 -2847.811875
v -15325.085786 -0.010000 -2847.811278
v -15336.358614 -0.010000 -2847.810681
v -15347.631441 -0.010000 -2847.810083
v -15358.904269 -0.010000 -2847.809486
v -15370.177097 -0.010000 -2847.808889
v -15381.449925 -0.010000 -2847.808292
v -15392.722752 -0.010000 -2847.807694
v -15403.995580 -0.010000 -2847.807097
v -15415.268408 -0.010000 -2847.806500
v -15426.541236 -0.010000 -2847.805902
v -15437.814063 -0.010000 -2847.805305
v -15449.086891 -0.010000 -2847.804708
v -15460.359719 -0.010000 -2847.804111
v -15471.632546 -0.010000 -2847.803513
v -15482.905374 -0.010000 -2847.802916
v -15494.178202 -0.010000 -2847.802319
v -15505.451030 -0.010000 -2847.801722
v -15516.723857 -0.010000 -2847.801124
v -15527.996685 -0.010000 -2847.800527
v -15539.269513 -0.010000 -2847.799930
v -15550.542341 -0.010000 -2847.799333
v -15561.815168 -0.010000 -2847.798735
v -15573.087996 -0.010000 -2847.798138
v -15584.360824 -0.010000 -2847.797541
v -15595.633651 -0.010000 -2847.796943
v -15606.906479 -0.010000 -2847.796346
v -15618.179307 -0.010000 -2847.795749
v -15629.452135 -0.010000 -2847.795152
v -15640.724962 -0.010000 -2847.794554
v -15651.997790 -0.010000 -2847.793957
v -15663.270618 -0.010000 -2847.793360
v -15674.543446 -0.010000 -2847.792763
v -15685.816273 -0.010000 -2847.792165
v -15697.089101 -0.010000 -2847.791568
v -15708.361929 -0.010000 -2847.790971
v -15719.634756 -0.010000 -2847.790374
v -15730.907584 -0.010000 -2847.789776
v -15742.180412 -0.010000 -2847.789179
v -15753.453240 -0.010000 -2847.788582
v -15764.726067 -0.010000 -2847.787984
v -15775.998895 -0.010000 -2847.787387
v -15787.271723 -0.010000 -2847.786790
v -15798.544551 -0.010000 -2847.786193
v -15809.817378 -0.010000 -2847.785595
v -15821.090206 -0.010000 -2847.784998
v -15832.363034 -0.010000 -2847.784401
v -15843.635861 -0.010000 -2847.783804
v -15854.908689 -0.010000 -2847.783206
v -15054.537920 -0.010000 -2836.583353
v -15065.810748 -0.010000 -2836.585447
v -15077.083576 -0.010000 -2836.587540
v -15088.356404 -0.010000 -2836.589634
v -15099.629231 -0.010000 -2836.591727
v -15110.902059 -0.010000 -2836.593821
v -15122.174887 -0.010000 -2836.595914
v -15133.447715 -0.010000 -2836.598008
v -15144.720542 -0.010000 -2836.600101
v -15155.993370 -0.010000 -2836.602195
v -15167.266198 -0.010000 -2836.604288
v -15178.539025 -0.010000 -2836.606381
v -15189.811853 -0.010000 -2836.608475
v -15201.084681 -0.010000 -2836.610568
v -15212.357509 -0.010000 -2836.612662
v -15223.630336 -0.010000 -2836.614755
v -15234.903164 -0.010000 -2836.616849
v -15246.175992 -0.010000 -2836.618942
v -15257.448820 -0.010000 -2836.621036
v -15268.721647 -0.010000 -2836.623129
v -15279.994475 -0.010000 -2836.625223
v -15291.267303 -0.010000 -2836.627316
v -15302.540131 -0.010000 -2836.629410
v -15313.812958 -0.010000 -2836.631503
v -15325.085786 -0.010000 -2836.633597
v -15336.358614 -0.010000 -2836.635690
v -15347.631441 -0.010000 -2836.637784
v -15358.904269 -0.010000 -2836.639877
v -15370.177097 -0.010000 -2836.641971
v -15381.449925 -0.010000 -2836.644064
v -15392.722752 -0.010000 -2836.646158
v -15403.995580 -0.010000 -2836.648251
v -15415.268408 -0.010000 -2836.650345
v -15426.541236 -0.010000 -2836.652438
v -15437.814063 -0.010000 -2836.654531
v -15449.086891 -0.010000 -2836.656625
v -15460.359719 -0.010000 -2836.658718
v -15471.632546 -0.010000 -2836.660812
v -15482.905374 -0.010000 -2836.662905
v -15494.178202 -0.010000 -2836.664999
v -15505.451030 -0.010000 -2836.667092
v -15516.723857 -0.010000 -2836.669186
v -15527.996685 -0.010000 -2836.671279
v -15539.269513 -0.010000 -2836.673373
v -15550.542341 -0.010000 -2836.675466
v -15561.815168 -0.010000 -2836.677560
v -15573.087996 -0.010000 -2836.679653
v -15584.360824 -0.010000 -2836.681747
v -15595.633651 -0.010000 -2836.683840
v -15606.906479 -0.010000 -2836.685934
v -15618.179307 -0.010000 -2836.688027
v -15629.452135 -0.010000 -2836.690121
v -15640.724962 -0.010000 -2836.692214
v -15651.997790 -0.010000 -2836.694308
v -15663.270618 -0.010000 -2836.696401
v -15674.543446 -0.010000 -2836.698494
v -15685.816273 -0.010000 -2836.700588
v -15697.089101 -0.010000 -2836.702681
v -15708.361929 -0.010000 -2836.704775
v -15719.634756 -0.010000 -2836.706868
v -15730.907584 -0.010000 -2836.708962
v -15742.180412 -0.010000 -2836.711055
v -15753.453240 -0.010000 -2836.713149
v -15764.726067 -0.010000 -2836.715242
v -15775.998895 -0.010000 -2836.717336
v -15787.271723 -0.010000 -2836.719429
v -15798.544551 -0.010000 -2836.721523
v -15809.817378 -0.010000 -2836.723616
v -15821.090206 -0.010000 -2836.725710
v -15832.363034 -0.010000 -2836.727803
v -15843.635861 -0.010000 -2836.729897
v -15854.908689 -0.010000 -2836.731990
v -15866.181517 -0.010000 -2836.734084
v -15065.810748 -0.010000 -2825.568615
v -15077.083576 -0.010000 -2825.568615
v -15088.356404 -0.010000 -2825.568615
v -15099.629231 -0.010000 -2825.568615
v -15110.902059 -0.010000 -2825.568615
v -15122.174887 -0.010000 -2825.568615
v -15133.447715 -0.010000 -2825.568615
v -15144.720542 -0.010000 -2825.568615
v -15155.993370 -0.010000 -2825.568615
v -15167.266198 -0.010000 -2825.568615
v -15178.539025 -0.010000 -2825.568615
v -15189.811853 -0.010000 -2825.568615
v -15201.084681 -0.010000 -2825.568615
v -15212.357509 -0.010000 -2825.568615
v -15223.630336 -0.010000 -2825.568615
v -15234.903164 -0.010000 -2825.568615
v -15246.175992 -0.010000 -2825.568615
v -15257.448820 -0.010000 -2825.568615
v -15268.721647 -0.010000 -2825.568615
v -15279.994475 -0.010000 -2825.568615
v -15291.267303 -0.010000 -2825.568615
v -15302.540131 -0.010000 -2825.568615
v -15313.812958 -0.010000 -2825.568615
v -15325.085786 -0.010000 -2825.568615
v -15336.358614 -0.010000 -2825.568615
v -15347.631441 -0.010000 -2825.568615
v -15358.904269 -0.010000 -2825.568615
v -15370.177097 -0.010000 -2825.568615
v -15381.449925 -0.010000 -2825.568615
v -15392.722752 -0.010000 -2825.568615
v -15403.995580 -0.010000 -2825.568615
v -15415.268408 -0.010000 -2825.568615
v -15426.541236 -0.010000 -2825.568615
v -15437.814063 -0.010000 -2825.568615
v -15449.086891 -0.010000 -2825.568615
v -15460.359719 -0.010000 -2825.568615
v -15471.632546 -0.010000 -2825.568615
v -15482.905374 -0.010000 -2825.568615
v -15494.178202 -0.010000 -2825.568615
v -15505.451030 -0.010000 -2825.568615
v -15516.723857 -0.010000 -2825.568615
v -15527.996685 -0.010000 -2825.568615
v -15539.269513 -0.010000 -2825.568615
v -15550.542341 -0.010000 -2825.568615
v -15561.815168 -0.010000 -2825.568615
v -15573.087996 -0.010000 -2825.568615
v -15584.360824 -0.010000 -2825.568615
v -15595.633651 -0.010000 -2825.568615
v -15606.906479 -0.010000 -2825.568615
v -15618.179307 -0.010000 -2825.568615
v -15629.452135 -0.010000 -2825.568615
v -15640.724962 -0.010000 -2825.568615
v -15651.997790 -0.010000 -2825.568615
v -15663.270618 -0.010000 -2825.568615
v -15674.543446 -0.010000 -2825.568615
v -15685.816273 -0.010000 -2825.568615
v -15697.089101 -0.010000 -2825.568615
v -15708.361929 -0.010000 -2825.568615
v -15719.634756 -0.010000 -2825.568615
v -15730.907584 -0.010000 -2825.568615
v -15742.180412 -0.010000 -2825.568615
v -15753.453240 -0.010000 -2825.568615
v -15764.726067 -0.010000 -2825.568615
v -15775.998895 -0.010000 -2825.568615
v -15787.271723 -0.010000 -2825.568615
v -15798.544551 -0.010000 -2825.568615
v -15809.817378 -0.010000 -2825.568615
v -15821.090206 -0.010000 -2825.568615
v -15832.363034 -0.010000 -2825.568615
v -15843.635861 -0.010000 -2825.568615
v -15854.908689 -0.010000 -2825.568615
v -15900.000000 0.010000 -2968.769097
v -15890.177494 0.010000 -2968.769640
v -15880.354987 0.010000 -2968.770184
v -15870.532481 0.010000 -2968.770727
v -15860.709975 0.010000 -2968.771270
v -15850.887468 0.010000 -2968.771814
v -15841.064962 0.010000 -2968.772357
v -15831.242456 0.010000 -2968.772901
v -15833.047619 0.010000 -2978.095575
v -15844.206349 0.010000 -2978.095575
v -15855.365079 0.010000 -2978.095575
v -15866.523810 0.010000 -2978.095575
v -15877.682540 0.010000 -2978.095575
v -15888.841270 0.010000 -2978.095575
v -15900.000000 0.010000 -2978.095575
v -15900.000000 0.010000 -2984.077840
v -15900.000000 0.010000 -2990.060105
v -15889.025366 0.010000 -2990.060105
v -15878.050731 0.010000 -2990.060105
v -15867.076097 0.010000 -2990.060105
v -15856.101463 0.010000 -2990.060105
v -15845.126829 0.010000 -2990.060105
v -15834.152194 0.010000 -2990.060105
v -15823.177560 0.010000 -2990.060105
v -15821.618160 0.010000 -2982.006664
v -15820.058760 0.010000 -2973.953223
v -15820.058760 0.010000 -2983.728487
v -15820.058760 0.010000 -2993.503750
v -15820.058760 0.010000 -3003.279014
v -15808.796790 0.010000 -3003.279014
v -15797.534819 0.010000 -3003.279014
v -15786.272849 0.010000 -3003.279014
v -15775.010878 0.010000 -3003.279014
v -15763.748908 0.010000 -3003.279014
v -15752.486938 0.010000 -3003.279014
v -15741.224967 0.010000 -3003.279014
v -15729.962997 0.010000 -3003.279014
v -15718.701026 0.010000 -3003.279014
v -15707.439056 0.010000 -3003.279014
v -15696.177086 0.010000 -3003.279014
v -15684.915115 0.010000 -3003.279014
v -15673.653145 0.010000 -3003.279014
v -15662.391174 0.010000 -3003.279014
v -15651.129204 0.010000 -3003.279014
v -15639.867234 0.010000 -3003.279014
v -15628.605263 0.010000 -3003.279014
v -15617.343293 0.010000 -3003.279014
v -15606.081322 0.010000 -3003.279014
v -15594.819352 0.010000 -3003.279014
v -15583.557382 0.010000 -3003.279014
v -15572.295411 0.010000 -3003.279014
v -15561.033441 0.010000 -3003.279014
v -15549.771470 0.010000 -3003.279014
v -15538.509500 0.010000 -3003.279014
v -15527.247530 0.010000 -3003.279014
v -15515.985559 0.010000 -3003.279014
v -15504.723589 0.010000 -3003.279014
v -15493.461618 0.010000 -3003.279014
v -15482.199648 0.010000 -3003.279014
v -15470.937678 0.010000 -3003.279014
v -15459.675707 0.010000 -3003.279014
v -15448.413737 0.010000 -3003.279014
v -15437.151766 0.010000 -3003.279014
v -15425.889796 0.010000 -3003.279014
v -15414.627826 0.010000 -3003.279014
v -15403.365855 0.010000 -3003.279014
v -15392.103885 0.010000 -3003.279014
v -15380.841914 0.010000 -3003.279014
v -15369.579944 0.010000 -3003.279014
v -15358.317974 0.010000 -3003.279014
v -15347.056003 0.010000 -3003.279014
v -15335.794033 0.010000 -3003.279014
v -15324.532062 0.010000 -3003.279014
v -15313.270092 0.010000 -3003.279014
v -15302.008122 0.010000 -3003.279014
v -15290.746151 0.010000 -3003.279014
v -15279.484181 0.010000 -3003.279014
v -15268.222210 0.010000 -3003.279014
v -15256.960240 0.010000 -3003.279014
v -15245.698269 0.010000 -3003.279014
v -15234.436299 0.010000 -3003.279014
v -15223.174329 0.010000 -3003.279014
v -15211.912358 0.010000 -3003.279014
v -15200.650388 0.010000 -3003.279014
v -15189.388417 0.010000 -3003.279014
v -15178.126447 0.010000 -3003.279014
v -15166.864477 0.010000 -3003.279014
v -15155.602506 0.010000 -3003.279014
v -15144.340536 0.010000 -3003.279014
v -15133.078565 0.010000 -3003.279014
v -15121.816595 0.010000 -3003.279014
v -15110.554625 0.010000 -3003.279014
v -15099.292654 0.010000 -3003.279014
v -15088.030684 0.010000 -3003.279014
v -15076.768713 0.010000 -3003.279014
v -15065.506743 0.010000 -3003.279014
v -15054.244773 0.010000 -3003.279014
v -15042.982802 0.010000 -3003.279014
v -15031.720832 0.010000 -3003.279014
v -15020.458861 0.010000 -3003.279014
v -15009.196891 0.010000 -3003.279014
v -14997.934921 0.010000 -3003.279014
v -14986.672950 0.010000 -3003.279014
v -14975.410980 0.010000 -3003.279014
v -14964.149009 0.010000 -3003.279014
v -14952.887039 0.010000 -3003.279014
v -14941.625069 0.010000 -3003.279014
v -14930.363098 0.010000 -3003.279014
v -14919.101128 0.010000 -3003.279014
v -14907.839157 0.010000 -3003.279014
v -14896.577187 0.010000 -3003.279014
v -14885.315217 0.010000 -3003.279014
v -14874.053246 0.010000 -3003.279014
v -14862.791276 0.010000 -3003.279014
v -14851.529305 0.010000 -3003.279014
v -14840.267335 0.010000 -3003.279014
v -14829.005365 0.010000 -3003.279014
v -14817.743394 0.010000 -3003.279014
v -14806.481424 0.010000 -3003.279014
v -14795.219453 0.010000 -3003.279014
v -14783.957483 0.010000 -3003.279014
v -14772.695513 0.010000 -3003.279014
v -14761.433542 0.010000 -3003.279014
v -14750.171572 0.010000 -3003.279014
v -14750.171572 0.010000 -2992.172114
v -14750.171572 0.010000 -2981.065214
v -14750.171572 0.010000 -2969.958314
v -14750.171572 0.010000 -2958.851414
v -14750.171572 0.010000 -2947.744514
v -14750.171572 0.010000 -2936.637614
v -14750.171572 0.010000 -2925.530714
v -14750.171572 0.010000 -2914.423814
v -14750.171572 0.010000 -2903.316914
v -14750.171572 0.010000 -2892.210015
v -14750.171572 0.010000 -2881.103115
v -14750.171572 0.010000 -2869.996215
v -14750.171572 0.010000 -2858.889315
v -14750.171572 0.010000 -2847.782415
v -14750.171572 0.010000 -2836.675515
v -14750.171572 0.010000 -2825.568615
v -14750.171572 0.010000 -2814.461715
v -14750.171572 0.010000 -2803.354815
v -14750.171572 0.010000 -2792.247916
v -14750.171572 0.010000 -2781.141016
v -14750.171572 0.010000 -2770.034116
v -14750.171572 0.010000 -2758.927216
v -14758.620466 0.010000 -2764.276241
v -14767.069361 0.010000 -2769.625267
v -14775.518255 0.010000 -2774.974293
v -14783.967149 0.010000 -2780.323318
v -14792.354618 0.010000 -2785.701502
v -14800.742087 0.010000 -2791.079687
v -14809.129556 0.010000 -2796.457871
v -14817.517024 0.010000 -2801.836055
v -14825.904493 0.010000 -2807.214240
v -14834.246917 0.010000 -2812.631954
v -14842.589341 0.010000 -2818.049668
v -14850.931766 0.010000 -2823.467382
v -14859.274190 0.010000 -2828.885096
v -14867.616614 0.010000 -2834.302810
v -14875.913993 0.010000 -2839.760054
v -14884.211373 0.010000 -2845.217297
v -14892.508752 0.010000 -2850.674541
v -14900.806132 0.010000 -2856.131785
v -14909.103511 0.010000 -2861.589028
v -14909.354655 0.010000 -2861.754192
v -14909.606770 0.010000 -2861.917870
v -14909.859847 0.010000 -2862.080056
v -14910.113877 0.010000 -2862.240745
v -14910.368852 0.010000 -2862.399930
v -14910.624763 0.010000 -2862.557607
v -14910.881600 0.010000 -2862.713770
v -14911.139355 0.010000 -2862.868413
v -14911.398019 0.010000 -2863.021531
v -14911.657583 0.010000 -2863.173119
v -14911.918038 0.010000 -2863.323171
v -14912.179374 0.010000 -2863.471682
v -14912.441583 0.010000 -2863.618648
v -14912.704655 0.010000 -2863.764062
v -14912.968581 0.010000 -2863.907920
v -14913.233353 0.010000 -2864.050217
v -14913.498960 0.010000 -2864.190948
v -14913.765393 0.010000 -2864.330107
v -14914.032644 0.010000 -2864.467691
v -14914.300703 0.010000 -2864.603694
v -14914.569560 0.010000 -2864.738111
v -14914.839207 0.010000 -2864.870938
v -14915.109633 0.010000 -2865.002171
v -14915.380829 0.010000 -2865.131804
v -14915.652787 0.010000 -2865.259833
v -14915.925495 0.010000 -2865.386253
v -14916.198946 0.010000 -2865.511061
v -14916.473129 0.010000 -2865.634252
v -14916.748035 0.010000 -2865.755821
v -14917.023654 0.010000 -2865.875765
v -14917.299976 0.010000 -2865.994079
v -14917.576992 0.010000 -2866.110758
v -14917.854693 0.010000 -2866.225800
v -14918.133068 0.010000 -2866.339200
v -14918.412108 0.010000 -2866.450953
v -14918.691804 0.010000 -2866.561057
v -14918.972144 0.010000 -2866.669507
v -14919.253121 0.010000 -2866.776299
v -14919.534723 0.010000 -2866.881431
v -14919.816941 0.010000 -2866.984897
v -14920.099765 0.010000 -2867.086694
v -14920.383185 0.010000 -2867.186820
v -14920.667192 0.010000 -2867.285270
v -14920.951775 0.010000 -2867.382041
v -14921.236925 0.010000 -2867.477129
v -14921.522632 0.010000 -2867.570532
v -14921.808885 0.010000 -2867.662246
v -14922.095674 0.010000 -2867.752267
v -14922.382991 0.010000 -2867.840594
v -14922.670824 0.010000 -2867.927222
v -14922.959163 0.010000 -2868.012148
v -14923.248000 0.010000 -2868.095370
v -14923.537322 0.010000 -2868.176885
v -14923.827121 0.010000 -2868.256690
v -14924.117387 0.010000 -2868.334782
v -14924.408108 0.010000 -2868.411158
v -14924.699275 0.010000 -2868.485816
v -14924.990879 0.010000 -2868.558753
v -14925.282908 0.010000 -2868.629966
v -14925.575352 0.010000 -2868.699454
v -14925.868202 0.010000 -2868.767213
v -14926.161446 0.010000 -2868.833241
v -14926.455076 0.010000 -2868.897537
v -14926.749080 0.010000 -2868.960097
v -14927.043449 0.010000 -2869.020920
v -14927.338171 0.010000 -2869.080003
v -14927.633238 0.010000 -2869.137345
v -14927.928638 0.010000 -2869.192943
v -14928.224361 0.010000 -2869.246795
v -14928.520397 0.010000 -2869.298900
v -14928.816735 0.010000 -2869.349256
v -14929.113366 0.010000 -2869.397861
v -14929.410279 0.010000 -2869.444713
v -14929.707463 0.010000 -2869.489810
v -14930.004909 0.010000 -2869.533152
v -14930.302605 0.010000 -2869.574736
v -14930.600541 0.010000 -2869.614562
v -14930.898708 0.010000 -2869.652627
v -14931.197094 0.010000 -2869.688930
v -14931.495689 0.010000 -2869.723471
v -14931.794484 0.010000 -2869.756247
v -14932.093466 0.010000 -2869.787259
v -14932.392627 0.010000 -2869.816504
v -14932.691955 0.010000 -2869.843982
v -14932.991440 0.010000 -2869.869691
v -14933.291071 0.010000 -2869.893632
v -14933.590839 0.010000 -2869.915802
v -14933.890732 0.010000 -2869.936201
v -14934.190741 0.010000 -2869.954829
v -14934.490855 0.010000 -2869.971685
v -14934.791063 0.010000 -2869.986769
v -14935.091354 0.010000 -2870.000078
v -14935.391719 0.010000 -2870.011615
v -14935.692147 0.010000 -2870.021377
v -14935.992628 0.010000 -2870.029364
v -14936.293150 0.010000 -2870.035577
v -14936.593704 0.010000 -2870.040015
v -14936.894278 0.010000 -2870.042678
v -14937.194864 0.010000 -2870.043566
v -14938.780345 0.010000 -2870.037277
v -14940.365727 0.010000 -2870.018410
v -14941.950909 0.010000 -2869.986966
v -14943.535792 0.010000 -2869.942948
v -14945.120276 0.010000 -2869.886358
v -14946.704260 0.010000 -2869.817200
v -14948.287647 0.010000 -2869.735478
v -14949.870335 0.010000 -2869.641197
v -14951.452226 0.010000 -2869.534363
v -14953.033219 0.010000 -2869.414983
v -14954.613215 0.010000 -2869.283064
v -14956.192115 0.010000 -2869.138615
v -14957.769820 0.010000 -2868.981645
v -14959.346229 0.010000 -2868.812163
v -14960.921245 0.010000 -2868.630181
v -14962.494767 0.010000 -2868.435709
v -14964.066697 0.010000 -2868.228761
v -14965.636935 0.010000 -2868.009349
v -14967.205384 0.010000 -2867.777486
v -14968.771944 0.010000 -2867.533188
v -14970.336516 0.010000 -2867.276469
v -14971.899003 0.010000 -2867.007347
v -14973.459305 0.010000 -2866.725837
v -14975.017325 0.010000 -2866.431958
v -14976.572965 0.010000 -2866.125729
v -14978.126126 0.010000 -2865.807167
v -14979.676711 0.010000 -2865.476294
v -14981.224622 0.010000 -2865.133131
v -14982.769763 0.010000 -2864.777698
v -14984.312035 0.010000 -2864.410018
v -14985.851341 0.010000 -2864.030115
v -14987.387586 0.010000 -2863.638012
v -14988.920671 0.010000 -2863.233734
v -14990.450501 0.010000 -2862.817306
v -14991.976979 0.010000 -2862.388755
v -14993.500009 0.010000 -2861.948108
v -14995.019495 0.010000 -2861.495392
v -14996.535342 0.010000 -2861.030636
v -14998.047455 0.010000 -2860.553868
v -14999.555738 0.010000 -2860.065120
v -15001.060095 0.010000 -2859.564422
v -15002.560434 0.010000 -2859.051805
v -15004.056658 0.010000 -2858.527301
v -15005.548674 0.010000 -2857.990945
v -15007.036388 0.010000 -2857.442768
v -15008.519707 0.010000 -2856.882807
v -15009.998537 0.010000 -2856.311095
v -15011.472784 0.010000 -2855.727670
v -15012.942357 0.010000 -2855.132567
v -15014.407162 0.010000 -2854.525825
v -15015.867108 0.010000 -2853.907481
v -15017.322103 0.010000 -2853.277575
v -15018.772054 0.010000 -2852.636145
v -15020.216872 0.010000 -2851.983233
v -15021.656464 0.010000 -2851.318880
v -15023.090740 0.010000 -2850.643126
v -15024.519610 0.010000 -2849.956016
v -15025.942985 0.010000 -2849.257592
v -15027.360773 0.010000 -2848.547897
v -15028.772887 0.010000 -2847.826977
v -15030.179238 0.010000 -2847.094878
v -15031.579736 0.010000 -2846.351644
v -15032.974294 0.010000 -2845.597324
v -15034.362824 0.010000 -2844.831964
v -15035.745238 0.010000 -2844.055612
v -15037.121450 0.010000 -2843.268318
v -15038.491372 0.010000 -2842.470130
v -15039.854920 0.010000 -2841.661100
v -15041.212006 0.010000 -2840.841278
v -15042.562546 0.010000 -2840.010716
v -15043.906454 0.010000 -2839.169466
v -15045.243646 0.010000 -2838.317581
v -15046.574038 0.010000 -2837.455114
v -15047.897545 0.010000 -2836.582120
v -15049.214086 0.010000 -2835.698654
v -15050.523576 0.010000 -2834.804771
v -15051.825934 0.010000 -2833.900528
v -15053.121077 0.010000 -2832.985982
v -15054.408924 0.010000 -2832.061189
v -15055.689394 0.010000 -2831.126209
v -15056.962406 0.010000 -2830.181100
v -15058.227881 0.010000 -2829.225922
v -15059.485737 0.010000 -2828.260734
v -15060.735898 0.010000 -2827.285598
v -15066.869266 0.010000 -2822.268607
v -15072.706097 0.010000 -2817.029575
v -15072.810166 0.010000 -2816.945819
v -15072.923164 0.010000 -2816.881735
v -15073.169293 0.010000 -2816.800374
v -15073.694258 0.010000 -2816.749454
v -15084.942999 0.010000 -2816.749454
v -15096.191739 0.010000 -2816.749454
v -15107.440480 0.010000 -2816.749454
v -15118.689220 0.010000 -2816.749454
v -15129.937961 0.010000 -2816.749454
v -15141.186701 0.010000 -2816.749454
v -15152.435442 0.010000 -2816.749454
v -15163.684183 0.010000 -2816.749454
v -15174.932923 0.010000 -2816.749454
v -15186.181664 0.010000 -2816.749454
v -15197.430404 0.010000 -2816.749454
v -15208.679145 0.010000 -2816.749454
v -15219.927885 0.010000 -2816.749454
v -15231.176626 0.010000 -2816.749454
v -15242.425366 0.010000 -2816.749454
v -15253.674107 0.010000 -2816.749454
v -15264.922847 0.010000 -2816.749454
v -15276.171588 0.010000 -2816.749454
v -15287.420328 0.010000 -2816.749454
v -15298.669069 0.010000 -2816.749454
v -15309.917809 0.010000 -2816.749454
v -15321.166550 0.010000 -2816.749454
v -15332.415290 0.010000 -2816.749454
v -15343.664031 0.010000 -2816.749454
v -15354.912771 0.010000 -2816.749454
v -15366.161512 0.010000 -2816.749454
v -15377.410252 0.010000 -2816.749454
v -15388.658993 0.010000 -2816.749454
v -15399.907733 0.010000 -2816.749454
v -15411.156474 0.010000 -2816.749454
v -15422.405214 0.010000 -2816.749454
v -15433.653955 0.010000 -2816.749454
v -15444.902695 0.010000 -2816.749454
v -15456.151436 0.010000 -2816.749454
v -15467.400176 0.010000 -2816.749454
v -15478.648917 0.010000 -2816.749454
v -15489.897657 0.010000 -2816.749454
v -15501.146398 0.010000 -2816.749454
v -15512.395138 0.010000 -2816.749454
v -15523.643879 0.010000 -2816.749454
v -15534.892619 0.010000 -2816.749454
v -15546.141360 0.010000 -2816.749454
v -15557.390100 0.010000 -2816.749454
v -15568.638841 0.010000 -2816.749454
v -15579.887581 0.010000 -2816.749454
v -15591.136322 0.010000 -2816.749454
v -15602.385062 0.010000 -2816.749454
v -15613.633803 0.010000 -2816.749454
v -15624.882543 0.010000 -2816.749454
v -15636.131284 0.010000 -2816.749454
v -15647.380024 0.010000 -2816.749454
v -15658.628765 0.010000 -2816.749454
v -15669.877505 0.010000 -2816.749454
v -15681.126246 0.010000 -2816.749454
v -15692.374987 0.010000 -2816.749454
v -15703.623727 0.010000 -2816.749454
v -15714.872468 0.010000 -2816.749454
v -15726.121208 0.010000 -2816.749454
v -15737.369949 0.010000 -2816.749454
v -15748.618689 0.010000 -2816.749454
v -15759.867430 0.010000 -2816.749454
v -15771.116170 0.010000 -2816.749454
v -15782.364911 0.010000 -2816.749454
v -15793.613651 0.010000 -2816.749454
v -15804.862392 0.010000 -2816.749454
v -15816.111132 0.010000 -2816.749454
v -15827.359873 0.010000 -2816.749454
v -15838.608613 0.010000 -2816.749454
v -15849.857354 0.010000 -2816.749454
v -15855.029933 0.010000 -2817.430436
v -15859.850009 0.010000 -2819.426977
v -15863.989102 0.010000 -2822.603015
v -15867.165140 0.010000 -2826.742109
v -15869.161681 0.010000 -2831.562185
v -15869.842664 0.010000 -2836.734764
v -15869.842664 0.010000 -2847.972538
v -15869.842664 0.010000 -2859.210313
v -15869.842664 0.010000 -2870.448088
v -15869.842664 0.010000 -2881.685863
v -15869.842664 0.010000 -2892.923638
v -15869.842664 0.010000 -2904.161413
v -15869.842664 0.010000 -2915.399188
v -15869.842664 0.010000 -2926.636963
v -15869.842664 0.010000 -2937.874738
v -15869.842664 0.010000 -2949.112513
v -15869.842664 0.010000 -2960.350288
v -15879.894954 0.010000 -2960.349732
v -15889.947244 0.010000 -2960.349176
v -15899.999534 0.010000 -2960.348620
v -15854.908689 0.010000 -2825.568615
v -15888.727172 0.010000 -2981.065214
v -15866.181517 0.010000 -2958.851414
v -15854.908689 0.010000 -2958.851414
v -15843.635861 0.010000 -2958.851414
v -15832.363034 0.010000 -2958.851414
v -15821.090206 0.010000 -2958.851414
v -15809.817378 0.010000 -2958.851414
v -15798.544551 0.010000 -2958.851414
v -15787.271723 0.010000 -2958.851414
v -15775.998895 0.010000 -2958.851414
v -15764.726067 0.010000 -2958.851414
v -15753.453240 0.010000 -2958.851414
v -15742.180412 0.010000 -2958.851414
v -15730.907584 0.010000 -2958.851414
v -15719.634756 0.010000 -2958.851414
v -15708.361929 0.010000 -2958.851414
v -15697.089101 0.010000 -2958.851414
v -15685.816273 0.010000 -2958.851414
v -15674.543446 0.010000 -2958.851414
v -15663.270618 0.010000 -2958.851414
v -15651.997790 0.010000 -2958.851414
v -15640.724962 0.010000 -2958.851414
v -15629.452135 0.010000 -2958.851414
v -15618.179307 0.010000 -2958.851414
v -15606.906479 0.010000 -2958.851414
v -15595.633651 0.010000 -2958.851414
v -15584.360824 0.010000 -2958.851414
v -15573.087996 0.010000 -2958.851414
v -15561.815168 0.010000 -2958.851414
v -15550.542341 0.010000 -2958.851414
v -15539.269513 0.010000 -2958.851414
v -15527.996685 0.010000 -2958.851414
v -15516.723857 0.010000 -2958.851414
v -15505.451030 0.010000 -2958.851414
v -15494.178202 0.010000 -2958.851414
v -15482.905374 0.010000 -2958.851414
v -15471.632546 0.010000 -2958.851414
v -15460.359719 0.010000 -2958.851414
v -15449.086891 0.010000 -2958.851414
v -15437.814063 0.010000 -2958.851414
v -15426.541236 0.010000 -2958.851414
v -15415.268408 0.010000 -2958.851414
v -15403.995580 0.010000 -2958.851414
v -15392.722752 0.010000 -2958.851414
v -15381.449925 0.010000 -2958.851414
v -15370.177097 0.010000 -2958.851414
v -15358.904269 0.010000 -2958.851414
v -15347.631441 0.010000 -2958.851414
v -15336.358614 0.010000 -2958.851414
v -15325.085786 0.010000 -2958.851414
v -15313.812958 0.010000 -2958.851414
v -15302.540131 0.010000 -2958.851414
v -15291.267303 0.010000 -2958.851414
v -15279.994475 0.010000 -2958.851414
v -15268.721647 0.010000 -2958.851414
v -15257.448820 0.010000 -2958.851414
v -15246.175992 0.010000 -2958.851414
v -15234.903164 0.010000 -2958.851414
v -15223.630336 0.010000 -2958.851414
v -15212.357509 0.010000 -2958.851414
v -15201.084681 0.010000 -2958.851414
v -15189.811853 0.010000 -2958.851414
v -15178.539025 0.010000 -2958.851414
v -15167.266198 0.010000 -2958.851414
v -15155.993370 0.010000 -2958.851414
v -15144.720542 0.010000 -2958.851414
v -15133.447715 0.010000 -2958.851414
v -15122.174887 0.010000 -2958.851414
v -15110.902059 0.010000 -2958.851414
v -15099.629231 0.010000 -2958.851414
v -15088.356404 0.010000 -2958.851414
v -15077.083576 0.010000 -2958.851414
v -15065.810748 0.010000 -2958.851414
v -15054.537920 0.010000 -2958.851414
v -15043.265093 0.010000 -2958.851414
v -15031.992265 0.010000 -2958.851414
v -15020.719437 0.010000 -2958.851414
v -15009.446610 0.010000 -2958.851414
v -14998.173782 0.010000 -2958.851414
v -14986.900954 0.010000 -2958.851414
v -14975.628126 0.010000 -2958.851414
v -14964.355299 0.010000 -2958.851414
v -14953.082471 0.010000 -2958.851414
v -14941.809643 0.010000 -2958.851414
v -14930.536815 0.010000 -2958.851414
v -14919.263988 0.010000 -2958.851414
v -14907.991160 0.010000 -2958.851414
v -14896.718332 0.010000 -2958.851414
v -14885.445505 0.010000 -2958.851414
v -14874.172677 0.010000 -2958.851414
v -14862.899849 0.010000 -2958.851414
v -14851.627021 0.010000 -2958.851414
v -14840.354194 0.010000 -2958.851414
v -14829.081366 0.010000 -2958.851414
v -14817.808538 0.010000 -2958.851414
v -14806.535710 0.010000 -2958.851414
v -14795.262883 0.010000 -2958.851414
v -14783.990055 0.010000 -2958.851414
v -14772.717227 0.010000 -2958.851414
v -14761.444400 0.010000 -2958.851414
v -14761.444400 0.010000 -2969.958314
v -14772.717227 0.010000 -2969.958314
v -14783.990055 0.010000 -2969.958314
v -14795.262883 0.010000 -2969.958314
v -14806.535710 0.010000 -2969.958314
v -14817.808538 0.010000 -2969.958314
v -14829.081366 0.010000 -2969.958314
v -14840.354194 0.010000 -2969.958314
v -14851.627021 0.010000 -2969.958314
v -14862.899849 0.010000 -2969.958314
v -14874.172677 0.010000 -2969.958314
v -14885.445505 0.010000 -2969.958314
v -14896.718332 0.010000 -2969.958314
v -14907.991160 0.010000 -2969.958314
v -14919.263988 0.010000 -2969.958314
v -14930.536815 0.010000 -2969.958314
v -14941.809643 0.010000 -2969.958314
v -14953.082471 0.010000 -2969.958314
v -14964.355299 0.010000 -2969.958314
v -14975.628126 0.010000 -2969.958314
v -14986.900954 0.010000 -2969.958314
v -14998.173782 0.010000 -2969.958314
v -15009.446610 0.010000 -2969.958314
v -15020.719437 0.010000 -2969.958314
v -15031.992265 0.010000 -2969.958314
v -15043.265093 0.010000 -2969.958314
v -15054.537920 0.010000 -2969.958314
v -15065.810748 0.010000 -2969.958314
v -15077.083576 0.010000 -2969.958314
v -15088.356404 0.010000 -2969.958314
v -15099.629231 0.010000 -2969.958314
v -15110.902059 0.010000 -2969.958314
v -15122.174887 0.010000 -2969.958314
v -15133.447715 0.010000 -2969.958314
v -15144.720542 0.010000 -2969.958314
v -15155.993370 0.010000 -2969.958314
v -15167.266198 0.010000 -2969.958314
v -15178.539025 0.010000 -2969.958314
v -15189.811853 0.010000 -2969.958314
v -15201.084681 0.010000 -2969.958314
v -15212.357509 0.010000 -2969.958314
v -15223.630336 0.010000 -2969.958314
v -15234.903164 0.010000 -2969.958314
v -15246.175992 0.010000 -2969.958314
v -15257.448820 0.010000 -2969.958314
v -15268.721647 0.010000 -2969.958314
v -15279.994475 0.010000 -2969.958314
v -15291.267303 0.010000 -2969.958314
v -15302.540131 0.010000 -2969.958314
v -15313.812958 0.010000 -2969.958314
v -15325.085786 0.010000 -2969.958314
v -15336.358614 0.010000 -2969.958314
v -15347.631441 0.010000 -2969.958314
v -15358.904269 0.010000 -2969.958314
v -15370.177097 0.010000 -2969.958314
v -15381.449925 0.010000 -2969.958314
v -15392.722752 0.010000 -2969.958314
v -15403.995580 0.010000 -2969.958314
v -15415.268408 0.010000 -2969.958314
v -15426.541236 0.010000 -2969.958314
v -15437.814063 0.010000 -2969.958314
v -15449.086891 0.010000 -2969.958314
v -15460.359719 0.010000 -2969.958314
v -15471.632546 0.010000 -2969.958314
v -15482.905374 0.010000 -2969.958314
v -15494.178202 0.010000 -2969.958314
v -15505.451030 0.010000 -2969.958314
v -15516.723857 0.010000 -2969.958314
v -15527.996685 0.010000 -2969.958314
v -15539.269513 0.010000 -2969.958314
v -15550.542341 0.010000 -2969.958314
v -15561.815168 0.010000 -2969.958314
v -15573.087996 0.010000 -2969.958314
v -15584.360824 0.010000 -2969.958314
v -15595.633651 0.010000 -2969.958314
v -15606.906479 0.010000 -2969.958314
v -15618.179307 0.010000 -2969.958314
v -15629.452135 0.010000 -2969.958314
v -15640.724962 0.010000 -2969.958314
v -15651.997790 0.010000 -2969.958314
v -15663.270618 0.010000 -2969.958314
v -15674.543446 0.010000 -2969.958314
v -15685.816273 0.010000 -2969.958314
v -15697.089101 0.010000 -2969.958314
v -15708.361929 0.010000 -2969.958314
v -15719.634756 0.010000 -2969.958314
v -15730.907584 0.010000 -2969.958314
v -15742.180412 0.010000 -2969.958314
v -15753.453240 0.010000 -2969.958314
v -15764.726067 0.010000 -2969.958314
v -15775.998895 0.010000 -2969.958314
v -15787.271723 0.010000 -2969.958314
v -15798.544551 0.010000 -2969.958314
v -15809.817378 0.010000 -2969.958314
v -15821.090206 0.010000 -2969.958314
v -15866.181517 0.010000 -2947.744514
v -15854.908689 0.010000 -2947.744514
v -15843.635861 0.010000 -2947.744514
v -15832.363034 0.010000 -2947.744514
v -15821.090206 0.010000 -2947.744514
v -15809.817378 0.010000 -2947.744514
v -15798.544551 0.010000 -2947.744514
v -15787.271723 0.010000 -2947.744514
v -15775.998895 0.010000 -2947.744514
v -15764.726067 0.010000 -2947.744514
v -15753.453240 0.010000 -2947.744514
v -15742.180412 0.010000 -2947.744514
v -15730.907584 0.010000 -2947.744514
v -15719.634756 0.010000 -2947.744514
v -15708.361929 0.010000 -2947.744514
v -15697.089101 0.010000 -2947.744514
v -15685.816273 0.010000 -2947.744514
v -15674.543446 0.010000 -2947.744514
v -15663.270618 0.010000 -2947.744514
v -15651.997790 0.010000 -2947.744514
v -15640.724962 0.010000 -2947.744514
v -15629.452135 0.010000 -2947.744514
v -15618.179307 0.010000 -2947.744514
v -15606.906479 0.010000 -2947.744514
v -15595.633651 0.010000 -2947.744514
v -15584.360824 0.010000 -2947.744514
v -15573.087996 0.010000 -2947.744514
v -15561.815168 0.010000 -2947.744514
v -15550.542341 0.010000 -2947.744514
v -15539.269513 0.010000 -2947.744514
v -15527.996685 0.010000 -2947.744514
v -15516.723857 0.010000 -2947.744514
v -15505.451030 0.010000 -2947.744514
v -15494.178202 0.010000 -2947.744514
v -15482.905374 0.010000 -2947.744514
v -15471.632546 0.010000 -2947.744514
v -15460.359719 0.010000 -2947.744514
v -15449.086891 0.010000 -2947.744514
v -15437.814063 0.010000 -2947.744514
v -15426.541236 0.010000 -2947.744514
v -15415.268408 0.010000 -2947.744514
v -15403.995580 0.010000 -2947.744514
v -15392.722752 0.010000 -2947.744514
v -15381.449925 0.010000 -2947.744514
v -15370.177097 0.010000 -2947.744514
v -15358.904269 0.010000 -2947.744514
v -15347.631441 0.010000 -2947.744514
v -15336.358614 0.010000 -2947.744514
v -15325.085786 0.010000 -2947.744514
v -15313.812958 0.010000 -2947.744514
v -15302.540131 0.010000 -2947.744514
v -15291.267303 0.010000 -2947.744514
v -15279.994475 0.010000 -2947.744514
v -15268.721647 0.010000 -2947.744514
v -15257.448820 0.010000 -2947.744514
v -15246.175992 0.010000 -2947.744514
v -15234.903164 0.010000 -2947.744514
v -15223.630336 0.010000 -2947.744514
v -15212.357509 0.010000 -2947.744514
v -15201.084681 0.010000 -2947.744514
v -15189.811853 0.010000 -2947.744514
v -15178.539025 0.010000 -2947.744514
v -15167.266198 0.010000 -2947.744514
v -15155.993370 0.010000 -2947.744514
v -15144.720542 0.010000 -2947.744514
v -15133.447715 0.010000 -2947.744514
v -15122.174887 0.010000 -2947.744514
v -15110.902059 0.010000 -2947.744514
v -15099.629231 0.010000 -2947.744514
v -15088.356404 0.010000 -2947.744514
v -15077.083576 0.010000 -2947.744514
v -15065.810748 0.010000 -2947.744514
v -15054.537920 0.010000 -2947.744514
v -15043.265093 0.010000 -2947.744514
v -15031.992265 0.010000 -2947.744514
v -15020.719437 0.010000 -2947.744514
v -15009.446610 0.010000 -2947.744514
v -14998.173782 0.010000 -2947.744514
v -14986.900954 0.010000 -2947.744514
v -14975.628126 0.010000 -2947.744514
v -14964.355299 0.010000 -2947.744514
v -14953.082471 0.010000 -2947.744514
v -14941.809643 0.010000 -2947.744514
v -14930.536815 0.010000 -2947.744514
v -14919.263988 0.010000 -2947.744514
v -14907.991160 0.010000 -2947.744514
v -14896.718332 0.010000 -2947.744514
v -14885.445505 0.010000 -2947.744514
v -14874.172677 0.010000 -2947.744514
v -14862.899849 0.010000 -2947.744514
v -14851.627021 0.010000 -2947.744514
v -14840.354194 0.010000 -2947.744514
v -14829.081366 0.010000 -2947.744514
v -14817.808538 0.010000 -2947.744514
v -14806.535710 0.010000 -2947.744514
v -14795.262883 0.010000 -2947.744514
v -14783.990055 0.010000 -2947.744514
v -14772.717227 0.010000 -2947.744514
v -14761.444400 0.010000 -2947.744514
v -15866.181517 0.010000 -2936.637614
v -15854.908689 0.010000 -2936.637614
v -15843.635861 0.010000 -2936.637614
v -15832.363034 0.010000 -2936.637614
v -15821.090206 0.010000 -2936.637614
v -15809.817378 0.010000 -2936.637614
v -15798.544551 0.010000 -2936.637614
v -15787.271723 0.010000 -2936.637614
v -15775.998895 0.010000 -2936.637614
v -15764.726067 0.010000 -2936.637614
v -15753.453240 0.010000 -2936.637614
v -15742.180412 0.010000 -2936.637614
v -15730.907584 0.010000 -2936.637614
v -15719.634756 0.010000 -2936.637614
v -15708.361929 0.010000 -2936.637614
v -15697.089101 0.010000 -2936.637614
v -15685.816273 0.010000 -2936.637614
v -15674.543446 0.010000 -2936.637614
v -15663.270618 0.010000 -2936.637614
v -15651.997790 0.010000 -2936.637614
v -15640.724962 0.010000 -2936.637614
v -15629.452135 0.010000 -2936.637614
v -15618.179307 0.010000 -2936.637614
v -15606.906479 0.010000 -2936.637614
v -15595.633651 0.010000 -2936.637614
v -15584.360824 0.010000 -2936.637614
v -15573.087996 0.010000 -2936.637614
v -15561.815168 0.010000 -2936.637614
v -15550.542341 0.010000 -2936.637614
v -15539.269513 0.010000 -2936.637614
v -15527.996685 0.010000 -2936.637614
v -15516.723857 0.010000 -2936.637614
v -15505.451030 0.010000 -2936.637614
v -15494.178202 0.010000 -2936.637614
v -15482.905374 0.010000 -2936.637614
v -15471.632546 0.010000 -2936.637614
v -15460.359719 0.010000 -2936.637614
v -15449.086891 0.010000 -2936.637614
v -15437.814063 0.010000 -2936.637614
v -15426.541236 0.010000 -2936.637614
v -15415.268408 0.010000 -2936.637614
v -15403.995580 0.010000 -2936.637614
v -15392.722752 0.010000 -2936.637614
v -15381.449925 0.010000 -2936.637614
v -15370.177097 0.010000 -2936.637614
v -15358.904269 0.010000 -2936.637614
v -15347.631441 0.010000 -2936.637614
v -15336.358614 0.010000 -2936.637614
v -15325.085786 0.010000 -2936.637614
v -15313.812958 0.010000 -2936.637614
v -15302.540131 0.010000 -2936.637614
v -15291.267303 0.010000 -2936.637614
v -15279.994475 0.010000 -2936.637614
v -15268.721647 0.010000 -2936.637614
v -15257.448820 0.010000 -2936.637614
v -15246.175992 0.010000 -2936.637614
v -15234.903164 0.010000 -2936.637614
v -15223.630336 0.010000 -2936.637614
v -15212.357509 0.010000 -2936.637614
v -15201.084681 0.010000 -2936.637614
v -15189.811853 0.010000 -2936.637614
v -15178.539025 0.010000 -2936.637614
v -15167.266198 0.010000 -2936.637614
v -15155.993370 0.010000 -2936.637614
v -15144.720542 0.010000 -2936.637614
v -15133.447715 0.010000 -2936.637614
v -15122.174887 0.010000 -2936.637614
v -15110.902059 0.010000 -2936.637614
v -15099.629231 0.010000 -2936.637614
v -15088.356404 0.010000 -2936.637614
v -15077.083576 0.010000 -2936.637614
v -15065.810748 0.010000 -2936.637614
v -15054.537920 0.010000 -2936.637614
v -15043.265093 0.010000 -2936.637614
v -15031.992265 0.010000 -2936.637614
v -15020.719437 0.010000 -2936.637614
v -15009.446610 0.010000 -2936.637614
v -14998.173782 0.010000 -2936.637614
v -14986.900954 0.010000 -2936.637614
v -14975.628126 0.010000 -2936.637614
v -14964.355299 0.010000 -2936.637614
v -14953.082471 0.010000 -2936.637614
v -14941.809643 0.010000 -2936.637614
v -14930.536815 0.010000 -2936.637614
v -14919.263988 0.010000 -2936.637614
v -14907.991160 0.010000 -2936.637614
v -14896.718332 0.010000 -2936.637614
v -14885.445505 0.010000 -2936.637614
v -14874.172677 0.010000 -2936.637614
v -14862.899849 0.010000 -2936.637614
v -14851.627021 0.010000 -2936.637614
v -14840.354194 0.010000 -2936.637614
v -14829.081366 0.010000 -2936.637614
v -14817.808538 0.010000 -2936.637614
v -14806.535710 0.010000 -2936.637614
v -14795.262883 0.010000 -2936.637614
v -14783.990055 0.010000 -2936.637614
v -14772.717227 0.010000 -2936.637614
v -14761.444400 0.010000 -2936.637614
v -15866.181517 0.010000 -2925.530714
v -15854.908689 0.010000 -2925.530714
v -15843.635861 0.010000 -2925.530714
v -15832.363034 0.010000 -2925.530714
v -15821.090206 0.010000 -2925.530714
v -15809.817378 0.010000 -2925.530714
v -15798.544551 0.010000 -2925.530714
v -15787.271723 0.010000 -2925.530714
v -15775.998895 0.010000 -2925.530714
v -15764.726067 0.010000 -2925.530714
v -15753.453240 0.010000 -2925.530714
v -15742.180412 0.010000 -2925.530714
v -15730.907584 0.010000 -2925.530714
v -15719.634756 0.010000 -2925.530714
v -15708.361929 0.010000 -2925.530714
v -15697.089101 0.010000 -2925.530714
v -15685.816273 0.010000 -2925.530714
v -15674.543446 0.010000 -2925.530714
v -15663.270618 0.010000 -2925.530714
v -15651.997790 0.010000 -2925.530714
v -15640.724962 0.010000 -2925.530714
v -15629.452135 0.010000 -2925.530714
v -15618.179307 0.010000 -2925.530714
v -15606.906479 0.010000 -2925.530714
v -15595.633651 0.010000 -2925.530714
v -15584.360824 0.010000 -2925.530714
v -15573.087996 0.010000 -2925.530714
v -15561.815168 0.010000 -2925.530714
v -15550.542341 0.010000 -2925.530714
v -15539.269513 0.010000 -2925.530714
v -15527.996685 0.010000 -2925.530714
v -15516.723857 0.010000 -2925.530714
v -15505.451030 0.010000 -2925.530714
v -15494.178202 0.010000 -2925.530714
v -15482.905374 0.010000 -2925.530714
v -15471.632546 0.010000 -2925.530714
v -15460.359719 0.010000 -2925.530714
v -15449.086891 0.010000 -2925.530714
v -15437.814063 0.010000 -2925.530714
v -15426.541236 0.010000 -2925.530714
v -15415.268408 0.010000 -2925.530714
v -15403.995580 0.010000 -2925.530714
v -15392.722752 0.010000 -2925.530714
v -15381.449925 0.010000 -2925.530714
v -15370.177097 0.010000 -2925.530714
v -15358.904269 0.010000 -2925.530714
v -15347.631441 0.010000 -2925.530714
v -15336.358614 0.010000 -2925.530714
v -15325.085786 0.010000 -2925.530714
v -15313.812958 0.010000 -2925.530714
v -15302.540131 0.010000 -2925.530714
v -15291.267303 0.010000 -2925.530714
v -15279.994475 0.010000 -2925.530714
v -15268.721647 0.010000 -2925.530714
v -15257.448820 0.010000 -2925.530714
v -15246.175992 0.010000 -2925.530714
v -15234.903164 0.010000 -2925.530714
v -15223.630336 0.010000 -2925.530714
v -15212.357509 0.010000 -2925.530714
v -15201.084681 0.010000 -2925.530714
v -15189.811853 0.010000 -2925.530714
v -15178.539025 0.010000 -2925.530714
v -15167.266198 0.010000 -2925.530714
v -15155.993370 0.010000 -2925.530714
v -15144.720542 0.010000 -2925.530714
v -15133.447715 0.010000 -2925.530714
v -15122.174887 0.010000 -2925.530714
v -15110.902059 0.010000 -2925.530714
v -15099.629231 0.010000 -2925.530714
v -15088.356404 0.010000 -2925.530714
v -15077.083576 0.010000 -2925.530714
v -15065.810748 0.010000 -2925.530714
v -15054.537920 0.010000 -2925.530714
v -15043.265093 0.010000 -2925.530714
v -15031.992265 0.010000 -2925.530714
v -15020.719437 0.010000 -2925.530714
v -15009.446610 0.010000 -2925.530714
v -14998.173782 0.010000 -2925.530714
v -14986.900954 0.010000 -2925.530714
v -14975.628126 0.010000 -2925.530714
v -14964.355299 0.010000 -2925.530714
v -14953.082471 0.010000 -2925.530714
v -14941.809643 0.010000 -2925.530714
v -14930.536815 0.010000 -2925.530714
v -14919.263988 0.010000 -2925.530714
v -14907.991160 0.010000 -2925.530714
v -14896.718332 0.010000 -2925.530714
v -14885.445505 0.010000 -2925.530714
v -14874.172677 0.010000 -2925.530714
v -14862.899849 0.010000 -2925.530714
v -14851.627021 0.010000 -2925.530714
v -14840.354194 0.010000 -2925.530714
v -14829.081366 0.010000 -2925.530714
v -14817.808538 0.010000 -2925.530714
v -14806.535710 0.010000 -2925.530714
v -14795.262883 0.010000 -2925.530714
v -14783.990055 0.010000 -2925.530714
v -14772.717227 0.010000 -2925.530714
v -14761.444400 0.010000 -2925.530714
v -15866.181517 0.010000 -2914.423814
v -15854.908689 0.010000 -2914.423814
v -15843.635861 0.010000 -2914.423814
v -15832.363034 0.010000 -2914.423814
v -15821.090206 0.010000 -2914.423814
v -15809.817378 0.010000 -2914.423814
v -15798.544551 0.010000 -2914.423814
v -15787.271723 0.010000 -2914.423814
v -15775.998895 0.010000 -2914.423814
v -15764.726067 0.010000 -2914.423814
v -15753.453240 0.010000 -2914.423814
v -15742.180412 0.010000 -2914.423814
v -15730.907584 0.010000 -2914.423814
v -15719.634756 0.010000 -2914.423814
v -15708.361929 0.010000 -2914.423814
v -15697.089101 0.010000 -2914.423814
v -15685.816273 0.010000 -2914.423814
v -15674.543446 0.010000 -2914.423814
v -15663.270618 0.010000 -2914.423814
v -15651.997790 0.010000 -2914.423814
v -15640.724962 0.010000 -2914.423814
v -15629.452135 0.010000 -2914.423814
v -15618.179307 0.010000 -2914.423814
v -15606.906479 0.010000 -2914.423814
v -15595.633651 0.010000 -2914.423814
v -15584.360824 0.010000 -2914.423814
v -15573.087996 0.010000 -2914.423814
v -15561.815168 0.010000 -2914.423814
v -15550.542341 0.010000 -2914.423814
v -15539.269513 0.010000 -2914.423814
v -15527.996685 0.010000 -2914.423814
v -15516.723857 0.010000 -2914.423814
v -15505.451030 0.010000 -2914.423814
v -15494.178202 0.010000 -2914.423814
v -15482.905374 0.010000 -2914.423814
v -15471.632546 0.010000 -2914.423814
v -15460.359719 0.010000 -2914.423814
v -15449.086891 0.010000 -2914.423814
v -15437.814063 0.010000 -2914.423814
v -15426.541236 0.010000 -2914.423814
v -15415.268408 0.010000 -2914.423814
v -15403.995580 0.010000 -2914.423814
v -15392.722752 0.010000 -2914.423814
v -15381.449925 0.010000 -2914.423814
v -15370.177097 0.010000 -2914.423814
v -15358.904269 0.010000 -2914.423814
v -15347.631441 0.010000 -2914.423814
v -15336.358614 0.010000 -2914.423814
v -15325.085786 0.010000 -2914.423814
v -15313.812958 0.010000 -2914.423814
v -15302.540131 0.010000 -2914.423814
v -15291.267303 0.010000 -2914.423814
v -15279.994475 0.010000 -2914.423814
v -15268.721647 0.010000 -2914.423814
v -15257.448820 0.010000 -2914.423814
v -15246.175992 0.010000 -2914.423814
v -15234.903164 0.010000 -2914.423814
v -15223.630336 0.010000 -2914.423814
v -15212.357509 0.010000 -2914.423814
v -15201.084681 0.010000 -2914.423814
v -15189.811853 0.010000 -2914.423814
v -15178.539025 0.010000 -2914.423814
v -15167.266198 0.010000 -2914.423814
v -15155.993370 0.010000 -2914.423814
v -15144.720542 0.010000 -2914.423814
v -15133.447715 0.010000 -2914.423814
v -15122.174887 0.010000 -2914.423814
v -15110.902059 0.010000 -2914.423814
v -15099.629231 0.010000 -2914.423814
v -15088.356404 0.010000 -2914.423814
v -15077.083576 0.010000 -2914.423814
v -15065.810748 0.010000 -2914.423814
v -15054.537920 0.010000 -2914.423814
v -15043.265093 0.010000 -2914.423814
v -15031.992265 0.010000 -2914.423814
v -15020.719437 0.010000 -2914.423814
v -15009.446610 0.010000 -2914.423814
v -14998.173782 0.010000 -2914.423814
v -14986.900954 0.010000 -2914.423814
v -14975.628126 0.010000 -2914.423814
v -14964.355299 0.010000 -2914.423814
v -14953.082471 0.010000 -2914.423814
v -14941.809643 0.010000 -2914.423814
v -14930.536815 0.010000 -2914.423814
v -14919.263988 0.010000 -2914.423814
v -14907.991160 0.010000 -2914.423814
v -14896.718332 0.010000 -2914.423814
v -14885.445505 0.010000 -2914.423814
v -14874.172677 0.010000 -2914.423814
v -14862.899849 0.010000 -2914.423814
v -14851.627021 0.010000 -2914.423814
v -14840.354194 0.010000 -2914.423814
v -14829.081366 0.010000 -2914.423814
v -14817.808538 0.010000 -2914.423814
v -14806.535710 0.010000 -2914.423814
v -14795.262883 0.010000 -2914.423814
v -14783.990055 0.010000 -2914.423814
v -14772.717227 0.010000 -2914.423814
v -14761.444400 0.010000 -2914.423814
v -15866.181517 0.010000 -2903.316914
v -15854.908689 0.010000 -2903.316914
v -15843.635861 0.010000 -2903.316914
v -15832.363034 0.010000 -2903.316914
v -15821.090206 0.010000 -2903.316914
v -15809.817378 0.010000 -2903.316914
v -15798.544551 0.010000 -2903.316914
v -15787.271723 0.010000 -2903.316914
v -15775.998895 0.010000 -2903.316914
v -15764.726067 0.010000 -2903.316914
v -15753.453240 0.010000 -2903.316914
v -15742.180412 0.010000 -2903.316914
v -15730.907584 0.010000 -2903.316914
v -15719.634756 0.010000 -2903.316914
v -15708.361929 0.010000 -2903.316914
v -15697.089101 0.010000 -2903.316914
v -15685.816273 0.010000 -2903.316914
v -15674.543446 0.010000 -2903.316914
v -15663.270618 0.010000 -2903.316914
v -15651.997790 0.010000 -2903.316914
v -15640.724962 0.010000 -2903.316914
v -15629.452135 0.010000 -2903.316914
v -15618.179307 0.010000 -2903.316914
v -15606.906479 0.010000 -2903.316914
v -15595.633651 0.010000 -2903.316914
v -15584.360824 0.010000 -2903.316914
v -15573.087996 0.010000 -2903.316914
v -15561.815168 0.010000 -2903.316914
v -15550.542341 0.010000 -2903.316914
v -15539.269513 0.010000 -2903.316914
v -15527.996685 0.010000 -2903.316914
v -15516.723857 0.010000 -2903.316914
v -15505.451030 0.010000 -2903.316914
v -15494.178202 0.010000 -2903.316914
v -15482.905374 0.010000 -2903.316914
v -15471.632546 0.010000 -2903.316914
v -15460.359719 0.010000 -2903.316914
v -15449.086891 0.010000 -2903.316914
v -15437.814063 0.010000 -2903.316914
v -15426.541236 0.010000 -2903.316914
v -15415.268408 0.010000 -2903.316914
v -15403.995580 0.010000 -2903.316914
v -15392.722752 0.010000 -2903.316914
v -15381.449925 0.010000 -2903.316914
v -15370.177097 0.010000 -2903.316914
v -15358.904269 0.010000 -2903.316914
v -15347.631441 0.010000 -2903.316914
v -15336.358614 0.010000 -2903.316914
v -15325.085786 0.010000 -2903.316914
v -15313.812958 0.010000 -2903.316914
v -15302.540131 0.010000 -2903.316914
v -15291.267303 0.010000 -2903.316914
v -15279.994475 0.010000 -2903.316914
v -15268.721647 0.010000 -2903.316914
v -15257.448820 0.010000 -2903.316914
v -15246.175992 0.010000 -2903.316914
v -15234.903164 0.010000 -2903.316914
v -15223.630336 0.010000 -2903.316914
v -15212.357509 0.010000 -2903.316914
v -15201.084681 0.010000 -2903.316914
v -15189.811853 0.010000 -2903.316914
v -15178.539025 0.010000 -2903.316914
v -15167.266198 0.010000 -2903.316914
v -15155.993370 0.010000 -2903.316914
v -15144.720542 0.010000 -2903.316914
v -15133.447715 0.010000 -2903.316914
v -15122.174887 0.010000 -2903.316914
v -15110.902059 0.010000 -2903.316914
v -15099.629231 0.010000 -2903.316914
v -15088.356404 0.010000 -2903.316914
v -15077.083576 0.010000 -2903.316914
v -15065.810748 0.010000 -2903.316914
v -15054.537920 0.010000 -2903.316914
v -15043.265093 0.010000 -2903.316914
v -15031.992265 0.010000 -2903.316914
v -15020.719437 0.010000 -2903.316914
v -15009.446610 0.010000 -2903.316914
v -14998.173782 0.010000 -2903.316914
v -14986.900954 0.010000 -2903.316914
v -14975.628126 0.010000 -2903.316914
v -14964.355299 0.010000 -2903.316914
v -14953.082471 0.010000 -2903.316914
v -14941.809643 0.010000 -2903.316914
v -14930.536815 0.010000 -2903.316914
v -14919.263988 0.010000 -2903.316914
v -14907.991160 0.010000 -2903.316914
v -14896.718332 0.010000 -2903.316914
v -14885.445505 0.010000 -2903.316914
v -14874.172677 0.010000 -2903.316914
v -14862.899849 0.010000 -2903.316914
v -14851.627021 0.010000 -2903.316914
v -14840.354194 0.010000 -2903.316914
v -14829.081366 0.010000 -2903.316914
v -14817.808538 0.010000 -2903.316914
v -14806.535710 0.010000 -2903.316914
v -14795.262883 0.010000 -2903.316914
v -14783.990055 0.010000 -2903.316914
v -14772.717227 0.010000 -2903.316914
v -14761.444400 0.010000 -2903.316914
v -15866.181517 0.010000 -2892.210015
v -15854.908689 0.010000 -2892.210015
v -15843.635861 0.010000 -2892.210015
v -15832.363034 0.010000 -2892.210015
v -15821.090206 0.010000 -2892.210015
v -15809.817378 0.010000 -2892.210015
v -15798.544551 0.010000 -2892.210015
v -15787.271723 0.010000 -2892.210015
v -15775.998895 0.010000 -2892.210015
v -15764.726067 0.010000 -2892.210015
v -15753.453240 0.010000 -2892.210015
v -15742.180412 0.010000 -2892.210015
v -15730.907584 0.010000 -2892.210015
v -15719.634756 0.010000 -2892.210015
v -15708.361929 0.010000 -2892.210015
v -15697.089101 0.010000 -2892.210015
v -15685.816273 0.010000 -2892.210015
v -15674.543446 0.010000 -2892.210015
v -15663.270618 0.010000 -2892.210015
v -15651.997790 0.010000 -2892.210015
v -15640.724962 0.010000 -2892.210015
v -15629.452135 0.010000 -2892.210015
v -15618.179307 0.010000 -2892.210015
v -15606.906479 0.010000 -2892.210015
v -15595.633651 0.010000 -2892.210015
v -15584.360824 0.010000 -2892.210015
v -15573.087996 0.010000 -2892.210015
v -15561.815168 0.010000 -2892.210015
v -15550.542341 0.010000 -2892.210015
v -15539.269513 0.010000 -2892.210015
v -15527.996685 0.010000 -2892.210015
v -15516.723857 0.010000 -2892.210015
v -15505.451030 0.010000 -2892.210015
v -15494.178202 0.010000 -2892.210015
v -15482.905374 0.010000 -2892.210015
v -15471.632546 0.010000 -2892.210015
v -15460.359719 0.010000 -2892.210015
v -15449.086891 0.010000 -2892.210015
v -15437.814063 0.010000 -2892.210015
v -15426.541236 0.010000 -2892.210015
v -15415.268408 0.010000 -2892.210015
v -15403.995580 0.010000 -2892.210015
v -15392.722752 0.010000 -2892.210015
v -15381.449925 0.010000 -2892.210015
v -15370.177097 0.010000 -2892.210015
v -15358.904269 0.010000 -2892.210015
v -15347.631441 0.010000 -2892.210015
v -15336.358614 0.010000 -2892.210015
v -15325.085786 0.010000 -2892.210015
v -15313.812958 0.010000 -2892.210015
v -15302.540131 0.010000 -2892.210015
v -15291.267303 0.010000 -2892.210015
v -15279.994475 0.010000 -2892.210015
v -15268.721647 0.010000 -2892.210015
v -15257.448820 0.010000 -2892.210015
v -15246.175992 0.010000 -2892.210015
v -15234.903164 0.010000 -2892.210015
v -15223.630336 0.010000 -2892.210015
v -15212.357509 0.010000 -2892.210015
v -15201.084681 0.010000 -2892.210015
v -15189.811853 0.010000 -2892.210015
v -15178.539025 0.010000 -2892.210015
v -15167.266198 0.010000 -2892.210015
v -15155.993370 0.010000 -2892.210015
v -15144.720542 0.010000 -2892.210015
v -15133.447715 0.010000 -2892.210015
v -15122.174887 0.010000 -2892.210015
v -15110.902059 0.010000 -2892.210015
v -15099.629231 0.010000 -2892.210015
v -15088.356404 0.010000 -2892.210015
v -15077.083576 0.010000 -2892.210015
v -15065.810748 0.010000 -2892.210015
v -15054.537920 0.010000 -2892.210015
v -15043.265093 0.010000 -2892.210015
v -15031.992265 0.010000 -2892.210015
v -15020.719437 0.010000 -2892.210015
v -15009.446610 0.010000 -2892.210015
v -14998.173782 0.010000 -2892.210015
v -14986.900954 0.010000 -2892.210015
v -14975.628126 0.010000 -2892.210015
v -14964.355299 0.010000 -2892.210015
v -14953.082471 0.010000 -2892.210015
v -14941.809643 0.010000 -2892.210015
v -14930.536815 0.010000 -2892.210015
v -14919.263988 0.010000 -2892.210015
v -14907.991160 0.010000 -2892.210015
v -14896.718332 0.010000 -2892.210015
v -14885.445505 0.010000 -2892.210015
v -14874.172677 0.010000 -2892.210015
v -14862.899849 0.010000 -2892.210015
v -14851.627021 0.010000 -2892.210015
v -14840.354194 0.010000 -2892.210015
v -14829.081366 0.010000 -2892.210015
v -14817.808538 0.010000 -2892.210015
v -14806.535710 0.010000 -2892.210015
v -14795.262883 0.010000 -2892.210015
v -14783.990055 0.010000 -2892.210015
v -14772.717227 0.010000 -2892.210015
v -14761.444400 0.010000 -2892.210015
v -15866.181517 0.010000 -2881.103115
v -15854.908689 0.010000 -2881.103115
v -15843.635861 0.010000 -2881.103115
v -15832.363034 0.010000 -2881.103115
v -15821.090206 0.010000 -2881.103115
v -15809.817378 0.010000 -2881.103115
v -15798.544551 0.010000 -2881.103115
v -15787.271723 0.010000 -2881.103115
v -15775.998895 0.010000 -2881.103115
v -15764.726067 0.010000 -2881.103115
v -15753.453240 0.010000 -2881.103115
v -15742.180412 0.010000 -2881.103115
v -15730.907584 0.010000 -2881.103115
v -15719.634756 0.010000 -2881.103115
v -15708.361929 0.010000 -2881.103115
v -15697.089101 0.010000 -2881.103115
v -15685.816273 0.010000 -2881.103115
v -15674.543446 0.010000 -2881.103115
v -15663.270618 0.010000 -2881.103115
v -15651.997790 0.010000 -2881.103115
v -15640.724962 0.010000 -2881.103115
v -15629.452135 0.010000 -2881.103115
v -15618.179307 0.010000 -2881.103115
v -15606.906479 0.010000 -2881.103115
v -15595.633651 0.010000 -2881.103115
v -15584.360824 0.010000 -2881.103115
v -15573.087996 0.010000 -2881.103115
v -15561.815168 0.010000 -2881.103115
v -15550.542341 0.010000 -2881.103115
v -15539.269513 0.010000 -2881.103115
v -15527.996685 0.010000 -2881.103115
v -15516.723857 0.010000 -2881.103115
v -15505.451030 0.010000 -2881.103115
v -15494.178202 0.010000 -2881.103115
v -15482.905374 0.010000 -2881.103115
v -15471.632546 0.010000 -2881.103115
v -15460.359719 0.010000 -2881.103115
v -15449.086891 0.010000 -2881.103115
v -15437.814063 0.010000 -2881.103115
v -15426.541236 0.010000 -2881.103115
v -15415.268408 0.010000 -2881.103115
v -15403.995580 0.010000 -2881.103115
v -15392.722752 0.010000 -2881.103115
v -15381.449925 0.010000 -2881.103115
v -15370.177097 0.010000 -2881.103115
v -15358.904269 0.010000 -2881.103115
v -15347.631441 0.010000 -2881.103115
v -15336.358614 0.010000 -2881.103115
v -15325.085786 0.010000 -2881.103115
v -15313.812958 0.010000 -2881.103115
v -15302.540131 0.010000 -2881.103115
v -15291.267303 0.010000 -2881.103115
v -15279.994475 0.010000 -2881.103115
v -15268.721647 0.010000 -2881.103115
v -15257.448820 0.010000 -2881.103115
v -15246.175992 0.010000 -2881.103115
v -15234.903164 0.010000 -2881.103115
v -15223.630336 0.010000 -2881.103115
v -15212.357509 0.010000 -2881.103115
v -15201.084681 0.010000 -2881.103115
v -15189.811853 0.010000 -2881.103115
v -15178.539025 0.010000 -2881.103115
v -15167.266198 0.010000 -2881.103115
v -15155.993370 0.010000 -2881.103115
v -15144.720542 0.010000 -2881.103115
v -15133.447715 0.010000 -2881.103115
v -15122.174887 0.010000 -2881.103115
v -15110.902059 0.010000 -2881.103115
v -15099.629231 0.010000 -2881.103115
v -15088.356404 0.010000 -2881.103115
v -15077.083576 0.010000 -2881.103115
v -15065.810748 0.010000 -2881.103115
v -15054.537920 0.010000 -2881.103115
v -15043.265093 0.010000 -2881.103115
v -15031.992265 0.010000 -2881.103115
v -15020.719437 0.010000 -2881.103115
v -15009.446610 0.010000 -2881.103115
v -14998.173782 0.010000 -2881.103115
v -14986.900954 0.010000 -2881.103115
v -14975.628126 0.010000 -2881.103115
v -14964.355299 0.010000 -2881.103115
v -14953.082471 0.010000 -2881.103115
v -14941.809643 0.010000 -2881.103115
v -14930.536815 0.010000 -2881.103115
v -14919.263988 0.010000 -2881.103115
v -14907.991160 0.010000 -2881.103115
v -14896.718332 0.010000 -2881.103115
v -14885.445505 0.010000 -2881.103115
v -14874.172677 0.010000 -2881.103115
v -14862.899849 0.010000 -2881.103115
v -14851.627021 0.010000 -2881.103115
v -14840.354194 0.010000 -2881.103115
v -14829.081366 0.010000 -2881.103115
v -14817.808538 0.010000 -2881.103115
v -14806.535710 0.010000 -2881.103115
v -14795.262883 0.010000 -2881.103115
v -14783.990055 0.010000 -2881.103115
v -14772.717227 0.010000 -2881.103115
v -14761.444400 0.010000 -2881.103115
v -15866.181517 0.010000 -2869.995780
v -15854.908689 0.010000 -2869.994441
v -15843.635861 0.010000 -2869.993101
v -15832.363034 0.010000 -2869.991762
v -15821.090206 0.010000 -2869.990423
v -15809.817378 0.010000 -2869.989084
v -15798.544551 0.010000 -2869.987745
v -15787.271723 0.010000 -2869.986405
v -15775.998895 0.010000 -2869.985066
v -15764.726067 0.010000 -2869.983727
v -15753.453240 0.010000 -2869.982388
v -15742.180412 0.010000 -2869.981049
v -15730.907584 0.010000 -2869.979709
v -15719.634756 0.010000 -2869.978370
v -15708.361929 0.010000 -2869.977031
v -15697.089101 0.010000 -2869.975692
v -15685.816273 0.010000 -2869.974353
v -15674.543446 0.010000 -2869.973013
v -15663.270618 0.010000 -2869.971674
v -15651.997790 0.010000 -2869.970335
v -15640.724962 0.010000 -2869.968996
v -15629.452135 0.010000 -2869.967656
v -15618.179307 0.010000 -2869.966317
v -15606.906479 0.010000 -2869.964978
v -15595.633651 0.010000 -2869.963639
v -15584.360824 0.010000 -2869.962300
v -15573.087996 0.010000 -2869.960960
v -15561.815168 0.010000 -2869.959621
v -15550.542341 0.010000 -2869.958282
v -15539.269513 0.010000 -2869.956943
v -15527.996685 0.010000 -2869.955604
v -15516.723857 0.010000 -2869.954264
v -15505.451030 0.010000 -2869.952925
v -15494.178202 0.010000 -2869.951586
v -15482.905374 0.010000 -2869.950247
v -15471.632546 0.010000 -2869.948908
v -15460.359719 0.010000 -2869.947568
v -15449.086891 0.010000 -2869.946229
v -15437.814063 0.010000 -2869.944890
v -15426.541236 0.010000 -2869.943551
v -15415.268408 0.010000 -2869.942212
v -15403.995580 0.010000 -2869.940872
v -15392.722752 0.010000 -2869.939533
v -15381.449925 0.010000 -2869.938194
v -15370.177097 0.010000 -2869.936855
v -15358.904269 0.010000 -2869.935515
v -15347.631441 0.010000 -2869.934176
v -15336.358614 0.010000 -2869.932837
v -15325.085786 0.010000 -2869.931498
v -15313.812958 0.010000 -2869.930159
v -15302.540131 0.010000 -2869.928819
v -15291.267303 0.010000 -2869.927480
v -15279.994475 0.010000 -2869.926141
v -15268.721647 0.010000 -2869.924802
v -15257.448820 0.010000 -2869.923463
v -15246.175992 0.010000 -2869.922123
v -15234.903164 0.010000 -2869.920784
v -15223.630336 0.010000 -2869.919445
v -15212.357509 0.010000 -2869.918106
v -15201.084681 0.010000 -2869.916767
v -15189.811853 0.010000 -2869.915427
v -15178.539025 0.010000 -2869.914088
v -15167.266198 0.010000 -2869.912749
v -15155.993370 0.010000 -2869.911410
v -15144.720542 0.010000 -2869.910071
v -15133.447715 0.010000 -2869.908731
v -15122.174887 0.010000 -2869.907392
v -15110.902059 0.010000 -2869.906053
v -15099.629231 0.010000 -2869.904714
v -15088.356404 0.010000 -2869.903374
v -15077.083576 0.010000 -2869.902035
v -15065.810748 0.010000 -2869.900696
v -15054.537920 0.010000 -2869.899357
v -15043.265093 0.010000 -2869.898018
v -15031.992265 0.010000 -2869.896678
v -15020.719437 0.010000 -2869.895339
v -15009.446610 0.010000 -2869.894000
v -14998.173782 0.010000 -2869.892661
v -14986.900954 0.010000 -2869.891322
v -14975.628126 0.010000 -2869.889982
v -14953.082471 0.010000 -2869.887304
v -14930.536815 0.010000 -2869.895174
v -14919.263988 0.010000 -2869.901489
v -14907.991160 0.010000 -2869.907805
v -14896.718332 0.010000 -2869.914120
v -14885.445505 0.010000 -2869.920435
v -14874.172677 0.010000 -2869.926750
v -14862.899849 0.010000 -2869.933065
v -14851.627021 0.010000 -2869.939380
v -14840.354194 0.010000 -2869.945695
v -14829.081366 0.010000 -2869.952010
v -14817.808538 0.010000 -2869.958325
v -14806.535710 0.010000 -2869.964640
v -14795.262883 0.010000 -2869.970955
v -14783.990055 0.010000 -2869.977270
v -14772.717227 0.010000 -2869.983585
v -14761.444400 0.010000 -2869.989900
v -14964.355299 0.010000 -2869.888643
v -15866.181517 0.010000 -2858.889315
v -15854.908689 0.010000 -2858.889315
v -15843.635861 0.010000 -2858.889315
v -15832.363034 0.010000 -2858.889315
v -15821.090206 0.010000 -2858.889315
v -15809.817378 0.010000 -2858.889315
v -15798.544551 0.010000 -2858.889315
v -15787.271723 0.010000 -2858.889315
v -15775.998895 0.010000 -2858.889315
v -15764.726067 0.010000 -2858.889315
v -15753.453240 0.010000 -2858.889315
v -15742.180412 0.010000 -2858.889315
v -15730.907584 0.010000 -2858.889315
v -15719.634756 0.010000 -2858.889315
v -15708.361929 0.010000 -2858.889315
v -15697.089101 0.010000 -2858.889315
v -15685.816273 0.010000 -2858.889315
v -15674.543446 0.010000 -2858.889315
v -15663.270618 0.010000 -2858.889315
v -15651.997790 0.010000 -2858.889315
v -15640.724962 0.010000 -2858.889315
v -15629.452135 0.010000 -2858.889315
v -15618.179307 0.010000 -2858.889315
v -15606.906479 0.010000 -2858.889315
v -15595.633651 0.010000 -2858.889315
v -15584.360824 0.010000 -2858.889315
v -15573.087996 0.010000 -2858.889315
v -15561.815168 0.010000 -2858.889315
v -15550.542341 0.010000 -2858.889315
v -15539.269513 0.010000 -2858.889315
v -15527.996685 0.010000 -2858.889315
v -15516.723857 0.010000 -2858.889315
v -15505.451030 0.010000 -2858.889315
v -15494.178202 0.010000 -2858.889315
v -15482.905374 0.010000 -2858.889315
v -15471.632546 0.010000 -2858.889315
v -15460.359719 0.010000 -2858.889315
v -15449.086891 0.010000 -2858.889315
v -15437.814063 0.010000 -2858.889315
v -15426.541236 0.010000 -2858.889315
v -15415.268408 0.010000 -2858.889315
v -15403.995580 0.010000 -2858.889315
v -15392.722752 0.010000 -2858.889315
v -15381.449925 0.010000 -2858.889315
v -15370.177097 0.010000 -2858.889315
v -15358.904269 0.010000 -2858.889315
v -15347.631441 0.010000 -2858.889315
v -15336.358614 0.010000 -2858.889315
v -15325.085786 0.010000 -2858.889315
v -15313.812958 0.010000 -2858.889315
v -15302.540131 0.010000 -2858.889315
v -15291.267303 0.010000 -2858.889315
v -15279.994475 0.010000 -2858.889315
v -15268.721647 0.010000 -2858.889315
v -15257.448820 0.010000 -2858.889315
v -15246.175992 0.010000 -2858.889315
v -15234.903164 0.010000 -2858.889315
v -15223.630336 0.010000 -2858.889315
v -15212.357509 0.010000 -2858.889315
v -15201.084681 0.010000 -2858.889315
v -15189.811853 0.010000 -2858.889315
v -15178.539025 0.010000 -2858.889315
v -15167.266198 0.010000 -2858.889315
v -15155.993370 0.010000 -2858.889315
v -15144.720542 0.010000 -2858.889315
v -15133.447715 0.010000 -2858.889315
v -15122.174887 0.010000 -2858.889315
v -15110.902059 0.010000 -2858.889315
v -15099.629231 0.010000 -2858.889315
v -15088.356404 0.010000 -2858.889315
v -15077.083576 0.010000 -2858.889315
v -15065.810748 0.010000 -2858.889315
v -15054.537920 0.010000 -2858.889315
v -15043.265093 0.010000 -2858.889315
v -15031.992265 0.010000 -2858.889315
v -15020.719437 0.010000 -2858.889315
v -15009.446610 0.010000 -2858.889315
v -15866.181517 0.010000 -2847.782609
v -15854.908689 0.010000 -2847.783206
v -15843.635861 0.010000 -2847.783804
v -15832.363034 0.010000 -2847.784401
v -15821.090206 0.010000 -2847.784998
v -15809.817378 0.010000 -2847.785595
v -15798.544551 0.010000 -2847.786193
v -15787.271723 0.010000 -2847.786790
v -15775.998895 0.010000 -2847.787387
v -15764.726067 0.010000 -2847.787984
v -15753.453240 0.010000 -2847.788582
v -15742.180412 0.010000 -2847.789179
v -15730.907584 0.010000 -2847.789776
v -15719.634756 0.010000 -2847.790374
v -15708.361929 0.010000 -2847.790971
v -15697.089101 0.010000 -2847.791568
v -15685.816273 0.010000 -2847.792165
v -15674.543446 0.010000 -2847.792763
v -15663.270618 0.010000 -2847.793360
v -15651.997790 0.010000 -2847.793957
v -15640.724962 0.010000 -2847.794554
v -15629.452135 0.010000 -2847.795152
v -15618.179307 0.010000 -2847.795749
v -15606.906479 0.010000 -2847.796346
v -15595.633651 0.010000 -2847.796943
v -15584.360824 0.010000 -2847.797541
v -15573.087996 0.010000 -2847.798138
v -15561.815168 0.010000 -2847.798735
v -15550.542341 0.010000 -2847.799333
v -15539.269513 0.010000 -2847.799930
v -15527.996685 0.010000 -2847.800527
v -15516.723857 0.010000 -2847.801124
v -15505.451030 0.010000 -2847.801722
v -15494.178202 0.010000 -2847.802319
v -15482.905374 0.010000 -2847.802916
v -15471.632546 0.010000 -2847.803513
v -15460.359719 0.010000 -2847.804111
v -15449.086891 0.010000 -2847.804708
v -15437.814063 0.010000 -2847.805305
v -15426.541236 0.010000 -2847.805902
v -15415.268408 0.010000 -2847.806500
v -15403.995580 0.010000 -2847.807097
v -15392.722752 0.010000 -2847.807694
v -15381.449925 0.010000 -2847.808292
v -15370.177097 0.010000 -2847.808889
v -15358.904269 0.010000 -2847.809486
v -15347.631441 0.010000 -2847.810083
v -15336.358614 0.010000 -2847.810681
v -15325.085786 0.010000 -2847.811278
v -15313.812958 0.010000 -2847.811875
v -15302.540131 0.010000 -2847.812472
v -15291.267303 0.010000 -2847.813070
v -15279.994475 0.010000 -2847.813667
v -15268.721647 0.010000 -2847.814264
v -15257.448820 0.010000 -2847.814862
v -15246.175992 0.010000 -2847.815459
v -15234.903164 0.010000 -2847.816056
v -15223.630336 0.010000 -2847.816653
v -15212.357509 0.010000 -2847.817251
v -15201.084681 0.010000 -2847.817848
v -15189.811853 0.010000 -2847.818445
v -15178.539025 0.010000 -2847.819042
v -15167.266198 0.010000 -2847.819640
v -15155.993370 0.010000 -2847.820237
v -15144.720542 0.010000 -2847.820834
v -15133.447715 0.010000 -2847.821431
v -15122.174887 0.010000 -2847.822029
v -15110.902059 0.010000 -2847.822626
v -15099.629231 0.010000 -2847.823223
v -15088.356404 0.010000 -2847.823821
v -15077.083576 0.010000 -2847.824418
v -15065.810748 0.010000 -2847.825015
v -15054.537920 0.010000 -2847.825612
v -15043.265093 0.010000 -2847.826210
v -15031.992265 0.010000 -2847.826807
v -15054.537920 0.010000 -2836.583353
v -15065.810748 0.010000 -2836.585447
v -15077.083576 0.010000 -2836.587540
v -15088.356404 0.010000 -2836.589634
v -15099.629231 0.010000 -2836.591727
v -15110.902059 0.010000 -2836.593821
v -15122.174887 0.010000 -2836.595914
v -15133.447715 0.010000 -2836.598008
v -15144.720542 0.010000 -2836.600101
v -15155.993370 0.010000 -2836.602195
v -15167.266198 0.010000 -2836.604288
v -15178.539025 0.010000 -2836.606381
v -15189.811853 0.010000 -2836.608475
v -15201.084681 0.010000 -2836.610568
v -15212.357509 0.010000 -2836.612662
v -15223.630336 0.010000 -2836.614755
v -15234.903164 0.010000 -2836.616849
v -15246.175992 0.010000 -2836.618942
v -15257.448820 0.010000 -2836.621036
v -15268.721647 0.010000 -2836.623129
v -15279.994475 0.010000 -2836.625223
v -15291.267303 0.010000 -2836.627316
v -15302.540131 0.010000 -2836.629410
v -15313.812958 0.010000 -2836.631503
v -15325.085786 0.010000 -2836.633597
v -15336.358614 0.010000 -2836.635690
v -15347.631441 0.010000 -2836.637784
v -15358.904269 0.010000 -2836.639877
v -15370.177097 0.010000 -2836.641971
v -15381.449925 0.010000 -2836.644064
v -15392.722752 0.010000 -2836.646158
v -15403.995580 0.010000 -2836.648251
v -15415.268408 0.010000 -2836.650345
v -15426.541236 0.010000 -2836.652438
v -15437.814063 0.010000 -2836.654531
v -15449.086891 0.010000 -2836.656625
v -15460.359719 0.010000 -2836.658718
v -15471.632546 0.010000 -2836.660812
v -15482.905374 0.010000 -2836.662905
v -15494.178202 0.010000 -2836.664999
v -15505.451030 0.010000 -2836.667092
v -15516.723857 0.010000 -2836.669186
v -15527.996685 0.010000 -2836.671279
v -15539.269513 0.010000 -2836.673373
v -15550.542341 0.010000 -2836.675466
v -15561.815168 0.010000 -2836.677560
v -15573.087996 0.010000 -2836.679653
v -15584.360824 0.010000 -2836.681747
v -15595.633651 0.010000 -2836.683840
v -15606.906479 0.010000 -2836.685934
v -15618.179307 0.010000 -2836.688027
v -15629.452135 0.010000 -2836.690121
v -15640.724962 0.010000 -2836.692214
v -15651.997790 0.010000 -2836.694308
v -15663.270618 0.010000 -2836.696401
v -15674.543446 0.010000 -2836.698494
v -15685.816273 0.010000 -2836.700588
v -15697.089101 0.010000 -2836.702681
v -15708.361929 0.010000 -2836.704775
v -15719.634756 0.010000 -2836.706868
v -15730.907584 0.010000 -2836.708962
v -15742.180412 0.010000 -2836.711055
v -15753.453240 0.010000 -2836.713149
v -15764.726067 0.010000 -2836.715242
v -15775.998895 0.010000 -2836.717336
v -15787.271723 0.010000 -2836.719429
v -15798.544551 0.010000 -2836.721523
v -15809.817378 0.010000 -2836.723616
v -15821.090206 0.010000 -2836.725710
v -15832.363034 0.010000 -2836.727803
v -15843.635861 0.010000 -2836.729897
v -15854.908689 0.010000 -2836.731990
v -15866.181517 0.010000 -2836.734084
v -15843.635861 0.010000 -2825.568615
v -15832.363034 0.010000 -2825.568615
v -15821.090206 0.010000 -2825.568615
v -15809.817378 0.010000 -2825.568615
v -15798.544551 0.010000 -2825.568615
v -15787.271723 0.010000 -2825.568615
v -15775.998895 0.010000 -2825.568615
v -15764.726067 0.010000 -2825.568615
v -15753.453240 0.010000 -2825.568615
v -15742.180412 0.010000 -2825.568615
v -15730.907584 0.010000 -2825.568615
v -15719.634756 0.010000 -2825.568615
v -15708.361929 0.010000 -2825.568615
v -15697.089101 0.010000 -2825.568615
v -15685.816273 0.010000 -2825.568615
v -15674.543446 0.010000 -2825.568615
v -15663.270618 0.010000 -2825.568615
v -15651.997790 0.010000 -2825.568615
v -15640.724962 0.010000 -2825.568615
v -15629.452135 0.010000 -2825.568615
v -15618.179307 0.010000 -2825.568615
v -15606.906479 0.010000 -2825.568615
v -15595.633651 0.010000 -2825.568615
v -15584.360824 0.010000 -2825.568615
v -15573.087996 0.010000 -2825.568615
v -15561.815168 0.010000 -2825.568615
v -15550.542341 0.010000 -2825.568615
v -15539.269513 0.010000 -2825.568615
v -15527.996685 0.010000 -2825.568615
v -15516.723857 0.010000 -2825.568615
v -15505.451030 0.010000 -2825.568615
v -15494.178202 0.010000 -2825.568615
v -15482.905374 0.010000 -2825.568615
v -15471.632546 0.010000 -2825.568615
v -15460.359719 0.010000 -2825.568615
v -15449.086891 0.010000 -2825.568615
v -15437.814063 0.010000 -2825.568615
v -15426.541236 0.010000 -2825.568615
v -15415.268408 0.010000 -2825.568615
v -15403.995580 0.010000 -2825.568615
v -15392.722752 0.010000 -2825.568615
v -15381.449925 0.010000 -2825.568615
v -15370.177097 0.010000 -2825.568615
v -15358.904269 0.010000 -2825.568615
v -15347.631441 0.010000 -2825.568615
v -15336.358614 0.010000 -2825.568615
v -15325.085786 0.010000 -2825.568615
v -15313.812958 0.010000 -2825.568615
v -15302.540131 0.010000 -2825.568615
v -15291.267303 0.010000 -2825.568615
v -15279.994475 0.010000 -2825.568615
v -15268.721647 0.010000 -2825.568615
v -15257.448820 0.010000 -2825.568615
v -15246.175992 0.010000 -2825.568615
v -15234.903164 0.010000 -2825.568615
v -15223.630336 0.010000 -2825.568615
v -15212.357509 0.010000 -2825.568615
v -15201.084681 0.010000 -2825.568615
v -15189.811853 0.010000 -2825.568615
v -15178.539025 0.010000 -2825.568615
v -15167.266198 0.010000 -2825.568615
v -15155.993370 0.010000 -2825.568615
v -15144.720542 0.010000 -2825.568615
v -15133.447715 0.010000 -2825.568615
v -15122.174887 0.010000 -2825.568615
v -15110.902059 0.010000 -2825.568615
v -15099.629231 0.010000 -2825.568615
v -15088.356404 0.010000 -2825.568615
v -15077.083576 0.010000 -2825.568615
v -15065.810748 0.010000 -2825.568615
v -14896.718332 0.010000 -2858.889315
v -14885.445505 0.010000 -2858.889315
v -14874.172677 0.010000 -2858.889315
v -14862.899849 0.010000 -2858.889315
v -14851.627021 0.010000 -2858.889315
v -14840.354194 0.010000 -2858.889315
v -14829.081366 0.010000 -2858.889315
v -14817.808538 0.010000 -2858.889315
v -14806.535710 0.010000 -2858.889315
v -14795.262883 0.010000 -2858.889315
v -14783.990055 0.010000 -2858.889315
v -14772.717227 0.010000 -2858.889315
v -14761.444400 0.010000 -2858.889315
v -14885.445505 0.010000 -2847.782415
v -14874.172677 0.010000 -2847.782415
v -14862.899849 0.010000 -2847.782415
v -14851.627021 0.010000 -2847.782415
v -14840.354194 0.010000 -2847.782415
v -14829.081366 0.010000 -2847.782415
v -14817.808538 0.010000 -2847.782415
v -14806.535710 0.010000 -2847.782415
v -14795.262883 0.010000 -2847.782415
v -14783.990055 0.010000 -2847.782415
v -14772.717227 0.010000 -2847.782415
v -14761.444400 0.010000 -2847.782415
v -14862.899849 0.010000 -2836.675515
v -14851.627021 0.010000 -2836.675515
v -14840.354194 0.010000 -2836.675515
v -14829.081366 0.010000 -2836.675515
v -14817.808538 0.010000 -2836.675515
v -14806.535710 0.010000 -2836.675515
v -14795.262883 0.010000 -2836.675515
v -14783.990055 0.010000 -2836.675515
v -14772.717227 0.010000 -2836.675515
v -14761.444400 0.010000 -2836.675515
v -14851.627021 0.010000 -2825.568615
v -14840.354194 0.010000 -2825.568615
v -14829.081366 0.010000 -2825.568615
v -14817.808538 0.010000 -2825.568615
v -14806.535710 0.010000 -2825.568615
v -14795.262883 0.010000 -2825.568615
v -14783.990055 0.010000 -2825.568615
v -14772.717227 0.010000 -2825.568615
v -14761.444400 0.010000 -2825.568615
v -14829.081366 0.010000 -2814.461715
v -14817.808538 0.010000 -2814.461715
v -14806.535710 0.010000 -2814.461715
v -14795.262883 0.010000 -2814.461715
v -14783.990055 0.010000 -2814.461715
v -14772.717227 0.010000 -2814.461715
v -14761.444400 0.010000 -2814.461715
v -14817.808538 0.010000 -2803.354815
v -14806.535710 0.010000 -2803.354815
v -14795.262883 0.010000 -2803.354815
v -14783.990055 0.010000 -2803.354815
v -14772.717227 0.010000 -2803.354815
v -14761.444400 0.010000 -2803.354815
v -14795.262883 0.010000 -2792.247916
v -14783.990055 0.010000 -2792.247916
v -14772.717227 0.010000 -2792.247916
v -14761.444400 0.010000 -2792.247916
v -14783.990055 0.010000 -2781.141016
v -14772.717227 0.010000 -2781.141016
v -14761.444400 0.010000 -2781.141016
v -14761.444400 0.010000 -2770.034116
v -14761.444400 0.010000 -2981.065214
v -14772.717227 0.010000 -2981.065214
v -14783.990055 0.010000 -2981.065214
v -14795.262883 0.010000 -2981.065214
v -14806.535710 0.010000 -2981.065214
v -14817.808538 0.010000 -2981.065214
v -14829.081366 0.010000 -2981.065214
v -14840.354194 0.010000 -2981.065214
v -14851.627021 0.010000 -2981.065214
v -14862.899849 0.010000 -2981.065214
v -14874.172677 0.010000 -2981.065214
v -14885.445505 0.010000 -2981.065214
v -14896.718332 0.010000 -2981.065214
v -14907.991160 0.010000 -2981.065214
v -14919.263988 0.010000 -2981.065214
v -14930.536815 0.010000 -2981.065214
v -14941.809643 0.010000 -2981.065214
v -14953.082471 0.010000 -2981.065214
v -14964.355299 0.010000 -2981.065214
v -14975.628126 0.010000 -2981.065214
v -14986.900954 0.010000 -2981.065214
v -14998.173782 0.010000 -2981.065214
v -15009.446610 0.010000 -2981.065214
v -15020.719437 0.010000 -2981.065214
v -15031.992265 0.010000 -2981.065214
v -15043.265093 0.010000 -2981.065214
v -15054.537920 0.010000 -2981.065214
v -15065.810748 0.010000 -2981.065214
v -15077.083576 0.010000 -2981.065214
v -15088.356404 0.010000 -2981.065214
v -15099.629231 0.010000 -2981.065214
v -15110.902059 0.010000 -2981.065214
v -15122.174887 0.010000 -2981.065214
v -15133.447715 0.010000 -2981.065214
v -15144.720542 0.010000 -2981.065214
v -15155.993370 0.010000 -2981.065214
v -15167.266198 0.010000 -2981.065214
v -15178.539025 0.010000 -2981.065214
v -15189.811853 0.010000 -2981.065214
v -15201.084681 0.010000 -2981.065214
v -15212.357509 0.010000 -2981.065214
v -15223.630336 0.010000 -2981.065214
v -15234.903164 0.010000 -2981.065214
v -15246.175992 0.010000 -2981.065214
v -15257.448820 0.010000 -2981.065214
v -15268.721647 0.010000 -2981.065214
v -15279.994475 0.010000 -2981.065214
v -15291.267303 0.010000 -2981.065214
v -15302.540131 0.010000 -2981.065214
v -15313.812958 0.010000 -2981.065214
v -15325.085786 0.010000 -2981.065214
v -15336.358614 0.010000 -2981.065214
v -15347.631441 0.010000 -2981.065214
v -15358.904269 0.010000 -2981.065214
v -15370.177097 0.010000 -2981.065214
v -15381.449925 0.010000 -2981.065214
v -15392.722752 0.010000 -2981.065214
v -15403.995580 0.010000 -2981.065214
v -15415.268408 0.010000 -2981.065214
v -15426.541236 0.010000 -2981.065214
v -15437.814063 0.010000 -2981.065214
v -15449.086891 0.010000 -2981.065214
v -15460.359719 0.010000 -2981.065214
v -15471.632546 0.010000 -2981.065214
v -15482.905374 0.010000 -2981.065214
v -15494.178202 0.010000 -2981.065214
v -15505.451030 0.010000 -2981.065214
v -15516.723857 0.010000 -2981.065214
v -15527.996685 0.010000 -2981.065214
v -15539.269513 0.010000 -2981.065214
v -15550.542341 0.010000 -2981.065214
v -15561.815168 0.010000 -2981.065214
v -15573.087996 0.010000 -2981.065214
v -15584.360824 0.010000 -2981.065214
v -15595.633651 0.010000 -2981.065214
v -15606.906479 0.010000 -2981.065214
v -15618.179307 0.010000 -2981.065214
v -15629.452135 0.010000 -2981.065214
v -15640.724962 0.010000 -2981.065214
v -15651.997790 0.010000 -2981.065214
v -15663.270618 0.010000 -2981.065214
v -15674.543446 0.010000 -2981.065214
v -15685.816273 0.010000 -2981.065214
v -15697.089101 0.010000 -2981.065214
v -15708.361929 0.010000 -2981.065214
v -15719.634756 0.010000 -2981.065214
v -15730.907584 0.010000 -2981.065214
v -15742.180412 0.010000 -2981.065214
v -15753.453240 0.010000 -2981.065214
v -15764.726067 0.010000 -2981.065214
v -15775.998895 0.010000 -2981.065214
v -15787.271723 0.010000 -2981.065214
v -15798.544551 0.010000 -2981.065214
v -15809.817378 0.010000 -2981.065214
v -15832.363034 0.010000 -2981.065214
v -15843.635861 0.010000 -2981.065214
v -15854.908689 0.010000 -2981.065214
v -15866.181517 0.010000 -2981.065214
v -15877.454345 0.010000 -2981.065214
v -14761.444400 0.010000 -2992.172114
v -14772.717227 0.010000 -2992.172114
v -14783.990055 0.010000 -2992.172114
v -14795.262883 0.010000 -2992.172114
v -14806.535710 0.010000 -2992.172114
v -14817.808538 0.010000 -2992.172114
v -14829.081366 0.010000 -2992.172114
v -14840.354194 0.010000 -2992.172114
v -14851.627021 0.010000 -2992.172114
v -14862.899849 0.010000 -2992.172114
v -14874.172677 0.010000 -2992.172114
v -14885.445505 0.010000 -2992.172114
v -14896.718332 0.010000 -2992.172114
v -14907.991160 0.010000 -2992.172114
v -14919.263988 0.010000 -2992.172114
v -14930.536815 0.010000 -2992.172114
v -14941.809643 0.010000 -2992.172114
v -14953.082471 0.010000 -2992.172114
v -14964.355299 0.010000 -2992.172114
v -14975.628126 0.010000 -2992.172114
v -14986.900954 0.010000 -2992.172114
v -14998.173782 0.010000 -2992.172114
v -15009.446610 0.010000 -2992.172114
v -15020.719437 0.010000 -2992.172114
v -15031.992265 0.010000 -2992.172114
v -15043.265093 0.010000 -2992.172114
v -15054.537920 0.010000 -2992.172114
v -15065.810748 0.010000 -2992.172114
v -15077.083576 0.010000 -2992.172114
v -15088.356404 0.010000 -2992.172114
v -15099.629231 0.010000 -2992.172114
v -15110.902059 0.010000 -2992.172114
v -15122.174887 0.010000 -2992.172114
v -15133.447715 0.010000 -2992.172114
v -15144.720542 0.010000 -2992.172114
v -15155.993370 0.010000 -2992.172114
v -15167.266198 0.010000 -2992.172114
v -15178.539025 0.010000 -2992.172114
v -15189.811853 0.010000 -2992.172114
v -15201.084681 0.010000 -2992.172114
v -15212.357509 0.010000 -2992.172114
v -15223.630336 0.010000 -2992.172114
v -15234.903164 0.010000 -2992.172114
v -15246.175992 0.010000 -2992.172114
v -15257.448820 0.010000 -2992.172114
v -15268.721647 0.010000 -2992.172114
v -15279.994475 0.010000 -2992.172114
v -15291.267303 0.010000 -2992.172114
v -15302.540131 0.010000 -2992.172114
v -15313.812958 0.010000 -2992.172114
v -15325.085786 0.010000 -2992.172114
v -15336.358614 0.010000 -2992.172114
v -15347.631441 0.010000 -2992.172114
v -15358.904269 0.010000 -2992.172114
v -15370.177097 0.010000 -2992.172114
v -15381.449925 0.010000 -2992.172114
v -15392.722752 0.010000 -2992.172114
v -15403.995580 0.010000 -2992.172114
v -15415.268408 0.010000 -2992.172114
v -15426.541236 0.010000 -2992.172114
v -15437.814063 0.010000 -2992.172114
v -15449.086891 0.010000 -2992.172114
v -15460.359719 0.010000 -2992.172114
v -15471.632546 0.010000 -2992.172114
v -15482.905374 0.010000 -2992.172114
v -15494.178202 0.010000 -2992.172114
v -15505.451030 0.010000 -2992.172114
v -15516.723857 0.010000 -2992.172114
v -15527.996685 0.010000 -2992.172114
v -15539.269513 0.010000 -2992.172114
v -15550.542341 0.010000 -2992.172114
v -15561.815168 0.010000 -2992.172114
v -15573.087996 0.010000 -2992.172114
v -15584.360824 0.010000 -2992.172114
v -15595.633651 0.010000 -2992.172114
v -15606.906479 0.010000 -2992.172114
v -15618.179307 0.010000 -2992.172114
v -15629.452135 0.010000 -2992.172114
v -15640.724962 0.010000 -2992.172114
v -15651.997790 0.010000 -2992.172114
v -15663.270618 0.010000 -2992.172114
v -15674.543446 0.010000 -2992.172114
v -15685.816273 0.010000 -2992.172114
v -15697.089101 0.010000 -2992.172114
v -15708.361929 0.010000 -2992.172114
v -15719.634756 0.010000 -2992.172114
v -15730.907584 0.010000 -2992.172114
v -15742.180412 0.010000 -2992.172114
v -15753.453240 0.010000 -2992.172114
v -15764.726067 0.010000 -2992.172114
v -15775.998895 0.010000 -2992.172114
v -15787.271723 0.010000 -2992.172114
v -15798.544551 0.010000 -2992.172114
v -15809.817378 0.010000 -2992.172114
vt 574.914210 87.665982 0.000000
vt 565.091704 87.666525 0.000000
vt 574.913744 79.245505 0.000000
vt 564.861454 79.246061 0.000000
vt 555.269197 87.667069 0.000000
vt 554.809164 79.246617 0.000000
vt 545.446691 87.667612 0.000000
vt 544.756874 79.247173 0.000000
vt 535.624185 87.668156 0.000000
vt 541.095727 77.748299 0.000000
vt 529.822900 77.748299 0.000000
vt 541.095727 66.641399 0.000000
vt 529.822900 66.641399 0.000000
vt 541.095727 55.534499 0.000000
vt 529.822900 55.534499 0.000000
vt 541.095727 44.427599 0.000000
vt 529.822900 44.427599 0.000000
vt 541.095727 33.320700 0.000000
vt 529.822900 33.320700 0.000000
vt 541.095727 22.213800 0.000000
vt 529.822900 22.213800 0.000000
vt 541.095727 11.106900 0.000000
vt 529.822900 11.106900 0.000000
vt 541.095727 -0.000000 0.000000
vt 529.822900 -0.000000 0.000000
vt 541.095727 -11.107335 0.000000
vt 529.822900 -11.108674 0.000000
vt 541.095727 -22.213800 0.000000
vt 529.822900 -22.213800 0.000000
vt 529.822900 -33.319908 0.000000
vt 518.550072 -33.319311 0.000000
vt 529.822900 -44.371124 0.000000
vt 518.550072 -44.373218 0.000000
vt 529.822900 -55.534499 0.000000
vt 518.550072 -55.534499 0.000000
vt 524.771564 -64.353661 0.000000
vt 513.522824 -64.353661 0.000000
vt 507.277244 -55.534499 0.000000
vt 502.274083 -64.353661 0.000000
vt 496.004417 -55.534499 0.000000
vt 491.025343 -64.353661 0.000000
vt 484.731589 -55.534499 0.000000
vt 479.776602 -64.353661 0.000000
vt 473.458761 -55.534499 0.000000
vt 468.527862 -64.353661 0.000000
vt 462.185934 -55.534499 0.000000
vt 457.279121 -64.353661 0.000000
vt 450.913106 -55.534499 0.000000
vt 446.030381 -64.353661 0.000000
vt 439.640278 -55.534499 0.000000
vt 434.781641 -64.353661 0.000000
vt 428.367451 -55.534499 0.000000
vt 423.532900 -64.353661 0.000000
vt 417.094623 -55.534499 0.000000
vt 412.284160 -64.353661 0.000000
vt 405.821795 -55.534499 0.000000
vt 401.035419 -64.353661 0.000000
vt 394.548968 -55.534499 0.000000
vt 389.786679 -64.353661 0.000000
vt 383.276140 -55.534499 0.000000
vt 378.537938 -64.353661 0.000000
vt 372.003312 -55.534499 0.000000
vt 367.289198 -64.353661 0.000000
vt 360.730485 -55.534499 0.000000
vt 356.040458 -64.353661 0.000000
vt 349.457657 -55.534499 0.000000
vt 344.791717 -64.353661 0.000000
vt 338.184829 -55.534499 0.000000
vt 333.542977 -64.353661 0.000000
vt 326.912002 -55.534499 0.000000
vt 322.294236 -64.353661 0.000000
vt 315.639174 -55.534499 0.000000
vt 311.045496 -64.353661 0.000000
vt 304.366347 -55.534499 0.000000
vt 299.796755 -64.353661 0.000000
vt 293.093519 -55.534499 0.000000
vt 288.548015 -64.353661 0.000000
vt 281.820691 -55.534499 0.000000
vt 277.299274 -64.353661 0.000000
vt 270.547864 -55.534499 0.000000
vt 266.050534 -64.353661 0.000000
vt 259.275036 -55.534499 0.000000
vt 254.801794 -64.353661 0.000000
vt 248.002208 -55.534499 0.000000
vt 243.553053 -64.353661 0.000000
vt 236.729381 -55.534499 0.000000
vt 232.304313 -64.353661 0.000000
vt 225.456553 -55.534499 0.000000
vt 221.055572 -64.353661 0.000000
vt 214.183725 -55.534499 0.000000
vt 209.806832 -64.353661 0.000000
vt 202.910898 -55.534499 0.000000
vt 198.558091 -64.353661 0.000000
vt 191.638070 -55.534499 0.000000
vt 187.309351 -64.353661 0.000000
vt 180.365242 -55.534499 0.000000
vt 176.060611 -64.353661 0.000000
vt 169.092415 -55.534499 0.000000
vt 164.811870 -64.353661 0.000000
vt 157.819587 -55.534499 0.000000
vt 153.563130 -64.353661 0.000000
vt 146.546759 -55.534499 0.000000
vt 142.314389 -64.353661 0.000000
vt 135.273932 -55.534499 0.000000
vt 131.065649 -64.353661 0.000000
vt 124.001104 -55.534499 0.000000
vt 119.816908 -64.353661 0.000000
vt 112.728276 -55.534499 0.000000
vt 108.568168 -64.353661 0.000000
vt 101.455449 -55.534499 0.000000
vt 97.319428 -64.353661 0.000000
vt 90.182621 -55.534499 0.000000
vt 86.070687 -64.353661 0.000000
vt 78.909794 -55.534499 0.000000
vt 74.821947 -64.353661 0.000000
vt 67.636966 -55.534499 0.000000
vt 63.573206 -64.353661 0.000000
vt 56.364138 -55.534499 0.000000
vt 52.324466 -64.353661 0.000000
vt 45.091311 -55.534499 0.000000
vt 41.075725 -64.353661 0.000000
vt 33.818483 -55.534499 0.000000
vt 29.826985 -64.353661 0.000000
vt 22.545655 -55.534499 0.000000
vt 18.578245 -64.353661 0.000000
vt 11.272828 -55.534499 0.000000
vt 7.329504 -64.353661 0.000000
vt 0.000000 -55.534499 0.000000
vt -3.919236 -64.353661 0.000000
vt -11.272828 -55.534499 0.000000
vt -15.167977 -64.353661 0.000000
vt -22.545655 -55.534499 0.000000
vt -26.416717 -64.353661 0.000000
vt -33.818483 -55.534499 0.000000
vt -37.665458 -64.353661 0.000000
vt -45.091311 -55.534499 0.000000
vt -48.914198 -64.353661 0.000000
vt -56.364138 -55.534499 0.000000
vt -60.162938 -64.353661 0.000000
vt -67.636966 -55.534499 0.000000
vt -71.411679 -64.353661 0.000000
vt -78.909794 -55.534499 0.000000
vt -82.660419 -64.353661 0.000000
vt -90.182621 -55.534499 0.000000
vt -93.909160 -64.353661 0.000000
vt -101.455449 -55.534499 0.000000
vt -105.157900 -64.353661 0.000000
vt -112.728276 -55.534499 0.000000
vt -116.406641 -64.353661 0.000000
vt -124.001104 -55.534499 0.000000
vt -127.655381 -64.353661 0.000000
vt -135.273932 -55.534499 0.000000
vt -138.904121 -64.353661 0.000000
vt -146.546759 -55.534499 0.000000
vt -150.152862 -64.353661 0.000000
vt -157.819587 -55.534499 0.000000
vt -161.401602 -64.353661 0.000000
vt -169.092415 -55.534499 0.000000
vt -172.650343 -64.353661 0.000000
vt -180.365242 -55.534499 0.000000
vt -183.899083 -64.353661 0.000000
vt -191.638070 -55.534499 0.000000
vt -195.147824 -64.353661 0.000000
vt -202.910898 -55.534499 0.000000
vt -206.396564 -64.353661 0.000000
vt -214.183725 -55.534499 0.000000
vt -217.645304 -64.353661 0.000000
vt -225.456553 -55.534499 0.000000
vt -228.894045 -64.353661 0.000000
vt -236.729381 -55.534499 0.000000
vt -240.142785 -64.353661 0.000000
vt -248.002208 -55.534499 0.000000
vt -251.391526 -64.353661 0.000000
vt -252.379688 -64.073540 0.000000
vt -251.916491 -64.302740 0.000000
vt -252.275619 -64.157296 0.000000
vt -252.162620 -64.221379 0.000000
vt 525.801679 87.668699 0.000000
vt 518.550072 77.748299 0.000000
vt 518.550072 66.641399 0.000000
vt 518.550072 55.534499 0.000000
vt 518.550072 44.427599 0.000000
vt 518.550072 33.320700 0.000000
vt 518.550072 22.213800 0.000000
vt 518.550072 11.106900 0.000000
vt 518.550072 -0.000000 0.000000
vt 518.550072 -11.110013 0.000000
vt 518.550072 -22.213800 0.000000
vt 507.277244 -33.318714 0.000000
vt 507.277244 -44.375311 0.000000
vt 515.979172 87.669242 0.000000
vt 507.277244 77.748299 0.000000
vt 507.277244 66.641399 0.000000
vt 507.277244 55.534499 0.000000
vt 507.277244 44.427599 0.000000
vt 507.277244 33.320700 0.000000
vt 507.277244 22.213800 0.000000
vt 507.277244 11.106900 0.000000
vt 507.277244 -0.000000 0.000000
vt 507.277244 -11.111352 0.000000
vt 507.277244 -22.213800 0.000000
vt 496.004417 -33.318117 0.000000
vt 496.004417 -44.377405 0.000000
vt 506.156666 87.669786 0.000000
vt 496.004417 77.748299 0.000000
vt 496.004417 66.641399 0.000000
vt 496.004417 55.534499 0.000000
vt 496.004417 44.427599 0.000000
vt 496.004417 33.320700 0.000000
vt 496.004417 22.213800 0.000000
vt 496.004417 11.106900 0.000000
vt 496.004417 -0.000000 0.000000
vt 496.004417 -11.112692 0.000000
vt 496.004417 -22.213800 0.000000
vt 484.731589 -33.317519 0.000000
vt 484.731589 -44.379498 0.000000
vt 507.961830 96.992460 0.000000
vt 494.972971 92.850108 0.000000
vt 496.004417 88.855199 0.000000
vt 484.731589 88.855199 0.000000
vt 484.731589 77.748299 0.000000
vt 473.458761 88.855199 0.000000
vt 473.458761 77.748299 0.000000
vt 462.185934 88.855199 0.000000
vt 462.185934 77.748299 0.000000
vt 450.913106 88.855199 0.000000
vt 450.913106 77.748299 0.000000
vt 439.640278 88.855199 0.000000
vt 439.640278 77.748299 0.000000
vt 428.367451 88.855199 0.000000
vt 428.367451 77.748299 0.000000
vt 417.094623 88.855199 0.000000
vt 417.094623 77.748299 0.000000
vt 405.821795 88.855199 0.000000
vt 405.821795 77.748299 0.000000
vt 394.548968 88.855199 0.000000
vt 394.548968 77.748299 0.000000
vt 383.276140 88.855199 0.000000
vt 383.276140 77.748299 0.000000
vt 372.003312 88.855199 0.000000
vt 372.003312 77.748299 0.000000
vt 360.730485 88.855199 0.000000
vt 360.730485 77.748299 0.000000
vt 349.457657 88.855199 0.000000
vt 349.457657 77.748299 0.000000
vt 338.184829 88.855199 0.000000
vt 338.184829 77.748299 0.000000
vt 326.912002 88.855199 0.000000
vt 326.912002 77.748299 0.000000
vt 315.639174 88.855199 0.000000
vt 315.639174 77.748299 0.000000
vt 304.366347 88.855199 0.000000
vt 304.366347 77.748299 0.000000
vt 293.093519 88.855199 0.000000
vt 293.093519 77.748299 0.000000
vt 281.820691 88.855199 0.000000
vt 281.820691 77.748299 0.000000
vt 270.547864 88.855199 0.000000
vt 270.547864 77.748299 0.000000
vt 259.275036 88.855199 0.000000
vt 259.275036 77.748299 0.000000
vt 248.002208 88.855199 0.000000
vt 248.002208 77.748299 0.000000
vt 236.729381 88.855199 0.000000
vt 236.729381 77.748299 0.000000
vt 225.456553 88.855199 0.000000
vt 225.456553 77.748299 0.000000
vt 214.183725 88.855199 0.000000
vt 214.183725 77.748299 0.000000
vt 202.910898 88.855199 0.000000
vt 202.910898 77.748299 0.000000
vt 191.638070 88.855199 0.000000
vt 191.638070 77.748299 0.000000
vt 180.365242 88.855199 0.000000
vt 180.365242 77.748299 0.000000
vt 169.092415 88.855199 0.000000
vt 169.092415 77.748299 0.000000
vt 157.819587 88.855199 0.000000
vt 157.819587 77.748299 0.000000
vt 146.546759 88.855199 0.000000
vt 146.546759 77.748299 0.000000
vt 135.273932 88.855199 0.000000
vt 135.273932 77.748299 0.000000
vt 124.001104 88.855199 0.000000
vt 124.001104 77.748299 0.000000
vt 112.728276 88.855199 0.000000
vt 112.728276 77.748299 0.000000
vt 101.455449 88.855199 0.000000
vt 101.455449 77.748299 0.000000
vt 90.182621 88.855199 0.000000
vt 90.182621 77.748299 0.000000
vt 78.909794 88.855199 0.000000
vt 78.909794 77.748299 0.000000
vt 67.636966 88.855199 0.000000
vt 67.636966 77.748299 0.000000
vt 56.364138 88.855199 0.000000
vt 56.364138 77.748299 0.000000
vt 45.091311 88.855199 0.000000
vt 45.091311 77.748299 0.000000
vt 33.818483 88.855199 0.000000
vt 33.818483 77.748299 0.000000
vt 22.545655 88.855199 0.000000
vt 22.545655 77.748299 0.000000
vt 11.272828 88.855199 0.000000
vt 11.272828 77.748299 0.000000
vt 0.000000 88.855199 0.000000
vt 0.000000 77.748299 0.000000
vt -11.272828 88.855199 0.000000
vt -11.272828 77.748299 0.000000
vt -22.545655 88.855199 0.000000
vt -22.545655 77.748299 0.000000
vt -33.818483 88.855199 0.000000
vt -33.818483 77.748299 0.000000
vt -45.091311 88.855199 0.000000
vt -45.091311 77.748299 0.000000
vt -56.364138 88.855199 0.000000
vt -56.364138 77.748299 0.000000
vt -67.636966 88.855199 0.000000
vt -67.636966 77.748299 0.000000
vt -78.909794 88.855199 0.000000
vt -78.909794 77.748299 0.000000
vt -90.182621 88.855199 0.000000
vt -90.182621 77.748299 0.000000
vt -101.455449 88.855199 0.000000
vt -101.455449 77.748299 0.000000
vt -112.728276 88.855199 0.000000
vt -112.728276 77.748299 0.000000
vt -124.001104 88.855199 0.000000
vt -124.001104 77.748299 0.000000
vt -135.273932 88.855199 0.000000
vt -135.273932 77.748299 0.000000
vt -146.546759 88.855199 0.000000
vt -146.546759 77.748299 0.000000
vt -157.819587 88.855199 0.000000
vt -157.819587 77.748299 0.000000
vt -169.092415 88.855199 0.000000
vt -169.092415 77.748299 0.000000
vt -180.365242 88.855199 0.000000
vt -180.365242 77.748299 0.000000
vt -191.638070 88.855199 0.000000
vt -191.638070 77.748299 0.000000
vt -202.910898 88.855199 0.000000
vt -202.910898 77.748299 0.000000
vt -214.183725 88.855199 0.000000
vt -214.183725 77.748299 0.000000
vt -225.456553 88.855199 0.000000
vt -225.456553 77.748299 0.000000
vt -236.729381 88.855199 0.000000
vt -236.729381 77.748299 0.000000
vt -248.002208 88.855199 0.000000
vt -248.002208 77.748299 0.000000
vt -259.275036 88.855199 0.000000
vt -259.275036 77.748299 0.000000
vt -270.547864 88.855199 0.000000
vt -270.547864 77.748299 0.000000
vt -281.820691 88.855199 0.000000
vt -281.820691 77.748299 0.000000
vt -293.093519 88.855199 0.000000
vt -293.093519 77.748299 0.000000
vt -304.366347 88.855199 0.000000
vt -304.366347 77.748299 0.000000
vt -315.639174 88.855199 0.000000
vt -315.639174 77.748299 0.000000
vt -326.912002 88.855199 0.000000
vt -326.912002 77.748299 0.000000
vt -338.184829 88.855199 0.000000
vt -338.184829 77.748299 0.000000
vt -349.457657 88.855199 0.000000
vt -349.457657 77.748299 0.000000
vt -360.730485 88.855199 0.000000
vt -360.730485 77.748299 0.000000
vt -372.003312 88.855199 0.000000
vt -372.003312 77.748299 0.000000
vt -383.276140 88.855199 0.000000
vt -383.276140 77.748299 0.000000
vt -394.548968 88.855199 0.000000
vt -394.548968 77.748299 0.000000
vt -405.821795 88.855199 0.000000
vt -405.821795 77.748299 0.000000
vt -417.094623 88.855199 0.000000
vt -417.094623 77.748299 0.000000
vt -428.367451 88.855199 0.000000
vt -428.367451 77.748299 0.000000
vt -439.640278 88.855199 0.000000
vt -439.640278 77.748299 0.000000
vt -450.913106 88.855199 0.000000
vt -450.913106 77.748299 0.000000
vt -462.185934 88.855199 0.000000
vt -462.185934 77.748299 0.000000
vt -473.458761 88.855199 0.000000
vt -473.458761 77.748299 0.000000
vt -484.731589 88.855199 0.000000
vt -484.731589 77.748299 0.000000
vt -496.004417 88.855199 0.000000
vt -496.004417 77.748299 0.000000
vt -507.277244 88.855199 0.000000
vt -507.277244 77.748299 0.000000
vt -518.550072 88.855199 0.000000
vt -518.550072 77.748299 0.000000
vt -529.822900 88.855199 0.000000
vt -529.822900 77.748299 0.000000
vt -541.095727 88.855199 0.000000
vt -541.095727 77.748299 0.000000
vt -552.368555 88.855199 0.000000
vt -552.368555 77.748299 0.000000
vt -563.641382 88.855199 0.000000
vt -563.641382 77.748299 0.000000
vt -574.914210 88.855199 0.000000
vt -574.914210 77.748299 0.000000
vt 519.120560 96.992460 0.000000
vt 518.550072 99.962099 0.000000
vt 507.277244 99.962099 0.000000
vt 496.532370 100.903549 0.000000
vt 498.091770 108.956990 0.000000
vt 509.066405 108.956990 0.000000
vt 520.041039 108.956990 0.000000
vt 529.822900 99.962099 0.000000
vt 531.015673 108.956990 0.000000
vt 541.095727 99.962099 0.000000
vt 541.990307 108.956990 0.000000
vt 552.368555 99.962099 0.000000
vt 552.964942 108.956990 0.000000
vt 563.641382 99.962099 0.000000
vt 563.939576 108.956990 0.000000
vt 574.914210 102.974725 0.000000
vt 574.914210 108.956990 0.000000
vt 530.279290 96.992460 0.000000
vt 541.438020 96.992460 0.000000
vt 552.596750 96.992460 0.000000
vt 563.755480 96.992460 0.000000
vt 574.914210 96.992460 0.000000
vt 494.972971 102.625372 0.000000
vt 484.731589 99.962099 0.000000
vt 484.731589 111.068999 0.000000
vt 494.972971 112.400635 0.000000
vt 483.711000 122.175899 0.000000
vt 494.972971 122.175899 0.000000
vt 473.458761 111.068999 0.000000
vt 472.449030 122.175899 0.000000
vt 462.185934 111.068999 0.000000
vt 461.187060 122.175899 0.000000
vt 450.913106 111.068999 0.000000
vt 449.925089 122.175899 0.000000
vt 439.640278 111.068999 0.000000
vt 438.663119 122.175899 0.000000
vt 428.367451 111.068999 0.000000
vt 427.401149 122.175899 0.000000
vt 417.094623 111.068999 0.000000
vt 416.139178 122.175899 0.000000
vt 405.821795 111.068999 0.000000
vt 404.877208 122.175899 0.000000
vt 394.548968 111.068999 0.000000
vt 393.615238 122.175899 0.000000
vt 383.276140 111.068999 0.000000
vt 382.353267 122.175899 0.000000
vt 372.003312 111.068999 0.000000
vt 371.091297 122.175899 0.000000
vt 360.730485 111.068999 0.000000
vt 359.829327 122.175899 0.000000
vt 349.457657 111.068999 0.000000
vt 348.567356 122.175899 0.000000
vt 338.184829 111.068999 0.000000
vt 337.305386 122.175899 0.000000
vt 326.912002 111.068999 0.000000
vt 326.043416 122.175899 0.000000
vt 315.639174 111.068999 0.000000
vt 314.781445 122.175899 0.000000
vt 304.366347 111.068999 0.000000
vt 303.519475 122.175899 0.000000
vt 293.093519 111.068999 0.000000
vt 292.257505 122.175899 0.000000
vt 281.820691 111.068999 0.000000
vt 280.995534 122.175899 0.000000
vt 270.547864 111.068999 0.000000
vt 269.733564 122.175899 0.000000
vt 259.275036 111.068999 0.000000
vt 258.471594 122.175899 0.000000
vt 248.002208 111.068999 0.000000
vt 247.209623 122.175899 0.000000
vt 236.729381 111.068999 0.000000
vt 235.947653 122.175899 0.000000
vt 225.456553 111.068999 0.000000
vt 224.685683 122.175899 0.000000
vt 214.183725 111.068999 0.000000
vt 213.423712 122.175899 0.000000
vt 202.910898 111.068999 0.000000
vt 202.161742 122.175899 0.000000
vt 191.638070 111.068999 0.000000
vt 190.899772 122.175899 0.000000
vt 180.365242 111.068999 0.000000
vt 179.637801 122.175899 0.000000
vt 169.092415 111.068999 0.000000
vt 168.375831 122.175899 0.000000
vt 157.819587 111.068999 0.000000
vt 157.113861 122.175899 0.000000
vt 146.546759 111.068999 0.000000
vt 145.851891 122.175899 0.000000
vt 135.273932 111.068999 0.000000
vt 134.589920 122.175899 0.000000
vt 124.001104 111.068999 0.000000
vt 123.327950 122.175899 0.000000
vt 112.728276 111.068999 0.000000
vt 112.065980 122.175899 0.000000
vt 101.455449 111.068999 0.000000
vt 100.804009 122.175899 0.000000
vt 90.182621 111.068999 0.000000
vt 89.542039 122.175899 0.000000
vt 78.909794 111.068999 0.000000
vt 78.280069 122.175899 0.000000
vt 67.636966 111.068999 0.000000
vt 67.018098 122.175899 0.000000
vt 56.364138 111.068999 0.000000
vt 55.756128 122.175899 0.000000
vt 45.091311 111.068999 0.000000
vt 44.494158 122.175899 0.000000
vt 33.818483 111.068999 0.000000
vt 33.232187 122.175899 0.000000
vt 22.545655 111.068999 0.000000
vt 21.970217 122.175899 0.000000
vt 11.272828 111.068999 0.000000
vt 10.708247 122.175899 0.000000
vt 0.000000 111.068999 0.000000
vt -0.553724 122.175899 0.000000
vt -11.272828 111.068999 0.000000
vt -11.815694 122.175899 0.000000
vt -22.545655 111.068999 0.000000
vt -23.077664 122.175899 0.000000
vt -33.818483 111.068999 0.000000
vt -34.339635 122.175899 0.000000
vt -45.091311 111.068999 0.000000
vt -45.601605 122.175899 0.000000
vt -56.364138 111.068999 0.000000
vt -56.863575 122.175899 0.000000
vt -67.636966 111.068999 0.000000
vt -68.125546 122.175899 0.000000
vt -78.909794 111.068999 0.000000
vt -79.387516 122.175899 0.000000
vt -90.182621 111.068999 0.000000
vt -90.649486 122.175899 0.000000
vt -101.455449 111.068999 0.000000
vt -101.911457 122.175899 0.000000
vt -112.728276 111.068999 0.000000
vt -113.173427 122.175899 0.000000
vt -124.001104 111.068999 0.000000
vt -124.435397 122.175899 0.000000
vt -135.273932 111.068999 0.000000
vt -135.697368 122.175899 0.000000
vt -146.546759 111.068999 0.000000
vt -146.959338 122.175899 0.000000
vt -157.819587 111.068999 0.000000
vt -158.221308 122.175899 0.000000
vt -169.092415 111.068999 0.000000
vt -169.483278 122.175899 0.000000
vt -180.365242 111.068999 0.000000
vt -180.745249 122.175899 0.000000
vt -191.638070 111.068999 0.000000
vt -192.007219 122.175899 0.000000
vt -202.910898 111.068999 0.000000
vt -203.269189 122.175899 0.000000
vt -214.183725 111.068999 0.000000
vt -214.531160 122.175899 0.000000
vt -225.456553 111.068999 0.000000
vt -225.793130 122.175899 0.000000
vt -236.729381 111.068999 0.000000
vt -237.055100 122.175899 0.000000
vt -248.002208 111.068999 0.000000
vt -248.317071 122.175899 0.000000
vt -259.275036 111.068999 0.000000
vt -259.579041 122.175899 0.000000
vt -270.547864 111.068999 0.000000
vt -270.841011 122.175899 0.000000
vt -281.820691 111.068999 0.000000
vt -282.102982 122.175899 0.000000
vt -293.093519 111.068999 0.000000
vt -293.364952 122.175899 0.000000
vt -304.366347 111.068999 0.000000
vt -304.626922 122.175899 0.000000
vt -315.639174 111.068999 0.000000
vt -315.888893 122.175899 0.000000
vt -326.912002 111.068999 0.000000
vt -327.150863 122.175899 0.000000
vt -338.184829 111.068999 0.000000
vt -338.412833 122.175899 0.000000
vt -349.457657 111.068999 0.000000
vt -349.674804 122.175899 0.000000
vt -360.730485 111.068999 0.000000
vt -360.936774 122.175899 0.000000
vt -372.003312 111.068999 0.000000
vt -372.198744 122.175899 0.000000
vt -383.276140 111.068999 0.000000
vt -383.460715 122.175899 0.000000
vt -394.548968 111.068999 0.000000
vt -394.722685 122.175899 0.000000
vt -405.821795 111.068999 0.000000
vt -405.984655 122.175899 0.000000
vt -417.094623 111.068999 0.000000
vt -417.246626 122.175899 0.000000
vt -428.367451 111.068999 0.000000
vt -428.508596 122.175899 0.000000
vt -439.640278 111.068999 0.000000
vt -439.770566 122.175899 0.000000
vt -450.913106 111.068999 0.000000
vt -451.032537 122.175899 0.000000
vt -462.185934 111.068999 0.000000
vt -462.294507 122.175899 0.000000
vt -473.458761 111.068999 0.000000
vt -473.556477 122.175899 0.000000
vt -484.731589 111.068999 0.000000
vt -484.818448 122.175899 0.000000
vt -496.004417 111.068999 0.000000
vt -496.080418 122.175899 0.000000
vt -507.277244 111.068999 0.000000
vt -507.342388 122.175899 0.000000
vt -518.550072 111.068999 0.000000
vt -518.604358 122.175899 0.000000
vt -529.822900 111.068999 0.000000
vt -529.866329 122.175899 0.000000
vt -541.095727 111.068999 0.000000
vt -541.128299 122.175899 0.000000
vt -552.368555 111.068999 0.000000
vt -552.390269 122.175899 0.000000
vt -563.641382 111.068999 0.000000
vt -563.652240 122.175899 0.000000
vt -574.914210 111.068999 0.000000
vt -574.914210 122.175899 0.000000
vt -563.641382 99.962099 0.000000
vt -574.914210 99.962099 0.000000
vt -563.641382 66.641399 0.000000
vt -574.914210 66.641399 0.000000
vt -563.641382 55.534499 0.000000
vt -574.914210 55.534499 0.000000
vt -563.641382 44.427599 0.000000
vt -574.914210 44.427599 0.000000
vt -563.641382 33.320700 0.000000
vt -574.914210 33.320700 0.000000
vt -563.641382 22.213800 0.000000
vt -574.914210 22.213800 0.000000
vt -563.641382 11.106900 0.000000
vt -574.914210 11.106900 0.000000
vt -563.641382 -0.000000 0.000000
vt -574.914210 0.000000 0.000000
vt -574.914210 -11.106900 0.000000
vt -563.641382 -11.113215 0.000000
vt -574.914210 -22.213800 0.000000
vt -563.641382 -22.213800 0.000000
vt -563.641382 -33.320700 0.000000
vt -552.368555 -33.320700 0.000000
vt -552.368555 -44.427599 0.000000
vt -541.095727 -44.427599 0.000000
vt -541.095727 -55.534499 0.000000
vt -529.822900 -55.534499 0.000000
vt -529.822900 -66.641399 0.000000
vt -518.550072 -66.641399 0.000000
vt -518.550072 -77.748299 0.000000
vt -507.277244 -77.748299 0.000000
vt -507.568758 -79.267059 0.000000
vt -499.181289 -73.888875 0.000000
vt -574.914210 -33.320700 0.000000
vt -563.641382 -44.427599 0.000000
vt -552.368555 -55.534499 0.000000
vt -541.095727 -66.641399 0.000000
vt -529.822900 -77.748299 0.000000
vt -524.343695 -90.023428 0.000000
vt -515.956227 -84.645243 0.000000
vt -574.914210 -44.427599 0.000000
vt -563.641382 -55.534499 0.000000
vt -552.368555 -66.641399 0.000000
vt -541.095727 -77.748299 0.000000
vt -529.822900 -88.855199 0.000000
vt -532.731164 -95.401612 0.000000
vt -541.095727 -88.855199 0.000000
vt -541.095727 -99.962099 0.000000
vt -552.368555 -88.855199 0.000000
vt -552.368555 -99.962099 0.000000
vt -563.641382 -88.855199 0.000000
vt -563.641382 -99.962099 0.000000
vt -574.914210 -88.855199 0.000000
vt -574.914210 -99.962099 0.000000
vt -574.914210 -55.534499 0.000000
vt -563.641382 -66.641399 0.000000
vt -552.368555 -77.748299 0.000000
vt -574.914210 -66.641399 0.000000
vt -563.641382 -77.748299 0.000000
vt -574.914210 -77.748299 0.000000
vt -563.641382 -111.068999 0.000000
vt -574.914210 -111.068999 0.000000
vt -566.465316 -116.826873 0.000000
vt -574.914210 -122.175899 0.000000
vt -558.016422 -111.477847 0.000000
vt -549.567527 -106.128822 0.000000
vt -541.118633 -100.779796 0.000000
vt -490.838865 -68.471161 0.000000
vt -496.004417 -66.641399 0.000000
vt -507.277244 -66.641399 0.000000
vt -482.496441 -63.053447 0.000000
vt -484.731589 -55.534499 0.000000
vt -496.004417 -55.534499 0.000000
vt -507.277244 -55.534499 0.000000
vt -518.550072 -55.534499 0.000000
vt -474.154017 -57.635733 0.000000
vt -473.458761 -55.534499 0.000000
vt -484.731589 -44.427599 0.000000
vt -473.458761 -44.427599 0.000000
vt -484.731589 -33.320700 0.000000
vt -473.458761 -33.320700 0.000000
vt -484.731589 -22.213800 0.000000
vt -473.458761 -22.213800 0.000000
vt -473.458761 -11.163735 0.000000
vt -462.185934 -11.170050 0.000000
vt -462.185934 -0.000000 0.000000
vt -450.913106 -0.000000 0.000000
vt -462.185934 11.106900 0.000000
vt -450.913106 11.106900 0.000000
vt -462.185934 22.213800 0.000000
vt -450.913106 22.213800 0.000000
vt -462.185934 33.320700 0.000000
vt -450.913106 33.320700 0.000000
vt -462.185934 44.427599 0.000000
vt -450.913106 44.427599 0.000000
vt -462.185934 55.534499 0.000000
vt -450.913106 55.534499 0.000000
vt -462.185934 66.641399 0.000000
vt -450.913106 66.641399 0.000000
vt -465.811593 -52.218019 0.000000
vt -462.185934 -44.427599 0.000000
vt -457.469169 -46.800305 0.000000
vt -450.913106 -33.320700 0.000000
vt -449.171789 -41.343061 0.000000
vt -440.874410 -35.885817 0.000000
vt -439.640278 -33.320700 0.000000
vt -432.577031 -30.428574 0.000000
vt -439.640278 -22.213800 0.000000
vt -428.367451 -22.213800 0.000000
vt -428.367451 -11.188995 0.000000
vt -415.982272 -19.514086 0.000000
vt -417.094623 -11.195310 0.000000
vt -415.731128 -19.348923 0.000000
vt -415.479013 -19.185245 0.000000
vt -424.279651 -24.971330 0.000000
vt -415.225936 -19.023059 0.000000
vt -414.971906 -18.862370 0.000000
vt -414.716931 -18.703185 0.000000
vt -414.461020 -18.545508 0.000000
vt -414.204183 -18.389345 0.000000
vt -413.946428 -18.234702 0.000000
vt -413.687764 -18.081584 0.000000
vt -413.428200 -17.929996 0.000000
vt -413.167745 -17.779944 0.000000
vt -412.906409 -17.631432 0.000000
vt -412.644200 -17.484467 0.000000
vt -412.381128 -17.339053 0.000000
vt -412.117202 -17.195195 0.000000
vt -411.852430 -17.052898 0.000000
vt -411.586823 -16.912167 0.000000
vt -411.320390 -16.773007 0.000000
vt -411.053139 -16.635424 0.000000
vt -410.785080 -16.499421 0.000000
vt -410.516223 -16.365004 0.000000
vt -410.246577 -16.232176 0.000000
vt -409.976150 -16.100944 0.000000
vt -409.704954 -15.971311 0.000000
vt -409.432996 -15.843282 0.000000
vt -409.160288 -15.716861 0.000000
vt -405.821795 -11.201625 0.000000
vt -408.886837 -15.592053 0.000000
vt -408.612654 -15.468863 0.000000
vt -408.337748 -15.347293 0.000000
vt -408.062130 -15.227350 0.000000
vt -407.785807 -15.109036 0.000000
vt -407.508791 -14.992356 0.000000
vt -407.231090 -14.877314 0.000000
vt -406.952715 -14.763915 0.000000
vt -406.673675 -14.652161 0.000000
vt -406.393979 -14.542058 0.000000
vt -406.113639 -14.433608 0.000000
vt -405.832663 -14.326815 0.000000
vt -405.551061 -14.221684 0.000000
vt -405.268843 -14.118218 0.000000
vt -404.986018 -14.016420 0.000000
vt -404.702598 -13.916295 0.000000
vt -404.418591 -13.817845 0.000000
vt -404.134008 -13.721074 0.000000
vt -403.848858 -13.625985 0.000000
vt -403.563152 -13.532583 0.000000
vt -403.276898 -13.440869 0.000000
vt -402.990109 -13.350847 0.000000
vt -402.702792 -13.262521 0.000000
vt -402.414959 -13.175893 0.000000
vt -402.126620 -13.090967 0.000000
vt -401.837783 -13.007744 0.000000
vt -401.548461 -12.926230 0.000000
vt -401.258662 -12.846425 0.000000
vt -400.968397 -12.768333 0.000000
vt -400.677675 -12.691957 0.000000
vt -400.386508 -12.617299 0.000000
vt -400.094905 -12.544362 0.000000
vt -399.802876 -12.473149 0.000000
vt -405.821795 -0.000000 0.000000
vt -417.094623 -0.000000 0.000000
vt -428.367451 -0.000000 0.000000
vt -439.640278 -11.182680 0.000000
vt -439.640278 -0.000000 0.000000
vt -450.913106 -11.176365 0.000000
vt -399.510431 -12.403661 0.000000
vt -399.217582 -12.335902 0.000000
vt -398.924337 -12.269873 0.000000
vt -398.630707 -12.205578 0.000000
vt -394.548968 -0.000000 0.000000
vt -405.821795 11.106900 0.000000
vt -394.548968 11.106900 0.000000
vt -405.821795 22.213800 0.000000
vt -394.548968 22.213800 0.000000
vt -405.821795 33.320700 0.000000
vt -394.548968 33.320700 0.000000
vt -405.821795 44.427599 0.000000
vt -394.548968 44.427599 0.000000
vt -405.821795 55.534499 0.000000
vt -394.548968 55.534499 0.000000
vt -405.821795 66.641399 0.000000
vt -394.548968 66.641399 0.000000
vt -398.336703 -12.143018 0.000000
vt -398.042334 -12.082195 0.000000
vt -397.747612 -12.023111 0.000000
vt -397.452545 -11.965770 0.000000
vt -397.157145 -11.910172 0.000000
vt -396.861422 -11.856319 0.000000
vt -396.565386 -11.804215 0.000000
vt -396.269048 -11.753859 0.000000
vt -394.548968 -11.207940 0.000000
vt -395.972417 -11.705254 0.000000
vt -395.675504 -11.658402 0.000000
vt -395.378320 -11.613304 0.000000
vt -395.080875 -11.569963 0.000000
vt -394.783178 -11.528378 0.000000
vt -394.485242 -11.488553 0.000000
vt -394.187075 -11.450488 0.000000
vt -393.888689 -11.414184 0.000000
vt -393.590094 -11.379644 0.000000
vt -393.291300 -11.346867 0.000000
vt -392.992317 -11.315856 0.000000
vt -392.693157 -11.286611 0.000000
vt -392.393829 -11.259133 0.000000
vt -392.094344 -11.233423 0.000000
vt -391.794712 -11.209483 0.000000
vt -391.494944 -11.187313 0.000000
vt -391.195051 -11.166913 0.000000
vt -390.895042 -11.148285 0.000000
vt -390.594928 -11.131429 0.000000
vt -390.294721 -11.116346 0.000000
vt -389.994429 -11.103036 0.000000
vt -389.694064 -11.091500 0.000000
vt -389.393636 -11.081738 0.000000
vt -389.093156 -11.073750 0.000000
vt -388.792633 -11.067537 0.000000
vt -383.276140 -0.000000 0.000000
vt -383.276140 11.106900 0.000000
vt -383.276140 22.213800 0.000000
vt -383.276140 33.320700 0.000000
vt -383.276140 44.427599 0.000000
vt -383.276140 55.534499 0.000000
vt -383.276140 66.641399 0.000000
vt -388.492079 -11.063099 0.000000
vt -388.191505 -11.060437 0.000000
vt -387.890919 -11.059549 0.000000
vt -386.305438 -11.065838 0.000000
vt -384.720056 -11.084705 0.000000
vt -383.134874 -11.116149 0.000000
vt -381.549991 -11.160167 0.000000
vt -379.965508 -11.216757 0.000000
vt -372.003312 -0.000000 0.000000
vt -372.003312 -11.215811 0.000000
vt -370.472568 -11.820051 0.000000
vt -372.052564 -11.688132 0.000000
vt -373.633558 -11.568752 0.000000
vt -375.215448 -11.461918 0.000000
vt -376.798136 -11.367637 0.000000
vt -378.381523 -11.285915 0.000000
vt -368.893668 -11.964500 0.000000
vt -367.315963 -12.121470 0.000000
vt -360.730485 -0.000000 0.000000
vt -365.739554 -12.290951 0.000000
vt -360.730485 -11.214471 0.000000
vt -364.164539 -12.472934 0.000000
vt -362.591016 -12.667405 0.000000
vt -361.019087 -12.874354 0.000000
vt -359.448848 -13.093766 0.000000
vt -357.880399 -13.325629 0.000000
vt -356.313840 -13.569927 0.000000
vt -349.457657 -11.213132 0.000000
vt -354.749267 -13.826645 0.000000
vt -353.186781 -14.095768 0.000000
vt -351.626478 -14.377277 0.000000
vt -350.068458 -14.671156 0.000000
vt -348.512819 -14.977386 0.000000
vt -346.959658 -15.295947 0.000000
vt -345.409073 -15.626820 0.000000
vt -338.184829 -11.211793 0.000000
vt -343.861161 -15.969984 0.000000
vt -342.316021 -16.325417 0.000000
vt -340.773749 -16.693096 0.000000
vt -339.234442 -17.073000 0.000000
vt -337.698198 -17.465103 0.000000
vt -336.165113 -17.869381 0.000000
vt -334.635283 -18.285808 0.000000
vt -326.912002 -11.210454 0.000000
vt -333.108805 -18.714359 0.000000
vt -331.585775 -19.155007 0.000000
vt -330.066288 -19.607723 0.000000
vt -328.550441 -20.072479 0.000000
vt -327.038329 -20.549246 0.000000
vt -325.530046 -21.037994 0.000000
vt -324.025688 -21.538693 0.000000
vt -315.639174 -11.209115 0.000000
vt -322.525350 -22.051310 0.000000
vt -321.029126 -22.575813 0.000000
vt -315.639174 -22.213800 0.000000
vt -319.537110 -23.112170 0.000000
vt -318.049395 -23.660346 0.000000
vt -316.566077 -24.220308 0.000000
vt -315.087247 -24.792019 0.000000
vt -313.612999 -25.375445 0.000000
vt -312.143427 -25.970547 0.000000
vt -304.366347 -22.213800 0.000000
vt -304.366347 -11.207775 0.000000
vt -315.639174 -0.000000 0.000000
vt -304.366347 -0.000000 0.000000
vt -315.639174 11.106900 0.000000
vt -304.366347 11.106900 0.000000
vt -315.639174 22.213800 0.000000
vt -304.366347 22.213800 0.000000
vt -315.639174 33.320700 0.000000
vt -304.366347 33.320700 0.000000
vt -315.639174 44.427599 0.000000
vt -304.366347 44.427599 0.000000
vt -315.639174 55.534499 0.000000
vt -304.366347 55.534499 0.000000
vt -315.639174 66.641399 0.000000
vt -304.366347 66.641399 0.000000
vt -310.678621 -26.577290 0.000000
vt -309.218675 -27.195633 0.000000
vt -307.763681 -27.825540 0.000000
vt -306.313729 -28.466969 0.000000
vt -304.868912 -29.119881 0.000000
vt -303.429320 -29.784235 0.000000
vt -301.995044 -30.459988 0.000000
vt -293.093519 -22.213800 0.000000
vt -293.093519 -11.206436 0.000000
vt -293.093519 -0.000000 0.000000
vt -293.093519 11.106900 0.000000
vt -293.093519 22.213800 0.000000
vt -293.093519 33.320700 0.000000
vt -293.093519 44.427599 0.000000
vt -293.093519 55.534499 0.000000
vt -293.093519 66.641399 0.000000
vt -300.566173 -31.147099 0.000000
vt -299.142799 -31.845523 0.000000
vt -297.725010 -32.555217 0.000000
vt -293.093519 -33.276308 0.000000
vt -296.312896 -33.276137 0.000000
vt -294.906546 -34.008237 0.000000
vt -293.506048 -34.751470 0.000000
vt -292.111490 -35.505791 0.000000
vt -290.722960 -36.271151 0.000000
vt -281.820691 -33.276905 0.000000
vt -289.340546 -37.047503 0.000000
vt -287.964334 -37.834797 0.000000
vt -286.594412 -38.632984 0.000000
vt -285.230864 -39.442014 0.000000
vt -283.873778 -40.261836 0.000000
vt -282.523238 -41.092398 0.000000
vt -281.179330 -41.933649 0.000000
vt -279.842138 -42.785534 0.000000
vt -270.547864 -33.277502 0.000000
vt -278.511746 -43.648001 0.000000
vt -277.188239 -44.520995 0.000000
vt -270.547864 -44.519761 0.000000
vt -275.871698 -45.404461 0.000000
vt -274.562208 -46.298343 0.000000
vt -273.259850 -47.202587 0.000000
vt -271.964707 -48.117133 0.000000
vt -270.676860 -49.041925 0.000000
vt -269.396390 -49.976906 0.000000
vt -268.123378 -50.922015 0.000000
vt -259.275036 -44.517668 0.000000
vt -266.857904 -51.877193 0.000000
vt -265.600047 -52.842380 0.000000
vt -264.349886 -53.817517 0.000000
vt -259.275036 -55.534499 0.000000
vt -258.216518 -58.834508 0.000000
vt 529.944143 -63.672678 0.000000
vt 534.764219 -61.676137 0.000000
vt 538.903312 -58.500099 0.000000
vt 542.079350 -54.361006 0.000000
vt 544.075891 -49.540930 0.000000
vt 541.095727 -44.369031 0.000000
vt 541.095727 -33.320506 0.000000
vt 544.756874 -33.130576 0.000000
vt 544.756874 -21.892801 0.000000
vt 544.756874 -44.368351 0.000000
vt 544.756874 -10.655026 0.000000
vt 544.756874 0.582749 0.000000
vt 544.756874 11.820524 0.000000
vt 544.756874 23.058299 0.000000
vt 544.756874 34.296074 0.000000
vt 544.756874 45.533849 0.000000
vt 544.756874 56.771623 0.000000
vt 544.756874 68.009398 0.000000
vt 473.458761 99.962099 0.000000
vt 462.185934 99.962099 0.000000
vt 450.913106 99.962099 0.000000
vt 439.640278 99.962099 0.000000
vt 428.367451 99.962099 0.000000
vt 417.094623 99.962099 0.000000
vt 405.821795 99.962099 0.000000
vt 394.548968 99.962099 0.000000
vt 383.276140 99.962099 0.000000
vt 372.003312 99.962099 0.000000
vt 360.730485 99.962099 0.000000
vt 349.457657 99.962099 0.000000
vt 338.184829 99.962099 0.000000
vt 326.912002 99.962099 0.000000
vt 315.639174 99.962099 0.000000
vt 304.366347 99.962099 0.000000
vt 293.093519 99.962099 0.000000
vt 281.820691 99.962099 0.000000
vt 270.547864 99.962099 0.000000
vt 259.275036 99.962099 0.000000
vt 248.002208 99.962099 0.000000
vt 236.729381 99.962099 0.000000
vt 225.456553 99.962099 0.000000
vt 214.183725 99.962099 0.000000
vt 202.910898 99.962099 0.000000
vt 191.638070 99.962099 0.000000
vt 180.365242 99.962099 0.000000
vt 169.092415 99.962099 0.000000
vt 157.819587 99.962099 0.000000
vt 146.546759 99.962099 0.000000
vt 135.273932 99.962099 0.000000
vt 124.001104 99.962099 0.000000
vt 112.728276 99.962099 0.000000
vt 101.455449 99.962099 0.000000
vt 90.182621 99.962099 0.000000
vt 78.909794 99.962099 0.000000
vt 67.636966 99.962099 0.000000
vt 56.364138 99.962099 0.000000
vt 45.091311 99.962099 0.000000
vt 33.818483 99.962099 0.000000
vt 22.545655 99.962099 0.000000
vt 11.272828 99.962099 0.000000
vt 0.000000 99.962099 0.000000
vt -11.272828 99.962099 0.000000
vt -22.545655 99.962099 0.000000
vt -33.818483 99.962099 0.000000
vt -45.091311 99.962099 0.000000
vt -56.364138 99.962099 0.000000
vt -67.636966 99.962099 0.000000
vt -78.909794 99.962099 0.000000
vt -90.182621 99.962099 0.000000
vt -101.455449 99.962099 0.000000
vt -112.728276 99.962099 0.000000
vt -124.001104 99.962099 0.000000
vt -135.273932 99.962099 0.000000
vt -146.546759 99.962099 0.000000
vt -157.819587 99.962099 0.000000
vt -169.092415 99.962099 0.000000
vt -180.365242 99.962099 0.000000
vt -191.638070 99.962099 0.000000
vt -202.910898 99.962099 0.000000
vt -214.183725 99.962099 0.000000
vt -225.456553 99.962099 0.000000
vt -236.729381 99.962099 0.000000
vt -248.002208 99.962099 0.000000
vt -259.275036 99.962099 0.000000
vt -270.547864 99.962099 0.000000
vt -281.820691 99.962099 0.000000
vt -293.093519 99.962099 0.000000
vt -304.366347 99.962099 0.000000
vt -315.639174 99.962099 0.000000
vt -326.912002 99.962099 0.000000
vt -338.184829 99.962099 0.000000
vt -349.457657 99.962099 0.000000
vt -360.730485 99.962099 0.000000
vt -372.003312 99.962099 0.000000
vt -383.276140 99.962099 0.000000
vt -394.548968 99.962099 0.000000
vt -405.821795 99.962099 0.000000
vt -417.094623 99.962099 0.000000
vt -428.367451 99.962099 0.000000
vt -439.640278 99.962099 0.000000
vt -450.913106 99.962099 0.000000
vt -462.185934 99.962099 0.000000
vt -473.458761 99.962099 0.000000
vt -484.731589 99.962099 0.000000
vt -496.004417 99.962099 0.000000
vt -507.277244 99.962099 0.000000
vt -518.550072 99.962099 0.000000
vt -529.822900 99.962099 0.000000
vt -541.095727 99.962099 0.000000
vt -552.368555 99.962099 0.000000
vt -552.368555 66.641399 0.000000
vt -552.368555 55.534499 0.000000
vt -552.368555 44.427599 0.000000
vt -552.368555 33.320700 0.000000
vt -552.368555 22.213800 0.000000
vt -552.368555 11.106900 0.000000
vt -552.368555 -0.000000 0.000000
vt -541.095727 66.641399 0.000000
vt -541.095727 55.534499 0.000000
vt -541.095727 44.427599 0.000000
vt -541.095727 33.320700 0.000000
vt -541.095727 22.213800 0.000000
vt -541.095727 11.106900 0.000000
vt -541.095727 -0.000000 0.000000
vt -552.368555 -11.119530 0.000000
vt -529.822900 66.641399 0.000000
vt -529.822900 55.534499 0.000000
vt -529.822900 44.427599 0.000000
vt -529.822900 33.320700 0.000000
vt -529.822900 22.213800 0.000000
vt -529.822900 11.106900 0.000000
vt -529.822900 -0.000000 0.000000
vt -541.095727 -11.125845 0.000000
vt -552.368555 -22.213800 0.000000
vt -518.550072 66.641399 0.000000
vt -518.550072 55.534499 0.000000
vt -518.550072 44.427599 0.000000
vt -518.550072 33.320700 0.000000
vt -518.550072 22.213800 0.000000
vt -518.550072 11.106900 0.000000
vt -518.550072 -0.000000 0.000000
vt -529.822900 -11.132160 0.000000
vt -541.095727 -22.213800 0.000000
vt -541.095727 -33.320700 0.000000
vt -507.277244 66.641399 0.000000
vt -507.277244 55.534499 0.000000
vt -507.277244 44.427599 0.000000
vt -507.277244 33.320700 0.000000
vt -507.277244 22.213800 0.000000
vt -507.277244 11.106900 0.000000
vt -507.277244 -0.000000 0.000000
vt -518.550072 -11.138475 0.000000
vt -529.822900 -22.213800 0.000000
vt -529.822900 -33.320700 0.000000
vt -529.822900 -44.427599 0.000000
vt -496.004417 66.641399 0.000000
vt -496.004417 55.534499 0.000000
vt -496.004417 44.427599 0.000000
vt -496.004417 33.320700 0.000000
vt -496.004417 22.213800 0.000000
vt -496.004417 11.106900 0.000000
vt -496.004417 -0.000000 0.000000
vt -507.277244 -11.144790 0.000000
vt -518.550072 -22.213800 0.000000
vt -518.550072 -33.320700 0.000000
vt -518.550072 -44.427599 0.000000
vt -484.731589 66.641399 0.000000
vt -484.731589 55.534499 0.000000
vt -484.731589 44.427599 0.000000
vt -484.731589 33.320700 0.000000
vt -484.731589 22.213800 0.000000
vt -484.731589 11.106900 0.000000
vt -484.731589 -0.000000 0.000000
vt -496.004417 -11.151105 0.000000
vt -507.277244 -22.213800 0.000000
vt -507.277244 -33.320700 0.000000
vt -507.277244 -44.427599 0.000000
vt -473.458761 66.641399 0.000000
vt -473.458761 55.534499 0.000000
vt -473.458761 44.427599 0.000000
vt -473.458761 33.320700 0.000000
vt -473.458761 22.213800 0.000000
vt -473.458761 11.106900 0.000000
vt -473.458761 -0.000000 0.000000
vt -484.731589 -11.157420 0.000000
vt -496.004417 -22.213800 0.000000
vt -496.004417 -33.320700 0.000000
vt -496.004417 -44.427599 0.000000
vt -439.640278 66.641399 0.000000
vt -439.640278 55.534499 0.000000
vt -439.640278 44.427599 0.000000
vt -439.640278 33.320700 0.000000
vt -439.640278 22.213800 0.000000
vt -439.640278 11.106900 0.000000
vt -428.367451 66.641399 0.000000
vt -428.367451 55.534499 0.000000
vt -428.367451 44.427599 0.000000
vt -428.367451 33.320700 0.000000
vt -428.367451 22.213800 0.000000
vt -428.367451 11.106900 0.000000
vt -417.094623 66.641399 0.000000
vt -417.094623 55.534499 0.000000
vt -417.094623 44.427599 0.000000
vt -417.094623 33.320700 0.000000
vt -417.094623 22.213800 0.000000
vt -417.094623 11.106900 0.000000
vt -372.003312 66.641399 0.000000
vt -372.003312 55.534499 0.000000
vt -372.003312 44.427599 0.000000
vt -372.003312 33.320700 0.000000
vt -372.003312 22.213800 0.000000
vt -372.003312 11.106900 0.000000
vt -360.730485 66.641399 0.000000
vt -360.730485 55.534499 0.000000
vt -360.730485 44.427599 0.000000
vt -360.730485 33.320700 0.000000
vt -360.730485 22.213800 0.000000
vt -360.730485 11.106900 0.000000
vt -349.457657 66.641399 0.000000
vt -349.457657 55.534499 0.000000
vt -349.457657 44.427599 0.000000
vt -349.457657 33.320700 0.000000
vt -349.457657 22.213800 0.000000
vt -349.457657 11.106900 0.000000
vt -349.457657 -0.000000 0.000000
vt -338.184829 66.641399 0.000000
vt -338.184829 55.534499 0.000000
vt -338.184829 44.427599 0.000000
vt -338.184829 33.320700 0.000000
vt -338.184829 22.213800 0.000000
vt -338.184829 11.106900 0.000000
vt -338.184829 -0.000000 0.000000
vt -326.912002 66.641399 0.000000
vt -326.912002 55.534499 0.000000
vt -326.912002 44.427599 0.000000
vt -326.912002 33.320700 0.000000
vt -326.912002 22.213800 0.000000
vt -326.912002 11.106900 0.000000
vt -326.912002 -0.000000 0.000000
vt -281.820691 66.641399 0.000000
vt -281.820691 55.534499 0.000000
vt -281.820691 44.427599 0.000000
vt -281.820691 33.320700 0.000000
vt -281.820691 22.213800 0.000000
vt -281.820691 11.106900 0.000000
vt -281.820691 -0.000000 0.000000
vt -281.820691 -11.205097 0.000000
vt -281.820691 -22.213800 0.000000
vt -270.547864 66.641399 0.000000
vt -270.547864 55.534499 0.000000
vt -270.547864 44.427599 0.000000
vt -270.547864 33.320700 0.000000
vt -270.547864 22.213800 0.000000
vt -270.547864 11.106900 0.000000
vt -270.547864 -0.000000 0.000000
vt -270.547864 -11.203758 0.000000
vt -270.547864 -22.213800 0.000000
vt -259.275036 66.641399 0.000000
vt -259.275036 55.534499 0.000000
vt -259.275036 44.427599 0.000000
vt -259.275036 33.320700 0.000000
vt -259.275036 22.213800 0.000000
vt -259.275036 11.106900 0.000000
vt -259.275036 -0.000000 0.000000
vt -259.275036 -11.202419 0.000000
vt -259.275036 -22.213800 0.000000
vt -248.002208 66.641399 0.000000
vt -248.002208 55.534499 0.000000
vt -248.002208 44.427599 0.000000
vt -248.002208 33.320700 0.000000
vt -248.002208 22.213800 0.000000
vt -248.002208 11.106900 0.000000
vt -248.002208 -0.000000 0.000000
vt -248.002208 -11.201079 0.000000
vt -248.002208 -22.213800 0.000000
vt -259.275036 -33.278100 0.000000
vt -236.729381 66.641399 0.000000
vt -236.729381 55.534499 0.000000
vt -236.729381 44.427599 0.000000
vt -236.729381 33.320700 0.000000
vt -236.729381 22.213800 0.000000
vt -236.729381 11.106900 0.000000
vt -236.729381 -0.000000 0.000000
vt -236.729381 -11.199740 0.000000
vt -236.729381 -22.213800 0.000000
vt -248.002208 -33.278697 0.000000
vt -248.002208 -44.515574 0.000000
vt -225.456553 66.641399 0.000000
vt -225.456553 55.534499 0.000000
vt -225.456553 44.427599 0.000000
vt -225.456553 33.320700 0.000000
vt -225.456553 22.213800 0.000000
vt -225.456553 11.106900 0.000000
vt -225.456553 -0.000000 0.000000
vt -225.456553 -11.198401 0.000000
vt -225.456553 -22.213800 0.000000
vt -236.729381 -33.279294 0.000000
vt -236.729381 -44.513481 0.000000
vt -214.183725 66.641399 0.000000
vt -214.183725 55.534499 0.000000
vt -214.183725 44.427599 0.000000
vt -214.183725 33.320700 0.000000
vt -214.183725 22.213800 0.000000
vt -214.183725 11.106900 0.000000
vt -214.183725 -0.000000 0.000000
vt -214.183725 -11.197062 0.000000
vt -214.183725 -22.213800 0.000000
vt -225.456553 -33.279891 0.000000
vt -225.456553 -44.511387 0.000000
vt -202.910898 66.641399 0.000000
vt -202.910898 55.534499 0.000000
vt -202.910898 44.427599 0.000000
vt -202.910898 33.320700 0.000000
vt -202.910898 22.213800 0.000000
vt -202.910898 11.106900 0.000000
vt -202.910898 -0.000000 0.000000
vt -202.910898 -11.195723 0.000000
vt -202.910898 -22.213800 0.000000
vt -214.183725 -33.280489 0.000000
vt -214.183725 -44.509294 0.000000
vt -191.638070 66.641399 0.000000
vt -191.638070 55.534499 0.000000
vt -191.638070 44.427599 0.000000
vt -191.638070 33.320700 0.000000
vt -191.638070 22.213800 0.000000
vt -191.638070 11.106900 0.000000
vt -191.638070 -0.000000 0.000000
vt -191.638070 -11.194383 0.000000
vt -191.638070 -22.213800 0.000000
vt -202.910898 -33.281086 0.000000
vt -202.910898 -44.507201 0.000000
vt -180.365242 66.641399 0.000000
vt -180.365242 55.534499 0.000000
vt -180.365242 44.427599 0.000000
vt -180.365242 33.320700 0.000000
vt -180.365242 22.213800 0.000000
vt -180.365242 11.106900 0.000000
vt -180.365242 -0.000000 0.000000
vt -180.365242 -11.193044 0.000000
vt -180.365242 -22.213800 0.000000
vt -191.638070 -33.281683 0.000000
vt -191.638070 -44.505107 0.000000
vt -169.092415 66.641399 0.000000
vt -169.092415 55.534499 0.000000
vt -169.092415 44.427599 0.000000
vt -169.092415 33.320700 0.000000
vt -169.092415 22.213800 0.000000
vt -169.092415 11.106900 0.000000
vt -169.092415 -0.000000 0.000000
vt -169.092415 -11.191705 0.000000
vt -169.092415 -22.213800 0.000000
vt -180.365242 -33.282280 0.000000
vt -180.365242 -44.503014 0.000000
vt -157.819587 66.641399 0.000000
vt -157.819587 55.534499 0.000000
vt -157.819587 44.427599 0.000000
vt -157.819587 33.320700 0.000000
vt -157.819587 22.213800 0.000000
vt -157.819587 11.106900 0.000000
vt -157.819587 -0.000000 0.000000
vt -157.819587 -11.190366 0.000000
vt -157.819587 -22.213800 0.000000
vt -169.092415 -33.282878 0.000000
vt -169.092415 -44.500920 0.000000
vt -146.546759 66.641399 0.000000
vt -146.546759 55.534499 0.000000
vt -146.546759 44.427599 0.000000
vt -146.546759 33.320700 0.000000
vt -146.546759 22.213800 0.000000
vt -146.546759 11.106900 0.000000
vt -146.546759 -0.000000 0.000000
vt -146.546759 -11.189027 0.000000
vt -146.546759 -22.213800 0.000000
vt -157.819587 -33.283475 0.000000
vt -157.819587 -44.498827 0.000000
vt -135.273932 66.641399 0.000000
vt -135.273932 55.534499 0.000000
vt -135.273932 44.427599 0.000000
vt -135.273932 33.320700 0.000000
vt -135.273932 22.213800 0.000000
vt -135.273932 11.106900 0.000000
vt -135.273932 -0.000000 0.000000
vt -135.273932 -11.187687 0.000000
vt -135.273932 -22.213800 0.000000
vt -146.546759 -33.284072 0.000000
vt -146.546759 -44.496733 0.000000
vt -124.001104 66.641399 0.000000
vt -124.001104 55.534499 0.000000
vt -124.001104 44.427599 0.000000
vt -124.001104 33.320700 0.000000
vt -124.001104 22.213800 0.000000
vt -124.001104 11.106900 0.000000
vt -124.001104 -0.000000 0.000000
vt -124.001104 -11.186348 0.000000
vt -124.001104 -22.213800 0.000000
vt -135.273932 -33.284669 0.000000
vt -135.273932 -44.494640 0.000000
vt -112.728276 66.641399 0.000000
vt -112.728276 55.534499 0.000000
vt -112.728276 44.427599 0.000000
vt -112.728276 33.320700 0.000000
vt -112.728276 22.213800 0.000000
vt -112.728276 11.106900 0.000000
vt -112.728276 -0.000000 0.000000
vt -112.728276 -11.185009 0.000000
vt -112.728276 -22.213800 0.000000
vt -124.001104 -33.285267 0.000000
vt -124.001104 -44.492546 0.000000
vt -101.455449 66.641399 0.000000
vt -101.455449 55.534499 0.000000
vt -101.455449 44.427599 0.000000
vt -101.455449 33.320700 0.000000
vt -101.455449 22.213800 0.000000
vt -101.455449 11.106900 0.000000
vt -101.455449 -0.000000 0.000000
vt -101.455449 -11.183670 0.000000
vt -101.455449 -22.213800 0.000000
vt -112.728276 -33.285864 0.000000
vt -112.728276 -44.490453 0.000000
vt -90.182621 66.641399 0.000000
vt -90.182621 55.534499 0.000000
vt -90.182621 44.427599 0.000000
vt -90.182621 33.320700 0.000000
vt -90.182621 22.213800 0.000000
vt -90.182621 11.106900 0.000000
vt -90.182621 -0.000000 0.000000
vt -90.182621 -11.182330 0.000000
vt -90.182621 -22.213800 0.000000
vt -101.455449 -33.286461 0.000000
vt -101.455449 -44.488359 0.000000
vt -78.909794 66.641399 0.000000
vt -78.909794 55.534499 0.000000
vt -78.909794 44.427599 0.000000
vt -78.909794 33.320700 0.000000
vt -78.909794 22.213800 0.000000
vt -78.909794 11.106900 0.000000
vt -78.909794 -0.000000 0.000000
vt -78.909794 -11.180991 0.000000
vt -78.909794 -22.213800 0.000000
vt -90.182621 -33.287059 0.000000
vt -90.182621 -44.486266 0.000000
vt -67.636966 66.641399 0.000000
vt -67.636966 55.534499 0.000000
vt -67.636966 44.427599 0.000000
vt -67.636966 33.320700 0.000000
vt -67.636966 22.213800 0.000000
vt -67.636966 11.106900 0.000000
vt -67.636966 -0.000000 0.000000
vt -67.636966 -11.179652 0.000000
vt -67.636966 -22.213800 0.000000
vt -78.909794 -33.287656 0.000000
vt -78.909794 -44.484172 0.000000
vt -56.364138 66.641399 0.000000
vt -56.364138 55.534499 0.000000
vt -56.364138 44.427599 0.000000
vt -56.364138 33.320700 0.000000
vt -56.364138 22.213800 0.000000
vt -56.364138 11.106900 0.000000
vt -56.364138 -0.000000 0.000000
vt -56.364138 -11.178313 0.000000
vt -56.364138 -22.213800 0.000000
vt -67.636966 -33.288253 0.000000
vt -67.636966 -44.482079 0.000000
vt -45.091311 66.641399 0.000000
vt -45.091311 55.534499 0.000000
vt -45.091311 44.427599 0.000000
vt -45.091311 33.320700 0.000000
vt -45.091311 22.213800 0.000000
vt -45.091311 11.106900 0.000000
vt -45.091311 -0.000000 0.000000
vt -45.091311 -11.176974 0.000000
vt -45.091311 -22.213800 0.000000
vt -56.364138 -33.288850 0.000000
vt -56.364138 -44.479985 0.000000
vt -33.818483 66.641399 0.000000
vt -33.818483 55.534499 0.000000
vt -33.818483 44.427599 0.000000
vt -33.818483 33.320700 0.000000
vt -33.818483 22.213800 0.000000
vt -33.818483 11.106900 0.000000
vt -33.818483 -0.000000 0.000000
vt -33.818483 -11.175634 0.000000
vt -33.818483 -22.213800 0.000000
vt -45.091311 -33.289448 0.000000
vt -45.091311 -44.477892 0.000000
vt -22.545655 66.641399 0.000000
vt -22.545655 55.534499 0.000000
vt -22.545655 44.427599 0.000000
vt -22.545655 33.320700 0.000000
vt -22.545655 22.213800 0.000000
vt -22.545655 11.106900 0.000000
vt -22.545655 -0.000000 0.000000
vt -22.545655 -11.174295 0.000000
vt -22.545655 -22.213800 0.000000
vt -33.818483 -33.290045 0.000000
vt -33.818483 -44.475798 0.000000
vt -11.272828 66.641399 0.000000
vt -11.272828 55.534499 0.000000
vt -11.272828 44.427599 0.000000
vt -11.272828 33.320700 0.000000
vt -11.272828 22.213800 0.000000
vt -11.272828 11.106900 0.000000
vt -11.272828 -0.000000 0.000000
vt -11.272828 -11.172956 0.000000
vt -11.272828 -22.213800 0.000000
vt -22.545655 -33.290642 0.000000
vt -22.545655 -44.473705 0.000000
vt 0.000000 66.641399 0.000000
vt 0.000000 55.534499 0.000000
vt 0.000000 44.427599 0.000000
vt 0.000000 33.320700 0.000000
vt 0.000000 22.213800 0.000000
vt 0.000000 11.106900 0.000000
vt 0.000000 -0.000000 0.000000
vt 0.000000 -11.171617 0.000000
vt 0.000000 -22.213800 0.000000
vt -11.272828 -33.291239 0.000000
vt -11.272828 -44.471611 0.000000
vt 11.272828 66.641399 0.000000
vt 11.272828 55.534499 0.000000
vt 11.272828 44.427599 0.000000
vt 11.272828 33.320700 0.000000
vt 11.272828 22.213800 0.000000
vt 11.272828 11.106900 0.000000
vt 11.272828 -0.000000 0.000000
vt 11.272828 -11.170278 0.000000
vt 11.272828 -22.213800 0.000000
vt 0.000000 -33.291837 0.000000
vt 0.000000 -44.469518 0.000000
vt 22.545655 66.641399 0.000000
vt 22.545655 55.534499 0.000000
vt 22.545655 44.427599 0.000000
vt 22.545655 33.320700 0.000000
vt 22.545655 22.213800 0.000000
vt 22.545655 11.106900 0.000000
vt 22.545655 -0.000000 0.000000
vt 22.545655 -11.168938 0.000000
vt 22.545655 -22.213800 0.000000
vt 11.272828 -33.292434 0.000000
vt 11.272828 -44.467424 0.000000
vt 33.818483 66.641399 0.000000
vt 33.818483 55.534499 0.000000
vt 33.818483 44.427599 0.000000
vt 33.818483 33.320700 0.000000
vt 33.818483 22.213800 0.000000
vt 33.818483 11.106900 0.000000
vt 33.818483 -0.000000 0.000000
vt 33.818483 -11.167599 0.000000
vt 33.818483 -22.213800 0.000000
vt 22.545655 -33.293031 0.000000
vt 22.545655 -44.465331 0.000000
vt 45.091311 66.641399 0.000000
vt 45.091311 55.534499 0.000000
vt 45.091311 44.427599 0.000000
vt 45.091311 33.320700 0.000000
vt 45.091311 22.213800 0.000000
vt 45.091311 11.106900 0.000000
vt 45.091311 -0.000000 0.000000
vt 45.091311 -11.166260 0.000000
vt 45.091311 -22.213800 0.000000
vt 33.818483 -33.293629 0.000000
vt 33.818483 -44.463237 0.000000
vt 56.364138 66.641399 0.000000
vt 56.364138 55.534499 0.000000
vt 56.364138 44.427599 0.000000
vt 56.364138 33.320700 0.000000
vt 56.364138 22.213800 0.000000
vt 56.364138 11.106900 0.000000
vt 56.364138 -0.000000 0.000000
vt 56.364138 -11.164921 0.000000
vt 56.364138 -22.213800 0.000000
vt 45.091311 -33.294226 0.000000
vt 45.091311 -44.461144 0.000000
vt 67.636966 66.641399 0.000000
vt 67.636966 55.534499 0.000000
vt 67.636966 44.427599 0.000000
vt 67.636966 33.320700 0.000000
vt 67.636966 22.213800 0.000000
vt 67.636966 11.106900 0.000000
vt 67.636966 -0.000000 0.000000
vt 67.636966 -11.163582 0.000000
vt 67.636966 -22.213800 0.000000
vt 56.364138 -33.294823 0.000000
vt 56.364138 -44.459051 0.000000
vt 78.909794 66.641399 0.000000
vt 78.909794 55.534499 0.000000
vt 78.909794 44.427599 0.000000
vt 78.909794 33.320700 0.000000
vt 78.909794 22.213800 0.000000
vt 78.909794 11.106900 0.000000
vt 78.909794 -0.000000 0.000000
vt 78.909794 -11.162242 0.000000
vt 78.909794 -22.213800 0.000000
vt 67.636966 -33.295420 0.000000
vt 67.636966 -44.456957 0.000000
vt 90.182621 66.641399 0.000000
vt 90.182621 55.534499 0.000000
vt 90.182621 44.427599 0.000000
vt 90.182621 33.320700 0.000000
vt 90.182621 22.213800 0.000000
vt 90.182621 11.106900 0.000000
vt 90.182621 -0.000000 0.000000
vt 90.182621 -11.160903 0.000000
vt 90.182621 -22.213800 0.000000
vt 78.909794 -33.296018 0.000000
vt 78.909794 -44.454864 0.000000
vt 101.455449 66.641399 0.000000
vt 101.455449 55.534499 0.000000
vt 101.455449 44.427599 0.000000
vt 101.455449 33.320700 0.000000
vt 101.455449 22.213800 0.000000
vt 101.455449 11.106900 0.000000
vt 101.455449 -0.000000 0.000000
vt 101.455449 -11.159564 0.000000
vt 101.455449 -22.213800 0.000000
vt 90.182621 -33.296615 0.000000
vt 90.182621 -44.452770 0.000000
vt 112.728276 66.641399 0.000000
vt 112.728276 55.534499 0.000000
vt 112.728276 44.427599 0.000000
vt 112.728276 33.320700 0.000000
vt 112.728276 22.213800 0.000000
vt 112.728276 11.106900 0.000000
vt 112.728276 -0.000000 0.000000
vt 112.728276 -11.158225 0.000000
vt 112.728276 -22.213800 0.000000
vt 101.455449 -33.297212 0.000000
vt 101.455449 -44.450677 0.000000
vt 124.001104 66.641399 0.000000
vt 124.001104 55.534499 0.000000
vt 124.001104 44.427599 0.000000
vt 124.001104 33.320700 0.000000
vt 124.001104 22.213800 0.000000
vt 124.001104 11.106900 0.000000
vt 124.001104 -0.000000 0.000000
vt 124.001104 -11.156886 0.000000
vt 124.001104 -22.213800 0.000000
vt 112.728276 -33.297809 0.000000
vt 112.728276 -44.448583 0.000000
vt 135.273932 66.641399 0.000000
vt 135.273932 55.534499 0.000000
vt 135.273932 44.427599 0.000000
vt 135.273932 33.320700 0.000000
vt 135.273932 22.213800 0.000000
vt 135.273932 11.106900 0.000000
vt 135.273932 -0.000000 0.000000
vt 135.273932 -11.155546 0.000000
vt 135.273932 -22.213800 0.000000
vt 124.001104 -33.298407 0.000000
vt 124.001104 -44.446490 0.000000
vt 146.546759 66.641399 0.000000
vt 146.546759 55.534499 0.000000
vt 146.546759 44.427599 0.000000
vt 146.546759 33.320700 0.000000
vt 146.546759 22.213800 0.000000
vt 146.546759 11.106900 0.000000
vt 146.546759 -0.000000 0.000000
vt 146.546759 -11.154207 0.000000
vt 146.546759 -22.213800 0.000000
vt 135.273932 -33.299004 0.000000
vt 135.273932 -44.444396 0.000000
vt 157.819587 66.641399 0.000000
vt 157.819587 55.534499 0.000000
vt 157.819587 44.427599 0.000000
vt 157.819587 33.320700 0.000000
vt 157.819587 22.213800 0.000000
vt 157.819587 11.106900 0.000000
vt 157.819587 -0.000000 0.000000
vt 157.819587 -11.152868 0.000000
vt 157.819587 -22.213800 0.000000
vt 146.546759 -33.299601 0.000000
vt 146.546759 -44.442303 0.000000
vt 169.092415 66.641399 0.000000
vt 169.092415 55.534499 0.000000
vt 169.092415 44.427599 0.000000
vt 169.092415 33.320700 0.000000
vt 169.092415 22.213800 0.000000
vt 169.092415 11.106900 0.000000
vt 169.092415 -0.000000 0.000000
vt 169.092415 -11.151529 0.000000
vt 169.092415 -22.213800 0.000000
vt 157.819587 -33.300198 0.000000
vt 157.819587 -44.440209 0.000000
vt 180.365242 66.641399 0.000000
vt 180.365242 55.534499 0.000000
vt 180.365242 44.427599 0.000000
vt 180.365242 33.320700 0.000000
vt 180.365242 22.213800 0.000000
vt 180.365242 11.106900 0.000000
vt 180.365242 -0.000000 0.000000
vt 180.365242 -11.150189 0.000000
vt 180.365242 -22.213800 0.000000
vt 169.092415 -33.300796 0.000000
vt 169.092415 -44.438116 0.000000
vt 191.638070 66.641399 0.000000
vt 191.638070 55.534499 0.000000
vt 191.638070 44.427599 0.000000
vt 191.638070 33.320700 0.000000
vt 191.638070 22.213800 0.000000
vt 191.638070 11.106900 0.000000
vt 191.638070 -0.000000 0.000000
vt 191.638070 -11.148850 0.000000
vt 191.638070 -22.213800 0.000000
vt 180.365242 -33.301393 0.000000
vt 180.365242 -44.436022 0.000000
vt 202.910898 66.641399 0.000000
vt 202.910898 55.534499 0.000000
vt 202.910898 44.427599 0.000000
vt 202.910898 33.320700 0.000000
vt 202.910898 22.213800 0.000000
vt 202.910898 11.106900 0.000000
vt 202.910898 -0.000000 0.000000
vt 202.910898 -11.147511 0.000000
vt 202.910898 -22.213800 0.000000
vt 191.638070 -33.301990 0.000000
vt 191.638070 -44.433929 0.000000
vt 214.183725 66.641399 0.000000
vt 214.183725 55.534499 0.000000
vt 214.183725 44.427599 0.000000
vt 214.183725 33.320700 0.000000
vt 214.183725 22.213800 0.000000
vt 214.183725 11.106900 0.000000
vt 214.183725 -0.000000 0.000000
vt 214.183725 -11.146172 0.000000
vt 214.183725 -22.213800 0.000000
vt 202.910898 -33.302588 0.000000
vt 202.910898 -44.431835 0.000000
vt 225.456553 66.641399 0.000000
vt 225.456553 55.534499 0.000000
vt 225.456553 44.427599 0.000000
vt 225.456553 33.320700 0.000000
vt 225.456553 22.213800 0.000000
vt 225.456553 11.106900 0.000000
vt 225.456553 -0.000000 0.000000
vt 225.456553 -11.144833 0.000000
vt 225.456553 -22.213800 0.000000
vt 214.183725 -33.303185 0.000000
vt 214.183725 -44.429742 0.000000
vt 236.729381 66.641399 0.000000
vt 236.729381 55.534499 0.000000
vt 236.729381 44.427599 0.000000
vt 236.729381 33.320700 0.000000
vt 236.729381 22.213800 0.000000
vt 236.729381 11.106900 0.000000
vt 236.729381 -0.000000 0.000000
vt 236.729381 -11.143493 0.000000
vt 236.729381 -22.213800 0.000000
vt 225.456553 -33.303782 0.000000
vt 225.456553 -44.427648 0.000000
vt 248.002208 66.641399 0.000000
vt 248.002208 55.534499 0.000000
vt 248.002208 44.427599 0.000000
vt 248.002208 33.320700 0.000000
vt 248.002208 22.213800 0.000000
vt 248.002208 11.106900 0.000000
vt 248.002208 -0.000000 0.000000
vt 248.002208 -11.142154 0.000000
vt 248.002208 -22.213800 0.000000
vt 236.729381 -33.304379 0.000000
vt 236.729381 -44.425555 0.000000
vt 259.275036 66.641399 0.000000
vt 259.275036 55.534499 0.000000
vt 259.275036 44.427599 0.000000
vt 259.275036 33.320700 0.000000
vt 259.275036 22.213800 0.000000
vt 259.275036 11.106900 0.000000
vt 259.275036 -0.000000 0.000000
vt 259.275036 -11.140815 0.000000
vt 259.275036 -22.213800 0.000000
vt 248.002208 -33.304977 0.000000
vt 248.002208 -44.423461 0.000000
vt 270.547864 66.641399 0.000000
vt 270.547864 55.534499 0.000000
vt 270.547864 44.427599 0.000000
vt 270.547864 33.320700 0.000000
vt 270.547864 22.213800 0.000000
vt 270.547864 11.106900 0.000000
vt 270.547864 -0.000000 0.000000
vt 270.547864 -11.139476 0.000000
vt 270.547864 -22.213800 0.000000
vt 259.275036 -33.305574 0.000000
vt 259.275036 -44.421368 0.000000
vt 281.820691 66.641399 0.000000
vt 281.820691 55.534499 0.000000
vt 281.820691 44.427599 0.000000
vt 281.820691 33.320700 0.000000
vt 281.820691 22.213800 0.000000
vt 281.820691 11.106900 0.000000
vt 281.820691 -0.000000 0.000000
vt 281.820691 -11.138137 0.000000
vt 281.820691 -22.213800 0.000000
vt 270.547864 -33.306171 0.000000
vt 270.547864 -44.419274 0.000000
vt 293.093519 66.641399 0.000000
vt 293.093519 55.534499 0.000000
vt 293.093519 44.427599 0.000000
vt 293.093519 33.320700 0.000000
vt 293.093519 22.213800 0.000000
vt 293.093519 11.106900 0.000000
vt 293.093519 -0.000000 0.000000
vt 293.093519 -11.136797 0.000000
vt 293.093519 -22.213800 0.000000
vt 281.820691 -33.306768 0.000000
vt 281.820691 -44.417181 0.000000
vt 304.366347 66.641399 0.000000
vt 304.366347 55.534499 0.000000
vt 304.366347 44.427599 0.000000
vt 304.366347 33.320700 0.000000
vt 304.366347 22.213800 0.000000
vt 304.366347 11.106900 0.000000
vt 304.366347 -0.000000 0.000000
vt 304.366347 -11.135458 0.000000
vt 304.366347 -22.213800 0.000000
vt 293.093519 -33.307366 0.000000
vt 293.093519 -44.415087 0.000000
vt 315.639174 66.641399 0.000000
vt 315.639174 55.534499 0.000000
vt 315.639174 44.427599 0.000000
vt 315.639174 33.320700 0.000000
vt 315.639174 22.213800 0.000000
vt 315.639174 11.106900 0.000000
vt 315.639174 -0.000000 0.000000
vt 315.639174 -11.134119 0.000000
vt 315.639174 -22.213800 0.000000
vt 304.366347 -33.307963 0.000000
vt 304.366347 -44.412994 0.000000
vt 326.912002 66.641399 0.000000
vt 326.912002 55.534499 0.000000
vt 326.912002 44.427599 0.000000
vt 326.912002 33.320700 0.000000
vt 326.912002 22.213800 0.000000
vt 326.912002 11.106900 0.000000
vt 326.912002 -0.000000 0.000000
vt 326.912002 -11.132780 0.000000
vt 326.912002 -22.213800 0.000000
vt 315.639174 -33.308560 0.000000
vt 315.639174 -44.410901 0.000000
vt 338.184829 66.641399 0.000000
vt 338.184829 55.534499 0.000000
vt 338.184829 44.427599 0.000000
vt 338.184829 33.320700 0.000000
vt 338.184829 22.213800 0.000000
vt 338.184829 11.106900 0.000000
vt 338.184829 -0.000000 0.000000
vt 338.184829 -11.131441 0.000000
vt 338.184829 -22.213800 0.000000
vt 326.912002 -33.309158 0.000000
vt 326.912002 -44.408807 0.000000
vt 349.457657 66.641399 0.000000
vt 349.457657 55.534499 0.000000
vt 349.457657 44.427599 0.000000
vt 349.457657 33.320700 0.000000
vt 349.457657 22.213800 0.000000
vt 349.457657 11.106900 0.000000
vt 349.457657 -0.000000 0.000000
vt 349.457657 -11.130101 0.000000
vt 349.457657 -22.213800 0.000000
vt 338.184829 -33.309755 0.000000
vt 338.184829 -44.406714 0.000000
vt 360.730485 66.641399 0.000000
vt 360.730485 55.534499 0.000000
vt 360.730485 44.427599 0.000000
vt 360.730485 33.320700 0.000000
vt 360.730485 22.213800 0.000000
vt 360.730485 11.106900 0.000000
vt 360.730485 -0.000000 0.000000
vt 360.730485 -11.128762 0.000000
vt 360.730485 -22.213800 0.000000
vt 349.457657 -33.310352 0.000000
vt 349.457657 -44.404620 0.000000
vt 372.003312 66.641399 0.000000
vt 372.003312 55.534499 0.000000
vt 372.003312 44.427599 0.000000
vt 372.003312 33.320700 0.000000
vt 372.003312 22.213800 0.000000
vt 372.003312 11.106900 0.000000
vt 372.003312 -0.000000 0.000000
vt 372.003312 -11.127423 0.000000
vt 372.003312 -22.213800 0.000000
vt 360.730485 -33.310949 0.000000
vt 360.730485 -44.402527 0.000000
vt 383.276140 66.641399 0.000000
vt 383.276140 55.534499 0.000000
vt 383.276140 44.427599 0.000000
vt 383.276140 33.320700 0.000000
vt 383.276140 22.213800 0.000000
vt 383.276140 11.106900 0.000000
vt 383.276140 -0.000000 0.000000
vt 383.276140 -11.126084 0.000000
vt 383.276140 -22.213800 0.000000
vt 372.003312 -33.311547 0.000000
vt 372.003312 -44.400433 0.000000
vt 394.548968 66.641399 0.000000
vt 394.548968 55.534499 0.000000
vt 394.548968 44.427599 0.000000
vt 394.548968 33.320700 0.000000
vt 394.548968 22.213800 0.000000
vt 394.548968 11.106900 0.000000
vt 394.548968 -0.000000 0.000000
vt 394.548968 -11.124745 0.000000
vt 394.548968 -22.213800 0.000000
vt 383.276140 -33.312144 0.000000
vt 383.276140 -44.398340 0.000000
vt 405.821795 66.641399 0.000000
vt 405.821795 55.534499 0.000000
vt 405.821795 44.427599 0.000000
vt 405.821795 33.320700 0.000000
vt 405.821795 22.213800 0.000000
vt 405.821795 11.106900 0.000000
vt 405.821795 -0.000000 0.000000
vt 405.821795 -11.123405 0.000000
vt 405.821795 -22.213800 0.000000
vt 394.548968 -33.312741 0.000000
vt 394.548968 -44.396246 0.000000
vt 417.094623 66.641399 0.000000
vt 417.094623 55.534499 0.000000
vt 417.094623 44.427599 0.000000
vt 417.094623 33.320700 0.000000
vt 417.094623 22.213800 0.000000
vt 417.094623 11.106900 0.000000
vt 417.094623 -0.000000 0.000000
vt 417.094623 -11.122066 0.000000
vt 417.094623 -22.213800 0.000000
vt 405.821795 -33.313338 0.000000
vt 405.821795 -44.394153 0.000000
vt 428.367451 66.641399 0.000000
vt 428.367451 55.534499 0.000000
vt 428.367451 44.427599 0.000000
vt 428.367451 33.320700 0.000000
vt 428.367451 22.213800 0.000000
vt 428.367451 11.106900 0.000000
vt 428.367451 -0.000000 0.000000
vt 428.367451 -11.120727 0.000000
vt 428.367451 -22.213800 0.000000
vt 417.094623 -33.313936 0.000000
vt 417.094623 -44.392059 0.000000
vt 439.640278 66.641399 0.000000
vt 439.640278 55.534499 0.000000
vt 439.640278 44.427599 0.000000
vt 439.640278 33.320700 0.000000
vt 439.640278 22.213800 0.000000
vt 439.640278 11.106900 0.000000
vt 439.640278 -0.000000 0.000000
vt 439.640278 -11.119388 0.000000
vt 439.640278 -22.213800 0.000000
vt 428.367451 -33.314533 0.000000
vt 428.367451 -44.389966 0.000000
vt 450.913106 66.641399 0.000000
vt 450.913106 55.534499 0.000000
vt 450.913106 44.427599 0.000000
vt 450.913106 33.320700 0.000000
vt 450.913106 22.213800 0.000000
vt 450.913106 11.106900 0.000000
vt 450.913106 -0.000000 0.000000
vt 450.913106 -11.118048 0.000000
vt 450.913106 -22.213800 0.000000
vt 439.640278 -33.315130 0.000000
vt 439.640278 -44.387872 0.000000
vt 462.185934 66.641399 0.000000
vt 462.185934 55.534499 0.000000
vt 462.185934 44.427599 0.000000
vt 462.185934 33.320700 0.000000
vt 462.185934 22.213800 0.000000
vt 462.185934 11.106900 0.000000
vt 462.185934 -0.000000 0.000000
vt 462.185934 -11.116709 0.000000
vt 462.185934 -22.213800 0.000000
vt 450.913106 -33.315727 0.000000
vt 450.913106 -44.385779 0.000000
vt 473.458761 66.641399 0.000000
vt 473.458761 55.534499 0.000000
vt 473.458761 44.427599 0.000000
vt 473.458761 33.320700 0.000000
vt 473.458761 22.213800 0.000000
vt 473.458761 11.106900 0.000000
vt 473.458761 -0.000000 0.000000
vt 473.458761 -11.115370 0.000000
vt 473.458761 -22.213800 0.000000
vt 462.185934 -33.316325 0.000000
vt 462.185934 -44.383685 0.000000
vt 484.731589 66.641399 0.000000
vt 484.731589 55.534499 0.000000
vt 484.731589 44.427599 0.000000
vt 484.731589 33.320700 0.000000
vt 484.731589 22.213800 0.000000
vt 484.731589 11.106900 0.000000
vt 484.731589 -0.000000 0.000000
vt 484.731589 -11.114031 0.000000
vt 484.731589 -22.213800 0.000000
vt 473.458761 -33.316922 0.000000
vt 473.458761 -44.381592 0.000000
vt -462.185934 -22.213800 0.000000
vt -462.185934 -33.320700 0.000000
vt -450.913106 -22.213800 0.000000
vt 68.757544 0.010000 0.000000
vt 58.935038 0.010000 0.000000
vt 68.757544 -0.010000 0.000000
vt 58.935038 -0.010000 0.000000
vt 49.112532 0.010000 0.000000
vt 49.112532 -0.010000 0.000000
vt 39.290025 0.010000 0.000000
vt 39.290025 -0.010000 0.000000
vt 29.467519 0.010000 0.000000
vt 29.467519 -0.010000 0.000000
vt 19.645013 0.010000 0.000000
vt 19.645013 -0.010000 0.000000
vt 9.822506 0.010000 0.000000
vt 9.822506 -0.010000 0.000000
vt 0.000000 0.010000 0.000000
vt 0.000000 -0.010000 0.000000
vt 9.495835 0.010000 0.000000
vt 0.000000 0.010000 0.000000
vt 9.495835 -0.010000 0.000000
vt 0.000000 -0.010000 0.000000
vt 66.952380 0.010000 0.000000
vt 55.793650 0.010000 0.000000
vt 66.952380 -0.010000 0.000000
vt 55.793650 -0.010000 0.000000
vt 44.634920 0.010000 0.000000
vt 44.634920 -0.010000 0.000000
vt 33.476190 0.010000 0.000000
vt 33.476190 -0.010000 0.000000
vt 22.317460 0.010000 0.000000
vt 22.317460 -0.010000 0.000000
vt 11.158730 0.010000 0.000000
vt 11.158730 -0.010000 0.000000
vt 0.000000 0.010000 0.000000
vt 0.000000 -0.010000 0.000000
vt 11.964530 0.010000 0.000000
vt 5.982265 0.010000 0.000000
vt 11.964530 -0.010000 0.000000
vt 5.982265 -0.010000 0.000000
vt 0.000000 0.010000 0.000000
vt 0.000000 -0.010000 0.000000
vt 76.822441 0.010000 0.000000
vt 65.847807 0.010000 0.000000
vt 76.822441 -0.010000 0.000000
vt 65.847807 -0.010000 0.000000
vt 54.873172 0.010000 0.000000
vt 54.873172 -0.010000 0.000000
vt 43.898538 0.010000 0.000000
vt 43.898538 -0.010000 0.000000
vt 32.923903 0.010000 0.000000
vt 32.923903 -0.010000 0.000000
vt 21.949269 0.010000 0.000000
vt 21.949269 -0.010000 0.000000
vt 10.974634 0.010000 0.000000
vt 10.974634 -0.010000 0.000000
vt 0.000000 0.010000 0.000000
vt 0.000000 -0.010000 0.000000
vt 16.406052 0.010000 0.000000
vt 8.203026 0.010000 0.000000
vt 16.406052 -0.010000 0.000000
vt 8.203026 -0.010000 0.000000
vt 0.000000 0.010000 0.000000
vt -0.000000 -0.010000 0.000000
vt 29.325790 0.010000 0.000000
vt 19.550527 0.010000 0.000000
vt 29.325790 -0.010000 0.000000
vt 19.550527 -0.010000 0.000000
vt 9.775263 0.010000 0.000000
vt 9.775263 -0.010000 0.000000
vt 0.000000 0.010000 0.000000
vt 0.000000 -0.010000 0.000000
vt 1069.887200 0.010000 0.000000
vt 1058.625230 0.010000 0.000000
vt 1069.887200 -0.010000 0.000000
vt 1058.625230 -0.010000 0.000000
vt 1047.363259 0.010000 0.000000
vt 1047.363259 -0.010000 0.000000
vt 1036.101289 0.010000 0.000000
vt 1036.101289 -0.010000 0.000000
vt 1024.839318 0.010000 0.000000
vt 1024.839318 -0.010000 0.000000
vt 1013.577347 0.010000 0.000000
vt 1013.577347 -0.010000 0.000000
vt 1002.315377 0.010000 0.000000
vt 1002.315377 -0.010000 0.000000
vt 991.053406 0.010000 0.000000
vt 991.053406 -0.010000 0.000000
vt 979.791436 0.010000 0.000000
vt 979.791436 -0.010000 0.000000
vt 968.529465 0.010000 0.000000
vt 968.529465 -0.010000 0.000000
vt 957.267495 0.010000 0.000000
vt 957.267495 -0.010000 0.000000
vt 946.005524 0.010000 0.000000
vt 946.005524 -0.010000 0.000000
vt 934.743554 0.010000 0.000000
vt 934.743554 -0.010000 0.000000
vt 923.481583 0.010000 0.000000
vt 923.481583 -0.010000 0.000000
vt 912.219613 0.010000 0.000000
vt 912.219613 -0.010000 0.000000
vt 900.957642 0.010000 0.000000
vt 900.957642 -0.010000 0.000000
vt 889.695672 0.010000 0.000000
vt 889.695672 -0.010000 0.000000
vt 878.433701 0.010000 0.000000
vt 878.433701 -0.010000 0.000000
vt 867.171731 0.010000 0.000000
vt 867.171731 -0.010000 0.000000
vt 855.909760 0.010000 0.000000
vt 855.909760 -0.010000 0.000000
vt 844.647790 0.010000 0.000000
vt 844.647790 -0.010000 0.000000
vt 833.385819 0.010000 0.000000
vt 833.385819 -0.010000 0.000000
vt 822.123848 0.010000 0.000000
vt 822.123848 -0.010000 0.000000
vt 810.861878 0.010000 0.000000
vt 810.861878 -0.010000 0.000000
vt 799.599907 0.010000 0.000000
vt 799.599907 -0.010000 0.000000
vt 788.337937 0.010000 0.000000
vt 788.337937 -0.010000 0.000000
vt 777.075966 0.010000 0.000000
vt 777.075966 -0.010000 0.000000
vt 765.813996 0.010000 0.000000
vt 765.813996 -0.010000 0.000000
vt 754.552025 0.010000 0.000000
vt 754.552025 -0.010000 0.000000
vt 743.290055 0.010000 0.000000
vt 743.290055 -0.010000 0.000000
vt 732.028084 0.010000 0.000000
vt 732.028084 -0.010000 0.000000
vt 720.766114 0.010000 0.000000
vt 720.766114 -0.010000 0.000000
vt 709.504143 0.010000 0.000000
vt 709.504143 -0.010000 0.000000
vt 698.242173 0.010000 0.000000
vt 698.242173 -0.010000 0.000000
vt 686.980202 0.010000 0.000000
vt 686.980202 -0.010000 0.000000
vt 675.718232 0.010000 0.000000
vt 675.718232 -0.010000 0.000000
vt 664.456261 0.010000 0.000000
vt 664.456261 -0.010000 0.000000
vt 653.194291 0.010000 0.000000
vt 653.194291 -0.010000 0.000000
vt 641.932320 0.010000 0.000000
vt 641.932320 -0.010000 0.000000
vt 630.670350 0.010000 0.000000
vt 630.670350 -0.010000 0.000000
vt 619.408379 0.010000 0.000000
vt 619.408379 -0.010000 0.000000
vt 608.146408 0.010000 0.000000
vt 608.146408 -0.010000 0.000000
vt 596.884438 0.010000 0.000000
vt 596.884438 -0.010000 0.000000
vt 585.622467 0.010000 0.000000
vt 585.622467 -0.010000 0.000000
vt 574.360497 0.010000 0.000000
vt 574.360497 -0.010000 0.000000
vt 563.098526 0.010000 0.000000
vt 563.098526 -0.010000 0.000000
vt 551.836556 0.010000 0.000000
vt 551.836556 -0.010000 0.000000
vt 540.574585 0.010000 0.000000
vt 540.574585 -0.010000 0.000000
vt 529.312615 0.010000 0.000000
vt 529.312615 -0.010000 0.000000
vt 518.050644 0.010000 0.000000
vt 518.050644 -0.010000 0.000000
vt 506.788674 0.010000 0.000000
vt 506.788674 -0.010000 0.000000
vt 495.526703 0.010000 0.000000
vt 495.526703 -0.010000 0.000000
vt 484.264733 0.010000 0.000000
vt 484.264733 -0.010000 0.000000
vt 473.002762 0.010000 0.000000
vt 473.002762 -0.010000 0.000000
vt 461.740792 0.010000 0.000000
vt 461.740792 -0.010000 0.000000
vt 450.478821 0.010000 0.000000
vt 450.478821 -0.010000 0.000000
vt 439.216851 0.010000 0.000000
vt 439.216851 -0.010000 0.000000
vt 427.954880 0.010000 0.000000
vt 427.954880 -0.010000 0.000000
vt 416.692910 0.010000 0.000000
vt 416.692910 -0.010000 0.000000
vt 405.430939 0.010000 0.000000
vt 405.430939 -0.010000 0.000000
vt 394.168968 0.010000 0.000000
vt 394.168968 -0.010000 0.000000
vt 382.906998 0.010000 0.000000
vt 382.906998 -0.010000 0.000000
vt 371.645027 0.010000 0.000000
vt 371.645027 -0.010000 0.000000
vt 360.383057 0.010000 0.000000
vt 360.383057 -0.010000 0.000000
vt 349.121086 0.010000 0.000000
vt 349.121086 -0.010000 0.000000
vt 337.859116 0.010000 0.000000
vt 337.859116 -0.010000 0.000000
vt 326.597145 0.010000 0.000000
vt 326.597145 -0.010000 0.000000
vt 315.335175 0.010000 0.000000
vt 315.335175 -0.010000 0.000000
vt 304.073204 0.010000 0.000000
vt 304.073204 -0.010000 0.000000
vt 292.811234 0.010000 0.000000
vt 292.811234 -0.010000 0.000000
vt 281.549263 0.010000 0.000000
vt 281.549263 -0.010000 0.000000
vt 270.287293 0.010000 0.000000
vt 270.287293 -0.010000 0.000000
vt 259.025322 0.010000 0.000000
vt 259.025322 -0.010000 0.000000
vt 247.763352 0.010000 0.000000
vt 247.763352 -0.010000 0.000000
vt 236.501381 0.010000 0.000000
vt 236.501381 -0.010000 0.000000
vt 225.239411 0.010000 0.000000
vt 225.239411 -0.010000 0.000000
vt 213.977440 0.010000 0.000000
vt 213.977440 -0.010000 0.000000
vt 202.715469 0.010000 0.000000
vt 202.715469 -0.010000 0.000000
vt 191.453499 0.010000 0.000000
vt 191.453499 -0.010000 0.000000
vt 180.191528 0.010000 0.000000
vt 180.191528 -0.010000 0.000000
vt 168.929558 0.010000 0.000000
vt 168.929558 -0.010000 0.000000
vt 157.667587 0.010000 0.000000
vt 157.667587 -0.010000 0.000000
vt 146.405617 0.010000 0.000000
vt 146.405617 -0.010000 0.000000
vt 135.143646 0.010000 0.000000
vt 135.143646 -0.010000 0.000000
vt 123.881676 0.010000 0.000000
vt 123.881676 -0.010000 0.000000
vt 112.619705 0.010000 0.000000
vt 112.619705 -0.010000 0.000000
vt 101.357735 0.010000 0.000000
vt 101.357735 -0.010000 0.000000
vt 90.095764 0.010000 0.000000
vt 90.095764 -0.010000 0.000000
vt 78.833794 0.010000 0.000000
vt 78.833794 -0.010000 0.000000
vt 67.571823 0.010000 0.000000
vt 67.571823 -0.010000 0.000000
vt 56.309853 0.010000 0.000000
vt 56.309853 -0.010000 0.000000
vt 45.047882 0.010000 0.000000
vt 45.047882 -0.010000 0.000000
vt 33.785912 0.010000 0.000000
vt 33.785912 -0.010000 0.000000
vt 22.523941 0.010000 0.000000
vt 22.523941 -0.010000 0.000000
vt 11.261971 0.010000 0.000000
vt 11.261971 -0.010000 0.000000
vt 0.000000 0.010000 0.000000
vt 0.000000 -0.010000 0.000000
vt 244.351797 0.010000 0.000000
vt 233.244897 0.010000 0.000000
vt 244.351797 -0.010000 0.000000
vt 233.244897 -0.010000 0.000000
vt 222.137997 0.010000 0.000000
vt 222.137997 -0.010000 0.000000
vt 211.031097 0.010000 0.000000
vt 211.031097 -0.010000 0.000000
vt 199.924198 0.010000 0.000000
vt 199.924198 -0.010000 0.000000
vt 188.817298 0.010000 0.000000
vt 188.817298 -0.010000 0.000000
vt 177.710398 0.010000 0.000000
vt 177.710398 -0.010000 0.000000
vt 166.603498 0.010000 0.000000
vt 166.603498 -0.010000 0.000000
vt 155.496598 0.010000 0.000000
vt 155.496598 -0.010000 0.000000
vt 144.389698 0.010000 0.000000
vt 144.389698 -0.010000 0.000000
vt 133.282798 0.010000 0.000000
vt 133.282798 -0.010000 0.000000
vt 122.175899 0.010000 0.000000
vt 122.175899 -0.010000 0.000000
vt 111.068999 0.010000 0.000000
vt 111.068999 -0.010000 0.000000
vt 99.962099 0.010000 0.000000
vt 99.962099 -0.010000 0.000000
vt 88.855199 0.010000 0.000000
vt 88.855199 -0.010000 0.000000
vt 77.748299 0.010000 0.000000
vt 77.748299 -0.010000 0.000000
vt 66.641399 0.010000 0.000000
vt 66.641399 -0.010000 0.000000
vt 55.534499 0.010000 0.000000
vt 55.534499 -0.010000 0.000000
vt 44.427599 0.010000 0.000000
vt 44.427599 -0.010000 0.000000
vt 33.320700 0.010000 0.000000
vt 33.320700 -0.010000 0.000000
vt 22.213800 0.010000 0.000000
vt 22.213800 -0.010000 0.000000
vt 11.106900 0.010000 0.000000
vt 11.106900 -0.010000 0.000000
vt 0.000000 0.010000 0.000000
vt 0.000000 -0.010000 0.000000
vt 39.999178 0.010000 0.000000
vt 29.999383 0.010000 0.000000
vt 39.999178 -0.010000 0.000000
vt 29.999383 -0.010000 0.000000
vt 19.999589 0.010000 0.000000
vt 19.999589 -0.010000 0.000000
vt 9.999794 0.010000 0.000000
vt 9.999794 -0.010000 0.000000
vt 0.000000 0.010000 0.000000
vt 0.000000 -0.010000 0.000000
vt 49.818295 0.010000 0.000000
vt 39.854636 0.010000 0.000000
vt 49.818295 -0.010000 0.000000
vt 39.854636 -0.010000 0.000000
vt 29.890977 0.010000 0.000000
vt 29.890977 -0.010000 0.000000
vt 19.927318 0.010000 0.000000
vt 19.927318 -0.010000 0.000000
vt 9.963659 0.010000 0.000000
vt 9.963659 -0.010000 0.000000
vt 0.000000 0.010000 0.000000
vt 0.000000 -0.010000 0.000000
vt 49.736221 0.010000 0.000000
vt 39.788976 0.010000 0.000000
vt 49.736221 -0.010000 0.000000
vt 39.788976 -0.010000 0.000000
vt 29.841732 0.010000 0.000000
vt 29.841732 -0.010000 0.000000
vt 19.894488 0.010000 0.000000
vt 19.894488 -0.010000 0.000000
vt 9.947244 0.010000 0.000000
vt 9.947244 -0.010000 0.000000
vt 0.000000 0.010000 0.000000
vt 0.000000 -0.010000 0.000000
vt 49.655819 0.010000 0.000000
vt 39.724655 0.010000 0.000000
vt 49.655819 -0.010000 0.000000
vt 39.724655 -0.010000 0.000000
vt 29.793492 0.010000 0.000000
vt 29.793492 -0.010000 0.000000
vt 19.862328 0.010000 0.000000
vt 19.862328 -0.010000 0.000000
vt 9.931164 0.010000 0.000000
vt 9.931164 -0.010000 0.000000
vt 0.000000 0.010000 0.000000
vt 0.000000 -0.010000 0.000000
vt 0.300587 0.010000 0.000000
vt 0.000000 0.010000 0.000000
vt 0.300587 -0.010000 0.000000
vt 0.000000 -0.010000 0.000000
vt 0.300587 0.010000 0.000000
vt 0.000000 0.010000 0.000000
vt 0.300587 -0.010000 0.000000
vt 0.000000 -0.010000 0.000000
vt 0.300587 0.010000 0.000000
vt 0.000000 0.010000 0.000000
vt 0.300587 -0.010000 0.000000
vt 0.000000 -0.010000 0.000000
vt 0.300587 0.010000 0.000000
vt 0.000000 0.010000 0.000000
vt 0.300587 -0.010000 0.000000
vt 0.000000 -0.010000 0.000000
vt 0.300587 0.010000 0.000000
vt 0.000000 0.010000 0.000000
vt 0.300587 -0.010000 0.000000
vt 0.000000 -0.010000 0.000000
vt 0.300587 0.010000 0.000000
vt 0.000000 0.010000 0.000000
vt 0.300587 -0.010000 0.000000
vt 0.000000 -0.010000 0.000000
vt 0.300587 0.010000 0.000000
vt 0.000000 0.010000 0.000000
vt 0.300587 -0.010000 0.000000
vt 0.000000 -0.010000 0.000000
vt 0.300587 0.010000 0.000000
vt 0.000000 0.010000 0.000000
vt 0.300587 -0.010000 0.000000
vt 0.000000 -0.010000 0.000000
vt 0.300587 0.010000 0.000000
vt 0.000000 0.010000 0.000000
vt 0.300587 -0.010000 0.000000
vt 0.000000 -0.010000 0.000000
vt 0.300587 0.010000 0.000000
vt 0.000000 0.010000 0.000000
vt 0.300587 -0.010000 0.000000
vt 0.000000 -0.010000 0.000000
vt 0.300587 0.010000 0.000000
vt 0.000000 0.010000 0.000000
vt 0.300587 -0.010000 0.000000
vt 0.000000 -0.010000 0.000000
vt 0.300587 0.010000 0.000000
vt 0.000000 0.010000 0.000000
vt 0.300587 -0.010000 0.000000
vt 0.000000 -0.010000 0.000000
vt 0.300587 0.010000 0.000000
vt 0.000000 0.010000 0.000000
vt 0.300587 -0.010000 0.000000
vt 0.000000 -0.010000 0.000000
vt 0.300587 0.010000 0.000000
vt 0.000000 0.010000 0.000000
vt 0.300587 -0.010000 0.000000
vt 0.000000 -0.010000 0.000000
vt 0.300587 0.010000 0.000000
vt 0.000000 0.010000 0.000000
vt 0.300587 -0.010000 0.000000
vt 0.000000 -0.010000 0.000000
vt 0.300587 0.010000 0.000000
vt 0.000000 0.010000 0.000000
vt 0.300587 -0.010000 0.000000
vt 0.000000 -0.010000 0.000000
vt 0.300587 0.010000 0.000000
vt 0.000000 0.010000 0.000000
vt 0.300587 -0.010000 0.000000
vt 0.000000 -0.010000 0.000000
vt 0.300587 0.010000 0.000000
vt 0.000000 0.010000 0.000000
vt 0.300587 -0.010000 0.000000
vt 0.000000 -0.010000 0.000000
vt 0.300587 0.010000 0.000000
vt 0.000000 0.010000 0.000000
vt 0.300587 -0.010000 0.000000
vt 0.000000 -0.010000 0.000000
vt 0.300587 0.010000 0.000000
vt 0.000000 0.010000 0.000000
vt 0.300587 -0.010000 0.000000
vt 0.000000 -0.010000 0.000000
vt 0.300587 0.010000 0.000000
vt 0.000000 0.010000 0.000000
vt 0.300587 -0.010000 0.000000
vt 0.000000 -0.010000 0.000000
vt 0.300587 0.010000 0.000000
vt 0.000000 0.010000 0.000000
vt 0.300587 -0.010000 0.000000
vt 0.000000 -0.010000 0.000000
vt 0.300587 0.010000 0.000000
vt 0.000000 0.010000 0.000000
vt 0.300587 -0.010000 0.000000
vt 0.000000 -0.010000 0.000000
vt 0.300587 0.010000 0.000000
vt 0.000000 0.010000 0.000000
vt 0.300587 -0.010000 0.000000
vt 0.000000 -0.010000 0.000000
vt 0.300587 0.010000 0.000000
vt 0.000000 0.010000 0.000000
vt 0.300587 -0.010000 0.000000
vt 0.000000 -0.010000 0.000000
vt 0.300587 0.010000 0.000000
vt 0.000000 0.010000 0.000000
vt 0.300587 -0.010000 0.000000
vt 0.000000 -0.010000 0.000000
vt 0.300587 0.010000 0.000000
vt 0.000000 0.010000 0.000000
vt 0.300587 -0.010000 0.000000
vt 0.000000 -0.010000 0.000000
vt 0.300587 0.010000 0.000000
vt 0.000000 0.010000 0.000000
vt 0.300587 -0.010000 0.000000
vt 0.000000 -0.010000 0.000000
vt 0.300587 0.010000 0.000000
vt 0.000000 0.010000 0.000000
vt 0.300587 -0.010000 0.000000
vt 0.000000 -0.010000 0.000000
vt 0.300587 0.010000 0.000000
vt 0.000000 0.010000 0.000000
vt 0.300587 -0.010000 0.000000
vt 0.000000 -0.010000 0.000000
vt 0.300587 0.010000 0.000000
vt 0.000000 0.010000 0.000000
vt 0.300587 -0.010000 0.000000
vt 0.000000 -0.010000 0.000000
vt 0.300587 0.010000 0.000000
vt 0.000000 0.010000 0.000000
vt 0.300587 -0.010000 0.000000
vt 0.000000 -0.010000 0.000000
vt 0.300587 0.010000 0.000000
vt 0.000000 0.010000 0.000000
vt 0.300587 -0.010000 0.000000
vt 0.000000 -0.010000 0.000000
vt 0.300587 0.010000 0.000000
vt 0.000000 0.010000 0.000000
vt 0.300587 -0.010000 0.000000
vt 0.000000 -0.010000 0.000000
vt 0.300587 0.010000 0.000000
vt 0.000000 0.010000 0.000000
vt 0.300587 -0.010000 0.000000
vt 0.000000 -0.010000 0.000000
vt 0.300587 0.010000 0.000000
vt 0.000000 0.010000 0.000000
vt 0.300587 -0.010000 0.000000
vt 0.000000 -0.010000 0.000000
vt 0.300587 0.010000 0.000000
vt 0.000000 0.010000 0.000000
vt 0.300587 -0.010000 0.000000
vt 0.000000 -0.010000 0.000000
vt 0.300587 0.010000 0.000000
vt 0.000000 0.010000 0.000000
vt 0.300587 -0.010000 0.000000
vt 0.000000 -0.010000 0.000000
vt 0.300587 0.010000 0.000000
vt 0.000000 0.010000 0.000000
vt 0.300587 -0.010000 0.000000
vt 0.000000 -0.010000 0.000000
vt 0.300587 0.010000 0.000000
vt 0.000000 0.010000 0.000000
vt 0.300587 -0.010000 0.000000
vt 0.000000 -0.010000 0.000000
vt 0.300587 0.010000 0.000000
vt 0.000000 0.010000 0.000000
vt 0.300587 -0.010000 0.000000
vt 0.000000 -0.010000 0.000000
vt 0.300587 0.010000 0.000000
vt 0.000000 0.010000 0.000000
vt 0.300587 -0.010000 0.000000
vt 0.000000 -0.010000 0.000000
vt 0.300587 0.010000 0.000000
vt 0.000000 0.010000 0.000000
vt 0.300587 -0.010000 0.000000
vt 0.000000 -0.010000 0.000000
vt 0.300587 0.010000 0.000000
vt 0.000000 0.010000 0.000000
vt 0.300587 -0.010000 0.000000
vt 0.000000 -0.010000 0.000000
vt 0.300587 0.010000 0.000000
vt 0.000000 0.010000 0.000000
vt 0.300587 -0.010000 0.000000
vt 0.000000 -0.010000 0.000000
vt 0.300587 0.010000 0.000000
vt 0.000000 0.010000 0.000000
vt 0.300587 -0.010000 0.000000
vt 0.000000 -0.010000 0.000000
vt 0.300587 0.010000 0.000000
vt 0.000000 0.010000 0.000000
vt 0.300587 -0.010000 0.000000
vt 0.000000 -0.010000 0.000000
vt 0.300587 0.010000 0.000000
vt 0.000000 0.010000 0.000000
vt 0.300587 -0.010000 0.000000
vt 0.000000 -0.010000 0.000000
vt 0.300587 0.010000 0.000000
vt 0.000000 0.010000 0.000000
vt 0.300587 -0.010000 0.000000
vt 0.000000 -0.010000 0.000000
vt 0.300587 0.010000 0.000000
vt 0.000000 0.010000 0.000000
vt 0.300587 -0.010000 0.000000
vt 0.000000 -0.010000 0.000000
vt 0.300587 0.010000 0.000000
vt 0.000000 0.010000 0.000000
vt 0.300587 -0.010000 0.000000
vt 0.000000 -0.010000 0.000000
vt 0.300587 0.010000 0.000000
vt 0.000000 0.010000 0.000000
vt 0.300587 -0.010000 0.000000
vt 0.000000 -0.010000 0.000000
vt 0.300587 0.010000 0.000000
vt 0.000000 0.010000 0.000000
vt 0.300587 -0.010000 0.000000
vt 0.000000 -0.010000 0.000000
vt 0.300587 0.010000 0.000000
vt 0.000000 0.010000 0.000000
vt 0.300587 -0.010000 0.000000
vt 0.000000 -0.010000 0.000000
vt 0.300587 0.010000 0.000000
vt 0.000000 0.010000 0.000000
vt 0.300587 -0.010000 0.000000
vt 0.000000 -0.010000 0.000000
vt 0.300587 0.010000 0.000000
vt 0.000000 0.010000 0.000000
vt 0.300587 -0.010000 0.000000
vt 0.000000 -0.010000 0.000000
vt 0.300587 0.010000 0.000000
vt 0.000000 0.010000 0.000000
vt 0.300587 -0.010000 0.000000
vt 0.000000 -0.010000 0.000000
vt 0.300587 0.010000 0.000000
vt 0.000000 0.010000 0.000000
vt 0.300587 -0.010000 0.000000
vt 0.000000 -0.010000 0.000000
vt 0.300587 0.010000 0.000000
vt 0.000000 0.010000 0.000000
vt 0.300587 -0.010000 0.000000
vt 0.000000 -0.010000 0.000000
vt 0.300587 0.010000 0.000000
vt 0.000000 0.010000 0.000000
vt 0.300587 -0.010000 0.000000
vt 0.000000 -0.010000 0.000000
vt 0.300587 0.010000 0.000000
vt 0.000000 0.010000 0.000000
vt 0.300587 -0.010000 0.000000
vt 0.000000 -0.010000 0.000000
vt 0.300587 0.010000 0.000000
vt 0.000000 0.010000 0.000000
vt 0.300587 -0.010000 0.000000
vt 0.000000 -0.010000 0.000000
vt 0.300587 0.010000 0.000000
vt 0.000000 0.010000 0.000000
vt 0.300587 -0.010000 0.000000
vt 0.000000 -0.010000 0.000000
vt 0.300587 0.010000 0.000000
vt 0.000000 0.010000 0.000000
vt 0.300587 -0.010000 0.000000
vt 0.000000 -0.010000 0.000000
vt 0.300587 0.010000 0.000000
vt 0.000000 0.010000 0.000000
vt 0.300587 -0.010000 0.000000
vt 0.000000 -0.010000 0.000000
vt 0.300587 0.010000 0.000000
vt 0.000000 0.010000 0.000000
vt 0.300587 -0.010000 0.000000
vt 0.000000 -0.010000 0.000000
vt 0.300587 0.010000 0.000000
vt 0.000000 0.010000 0.000000
vt 0.300587 -0.010000 0.000000
vt 0.000000 -0.010000 0.000000
vt 0.300587 0.010000 0.000000
vt 0.000000 0.010000 0.000000
vt 0.300587 -0.010000 0.000000
vt 0.000000 -0.010000 0.000000
vt 0.300587 0.010000 0.000000
vt 0.000000 0.010000 0.000000
vt 0.300587 -0.010000 0.000000
vt 0.000000 -0.010000 0.000000
vt 0.300587 0.010000 0.000000
vt 0.000000 0.010000 0.000000
vt 0.300587 -0.010000 0.000000
vt 0.000000 -0.010000 0.000000
vt 0.300587 0.010000 0.000000
vt 0.000000 0.010000 0.000000
vt 0.300587 -0.010000 0.000000
vt 0.000000 -0.010000 0.000000
vt 0.300587 0.010000 0.000000
vt 0.000000 0.010000 0.000000
vt 0.300587 -0.010000 0.000000
vt 0.000000 -0.010000 0.000000
vt 0.300587 0.010000 0.000000
vt 0.000000 0.010000 0.000000
vt 0.300587 -0.010000 0.000000
vt 0.000000 -0.010000 0.000000
vt 0.300587 0.010000 0.000000
vt 0.000000 0.010000 0.000000
vt 0.300587 -0.010000 0.000000
vt 0.000000 -0.010000 0.000000
vt 0.300587 0.010000 0.000000
vt 0.000000 0.010000 0.000000
vt 0.300587 -0.010000 0.000000
vt 0.000000 -0.010000 0.000000
vt 0.300587 0.010000 0.000000
vt 0.000000 0.010000 0.000000
vt 0.300587 -0.010000 0.000000
vt 0.000000 -0.010000 0.000000
vt 0.300587 0.010000 0.000000
vt 0.000000 0.010000 0.000000
vt 0.300587 -0.010000 0.000000
vt 0.000000 -0.010000 0.000000
vt 0.300587 0.010000 0.000000
vt 0.000000 0.010000 0.000000
vt 0.300587 -0.010000 0.000000
vt 0.000000 -0.010000 0.000000
vt 0.300587 0.010000 0.000000
vt 0.000000 0.010000 0.000000
vt 0.300587 -0.010000 0.000000
vt 0.000000 -0.010000 0.000000
vt 0.300587 0.010000 0.000000
vt 0.000000 0.010000 0.000000
vt 0.300587 -0.010000 0.000000
vt 0.000000 -0.010000 0.000000
vt 0.300587 0.010000 0.000000
vt 0.000000 0.010000 0.000000
vt 0.300587 -0.010000 0.000000
vt 0.000000 -0.010000 0.000000
vt 0.300587 0.010000 0.000000
vt 0.000000 0.010000 0.000000
vt 0.300587 -0.010000 0.000000
vt 0.000000 -0.010000 0.000000
vt 0.300587 0.010000 0.000000
vt 0.000000 0.010000 0.000000
vt 0.300587 -0.010000 0.000000
vt 0.000000 -0.010000 0.000000
vt 0.300587 0.010000 0.000000
vt 0.000000 0.010000 0.000000
vt 0.300587 -0.010000 0.000000
vt 0.000000 -0.010000 0.000000
vt 0.300587 0.010000 0.000000
vt 0.000000 0.010000 0.000000
vt 0.300587 -0.010000 0.000000
vt 0.000000 -0.010000 0.000000
vt 0.300587 0.010000 0.000000
vt 0.000000 0.010000 0.000000
vt 0.300587 -0.010000 0.000000
vt 0.000000 -0.010000 0.000000
vt 0.300587 0.010000 0.000000
vt 0.000000 0.010000 0.000000
vt 0.300587 -0.010000 0.000000
vt 0.000000 -0.010000 0.000000
vt 0.300587 0.010000 0.000000
vt 0.000000 0.010000 0.000000
vt 0.300587 -0.010000 0.000000
vt 0.000000 -0.010000 0.000000
vt 0.300587 0.010000 0.000000
vt 0.000000 0.010000 0.000000
vt 0.300587 -0.010000 0.000000
vt 0.000000 -0.010000 0.000000
vt 0.300587 0.010000 0.000000
vt 0.000000 0.010000 0.000000
vt 0.300587 -0.010000 0.000000
vt 0.000000 -0.010000 0.000000
vt 0.300587 0.010000 0.000000
vt 0.000000 0.010000 0.000000
vt 0.300587 -0.010000 0.000000
vt 0.000000 -0.010000 0.000000
vt 0.300587 0.010000 0.000000
vt 0.000000 0.010000 0.000000
vt 0.300587 -0.010000 0.000000
vt 0.000000 -0.010000 0.000000
vt 0.300587 0.010000 0.000000
vt 0.000000 0.010000 0.000000
vt 0.300587 -0.010000 0.000000
vt 0.000000 -0.010000 0.000000
vt 0.300587 0.010000 0.000000
vt 0.000000 0.010000 0.000000
vt 0.300587 -0.010000 0.000000
vt 0.000000 -0.010000 0.000000
vt 0.300587 0.010000 0.000000
vt 0.000000 0.010000 0.000000
vt 0.300587 -0.010000 0.000000
vt 0.000000 -0.010000 0.000000
vt 0.300587 0.010000 0.000000
vt 0.000000 0.010000 0.000000
vt 0.300587 -0.010000 0.000000
vt 0.000000 -0.010000 0.000000
vt 0.300587 0.010000 0.000000
vt 0.000000 0.010000 0.000000
vt 0.300587 -0.010000 0.000000
vt 0.000000 -0.010000 0.000000
vt 0.300587 0.010000 0.000000
vt 0.000000 0.010000 0.000000
vt 0.300587 -0.010000 0.000000
vt 0.000000 -0.010000 0.000000
vt 0.300587 0.010000 0.000000
vt 0.000000 0.010000 0.000000
vt 0.300587 -0.010000 0.000000
vt 0.000000 -0.010000 0.000000
vt 1.585494 0.010000 0.000000
vt 0.000000 0.010000 0.000000
vt 1.585494 -0.010000 0.000000
vt 0.000000 -0.010000 0.000000
vt 1.585494 0.010000 0.000000
vt 0.000000 0.010000 0.000000
vt 1.585494 -0.010000 0.000000
vt 0.000000 -0.010000 0.000000
vt 1.585494 0.010000 0.000000
vt 0.000000 0.010000 0.000000
vt 1.585494 -0.010000 0.000000
vt 0.000000 -0.010000 0.000000
vt 1.585494 0.010000 0.000000
vt 0.000000 0.010000 0.000000
vt 1.585494 -0.010000 0.000000
vt 0.000000 -0.010000 0.000000
vt 1.585494 0.010000 0.000000
vt 0.000000 0.010000 0.000000
vt 1.585494 -0.010000 0.000000
vt 0.000000 -0.010000 0.000000
vt 1.585494 0.010000 0.000000
vt 0.000000 0.010000 0.000000
vt 1.585494 -0.010000 0.000000
vt 0.000000 -0.010000 0.000000
vt 1.585494 0.010000 0.000000
vt 0.000000 0.010000 0.000000
vt 1.585494 -0.010000 0.000000
vt 0.000000 -0.010000 0.000000
vt 1.585494 0.010000 0.000000
vt 0.000000 0.010000 0.000000
vt 1.585494 -0.010000 0.000000
vt 0.000000 -0.010000 0.000000
vt 1.585494 0.010000 0.000000
vt 0.000000 0.010000 0.000000
vt 1.585494 -0.010000 0.000000
vt 0.000000 -0.010000 0.000000
vt 1.585494 0.010000 0.000000
vt 0.000000 0.010000 0.000000
vt 1.585494 -0.010000 0.000000
vt 0.000000 -0.010000 0.000000
vt 1.585494 0.010000 0.000000
vt 0.000000 0.010000 0.000000
vt 1.585494 -0.010000 0.000000
vt 0.000000 -0.010000 0.000000
vt 1.585494 0.010000 0.000000
vt 0.000000 0.010000 0.000000
vt 1.585494 -0.010000 0.000000
vt 0.000000 -0.010000 0.000000
vt 1.585494 0.010000 0.000000
vt 0.000000 0.010000 0.000000
vt 1.585494 -0.010000 0.000000
vt 0.000000 -0.010000 0.000000
vt 1.585494 0.010000 0.000000
vt 0.000000 0.010000 0.000000
vt 1.585494 -0.010000 0.000000
vt 0.000000 -0.010000 0.000000
vt 1.585494 0.010000 0.000000
vt 0.000000 0.010000 0.000000
vt 1.585494 -0.010000 0.000000
vt 0.000000 -0.010000 0.000000
vt 1.585494 0.010000 0.000000
vt 0.000000 0.010000 0.000000
vt 1.585494 -0.010000 0.000000
vt 0.000000 -0.010000 0.000000
vt 1.585494 0.010000 0.000000
vt 0.000000 0.010000 0.000000
vt 1.585494 -0.010000 0.000000
vt 0.000000 -0.010000 0.000000
vt 1.585494 0.010000 0.000000
vt 0.000000 0.010000 0.000000
vt 1.585494 -0.010000 0.000000
vt 0.000000 -0.010000 0.000000
vt 1.585494 0.010000 0.000000
vt 0.000000 0.010000 0.000000
vt 1.585494 -0.010000 0.000000
vt 0.000000 -0.010000 0.000000
vt 1.585494 0.010000 0.000000
vt 0.000000 0.010000 0.000000
vt 1.585494 -0.010000 0.000000
vt 0.000000 -0.010000 0.000000
vt 1.585494 0.010000 0.000000
vt 0.000000 0.010000 0.000000
vt 1.585494 -0.010000 0.000000
vt 0.000000 -0.010000 0.000000
vt 1.585494 0.010000 0.000000
vt 0.000000 0.010000 0.000000
vt 1.585494 -0.010000 0.000000
vt 0.000000 -0.010000 0.000000
vt 1.585494 0.010000 0.000000
vt 0.000000 0.010000 0.000000
vt 1.585494 -0.010000 0.000000
vt 0.000000 -0.010000 0.000000
vt 1.585494 0.010000 0.000000
vt 0.000000 0.010000 0.000000
vt 1.585494 -0.010000 0.000000
vt 0.000000 -0.010000 0.000000
vt 1.585494 0.010000 0.000000
vt 0.000000 0.010000 0.000000
vt 1.585494 -0.010000 0.000000
vt 0.000000 -0.010000 0.000000
vt 1.585494 0.010000 0.000000
vt 0.000000 0.010000 0.000000
vt 1.585494 -0.010000 0.000000
vt 0.000000 -0.010000 0.000000
vt 1.585494 0.010000 0.000000
vt 0.000000 0.010000 0.000000
vt 1.585494 -0.010000 0.000000
vt 0.000000 -0.010000 0.000000
vt 1.585494 0.010000 0.000000
vt 0.000000 0.010000 0.000000
vt 1.585494 -0.010000 0.000000
vt 0.000000 -0.010000 0.000000
vt 1.585494 0.010000 0.000000
vt 0.000000 0.010000 0.000000
vt 1.585494 -0.010000 0.000000
vt 0.000000 -0.010000 0.000000
vt 1.585494 0.010000 0.000000
vt 0.000000 0.010000 0.000000
vt 1.585494 -0.010000 0.000000
vt 0.000000 -0.010000 0.000000
vt 1.585494 0.010000 0.000000
vt 0.000000 0.010000 0.000000
vt 1.585494 -0.010000 0.000000
vt 0.000000 -0.010000 0.000000
vt 1.585494 0.010000 0.000000
vt 0.000000 0.010000 0.000000
vt 1.585494 -0.010000 0.000000
vt 0.000000 -0.010000 0.000000
vt 1.585494 0.010000 0.000000
vt 0.000000 0.010000 0.000000
vt 1.585494 -0.010000 0.000000
vt 0.000000 -0.010000 0.000000
vt 1.585494 0.010000 0.000000
vt 0.000000 0.010000 0.000000
vt 1.585494 -0.010000 0.000000
vt 0.000000 -0.010000 0.000000
vt 1.585494 0.010000 0.000000
vt 0.000000 0.010000 0.000000
vt 1.585494 -0.010000 0.000000
vt 0.000000 -0.010000 0.000000
vt 1.585494 0.010000 0.000000
vt 0.000000 0.010000 0.000000
vt 1.585494 -0.010000 0.000000
vt 0.000000 -0.010000 0.000000
vt 1.585494 0.010000 0.000000
vt 0.000000 0.010000 0.000000
vt 1.585494 -0.010000 0.000000
vt 0.000000 -0.010000 0.000000
vt 1.585494 0.010000 0.000000
vt 0.000000 0.010000 0.000000
vt 1.585494 -0.010000 0.000000
vt 0.000000 -0.010000 0.000000
vt 1.585494 0.010000 0.000000
vt 0.000000 0.010000 0.000000
vt 1.585494 -0.010000 0.000000
vt 0.000000 -0.010000 0.000000
vt 1.585494 0.010000 0.000000
vt 0.000000 0.010000 0.000000
vt 1.585494 -0.010000 0.000000
vt 0.000000 -0.010000 0.000000
vt 1.585494 0.010000 0.000000
vt 0.000000 0.010000 0.000000
vt 1.585494 -0.010000 0.000000
vt 0.000000 -0.010000 0.000000
vt 1.585494 0.010000 0.000000
vt 0.000000 0.010000 0.000000
vt 1.585494 -0.010000 0.000000
vt 0.000000 -0.010000 0.000000
vt 1.585494 0.010000 0.000000
vt 0.000000 0.010000 0.000000
vt 1.585494 -0.010000 0.000000
vt 0.000000 -0.010000 0.000000
vt 1.585494 0.010000 0.000000
vt 0.000000 0.010000 0.000000
vt 1.585494 -0.010000 0.000000
vt 0.000000 -0.010000 0.000000
vt 1.585494 0.010000 0.000000
vt 0.000000 0.010000 0.000000
vt 1.585494 -0.010000 0.000000
vt 0.000000 -0.010000 0.000000
vt 1.585494 0.010000 0.000000
vt 0.000000 0.010000 0.000000
vt 1.585494 -0.010000 0.000000
vt 0.000000 -0.010000 0.000000
vt 1.585494 0.010000 0.000000
vt 0.000000 0.010000 0.000000
vt 1.585494 -0.010000 0.000000
vt 0.000000 -0.010000 0.000000
vt 1.585494 0.010000 0.000000
vt 0.000000 0.010000 0.000000
vt 1.585494 -0.010000 0.000000
vt 0.000000 -0.010000 0.000000
vt 1.585494 0.010000 0.000000
vt 0.000000 0.010000 0.000000
vt 1.585494 -0.010000 0.000000
vt 0.000000 -0.010000 0.000000
vt 1.585494 0.010000 0.000000
vt 0.000000 0.010000 0.000000
vt 1.585494 -0.010000 0.000000
vt 0.000000 -0.010000 0.000000
vt 1.585494 0.010000 0.000000
vt 0.000000 0.010000 0.000000
vt 1.585494 -0.010000 0.000000
vt 0.000000 -0.010000 0.000000
vt 1.585494 0.010000 0.000000
vt 0.000000 0.010000 0.000000
vt 1.585494 -0.010000 0.000000
vt 0.000000 -0.010000 0.000000
vt 1.585494 0.010000 0.000000
vt 0.000000 0.010000 0.000000
vt 1.585494 -0.010000 0.000000
vt 0.000000 -0.010000 0.000000
vt 1.585494 0.010000 0.000000
vt 0.000000 0.010000 0.000000
vt 1.585494 -0.010000 0.000000
vt 0.000000 -0.010000 0.000000
vt 1.585494 0.010000 0.000000
vt 0.000000 0.010000 0.000000
vt 1.585494 -0.010000 0.000000
vt 0.000000 -0.010000 0.000000
vt 1.585494 0.010000 0.000000
vt 0.000000 0.010000 0.000000
vt 1.585494 -0.010000 0.000000
vt 0.000000 -0.010000 0.000000
vt 1.585494 0.010000 0.000000
vt 0.000000 0.010000 0.000000
vt 1.585494 -0.010000 0.000000
vt 0.000000 -0.010000 0.000000
vt 1.585494 0.010000 0.000000
vt 0.000000 0.010000 0.000000
vt 1.585494 -0.010000 0.000000
vt 0.000000 -0.010000 0.000000
vt 1.585494 0.010000 0.000000
vt 0.000000 0.010000 0.000000
vt 1.585494 -0.010000 0.000000
vt 0.000000 -0.010000 0.000000
vt 1.585494 0.010000 0.000000
vt 0.000000 0.010000 0.000000
vt 1.585494 -0.010000 0.000000
vt 0.000000 -0.010000 0.000000
vt 1.585494 0.010000 0.000000
vt 0.000000 0.010000 0.000000
vt 1.585494 -0.010000 0.000000
vt 0.000000 -0.010000 0.000000
vt 1.585494 0.010000 0.000000
vt 0.000000 0.010000 0.000000
vt 1.585494 -0.010000 0.000000
vt 0.000000 -0.010000 0.000000
vt 1.585494 0.010000 0.000000
vt 0.000000 0.010000 0.000000
vt 1.585494 -0.010000 0.000000
vt 0.000000 -0.010000 0.000000
vt 1.585494 0.010000 0.000000
vt 0.000000 0.010000 0.000000
vt 1.585494 -0.010000 0.000000
vt 0.000000 -0.010000 0.000000
vt 1.585494 0.010000 0.000000
vt 0.000000 0.010000 0.000000
vt 1.585494 -0.010000 0.000000
vt 0.000000 -0.010000 0.000000
vt 1.585494 0.010000 0.000000
vt 0.000000 0.010000 0.000000
vt 1.585494 -0.010000 0.000000
vt 0.000000 -0.010000 0.000000
vt 1.585494 0.010000 0.000000
vt 0.000000 0.010000 0.000000
vt 1.585494 -0.010000 0.000000
vt 0.000000 -0.010000 0.000000
vt 1.585494 0.010000 0.000000
vt 0.000000 0.010000 0.000000
vt 1.585494 -0.010000 0.000000
vt 0.000000 -0.010000 0.000000
vt 1.585494 0.010000 0.000000
vt 0.000000 0.010000 0.000000
vt 1.585494 -0.010000 0.000000
vt 0.000000 -0.010000 0.000000
vt 1.585494 0.010000 0.000000
vt 0.000000 0.010000 0.000000
vt 1.585494 -0.010000 0.000000
vt 0.000000 -0.010000 0.000000
vt 1.585494 0.010000 0.000000
vt 0.000000 0.010000 0.000000
vt 1.585494 -0.010000 0.000000
vt 0.000000 -0.010000 0.000000
vt 1.585494 0.010000 0.000000
vt 0.000000 0.010000 0.000000
vt 1.585494 -0.010000 0.000000
vt 0.000000 -0.010000 0.000000
vt 1.585494 0.010000 0.000000
vt 0.000000 0.010000 0.000000
vt 1.585494 -0.010000 0.000000
vt 0.000000 -0.010000 0.000000
vt 1.585494 0.010000 0.000000
vt 0.000000 0.010000 0.000000
vt 1.585494 -0.010000 0.000000
vt 0.000000 -0.010000 0.000000
vt 1.585494 0.010000 0.000000
vt 0.000000 0.010000 0.000000
vt 1.585494 -0.010000 0.000000
vt 0.000000 -0.010000 0.000000
vt 1.585494 0.010000 0.000000
vt 0.000000 0.010000 0.000000
vt 1.585494 -0.010000 0.000000
vt 0.000000 -0.010000 0.000000
vt 1.585494 0.010000 0.000000
vt 0.000000 0.010000 0.000000
vt 1.585494 -0.010000 0.000000
vt 0.000000 -0.010000 0.000000
vt 1.585494 0.010000 0.000000
vt 0.000000 0.010000 0.000000
vt 1.585494 -0.010000 0.000000
vt 0.000000 -0.010000 0.000000
vt 1.585494 0.010000 0.000000
vt 0.000000 0.010000 0.000000
vt 1.585494 -0.010000 0.000000
vt 0.000000 -0.010000 0.000000
vt 1.585494 0.010000 0.000000
vt 0.000000 0.010000 0.000000
vt 1.585494 -0.010000 0.000000
vt 0.000000 -0.010000 0.000000
vt 1.585494 0.010000 0.000000
vt 0.000000 0.010000 0.000000
vt 1.585494 -0.010000 0.000000
vt 0.000000 -0.010000 0.000000
vt 1.585494 0.010000 0.000000
vt 0.000000 0.010000 0.000000
vt 1.585494 -0.010000 0.000000
vt 0.000000 -0.010000 0.000000
vt 1.585494 0.010000 0.000000
vt 0.000000 0.010000 0.000000
vt 1.585494 -0.010000 0.000000
vt 0.000000 -0.010000 0.000000
vt 1.585494 0.010000 0.000000
vt 0.000000 0.010000 0.000000
vt 1.585494 -0.010000 0.000000
vt 0.000000 -0.010000 0.000000
vt 15.763370 0.010000 0.000000
vt 7.881685 0.010000 0.000000
vt 15.763370 -0.010000 0.000000
vt 7.881685 -0.010000 0.000000
vt 0.000000 0.010000 0.000000
vt 0.000000 -0.010000 0.000000
vt 1.047862 0.010000 0.000000
vt 0.916879 0.010000 0.000000
vt 1.047862 -0.010000 0.000000
vt 0.916879 -0.010000 0.000000
vt 0.785896 0.010000 0.000000
vt 0.785896 -0.010000 0.000000
vt 0.523931 0.010000 0.000000
vt 0.523931 -0.010000 0.000000
vt 0.000000 0.010000 0.000000
vt 0.000000 -0.010000 0.000000
vt 776.163104 0.010000 0.000000
vt 764.914363 0.010000 0.000000
vt 776.163104 -0.010000 0.000000
vt 764.914363 -0.010000 0.000000
vt 753.665623 0.010000 0.000000
vt 753.665623 -0.010000 0.000000
vt 742.416882 0.010000 0.000000
vt 742.416882 -0.010000 0.000000
vt 731.168141 0.010000 0.000000
vt 731.168141 -0.010000 0.000000
vt 719.919401 0.010000 0.000000
vt 719.919401 -0.010000 0.000000
vt 708.670660 0.010000 0.000000
vt 708.670660 -0.010000 0.000000
vt 697.421919 0.010000 0.000000
vt 697.421919 -0.010000 0.000000
vt 686.173179 0.010000 0.000000
vt 686.173179 -0.010000 0.000000
vt 674.924438 0.010000 0.000000
vt 674.924438 -0.010000 0.000000
vt 663.675698 0.010000 0.000000
vt 663.675698 -0.010000 0.000000
vt 652.426957 0.010000 0.000000
vt 652.426957 -0.010000 0.000000
vt 641.178216 0.010000 0.000000
vt 641.178216 -0.010000 0.000000
vt 629.929476 0.010000 0.000000
vt 629.929476 -0.010000 0.000000
vt 618.680735 0.010000 0.000000
vt 618.680735 -0.010000 0.000000
vt 607.431994 0.010000 0.000000
vt 607.431994 -0.010000 0.000000
vt 596.183254 0.010000 0.000000
vt 596.183254 -0.010000 0.000000
vt 584.934513 0.010000 0.000000
vt 584.934513 -0.010000 0.000000
vt 573.685772 0.010000 0.000000
vt 573.685772 -0.010000 0.000000
vt 562.437032 0.010000 0.000000
vt 562.437032 -0.010000 0.000000
vt 551.188291 0.010000 0.000000
vt 551.188291 -0.010000 0.000000
vt 539.939551 0.010000 0.000000
vt 539.939551 -0.010000 0.000000
vt 528.690810 0.010000 0.000000
vt 528.690810 -0.010000 0.000000
vt 517.442069 0.010000 0.000000
vt 517.442069 -0.010000 0.000000
vt 506.193329 0.010000 0.000000
vt 506.193329 -0.010000 0.000000
vt 494.944588 0.010000 0.000000
vt 494.944588 -0.010000 0.000000
vt 483.695847 0.010000 0.000000
vt 483.695847 -0.010000 0.000000
vt 472.447107 0.010000 0.000000
vt 472.447107 -0.010000 0.000000
vt 461.198366 0.010000 0.000000
vt 461.198366 -0.010000 0.000000
vt 449.949625 0.010000 0.000000
vt 449.949625 -0.010000 0.000000
vt 438.700885 0.010000 0.000000
vt 438.700885 -0.010000 0.000000
vt 427.452144 0.010000 0.000000
vt 427.452144 -0.010000 0.000000
vt 416.203404 0.010000 0.000000
vt 416.203404 -0.010000 0.000000
vt 404.954663 0.010000 0.000000
vt 404.954663 -0.010000 0.000000
vt 393.705922 0.010000 0.000000
vt 393.705922 -0.010000 0.000000
vt 382.457182 0.010000 0.000000
vt 382.457182 -0.010000 0.000000
vt 371.208441 0.010000 0.000000
vt 371.208441 -0.010000 0.000000
vt 359.959700 0.010000 0.000000
vt 359.959700 -0.010000 0.000000
vt 348.710960 0.010000 0.000000
vt 348.710960 -0.010000 0.000000
vt 337.462219 0.010000 0.000000
vt 337.462219 -0.010000 0.000000
vt 326.213478 0.010000 0.000000
vt 326.213478 -0.010000 0.000000
vt 314.964738 0.010000 0.000000
vt 314.964738 -0.010000 0.000000
vt 303.715997 0.010000 0.000000
vt 303.715997 -0.010000 0.000000
vt 292.467257 0.010000 0.000000
vt 292.467257 -0.010000 0.000000
vt 281.218516 0.010000 0.000000
vt 281.218516 -0.010000 0.000000
vt 269.969775 0.010000 0.000000
vt 269.969775 -0.010000 0.000000
vt 258.721035 0.010000 0.000000
vt 258.721035 -0.010000 0.000000
vt 247.472294 0.010000 0.000000
vt 247.472294 -0.010000 0.000000
vt 236.223553 0.010000 0.000000
vt 236.223553 -0.010000 0.000000
vt 224.974813 0.010000 0.000000
vt 224.974813 -0.010000 0.000000
vt 213.726072 0.010000 0.000000
vt 213.726072 -0.010000 0.000000
vt 202.477331 0.010000 0.000000
vt 202.477331 -0.010000 0.000000
vt 191.228591 0.010000 0.000000
vt 191.228591 -0.010000 0.000000
vt 179.979850 0.010000 0.000000
vt 179.979850 -0.010000 0.000000
vt 168.731110 0.010000 0.000000
vt 168.731110 -0.010000 0.000000
vt 157.482369 0.010000 0.000000
vt 157.482369 -0.010000 0.000000
vt 146.233628 0.010000 0.000000
vt 146.233628 -0.010000 0.000000
vt 134.984888 0.010000 0.000000
vt 134.984888 -0.010000 0.000000
vt 123.736147 0.010000 0.000000
vt 123.736147 -0.010000 0.000000
vt 112.487406 0.010000 0.000000
vt 112.487406 -0.010000 0.000000
vt 101.238666 0.010000 0.000000
vt 101.238666 -0.010000 0.000000
vt 89.989925 0.010000 0.000000
vt 89.989925 -0.010000 0.000000
vt 78.741184 0.010000 0.000000
vt 78.741184 -0.010000 0.000000
vt 67.492444 0.010000 0.000000
vt 67.492444 -0.010000 0.000000
vt 56.243703 0.010000 0.000000
vt 56.243703 -0.010000 0.000000
vt 44.994963 0.010000 0.000000
vt 44.994963 -0.010000 0.000000
vt 33.746222 0.010000 0.000000
vt 33.746222 -0.010000 0.000000
vt 22.497481 0.010000 0.000000
vt 22.497481 -0.010000 0.000000
vt 11.248741 0.010000 0.000000
vt 11.248741 -0.010000 0.000000
vt 0.000000 0.010000 0.000000
vt 0.000000 -0.010000 0.000000
vt -0.010000 31.392852 0.000000
vt -0.010000 26.160710 0.000000
vt 0.010000 31.392852 0.000000
vt 0.010000 26.160710 0.000000
vt -0.010000 20.928568 0.000000
vt 0.010000 20.928568 0.000000
vt -0.010000 15.696426 0.000000
vt 0.010000 15.696426 0.000000
vt -0.010000 10.464284 0.000000
vt 0.010000 10.464284 0.000000
vt -0.010000 5.232142 0.000000
vt 0.010000 5.232142 0.000000
vt -0.010000 0.000000 0.000000
vt 0.010000 0.000000 0.000000
vt 123.615525 0.010000 0.000000
vt 112.377750 0.010000 0.000000
vt 123.615525 -0.010000 0.000000
vt 112.377750 -0.010000 0.000000
vt 101.139975 0.010000 0.000000
vt 101.139975 -0.010000 0.000000
vt 89.902200 0.010000 0.000000
vt 89.902200 -0.010000 0.000000
vt 78.664425 0.010000 0.000000
vt 78.664425 -0.010000 0.000000
vt 67.426650 0.010000 0.000000
vt 67.426650 -0.010000 0.000000
vt 56.188875 0.010000 0.000000
vt 56.188875 -0.010000 0.000000
vt 44.951100 0.010000 0.000000
vt 44.951100 -0.010000 0.000000
vt 33.713325 0.010000 0.000000
vt 33.713325 -0.010000 0.000000
vt 22.475550 0.010000 0.000000
vt 22.475550 -0.010000 0.000000
vt 11.237775 0.010000 0.000000
vt 11.237775 -0.010000 0.000000
vt 0.000000 0.010000 0.000000
vt 0.000000 -0.010000 0.000000
vt 30.156871 0.010000 0.000000
vt 20.104580 0.010000 0.000000
vt 30.156871 -0.010000 0.000000
vt 20.104580 -0.010000 0.000000
vt 10.052290 0.010000 0.000000
vt 10.052290 -0.010000 0.000000
vt 0.000000 0.010000 0.000000
vt 0.000000 -0.010000 0.000000
vt 8.420477 0.010000 0.000000
vt 0.000000 0.010000 0.000000
vt 8.420477 -0.010000 0.000000
vt 0.000000 -0.010000 0.000000
vt -574.914210 87.665982 0.000000
vt -574.913744 79.245505 0.000000
vt -565.091704 87.666525 0.000000
vt -564.861454 79.246061 0.000000
vt -555.269197 87.667069 0.000000
vt -554.809164 79.246617 0.000000
vt -545.446691 87.667612 0.000000
vt -544.756874 79.247173 0.000000
vt -535.624185 87.668156 0.000000
vt -541.095727 77.748299 0.000000
vt -529.822900 77.748299 0.000000
vt -529.822900 66.641399 0.000000
vt -518.550072 66.641399 0.000000
vt -518.550072 55.534499 0.000000
vt -507.277244 55.534499 0.000000
vt -507.277244 44.427599 0.000000
vt -496.004417 44.427599 0.000000
vt -496.004417 33.320700 0.000000
vt -484.731589 33.320700 0.000000
vt -484.731589 22.213800 0.000000
vt -473.458761 22.213800 0.000000
vt -473.458761 11.106900 0.000000
vt -462.185934 11.106900 0.000000
vt -462.185934 -0.000000 0.000000
vt -450.913106 -0.000000 0.000000
vt -462.185934 -11.116709 0.000000
vt -450.913106 -11.118048 0.000000
vt -462.185934 -22.213800 0.000000
vt -450.913106 -22.213800 0.000000
vt -450.913106 -33.315727 0.000000
vt -439.640278 -33.315130 0.000000
vt -450.913106 -44.385779 0.000000
vt -439.640278 -44.387872 0.000000
vt -450.913106 -55.534499 0.000000
vt -439.640278 -55.534499 0.000000
vt -446.030381 -64.353661 0.000000
vt -434.781641 -64.353661 0.000000
vt -544.756874 68.009398 0.000000
vt -541.095727 66.641399 0.000000
vt -529.822900 55.534499 0.000000
vt -518.550072 44.427599 0.000000
vt -507.277244 33.320700 0.000000
vt -496.004417 22.213800 0.000000
vt -484.731589 11.106900 0.000000
vt -473.458761 -0.000000 0.000000
vt -473.458761 -11.115370 0.000000
vt -473.458761 -22.213800 0.000000
vt -462.185934 -33.316325 0.000000
vt -462.185934 -44.383685 0.000000
vt -462.185934 -55.534499 0.000000
vt -457.279121 -64.353661 0.000000
vt -544.756874 56.771623 0.000000
vt -541.095727 55.534499 0.000000
vt -529.822900 44.427599 0.000000
vt -518.550072 33.320700 0.000000
vt -507.277244 22.213800 0.000000
vt -496.004417 11.106900 0.000000
vt -484.731589 -0.000000 0.000000
vt -484.731589 -11.114031 0.000000
vt -484.731589 -22.213800 0.000000
vt -473.458761 -33.316922 0.000000
vt -473.458761 -44.381592 0.000000
vt -473.458761 -55.534499 0.000000
vt -468.527862 -64.353661 0.000000
vt -544.756874 45.533849 0.000000
vt -541.095727 44.427599 0.000000
vt -529.822900 33.320700 0.000000
vt -518.550072 22.213800 0.000000
vt -507.277244 11.106900 0.000000
vt -496.004417 -0.000000 0.000000
vt -496.004417 -11.112692 0.000000
vt -496.004417 -22.213800 0.000000
vt -484.731589 -33.317519 0.000000
vt -484.731589 -44.379498 0.000000
vt -484.731589 -55.534499 0.000000
vt -479.776602 -64.353661 0.000000
vt -544.756874 34.296074 0.000000
vt -541.095727 33.320700 0.000000
vt -529.822900 22.213800 0.000000
vt -518.550072 11.106900 0.000000
vt -507.277244 -0.000000 0.000000
vt -507.277244 -11.111352 0.000000
vt -507.277244 -22.213800 0.000000
vt -496.004417 -33.318117 0.000000
vt -496.004417 -44.377405 0.000000
vt -496.004417 -55.534499 0.000000
vt -491.025343 -64.353661 0.000000
vt -544.756874 23.058299 0.000000
vt -541.095727 22.213800 0.000000
vt -529.822900 11.106900 0.000000
vt -518.550072 -0.000000 0.000000
vt -518.550072 -11.110013 0.000000
vt -518.550072 -22.213800 0.000000
vt -507.277244 -33.318714 0.000000
vt -507.277244 -44.375311 0.000000
vt -507.277244 -55.534499 0.000000
vt -502.274083 -64.353661 0.000000
vt -544.756874 11.820524 0.000000
vt -541.095727 11.106900 0.000000
vt -529.822900 -0.000000 0.000000
vt -529.822900 -11.108674 0.000000
vt -529.822900 -22.213800 0.000000
vt -518.550072 -33.319311 0.000000
vt -518.550072 -44.373218 0.000000
vt -518.550072 -55.534499 0.000000
vt -513.522824 -64.353661 0.000000
vt -544.756874 0.582749 0.000000
vt -541.095727 -0.000000 0.000000
vt -541.095727 -11.107335 0.000000
vt -541.095727 -22.213800 0.000000
vt -529.822900 -33.319908 0.000000
vt -529.822900 -44.371124 0.000000
vt -529.822900 -55.534499 0.000000
vt -524.771564 -64.353661 0.000000
vt -544.756874 -10.655026 0.000000
vt -544.756874 -21.892801 0.000000
vt -544.756874 -33.130576 0.000000
vt -541.095727 -33.320506 0.000000
vt -541.095727 -44.369031 0.000000
vt -544.075891 -49.540930 0.000000
vt -542.079350 -54.361006 0.000000
vt -544.756874 -44.368351 0.000000
vt -538.903312 -58.500099 0.000000
vt -534.764219 -61.676137 0.000000
vt -529.944143 -63.672678 0.000000
vt -428.367451 -55.534499 0.000000
vt -423.532900 -64.353661 0.000000
vt -417.094623 -55.534499 0.000000
vt -412.284160 -64.353661 0.000000
vt -405.821795 -55.534499 0.000000
vt -401.035419 -64.353661 0.000000
vt -394.548968 -55.534499 0.000000
vt -389.786679 -64.353661 0.000000
vt -383.276140 -55.534499 0.000000
vt -378.537938 -64.353661 0.000000
vt -372.003312 -55.534499 0.000000
vt -367.289198 -64.353661 0.000000
vt -360.730485 -55.534499 0.000000
vt -356.040458 -64.353661 0.000000
vt -349.457657 -55.534499 0.000000
vt -344.791717 -64.353661 0.000000
vt -338.184829 -55.534499 0.000000
vt -333.542977 -64.353661 0.000000
vt -326.912002 -55.534499 0.000000
vt -322.294236 -64.353661 0.000000
vt -315.639174 -55.534499 0.000000
vt -311.045496 -64.353661 0.000000
vt -304.366347 -55.534499 0.000000
vt -299.796755 -64.353661 0.000000
vt -293.093519 -55.534499 0.000000
vt -288.548015 -64.353661 0.000000
vt -281.820691 -55.534499 0.000000
vt -277.299274 -64.353661 0.000000
vt -270.547864 -55.534499 0.000000
vt -266.050534 -64.353661 0.000000
vt -259.275036 -55.534499 0.000000
vt -254.801794 -64.353661 0.000000
vt -248.002208 -55.534499 0.000000
vt -243.553053 -64.353661 0.000000
vt -236.729381 -55.534499 0.000000
vt -232.304313 -64.353661 0.000000
vt -225.456553 -55.534499 0.000000
vt -221.055572 -64.353661 0.000000
vt -214.183725 -55.534499 0.000000
vt -209.806832 -64.353661 0.000000
vt -202.910898 -55.534499 0.000000
vt -198.558091 -64.353661 0.000000
vt -191.638070 -55.534499 0.000000
vt -187.309351 -64.353661 0.000000
vt -180.365242 -55.534499 0.000000
vt -176.060611 -64.353661 0.000000
vt -169.092415 -55.534499 0.000000
vt -164.811870 -64.353661 0.000000
vt -157.819587 -55.534499 0.000000
vt -153.563130 -64.353661 0.000000
vt -146.546759 -55.534499 0.000000
vt -142.314389 -64.353661 0.000000
vt -135.273932 -55.534499 0.000000
vt -131.065649 -64.353661 0.000000
vt -124.001104 -55.534499 0.000000
vt -119.816908 -64.353661 0.000000
vt -112.728276 -55.534499 0.000000
vt -108.568168 -64.353661 0.000000
vt -101.455449 -55.534499 0.000000
vt -97.319428 -64.353661 0.000000
vt -90.182621 -55.534499 0.000000
vt -86.070687 -64.353661 0.000000
vt -78.909794 -55.534499 0.000000
vt -74.821947 -64.353661 0.000000
vt -67.636966 -55.534499 0.000000
vt -63.573206 -64.353661 0.000000
vt -56.364138 -55.534499 0.000000
vt -52.324466 -64.353661 0.000000
vt -45.091311 -55.534499 0.000000
vt -41.075725 -64.353661 0.000000
vt -33.818483 -55.534499 0.000000
vt -29.826985 -64.353661 0.000000
vt -22.545655 -55.534499 0.000000
vt -18.578245 -64.353661 0.000000
vt -11.272828 -55.534499 0.000000
vt -7.329504 -64.353661 0.000000
vt -0.000000 -55.534499 0.000000
vt 3.919236 -64.353661 0.000000
vt 11.272828 -55.534499 0.000000
vt 15.167977 -64.353661 0.000000
vt 22.545655 -55.534499 0.000000
vt 26.416717 -64.353661 0.000000
vt 33.818483 -55.534499 0.000000
vt 37.665458 -64.353661 0.000000
vt 45.091311 -55.534499 0.000000
vt 48.914198 -64.353661 0.000000
vt 56.364138 -55.534499 0.000000
vt 60.162938 -64.353661 0.000000
vt 67.636966 -55.534499 0.000000
vt 71.411679 -64.353661 0.000000
vt 78.909794 -55.534499 0.000000
vt 82.660419 -64.353661 0.000000
vt 90.182621 -55.534499 0.000000
vt 93.909160 -64.353661 0.000000
vt 101.455449 -55.534499 0.000000
vt 105.157900 -64.353661 0.000000
vt 112.728276 -55.534499 0.000000
vt 116.406641 -64.353661 0.000000
vt 124.001104 -55.534499 0.000000
vt 127.655381 -64.353661 0.000000
vt 135.273932 -55.534499 0.000000
vt 138.904121 -64.353661 0.000000
vt 146.546759 -55.534499 0.000000
vt 150.152862 -64.353661 0.000000
vt 157.819587 -55.534499 0.000000
vt 161.401602 -64.353661 0.000000
vt 169.092415 -55.534499 0.000000
vt 172.650343 -64.353661 0.000000
vt 180.365242 -55.534499 0.000000
vt 183.899083 -64.353661 0.000000
vt 191.638070 -55.534499 0.000000
vt 195.147824 -64.353661 0.000000
vt 202.910898 -55.534499 0.000000
vt 206.396564 -64.353661 0.000000
vt 214.183725 -55.534499 0.000000
vt 217.645304 -64.353661 0.000000
vt 225.456553 -55.534499 0.000000
vt 228.894045 -64.353661 0.000000
vt 236.729381 -55.534499 0.000000
vt 240.142785 -64.353661 0.000000
vt 248.002208 -55.534499 0.000000
vt 251.391526 -64.353661 0.000000
vt 252.379688 -64.073540 0.000000
vt 251.916491 -64.302740 0.000000
vt 252.275619 -64.157296 0.000000
vt 252.162620 -64.221379 0.000000
vt 258.216518 -58.834508 0.000000
vt 259.275036 -55.534499 0.000000
vt 259.275036 -44.517668 0.000000
vt 264.349886 -53.817517 0.000000
vt 265.600047 -52.842380 0.000000
vt 266.857904 -51.877193 0.000000
vt 268.123378 -50.922015 0.000000
vt 270.547864 -44.519761 0.000000
vt 269.396390 -49.976906 0.000000
vt 270.676860 -49.041925 0.000000
vt 271.964707 -48.117133 0.000000
vt 273.259850 -47.202587 0.000000
vt 274.562208 -46.298343 0.000000
vt 275.871698 -45.404461 0.000000
vt 277.188239 -44.520995 0.000000
vt 270.547864 -33.277502 0.000000
vt 278.511746 -43.648001 0.000000
vt 279.842138 -42.785534 0.000000
vt 281.820691 -33.276905 0.000000
vt 281.179330 -41.933649 0.000000
vt 282.523238 -41.092398 0.000000
vt 283.873778 -40.261836 0.000000
vt 285.230864 -39.442014 0.000000
vt 286.594412 -38.632984 0.000000
vt 287.964334 -37.834797 0.000000
vt 289.340546 -37.047503 0.000000
vt 290.722960 -36.271151 0.000000
vt 293.093519 -33.276308 0.000000
vt 292.111490 -35.505791 0.000000
vt 293.506048 -34.751470 0.000000
vt 294.906546 -34.008237 0.000000
vt 296.312896 -33.276137 0.000000
vt 297.725010 -32.555217 0.000000
vt 293.093519 -22.213800 0.000000
vt 299.142799 -31.845523 0.000000
vt 300.566173 -31.147099 0.000000
vt 301.995044 -30.459988 0.000000
vt 304.366347 -22.213800 0.000000
vt 304.366347 -11.207775 0.000000
vt 315.639174 -11.209115 0.000000
vt 315.639174 -0.000000 0.000000
vt 326.912002 -0.000000 0.000000
vt 315.639174 11.106900 0.000000
vt 326.912002 11.106900 0.000000
vt 315.639174 22.213800 0.000000
vt 326.912002 22.213800 0.000000
vt 315.639174 33.320700 0.000000
vt 326.912002 33.320700 0.000000
vt 315.639174 44.427599 0.000000
vt 326.912002 44.427599 0.000000
vt 315.639174 55.534499 0.000000
vt 326.912002 55.534499 0.000000
vt 315.639174 66.641399 0.000000
vt 326.912002 66.641399 0.000000
vt 315.639174 77.748299 0.000000
vt 326.912002 77.748299 0.000000
vt 315.639174 88.855199 0.000000
vt 326.912002 88.855199 0.000000
vt 315.639174 99.962099 0.000000
vt 326.912002 99.962099 0.000000
vt 315.639174 111.068999 0.000000
vt 326.912002 111.068999 0.000000
vt 315.888893 122.175899 0.000000
vt 327.150863 122.175899 0.000000
vt 338.184829 111.068999 0.000000
vt 338.412833 122.175899 0.000000
vt 349.457657 111.068999 0.000000
vt 349.674804 122.175899 0.000000
vt 360.730485 111.068999 0.000000
vt 360.936774 122.175899 0.000000
vt 372.003312 111.068999 0.000000
vt 372.198744 122.175899 0.000000
vt 383.276140 111.068999 0.000000
vt 383.460715 122.175899 0.000000
vt 394.548968 111.068999 0.000000
vt 394.722685 122.175899 0.000000
vt 405.821795 111.068999 0.000000
vt 405.984655 122.175899 0.000000
vt 417.094623 111.068999 0.000000
vt 417.246626 122.175899 0.000000
vt 428.367451 111.068999 0.000000
vt 428.508596 122.175899 0.000000
vt 439.640278 111.068999 0.000000
vt 439.770566 122.175899 0.000000
vt 450.913106 111.068999 0.000000
vt 451.032537 122.175899 0.000000
vt 462.185934 111.068999 0.000000
vt 462.294507 122.175899 0.000000
vt 473.458761 111.068999 0.000000
vt 473.556477 122.175899 0.000000
vt 484.731589 111.068999 0.000000
vt 484.818448 122.175899 0.000000
vt 496.004417 111.068999 0.000000
vt 496.080418 122.175899 0.000000
vt 507.277244 111.068999 0.000000
vt 507.342388 122.175899 0.000000
vt 518.550072 111.068999 0.000000
vt 518.604358 122.175899 0.000000
vt 529.822900 111.068999 0.000000
vt 529.866329 122.175899 0.000000
vt 541.095727 111.068999 0.000000
vt 541.128299 122.175899 0.000000
vt 552.368555 111.068999 0.000000
vt 552.390269 122.175899 0.000000
vt 563.641382 111.068999 0.000000
vt 563.652240 122.175899 0.000000
vt 574.914210 111.068999 0.000000
vt 574.914210 122.175899 0.000000
vt 303.429320 -29.784235 0.000000
vt 304.868912 -29.119881 0.000000
vt 306.313729 -28.466969 0.000000
vt 307.763681 -27.825540 0.000000
vt 309.218675 -27.195633 0.000000
vt 310.678621 -26.577290 0.000000
vt 312.143427 -25.970547 0.000000
vt 315.639174 -22.213800 0.000000
vt 321.029126 -22.575813 0.000000
vt 322.525350 -22.051310 0.000000
vt 313.612999 -25.375445 0.000000
vt 315.087247 -24.792019 0.000000
vt 316.566077 -24.220308 0.000000
vt 318.049395 -23.660346 0.000000
vt 319.537110 -23.112170 0.000000
vt 324.025688 -21.538693 0.000000
vt 326.912002 -11.210454 0.000000
vt 338.184829 -0.000000 0.000000
vt 338.184829 11.106900 0.000000
vt 338.184829 22.213800 0.000000
vt 338.184829 33.320700 0.000000
vt 338.184829 44.427599 0.000000
vt 338.184829 55.534499 0.000000
vt 338.184829 66.641399 0.000000
vt 338.184829 77.748299 0.000000
vt 338.184829 88.855199 0.000000
vt 338.184829 99.962099 0.000000
vt 325.530046 -21.037994 0.000000
vt 327.038329 -20.549246 0.000000
vt 328.550441 -20.072479 0.000000
vt 330.066288 -19.607723 0.000000
vt 331.585775 -19.155007 0.000000
vt 333.108805 -18.714359 0.000000
vt 334.635283 -18.285808 0.000000
vt 338.184829 -11.211793 0.000000
vt 349.457657 -0.000000 0.000000
vt 349.457657 11.106900 0.000000
vt 349.457657 22.213800 0.000000
vt 349.457657 33.320700 0.000000
vt 349.457657 44.427599 0.000000
vt 349.457657 55.534499 0.000000
vt 349.457657 66.641399 0.000000
vt 349.457657 77.748299 0.000000
vt 349.457657 88.855199 0.000000
vt 349.457657 99.962099 0.000000
vt 336.165113 -17.869381 0.000000
vt 337.698198 -17.465103 0.000000
vt 339.234442 -17.073000 0.000000
vt 340.773749 -16.693096 0.000000
vt 342.316021 -16.325417 0.000000
vt 343.861161 -15.969984 0.000000
vt 345.409073 -15.626820 0.000000
vt 349.457657 -11.213132 0.000000
vt 360.730485 -0.000000 0.000000
vt 360.730485 11.106900 0.000000
vt 360.730485 22.213800 0.000000
vt 360.730485 33.320700 0.000000
vt 360.730485 44.427599 0.000000
vt 360.730485 55.534499 0.000000
vt 360.730485 66.641399 0.000000
vt 360.730485 77.748299 0.000000
vt 360.730485 88.855199 0.000000
vt 360.730485 99.962099 0.000000
vt 346.959658 -15.295947 0.000000
vt 348.512819 -14.977386 0.000000
vt 350.068458 -14.671156 0.000000
vt 351.626478 -14.377277 0.000000
vt 353.186781 -14.095768 0.000000
vt 354.749267 -13.826645 0.000000
vt 356.313840 -13.569927 0.000000
vt 360.730485 -11.214471 0.000000
vt 357.880399 -13.325629 0.000000
vt 359.448848 -13.093766 0.000000
vt 361.019087 -12.874354 0.000000
vt 362.591016 -12.667405 0.000000
vt 364.164539 -12.472934 0.000000
vt 365.739554 -12.290951 0.000000
vt 367.315963 -12.121470 0.000000
vt 372.003312 -0.000000 0.000000
vt 372.003312 11.106900 0.000000
vt 372.003312 22.213800 0.000000
vt 372.003312 33.320700 0.000000
vt 372.003312 44.427599 0.000000
vt 372.003312 55.534499 0.000000
vt 372.003312 66.641399 0.000000
vt 372.003312 77.748299 0.000000
vt 372.003312 88.855199 0.000000
vt 372.003312 99.962099 0.000000
vt 368.893668 -11.964500 0.000000
vt 370.472568 -11.820051 0.000000
vt 372.003312 -11.215811 0.000000
vt 372.052564 -11.688132 0.000000
vt 373.633558 -11.568752 0.000000
vt 375.215448 -11.461918 0.000000
vt 376.798136 -11.367637 0.000000
vt 378.381523 -11.285915 0.000000
vt 379.965508 -11.216757 0.000000
vt 383.276140 -0.000000 0.000000
vt 381.549991 -11.160167 0.000000
vt 383.134874 -11.116149 0.000000
vt 384.720056 -11.084705 0.000000
vt 386.305438 -11.065838 0.000000
vt 387.890919 -11.059549 0.000000
vt 388.191505 -11.060437 0.000000
vt 388.492079 -11.063099 0.000000
vt 388.792633 -11.067537 0.000000
vt 394.548968 -0.000000 0.000000
vt 389.093156 -11.073750 0.000000
vt 389.393636 -11.081738 0.000000
vt 389.694064 -11.091500 0.000000
vt 389.994429 -11.103036 0.000000
vt 390.294721 -11.116346 0.000000
vt 390.594928 -11.131429 0.000000
vt 390.895042 -11.148285 0.000000
vt 391.195051 -11.166913 0.000000
vt 391.494944 -11.187313 0.000000
vt 391.794712 -11.209483 0.000000
vt 394.548968 -11.207940 0.000000
vt 392.094344 -11.233423 0.000000
vt 392.393829 -11.259133 0.000000
vt 392.693157 -11.286611 0.000000
vt 392.992317 -11.315856 0.000000
vt 393.291300 -11.346867 0.000000
vt 393.590094 -11.379644 0.000000
vt 393.888689 -11.414184 0.000000
vt 394.187075 -11.450488 0.000000
vt 394.485242 -11.488553 0.000000
vt 394.783178 -11.528378 0.000000
vt 395.080875 -11.569963 0.000000
vt 395.378320 -11.613304 0.000000
vt 395.675504 -11.658402 0.000000
vt 395.972417 -11.705254 0.000000
vt 396.269048 -11.753859 0.000000
vt 396.565386 -11.804215 0.000000
vt 396.861422 -11.856319 0.000000
vt 397.157145 -11.910172 0.000000
vt 397.452545 -11.965770 0.000000
vt 397.747612 -12.023111 0.000000
vt 398.042334 -12.082195 0.000000
vt 398.336703 -12.143018 0.000000
vt 398.630707 -12.205578 0.000000
vt 405.821795 -0.000000 0.000000
vt 398.924337 -12.269873 0.000000
vt 399.217582 -12.335902 0.000000
vt 399.510431 -12.403661 0.000000
vt 399.802876 -12.473149 0.000000
vt 405.821795 -11.201625 0.000000
vt 400.094905 -12.544362 0.000000
vt 400.386508 -12.617299 0.000000
vt 400.677675 -12.691957 0.000000
vt 400.968397 -12.768333 0.000000
vt 401.258662 -12.846425 0.000000
vt 401.548461 -12.926230 0.000000
vt 401.837783 -13.007744 0.000000
vt 402.126620 -13.090967 0.000000
vt 402.414959 -13.175893 0.000000
vt 402.702792 -13.262521 0.000000
vt 402.990109 -13.350847 0.000000
vt 403.276898 -13.440869 0.000000
vt 403.563152 -13.532583 0.000000
vt 403.848858 -13.625985 0.000000
vt 404.134008 -13.721074 0.000000
vt 404.418591 -13.817845 0.000000
vt 404.702598 -13.916295 0.000000
vt 404.986018 -14.016420 0.000000
vt 405.268843 -14.118218 0.000000
vt 405.551061 -14.221684 0.000000
vt 405.832663 -14.326815 0.000000
vt 406.113639 -14.433608 0.000000
vt 406.393979 -14.542058 0.000000
vt 406.673675 -14.652161 0.000000
vt 406.952715 -14.763915 0.000000
vt 407.231090 -14.877314 0.000000
vt 407.508791 -14.992356 0.000000
vt 407.785807 -15.109036 0.000000
vt 408.062130 -15.227350 0.000000
vt 408.337748 -15.347293 0.000000
vt 408.612654 -15.468863 0.000000
vt 408.886837 -15.592053 0.000000
vt 409.160288 -15.716861 0.000000
vt 417.094623 -11.195310 0.000000
vt 417.094623 -0.000000 0.000000
vt 405.821795 11.106900 0.000000
vt 417.094623 11.106900 0.000000
vt 405.821795 22.213800 0.000000
vt 417.094623 22.213800 0.000000
vt 405.821795 33.320700 0.000000
vt 417.094623 33.320700 0.000000
vt 405.821795 44.427599 0.000000
vt 417.094623 44.427599 0.000000
vt 405.821795 55.534499 0.000000
vt 417.094623 55.534499 0.000000
vt 405.821795 66.641399 0.000000
vt 417.094623 66.641399 0.000000
vt 405.821795 77.748299 0.000000
vt 417.094623 77.748299 0.000000
vt 405.821795 88.855199 0.000000
vt 417.094623 88.855199 0.000000
vt 405.821795 99.962099 0.000000
vt 417.094623 99.962099 0.000000
vt 409.432996 -15.843282 0.000000
vt 409.704954 -15.971311 0.000000
vt 409.976150 -16.100944 0.000000
vt 410.246577 -16.232176 0.000000
vt 410.516223 -16.365004 0.000000
vt 410.785080 -16.499421 0.000000
vt 411.053139 -16.635424 0.000000
vt 411.320390 -16.773007 0.000000
vt 411.586823 -16.912167 0.000000
vt 411.852430 -17.052898 0.000000
vt 412.117202 -17.195195 0.000000
vt 412.381128 -17.339053 0.000000
vt 412.644200 -17.484467 0.000000
vt 412.906409 -17.631432 0.000000
vt 413.167745 -17.779944 0.000000
vt 413.428200 -17.929996 0.000000
vt 413.687764 -18.081584 0.000000
vt 413.946428 -18.234702 0.000000
vt 414.204183 -18.389345 0.000000
vt 414.461020 -18.545508 0.000000
vt 414.716931 -18.703185 0.000000
vt 414.971906 -18.862370 0.000000
vt 415.225936 -19.023059 0.000000
vt 415.479013 -19.185245 0.000000
vt 415.731128 -19.348923 0.000000
vt 415.982272 -19.514086 0.000000
vt 428.367451 -11.188995 0.000000
vt 428.367451 -22.213800 0.000000
vt 439.640278 -22.213800 0.000000
vt 432.577031 -30.428574 0.000000
vt 439.640278 -33.320700 0.000000
vt 440.874410 -35.885817 0.000000
vt 450.913106 -33.320700 0.000000
vt 449.171789 -41.343061 0.000000
vt 457.469169 -46.800305 0.000000
vt 424.279651 -24.971330 0.000000
vt 462.185934 -44.427599 0.000000
vt 465.811593 -52.218019 0.000000
vt 473.458761 -44.427599 0.000000
vt 473.458761 -55.534499 0.000000
vt 484.731589 -55.534499 0.000000
vt 474.154017 -57.635733 0.000000
vt 482.496441 -63.053447 0.000000
vt 490.838865 -68.471161 0.000000
vt 496.004417 -55.534499 0.000000
vt 484.731589 -44.427599 0.000000
vt 496.004417 -44.427599 0.000000
vt 484.731589 -33.320700 0.000000
vt 496.004417 -33.320700 0.000000
vt 484.731589 -22.213800 0.000000
vt 496.004417 -22.213800 0.000000
vt 484.731589 -11.157420 0.000000
vt 496.004417 -11.151105 0.000000
vt 484.731589 -0.000000 0.000000
vt 496.004417 -0.000000 0.000000
vt 484.731589 11.106900 0.000000
vt 496.004417 11.106900 0.000000
vt 484.731589 22.213800 0.000000
vt 496.004417 22.213800 0.000000
vt 484.731589 33.320700 0.000000
vt 496.004417 33.320700 0.000000
vt 484.731589 44.427599 0.000000
vt 496.004417 44.427599 0.000000
vt 484.731589 55.534499 0.000000
vt 496.004417 55.534499 0.000000
vt 484.731589 66.641399 0.000000
vt 496.004417 66.641399 0.000000
vt 484.731589 77.748299 0.000000
vt 496.004417 77.748299 0.000000
vt 484.731589 88.855199 0.000000
vt 496.004417 88.855199 0.000000
vt 484.731589 99.962099 0.000000
vt 496.004417 99.962099 0.000000
vt 496.004417 -66.641399 0.000000
vt 499.181289 -73.888875 0.000000
vt 507.277244 -66.641399 0.000000
vt 507.277244 -77.748299 0.000000
vt 518.550072 -77.748299 0.000000
vt 507.568758 -79.267059 0.000000
vt 515.956227 -84.645243 0.000000
vt 524.343695 -90.023428 0.000000
vt 529.822900 -77.748299 0.000000
vt 518.550072 -66.641399 0.000000
vt 529.822900 -66.641399 0.000000
vt 518.550072 -55.534499 0.000000
vt 529.822900 -55.534499 0.000000
vt 518.550072 -44.427599 0.000000
vt 529.822900 -44.427599 0.000000
vt 518.550072 -33.320700 0.000000
vt 529.822900 -33.320700 0.000000
vt 518.550072 -22.213800 0.000000
vt 529.822900 -22.213800 0.000000
vt 518.550072 -11.138475 0.000000
vt 529.822900 -11.132160 0.000000
vt 518.550072 -0.000000 0.000000
vt 529.822900 -0.000000 0.000000
vt 518.550072 11.106900 0.000000
vt 529.822900 11.106900 0.000000
vt 518.550072 22.213800 0.000000
vt 529.822900 22.213800 0.000000
vt 518.550072 33.320700 0.000000
vt 529.822900 33.320700 0.000000
vt 518.550072 44.427599 0.000000
vt 529.822900 44.427599 0.000000
vt 518.550072 55.534499 0.000000
vt 529.822900 55.534499 0.000000
vt 518.550072 66.641399 0.000000
vt 529.822900 66.641399 0.000000
vt 518.550072 77.748299 0.000000
vt 529.822900 77.748299 0.000000
vt 518.550072 88.855199 0.000000
vt 529.822900 88.855199 0.000000
vt 518.550072 99.962099 0.000000
vt 529.822900 99.962099 0.000000
vt 529.822900 -88.855199 0.000000
vt 532.731164 -95.401612 0.000000
vt 541.095727 -88.855199 0.000000
vt 541.095727 -99.962099 0.000000
vt 552.368555 -99.962099 0.000000
vt 541.118633 -100.779796 0.000000
vt 549.567527 -106.128822 0.000000
vt 558.016422 -111.477847 0.000000
vt 563.641382 -99.962099 0.000000
vt 552.368555 -88.855199 0.000000
vt 563.641382 -88.855199 0.000000
vt 552.368555 -77.748299 0.000000
vt 563.641382 -77.748299 0.000000
vt 552.368555 -66.641399 0.000000
vt 563.641382 -66.641399 0.000000
vt 552.368555 -55.534499 0.000000
vt 563.641382 -55.534499 0.000000
vt 552.368555 -44.427599 0.000000
vt 563.641382 -44.427599 0.000000
vt 552.368555 -33.320700 0.000000
vt 563.641382 -33.320700 0.000000
vt 552.368555 -22.213800 0.000000
vt 563.641382 -22.213800 0.000000
vt 552.368555 -11.119530 0.000000
vt 563.641382 -11.113215 0.000000
vt 552.368555 -0.000000 0.000000
vt 563.641382 -0.000000 0.000000
vt 552.368555 11.106900 0.000000
vt 563.641382 11.106900 0.000000
vt 552.368555 22.213800 0.000000
vt 563.641382 22.213800 0.000000
vt 552.368555 33.320700 0.000000
vt 563.641382 33.320700 0.000000
vt 552.368555 44.427599 0.000000
vt 563.641382 44.427599 0.000000
vt 552.368555 55.534499 0.000000
vt 563.641382 55.534499 0.000000
vt 552.368555 66.641399 0.000000
vt 563.641382 66.641399 0.000000
vt 552.368555 77.748299 0.000000
vt 563.641382 77.748299 0.000000
vt 552.368555 88.855199 0.000000
vt 563.641382 88.855199 0.000000
vt 552.368555 99.962099 0.000000
vt 563.641382 99.962099 0.000000
vt 563.641382 -111.068999 0.000000
vt 566.465316 -116.826873 0.000000
vt 574.914210 -111.068999 0.000000
vt 574.914210 -122.175899 0.000000
vt 574.914210 -99.962099 0.000000
vt 574.914210 -88.855199 0.000000
vt 574.914210 -77.748299 0.000000
vt 574.914210 -66.641399 0.000000
vt 574.914210 -55.534499 0.000000
vt 574.914210 -44.427599 0.000000
vt 574.914210 -33.320700 0.000000
vt 574.914210 -22.213800 0.000000
vt 574.914210 -11.106900 0.000000
vt 574.914210 0.000000 0.000000
vt 574.914210 11.106900 0.000000
vt 574.914210 22.213800 0.000000
vt 574.914210 33.320700 0.000000
vt 574.914210 44.427599 0.000000
vt 574.914210 55.534499 0.000000
vt 574.914210 66.641399 0.000000
vt 574.914210 77.748299 0.000000
vt 574.914210 88.855199 0.000000
vt 574.914210 99.962099 0.000000
vt 304.626922 122.175899 0.000000
vt 304.366347 111.068999 0.000000
vt 304.366347 99.962099 0.000000
vt 304.366347 88.855199 0.000000
vt 304.366347 77.748299 0.000000
vt 304.366347 66.641399 0.000000
vt 304.366347 55.534499 0.000000
vt 304.366347 44.427599 0.000000
vt 304.366347 33.320700 0.000000
vt 304.366347 22.213800 0.000000
vt 304.366347 11.106900 0.000000
vt 304.366347 -0.000000 0.000000
vt 293.093519 -11.206436 0.000000
vt 281.820691 -22.213800 0.000000
vt 293.364952 122.175899 0.000000
vt 293.093519 111.068999 0.000000
vt 293.093519 99.962099 0.000000
vt 293.093519 88.855199 0.000000
vt 293.093519 77.748299 0.000000
vt 293.093519 66.641399 0.000000
vt 293.093519 55.534499 0.000000
vt 293.093519 44.427599 0.000000
vt 293.093519 33.320700 0.000000
vt 293.093519 22.213800 0.000000
vt 293.093519 11.106900 0.000000
vt 293.093519 -0.000000 0.000000
vt 281.820691 -11.205097 0.000000
vt 270.547864 -22.213800 0.000000
vt 282.102982 122.175899 0.000000
vt 281.820691 111.068999 0.000000
vt 281.820691 99.962099 0.000000
vt 281.820691 88.855199 0.000000
vt 281.820691 77.748299 0.000000
vt 281.820691 66.641399 0.000000
vt 281.820691 55.534499 0.000000
vt 281.820691 44.427599 0.000000
vt 281.820691 33.320700 0.000000
vt 281.820691 22.213800 0.000000
vt 281.820691 11.106900 0.000000
vt 281.820691 -0.000000 0.000000
vt 270.547864 -11.203758 0.000000
vt 259.275036 -22.213800 0.000000
vt 259.275036 -33.278100 0.000000
vt 248.002208 -44.515574 0.000000
vt 270.841011 122.175899 0.000000
vt 270.547864 111.068999 0.000000
vt 270.547864 99.962099 0.000000
vt 270.547864 88.855199 0.000000
vt 270.547864 77.748299 0.000000
vt 270.547864 66.641399 0.000000
vt 270.547864 55.534499 0.000000
vt 270.547864 44.427599 0.000000
vt 270.547864 33.320700 0.000000
vt 270.547864 22.213800 0.000000
vt 270.547864 11.106900 0.000000
vt 270.547864 -0.000000 0.000000
vt 259.275036 -11.202419 0.000000
vt 248.002208 -22.213800 0.000000
vt 248.002208 -33.278697 0.000000
vt 236.729381 -44.513481 0.000000
vt 259.579041 122.175899 0.000000
vt 259.275036 111.068999 0.000000
vt 259.275036 99.962099 0.000000
vt 259.275036 88.855199 0.000000
vt 259.275036 77.748299 0.000000
vt 259.275036 66.641399 0.000000
vt 259.275036 55.534499 0.000000
vt 259.275036 44.427599 0.000000
vt 259.275036 33.320700 0.000000
vt 259.275036 22.213800 0.000000
vt 259.275036 11.106900 0.000000
vt 259.275036 -0.000000 0.000000
vt 248.002208 -11.201079 0.000000
vt 236.729381 -22.213800 0.000000
vt 236.729381 -33.279294 0.000000
vt 225.456553 -44.511387 0.000000
vt 248.317071 122.175899 0.000000
vt 248.002208 111.068999 0.000000
vt 248.002208 99.962099 0.000000
vt 248.002208 88.855199 0.000000
vt 248.002208 77.748299 0.000000
vt 248.002208 66.641399 0.000000
vt 248.002208 55.534499 0.000000
vt 248.002208 44.427599 0.000000
vt 248.002208 33.320700 0.000000
vt 248.002208 22.213800 0.000000
vt 248.002208 11.106900 0.000000
vt 248.002208 -0.000000 0.000000
vt 236.729381 -11.199740 0.000000
vt 225.456553 -22.213800 0.000000
vt 225.456553 -33.279891 0.000000
vt 214.183725 -44.509294 0.000000
vt 237.055100 122.175899 0.000000
vt 236.729381 111.068999 0.000000
vt 236.729381 99.962099 0.000000
vt 236.729381 88.855199 0.000000
vt 236.729381 77.748299 0.000000
vt 236.729381 66.641399 0.000000
vt 236.729381 55.534499 0.000000
vt 236.729381 44.427599 0.000000
vt 236.729381 33.320700 0.000000
vt 236.729381 22.213800 0.000000
vt 236.729381 11.106900 0.000000
vt 236.729381 -0.000000 0.000000
vt 225.456553 -11.198401 0.000000
vt 214.183725 -22.213800 0.000000
vt 214.183725 -33.280489 0.000000
vt 202.910898 -44.507201 0.000000
vt 225.793130 122.175899 0.000000
vt 225.456553 111.068999 0.000000
vt 225.456553 99.962099 0.000000
vt 225.456553 88.855199 0.000000
vt 225.456553 77.748299 0.000000
vt 225.456553 66.641399 0.000000
vt 225.456553 55.534499 0.000000
vt 225.456553 44.427599 0.000000
vt 225.456553 33.320700 0.000000
vt 225.456553 22.213800 0.000000
vt 225.456553 11.106900 0.000000
vt 225.456553 -0.000000 0.000000
vt 214.183725 -11.197062 0.000000
vt 202.910898 -22.213800 0.000000
vt 202.910898 -33.281086 0.000000
vt 191.638070 -44.505107 0.000000
vt 214.531160 122.175899 0.000000
vt 214.183725 111.068999 0.000000
vt 214.183725 99.962099 0.000000
vt 214.183725 88.855199 0.000000
vt 214.183725 77.748299 0.000000
vt 214.183725 66.641399 0.000000
vt 214.183725 55.534499 0.000000
vt 214.183725 44.427599 0.000000
vt 214.183725 33.320700 0.000000
vt 214.183725 22.213800 0.000000
vt 214.183725 11.106900 0.000000
vt 214.183725 -0.000000 0.000000
vt 202.910898 -11.195723 0.000000
vt 191.638070 -22.213800 0.000000
vt 191.638070 -33.281683 0.000000
vt 180.365242 -44.503014 0.000000
vt 203.269189 122.175899 0.000000
vt 202.910898 111.068999 0.000000
vt 202.910898 99.962099 0.000000
vt 202.910898 88.855199 0.000000
vt 202.910898 77.748299 0.000000
vt 202.910898 66.641399 0.000000
vt 202.910898 55.534499 0.000000
vt 202.910898 44.427599 0.000000
vt 202.910898 33.320700 0.000000
vt 202.910898 22.213800 0.000000
vt 202.910898 11.106900 0.000000
vt 202.910898 -0.000000 0.000000
vt 191.638070 -11.194383 0.000000
vt 180.365242 -22.213800 0.000000
vt 180.365242 -33.282280 0.000000
vt 169.092415 -44.500920 0.000000
vt 192.007219 122.175899 0.000000
vt 191.638070 111.068999 0.000000
vt 191.638070 99.962099 0.000000
vt 191.638070 88.855199 0.000000
vt 191.638070 77.748299 0.000000
vt 191.638070 66.641399 0.000000
vt 191.638070 55.534499 0.000000
vt 191.638070 44.427599 0.000000
vt 191.638070 33.320700 0.000000
vt 191.638070 22.213800 0.000000
vt 191.638070 11.106900 0.000000
vt 191.638070 -0.000000 0.000000
vt 180.365242 -11.193044 0.000000
vt 169.092415 -22.213800 0.000000
vt 169.092415 -33.282878 0.000000
vt 157.819587 -44.498827 0.000000
vt 180.745249 122.175899 0.000000
vt 180.365242 111.068999 0.000000
vt 180.365242 99.962099 0.000000
vt 180.365242 88.855199 0.000000
vt 180.365242 77.748299 0.000000
vt 180.365242 66.641399 0.000000
vt 180.365242 55.534499 0.000000
vt 180.365242 44.427599 0.000000
vt 180.365242 33.320700 0.000000
vt 180.365242 22.213800 0.000000
vt 180.365242 11.106900 0.000000
vt 180.365242 -0.000000 0.000000
vt 169.092415 -11.191705 0.000000
vt 157.819587 -22.213800 0.000000
vt 157.819587 -33.283475 0.000000
vt 146.546759 -44.496733 0.000000
vt 169.483278 122.175899 0.000000
vt 169.092415 111.068999 0.000000
vt 169.092415 99.962099 0.000000
vt 169.092415 88.855199 0.000000
vt 169.092415 77.748299 0.000000
vt 169.092415 66.641399 0.000000
vt 169.092415 55.534499 0.000000
vt 169.092415 44.427599 0.000000
vt 169.092415 33.320700 0.000000
vt 169.092415 22.213800 0.000000
vt 169.092415 11.106900 0.000000
vt 169.092415 -0.000000 0.000000
vt 157.819587 -11.190366 0.000000
vt 146.546759 -22.213800 0.000000
vt 146.546759 -33.284072 0.000000
vt 135.273932 -44.494640 0.000000
vt 158.221308 122.175899 0.000000
vt 157.819587 111.068999 0.000000
vt 157.819587 99.962099 0.000000
vt 157.819587 88.855199 0.000000
vt 157.819587 77.748299 0.000000
vt 157.819587 66.641399 0.000000
vt 157.819587 55.534499 0.000000
vt 157.819587 44.427599 0.000000
vt 157.819587 33.320700 0.000000
vt 157.819587 22.213800 0.000000
vt 157.819587 11.106900 0.000000
vt 157.819587 -0.000000 0.000000
vt 146.546759 -11.189027 0.000000
vt 135.273932 -22.213800 0.000000
vt 135.273932 -33.284669 0.000000
vt 124.001104 -44.492546 0.000000
vt 146.959338 122.175899 0.000000
vt 146.546759 111.068999 0.000000
vt 146.546759 99.962099 0.000000
vt 146.546759 88.855199 0.000000
vt 146.546759 77.748299 0.000000
vt 146.546759 66.641399 0.000000
vt 146.546759 55.534499 0.000000
vt 146.546759 44.427599 0.000000
vt 146.546759 33.320700 0.000000
vt 146.546759 22.213800 0.000000
vt 146.546759 11.106900 0.000000
vt 146.546759 -0.000000 0.000000
vt 135.273932 -11.187687 0.000000
vt 124.001104 -22.213800 0.000000
vt 124.001104 -33.285267 0.000000
vt 112.728276 -44.490453 0.000000
vt 135.697368 122.175899 0.000000
vt 135.273932 111.068999 0.000000
vt 135.273932 99.962099 0.000000
vt 135.273932 88.855199 0.000000
vt 135.273932 77.748299 0.000000
vt 135.273932 66.641399 0.000000
vt 135.273932 55.534499 0.000000
vt 135.273932 44.427599 0.000000
vt 135.273932 33.320700 0.000000
vt 135.273932 22.213800 0.000000
vt 135.273932 11.106900 0.000000
vt 135.273932 -0.000000 0.000000
vt 124.001104 -11.186348 0.000000
vt 112.728276 -22.213800 0.000000
vt 112.728276 -33.285864 0.000000
vt 101.455449 -44.488359 0.000000
vt 124.435397 122.175899 0.000000
vt 124.001104 111.068999 0.000000
vt 124.001104 99.962099 0.000000
vt 124.001104 88.855199 0.000000
vt 124.001104 77.748299 0.000000
vt 124.001104 66.641399 0.000000
vt 124.001104 55.534499 0.000000
vt 124.001104 44.427599 0.000000
vt 124.001104 33.320700 0.000000
vt 124.001104 22.213800 0.000000
vt 124.001104 11.106900 0.000000
vt 124.001104 -0.000000 0.000000
vt 112.728276 -11.185009 0.000000
vt 101.455449 -22.213800 0.000000
vt 101.455449 -33.286461 0.000000
vt 90.182621 -44.486266 0.000000
vt 113.173427 122.175899 0.000000
vt 112.728276 111.068999 0.000000
vt 112.728276 99.962099 0.000000
vt 112.728276 88.855199 0.000000
vt 112.728276 77.748299 0.000000
vt 112.728276 66.641399 0.000000
vt 112.728276 55.534499 0.000000
vt 112.728276 44.427599 0.000000
vt 112.728276 33.320700 0.000000
vt 112.728276 22.213800 0.000000
vt 112.728276 11.106900 0.000000
vt 112.728276 -0.000000 0.000000
vt 101.455449 -11.183670 0.000000
vt 90.182621 -22.213800 0.000000
vt 90.182621 -33.287059 0.000000
vt 78.909794 -44.484172 0.000000
vt 101.911457 122.175899 0.000000
vt 101.455449 111.068999 0.000000
vt 101.455449 99.962099 0.000000
vt 101.455449 88.855199 0.000000
vt 101.455449 77.748299 0.000000
vt 101.455449 66.641399 0.000000
vt 101.455449 55.534499 0.000000
vt 101.455449 44.427599 0.000000
vt 101.455449 33.320700 0.000000
vt 101.455449 22.213800 0.000000
vt 101.455449 11.106900 0.000000
vt 101.455449 -0.000000 0.000000
vt 90.182621 -11.182330 0.000000
vt 78.909794 -22.213800 0.000000
vt 78.909794 -33.287656 0.000000
vt 67.636966 -44.482079 0.000000
vt 90.649486 122.175899 0.000000
vt 90.182621 111.068999 0.000000
vt 90.182621 99.962099 0.000000
vt 90.182621 88.855199 0.000000
vt 90.182621 77.748299 0.000000
vt 90.182621 66.641399 0.000000
vt 90.182621 55.534499 0.000000
vt 90.182621 44.427599 0.000000
vt 90.182621 33.320700 0.000000
vt 90.182621 22.213800 0.000000
vt 90.182621 11.106900 0.000000
vt 90.182621 -0.000000 0.000000
vt 78.909794 -11.180991 0.000000
vt 67.636966 -22.213800 0.000000
vt 67.636966 -33.288253 0.000000
vt 56.364138 -44.479985 0.000000
vt 79.387516 122.175899 0.000000
vt 78.909794 111.068999 0.000000
vt 78.909794 99.962099 0.000000
vt 78.909794 88.855199 0.000000
vt 78.909794 77.748299 0.000000
vt 78.909794 66.641399 0.000000
vt 78.909794 55.534499 0.000000
vt 78.909794 44.427599 0.000000
vt 78.909794 33.320700 0.000000
vt 78.909794 22.213800 0.000000
vt 78.909794 11.106900 0.000000
vt 78.909794 -0.000000 0.000000
vt 67.636966 -11.179652 0.000000
vt 56.364138 -22.213800 0.000000
vt 56.364138 -33.288850 0.000000
vt 45.091311 -44.477892 0.000000
vt 68.125546 122.175899 0.000000
vt 67.636966 111.068999 0.000000
vt 67.636966 99.962099 0.000000
vt 67.636966 88.855199 0.000000
vt 67.636966 77.748299 0.000000
vt 67.636966 66.641399 0.000000
vt 67.636966 55.534499 0.000000
vt 67.636966 44.427599 0.000000
vt 67.636966 33.320700 0.000000
vt 67.636966 22.213800 0.000000
vt 67.636966 11.106900 0.000000
vt 67.636966 -0.000000 0.000000
vt 56.364138 -11.178313 0.000000
vt 45.091311 -22.213800 0.000000
vt 45.091311 -33.289448 0.000000
vt 33.818483 -44.475798 0.000000
vt 56.863575 122.175899 0.000000
vt 56.364138 111.068999 0.000000
vt 56.364138 99.962099 0.000000
vt 56.364138 88.855199 0.000000
vt 56.364138 77.748299 0.000000
vt 56.364138 66.641399 0.000000
vt 56.364138 55.534499 0.000000
vt 56.364138 44.427599 0.000000
vt 56.364138 33.320700 0.000000
vt 56.364138 22.213800 0.000000
vt 56.364138 11.106900 0.000000
vt 56.364138 -0.000000 0.000000
vt 45.091311 -11.176974 0.000000
vt 33.818483 -22.213800 0.000000
vt 33.818483 -33.290045 0.000000
vt 22.545655 -44.473705 0.000000
vt 45.601605 122.175899 0.000000
vt 45.091311 111.068999 0.000000
vt 45.091311 99.962099 0.000000
vt 45.091311 88.855199 0.000000
vt 45.091311 77.748299 0.000000
vt 45.091311 66.641399 0.000000
vt 45.091311 55.534499 0.000000
vt 45.091311 44.427599 0.000000
vt 45.091311 33.320700 0.000000
vt 45.091311 22.213800 0.000000
vt 45.091311 11.106900 0.000000
vt 45.091311 -0.000000 0.000000
vt 33.818483 -11.175634 0.000000
vt 22.545655 -22.213800 0.000000
vt 22.545655 -33.290642 0.000000
vt 11.272828 -44.471611 0.000000
vt 34.339635 122.175899 0.000000
vt 33.818483 111.068999 0.000000
vt 33.818483 99.962099 0.000000
vt 33.818483 88.855199 0.000000
vt 33.818483 77.748299 0.000000
vt 33.818483 66.641399 0.000000
vt 33.818483 55.534499 0.000000
vt 33.818483 44.427599 0.000000
vt 33.818483 33.320700 0.000000
vt 33.818483 22.213800 0.000000
vt 33.818483 11.106900 0.000000
vt 33.818483 -0.000000 0.000000
vt 22.545655 -11.174295 0.000000
vt 11.272828 -22.213800 0.000000
vt 11.272828 -33.291239 0.000000
vt -0.000000 -44.469518 0.000000
vt 23.077664 122.175899 0.000000
vt 22.545655 111.068999 0.000000
vt 22.545655 99.962099 0.000000
vt 22.545655 88.855199 0.000000
vt 22.545655 77.748299 0.000000
vt 22.545655 66.641399 0.000000
vt 22.545655 55.534499 0.000000
vt 22.545655 44.427599 0.000000
vt 22.545655 33.320700 0.000000
vt 22.545655 22.213800 0.000000
vt 22.545655 11.106900 0.000000
vt 22.545655 -0.000000 0.000000
vt 11.272828 -11.172956 0.000000
vt -0.000000 -22.213800 0.000000
vt -0.000000 -33.291837 0.000000
vt -11.272828 -44.467424 0.000000
vt 11.815694 122.175899 0.000000
vt 11.272828 111.068999 0.000000
vt 11.272828 99.962099 0.000000
vt 11.272828 88.855199 0.000000
vt 11.272828 77.748299 0.000000
vt 11.272828 66.641399 0.000000
vt 11.272828 55.534499 0.000000
vt 11.272828 44.427599 0.000000
vt 11.272828 33.320700 0.000000
vt 11.272828 22.213800 0.000000
vt 11.272828 11.106900 0.000000
vt 11.272828 -0.000000 0.000000
vt -0.000000 -11.171617 0.000000
vt -11.272828 -22.213800 0.000000
vt -11.272828 -33.292434 0.000000
vt -22.545655 -44.465331 0.000000
vt 0.553724 122.175899 0.000000
vt -0.000000 111.068999 0.000000
vt -0.000000 99.962099 0.000000
vt -0.000000 88.855199 0.000000
vt -0.000000 77.748299 0.000000
vt -0.000000 66.641399 0.000000
vt -0.000000 55.534499 0.000000
vt -0.000000 44.427599 0.000000
vt -0.000000 33.320700 0.000000
vt -0.000000 22.213800 0.000000
vt -0.000000 11.106900 0.000000
vt -0.000000 -0.000000 0.000000
vt -11.272828 -11.170278 0.000000
vt -22.545655 -22.213800 0.000000
vt -22.545655 -33.293031 0.000000
vt -33.818483 -44.463237 0.000000
vt -10.708247 122.175899 0.000000
vt -11.272828 111.068999 0.000000
vt -11.272828 99.962099 0.000000
vt -11.272828 88.855199 0.000000
vt -11.272828 77.748299 0.000000
vt -11.272828 66.641399 0.000000
vt -11.272828 55.534499 0.000000
vt -11.272828 44.427599 0.000000
vt -11.272828 33.320700 0.000000
vt -11.272828 22.213800 0.000000
vt -11.272828 11.106900 0.000000
vt -11.272828 -0.000000 0.000000
vt -22.545655 -11.168938 0.000000
vt -33.818483 -22.213800 0.000000
vt -33.818483 -33.293629 0.000000
vt -45.091311 -44.461144 0.000000
vt -21.970217 122.175899 0.000000
vt -22.545655 111.068999 0.000000
vt -22.545655 99.962099 0.000000
vt -22.545655 88.855199 0.000000
vt -22.545655 77.748299 0.000000
vt -22.545655 66.641399 0.000000
vt -22.545655 55.534499 0.000000
vt -22.545655 44.427599 0.000000
vt -22.545655 33.320700 0.000000
vt -22.545655 22.213800 0.000000
vt -22.545655 11.106900 0.000000
vt -22.545655 -0.000000 0.000000
vt -33.818483 -11.167599 0.000000
vt -45.091311 -22.213800 0.000000
vt -45.091311 -33.294226 0.000000
vt -56.364138 -44.459051 0.000000
vt -33.232187 122.175899 0.000000
vt -33.818483 111.068999 0.000000
vt -33.818483 99.962099 0.000000
vt -33.818483 88.855199 0.000000
vt -33.818483 77.748299 0.000000
vt -33.818483 66.641399 0.000000
vt -33.818483 55.534499 0.000000
vt -33.818483 44.427599 0.000000
vt -33.818483 33.320700 0.000000
vt -33.818483 22.213800 0.000000
vt -33.818483 11.106900 0.000000
vt -33.818483 -0.000000 0.000000
vt -45.091311 -11.166260 0.000000
vt -56.364138 -22.213800 0.000000
vt -56.364138 -33.294823 0.000000
vt -67.636966 -44.456957 0.000000
vt -44.494158 122.175899 0.000000
vt -45.091311 111.068999 0.000000
vt -45.091311 99.962099 0.000000
vt -45.091311 88.855199 0.000000
vt -45.091311 77.748299 0.000000
vt -45.091311 66.641399 0.000000
vt -45.091311 55.534499 0.000000
vt -45.091311 44.427599 0.000000
vt -45.091311 33.320700 0.000000
vt -45.091311 22.213800 0.000000
vt -45.091311 11.106900 0.000000
vt -45.091311 -0.000000 0.000000
vt -56.364138 -11.164921 0.000000
vt -67.636966 -22.213800 0.000000
vt -67.636966 -33.295420 0.000000
vt -78.909794 -44.454864 0.000000
vt -55.756128 122.175899 0.000000
vt -56.364138 111.068999 0.000000
vt -56.364138 99.962099 0.000000
vt -56.364138 88.855199 0.000000
vt -56.364138 77.748299 0.000000
vt -56.364138 66.641399 0.000000
vt -56.364138 55.534499 0.000000
vt -56.364138 44.427599 0.000000
vt -56.364138 33.320700 0.000000
vt -56.364138 22.213800 0.000000
vt -56.364138 11.106900 0.000000
vt -56.364138 -0.000000 0.000000
vt -67.636966 -11.163582 0.000000
vt -78.909794 -22.213800 0.000000
vt -78.909794 -33.296018 0.000000
vt -90.182621 -44.452770 0.000000
vt -67.018098 122.175899 0.000000
vt -67.636966 111.068999 0.000000
vt -67.636966 99.962099 0.000000
vt -67.636966 88.855199 0.000000
vt -67.636966 77.748299 0.000000
vt -67.636966 66.641399 0.000000
vt -67.636966 55.534499 0.000000
vt -67.636966 44.427599 0.000000
vt -67.636966 33.320700 0.000000
vt -67.636966 22.213800 0.000000
vt -67.636966 11.106900 0.000000
vt -67.636966 -0.000000 0.000000
vt -78.909794 -11.162242 0.000000
vt -90.182621 -22.213800 0.000000
vt -90.182621 -33.296615 0.000000
vt -101.455449 -44.450677 0.000000
vt -78.280069 122.175899 0.000000
vt -78.909794 111.068999 0.000000
vt -78.909794 99.962099 0.000000
vt -78.909794 88.855199 0.000000
vt -78.909794 77.748299 0.000000
vt -78.909794 66.641399 0.000000
vt -78.909794 55.534499 0.000000
vt -78.909794 44.427599 0.000000
vt -78.909794 33.320700 0.000000
vt -78.909794 22.213800 0.000000
vt -78.909794 11.106900 0.000000
vt -78.909794 -0.000000 0.000000
vt -90.182621 -11.160903 0.000000
vt -101.455449 -22.213800 0.000000
vt -101.455449 -33.297212 0.000000
vt -112.728276 -44.448583 0.000000
vt -89.542039 122.175899 0.000000
vt -90.182621 111.068999 0.000000
vt -90.182621 99.962099 0.000000
vt -90.182621 88.855199 0.000000
vt -90.182621 77.748299 0.000000
vt -90.182621 66.641399 0.000000
vt -90.182621 55.534499 0.000000
vt -90.182621 44.427599 0.000000
vt -90.182621 33.320700 0.000000
vt -90.182621 22.213800 0.000000
vt -90.182621 11.106900 0.000000
vt -90.182621 -0.000000 0.000000
vt -101.455449 -11.159564 0.000000
vt -112.728276 -22.213800 0.000000
vt -112.728276 -33.297809 0.000000
vt -124.001104 -44.446490 0.000000
vt -100.804009 122.175899 0.000000
vt -101.455449 111.068999 0.000000
vt -101.455449 99.962099 0.000000
vt -101.455449 88.855199 0.000000
vt -101.455449 77.748299 0.000000
vt -101.455449 66.641399 0.000000
vt -101.455449 55.534499 0.000000
vt -101.455449 44.427599 0.000000
vt -101.455449 33.320700 0.000000
vt -101.455449 22.213800 0.000000
vt -101.455449 11.106900 0.000000
vt -101.455449 -0.000000 0.000000
vt -112.728276 -11.158225 0.000000
vt -124.001104 -22.213800 0.000000
vt -124.001104 -33.298407 0.000000
vt -135.273932 -44.444396 0.000000
vt -112.065980 122.175899 0.000000
vt -112.728276 111.068999 0.000000
vt -112.728276 99.962099 0.000000
vt -112.728276 88.855199 0.000000
vt -112.728276 77.748299 0.000000
vt -112.728276 66.641399 0.000000
vt -112.728276 55.534499 0.000000
vt -112.728276 44.427599 0.000000
vt -112.728276 33.320700 0.000000
vt -112.728276 22.213800 0.000000
vt -112.728276 11.106900 0.000000
vt -112.728276 -0.000000 0.000000
vt -124.001104 -11.156886 0.000000
vt -135.273932 -22.213800 0.000000
vt -135.273932 -33.299004 0.000000
vt -146.546759 -44.442303 0.000000
vt -123.327950 122.175899 0.000000
vt -124.001104 111.068999 0.000000
vt -124.001104 99.962099 0.000000
vt -124.001104 88.855199 0.000000
vt -124.001104 77.748299 0.000000
vt -124.001104 66.641399 0.000000
vt -124.001104 55.534499 0.000000
vt -124.001104 44.427599 0.000000
vt -124.001104 33.320700 0.000000
vt -124.001104 22.213800 0.000000
vt -124.001104 11.106900 0.000000
vt -124.001104 -0.000000 0.000000
vt -135.273932 -11.155546 0.000000
vt -146.546759 -22.213800 0.000000
vt -146.546759 -33.299601 0.000000
vt -157.819587 -44.440209 0.000000
vt -134.589920 122.175899 0.000000
vt -135.273932 111.068999 0.000000
vt -135.273932 99.962099 0.000000
vt -135.273932 88.855199 0.000000
vt -135.273932 77.748299 0.000000
vt -135.273932 66.641399 0.000000
vt -135.273932 55.534499 0.000000
vt -135.273932 44.427599 0.000000
vt -135.273932 33.320700 0.000000
vt -135.273932 22.213800 0.000000
vt -135.273932 11.106900 0.000000
vt -135.273932 -0.000000 0.000000
vt -146.546759 -11.154207 0.000000
vt -157.819587 -22.213800 0.000000
vt -157.819587 -33.300198 0.000000
vt -169.092415 -44.438116 0.000000
vt -145.851891 122.175899 0.000000
vt -146.546759 111.068999 0.000000
vt -146.546759 99.962099 0.000000
vt -146.546759 88.855199 0.000000
vt -146.546759 77.748299 0.000000
vt -146.546759 66.641399 0.000000
vt -146.546759 55.534499 0.000000
vt -146.546759 44.427599 0.000000
vt -146.546759 33.320700 0.000000
vt -146.546759 22.213800 0.000000
vt -146.546759 11.106900 0.000000
vt -146.546759 -0.000000 0.000000
vt -157.819587 -11.152868 0.000000
vt -169.092415 -22.213800 0.000000
vt -169.092415 -33.300796 0.000000
vt -180.365242 -44.436022 0.000000
vt -157.113861 122.175899 0.000000
vt -157.819587 111.068999 0.000000
vt -157.819587 99.962099 0.000000
vt -157.819587 88.855199 0.000000
vt -157.819587 77.748299 0.000000
vt -157.819587 66.641399 0.000000
vt -157.819587 55.534499 0.000000
vt -157.819587 44.427599 0.000000
vt -157.819587 33.320700 0.000000
vt -157.819587 22.213800 0.000000
vt -157.819587 11.106900 0.000000
vt -157.819587 -0.000000 0.000000
vt -169.092415 -11.151529 0.000000
vt -180.365242 -22.213800 0.000000
vt -180.365242 -33.301393 0.000000
vt -191.638070 -44.433929 0.000000
vt -168.375831 122.175899 0.000000
vt -169.092415 111.068999 0.000000
vt -169.092415 99.962099 0.000000
vt -169.092415 88.855199 0.000000
vt -169.092415 77.748299 0.000000
vt -169.092415 66.641399 0.000000
vt -169.092415 55.534499 0.000000
vt -169.092415 44.427599 0.000000
vt -169.092415 33.320700 0.000000
vt -169.092415 22.213800 0.000000
vt -169.092415 11.106900 0.000000
vt -169.092415 -0.000000 0.000000
vt -180.365242 -11.150189 0.000000
vt -191.638070 -22.213800 0.000000
vt -191.638070 -33.301990 0.000000
vt -202.910898 -44.431835 0.000000
vt -179.637801 122.175899 0.000000
vt -180.365242 111.068999 0.000000
vt -180.365242 99.962099 0.000000
vt -180.365242 88.855199 0.000000
vt -180.365242 77.748299 0.000000
vt -180.365242 66.641399 0.000000
vt -180.365242 55.534499 0.000000
vt -180.365242 44.427599 0.000000
vt -180.365242 33.320700 0.000000
vt -180.365242 22.213800 0.000000
vt -180.365242 11.106900 0.000000
vt -180.365242 -0.000000 0.000000
vt -191.638070 -11.148850 0.000000
vt -202.910898 -22.213800 0.000000
vt -202.910898 -33.302588 0.000000
vt -214.183725 -44.429742 0.000000
vt -190.899772 122.175899 0.000000
vt -191.638070 111.068999 0.000000
vt -191.638070 99.962099 0.000000
vt -191.638070 88.855199 0.000000
vt -191.638070 77.748299 0.000000
vt -191.638070 66.641399 0.000000
vt -191.638070 55.534499 0.000000
vt -191.638070 44.427599 0.000000
vt -191.638070 33.320700 0.000000
vt -191.638070 22.213800 0.000000
vt -191.638070 11.106900 0.000000
vt -191.638070 -0.000000 0.000000
vt -202.910898 -11.147511 0.000000
vt -214.183725 -22.213800 0.000000
vt -214.183725 -33.303185 0.000000
vt -225.456553 -44.427648 0.000000
vt -202.161742 122.175899 0.000000
vt -202.910898 111.068999 0.000000
vt -202.910898 99.962099 0.000000
vt -202.910898 88.855199 0.000000
vt -202.910898 77.748299 0.000000
vt -202.910898 66.641399 0.000000
vt -202.910898 55.534499 0.000000
vt -202.910898 44.427599 0.000000
vt -202.910898 33.320700 0.000000
vt -202.910898 22.213800 0.000000
vt -202.910898 11.106900 0.000000
vt -202.910898 -0.000000 0.000000
vt -214.183725 -11.146172 0.000000
vt -225.456553 -22.213800 0.000000
vt -225.456553 -33.303782 0.000000
vt -236.729381 -44.425555 0.000000
vt -213.423712 122.175899 0.000000
vt -214.183725 111.068999 0.000000
vt -214.183725 99.962099 0.000000
vt -214.183725 88.855199 0.000000
vt -214.183725 77.748299 0.000000
vt -214.183725 66.641399 0.000000
vt -214.183725 55.534499 0.000000
vt -214.183725 44.427599 0.000000
vt -214.183725 33.320700 0.000000
vt -214.183725 22.213800 0.000000
vt -214.183725 11.106900 0.000000
vt -214.183725 -0.000000 0.000000
vt -225.456553 -11.144833 0.000000
vt -236.729381 -22.213800 0.000000
vt -236.729381 -33.304379 0.000000
vt -248.002208 -44.423461 0.000000
vt -224.685683 122.175899 0.000000
vt -225.456553 111.068999 0.000000
vt -225.456553 99.962099 0.000000
vt -225.456553 88.855199 0.000000
vt -225.456553 77.748299 0.000000
vt -225.456553 66.641399 0.000000
vt -225.456553 55.534499 0.000000
vt -225.456553 44.427599 0.000000
vt -225.456553 33.320700 0.000000
vt -225.456553 22.213800 0.000000
vt -225.456553 11.106900 0.000000
vt -225.456553 -0.000000 0.000000
vt -236.729381 -11.143493 0.000000
vt -248.002208 -22.213800 0.000000
vt -248.002208 -33.304977 0.000000
vt -259.275036 -44.421368 0.000000
vt -235.947653 122.175899 0.000000
vt -236.729381 111.068999 0.000000
vt -236.729381 99.962099 0.000000
vt -236.729381 88.855199 0.000000
vt -236.729381 77.748299 0.000000
vt -236.729381 66.641399 0.000000
vt -236.729381 55.534499 0.000000
vt -236.729381 44.427599 0.000000
vt -236.729381 33.320700 0.000000
vt -236.729381 22.213800 0.000000
vt -236.729381 11.106900 0.000000
vt -236.729381 -0.000000 0.000000
vt -248.002208 -11.142154 0.000000
vt -259.275036 -22.213800 0.000000
vt -259.275036 -33.305574 0.000000
vt -270.547864 -44.419274 0.000000
vt -247.209623 122.175899 0.000000
vt -248.002208 111.068999 0.000000
vt -248.002208 99.962099 0.000000
vt -248.002208 88.855199 0.000000
vt -248.002208 77.748299 0.000000
vt -248.002208 66.641399 0.000000
vt -248.002208 55.534499 0.000000
vt -248.002208 44.427599 0.000000
vt -248.002208 33.320700 0.000000
vt -248.002208 22.213800 0.000000
vt -248.002208 11.106900 0.000000
vt -248.002208 -0.000000 0.000000
vt -259.275036 -11.140815 0.000000
vt -270.547864 -22.213800 0.000000
vt -270.547864 -33.306171 0.000000
vt -281.820691 -44.417181 0.000000
vt -258.471594 122.175899 0.000000
vt -259.275036 111.068999 0.000000
vt -259.275036 99.962099 0.000000
vt -259.275036 88.855199 0.000000
vt -259.275036 77.748299 0.000000
vt -259.275036 66.641399 0.000000
vt -259.275036 55.534499 0.000000
vt -259.275036 44.427599 0.000000
vt -259.275036 33.320700 0.000000
vt -259.275036 22.213800 0.000000
vt -259.275036 11.106900 0.000000
vt -259.275036 -0.000000 0.000000
vt -270.547864 -11.139476 0.000000
vt -281.820691 -22.213800 0.000000
vt -281.820691 -33.306768 0.000000
vt -293.093519 -44.415087 0.000000
vt -269.733564 122.175899 0.000000
vt -270.547864 111.068999 0.000000
vt -270.547864 99.962099 0.000000
vt -270.547864 88.855199 0.000000
vt -270.547864 77.748299 0.000000
vt -270.547864 66.641399 0.000000
vt -270.547864 55.534499 0.000000
vt -270.547864 44.427599 0.000000
vt -270.547864 33.320700 0.000000
vt -270.547864 22.213800 0.000000
vt -270.547864 11.106900 0.000000
vt -270.547864 -0.000000 0.000000
vt -281.820691 -11.138137 0.000000
vt -293.093519 -22.213800 0.000000
vt -293.093519 -33.307366 0.000000
vt -304.366347 -44.412994 0.000000
vt -280.995534 122.175899 0.000000
vt -281.820691 111.068999 0.000000
vt -281.820691 99.962099 0.000000
vt -281.820691 88.855199 0.000000
vt -281.820691 77.748299 0.000000
vt -281.820691 66.641399 0.000000
vt -281.820691 55.534499 0.000000
vt -281.820691 44.427599 0.000000
vt -281.820691 33.320700 0.000000
vt -281.820691 22.213800 0.000000
vt -281.820691 11.106900 0.000000
vt -281.820691 -0.000000 0.000000
vt -293.093519 -11.136797 0.000000
vt -304.366347 -22.213800 0.000000
vt -304.366347 -33.307963 0.000000
vt -315.639174 -44.410901 0.000000
vt -292.257505 122.175899 0.000000
vt -293.093519 111.068999 0.000000
vt -293.093519 99.962099 0.000000
vt -293.093519 88.855199 0.000000
vt -293.093519 77.748299 0.000000
vt -293.093519 66.641399 0.000000
vt -293.093519 55.534499 0.000000
vt -293.093519 44.427599 0.000000
vt -293.093519 33.320700 0.000000
vt -293.093519 22.213800 0.000000
vt -293.093519 11.106900 0.000000
vt -293.093519 -0.000000 0.000000
vt -304.366347 -11.135458 0.000000
vt -315.639174 -22.213800 0.000000
vt -315.639174 -33.308560 0.000000
vt -326.912002 -44.408807 0.000000
vt -303.519475 122.175899 0.000000
vt -304.366347 111.068999 0.000000
vt -304.366347 99.962099 0.000000
vt -304.366347 88.855199 0.000000
vt -304.366347 77.748299 0.000000
vt -304.366347 66.641399 0.000000
vt -304.366347 55.534499 0.000000
vt -304.366347 44.427599 0.000000
vt -304.366347 33.320700 0.000000
vt -304.366347 22.213800 0.000000
vt -304.366347 11.106900 0.000000
vt -304.366347 -0.000000 0.000000
vt -315.639174 -11.134119 0.000000
vt -326.912002 -22.213800 0.000000
vt -326.912002 -33.309158 0.000000
vt -338.184829 -44.406714 0.000000
vt -314.781445 122.175899 0.000000
vt -315.639174 111.068999 0.000000
vt -315.639174 99.962099 0.000000
vt -315.639174 88.855199 0.000000
vt -315.639174 77.748299 0.000000
vt -315.639174 66.641399 0.000000
vt -315.639174 55.534499 0.000000
vt -315.639174 44.427599 0.000000
vt -315.639174 33.320700 0.000000
vt -315.639174 22.213800 0.000000
vt -315.639174 11.106900 0.000000
vt -315.639174 -0.000000 0.000000
vt -326.912002 -11.132780 0.000000
vt -338.184829 -22.213800 0.000000
vt -338.184829 -33.309755 0.000000
vt -349.457657 -44.404620 0.000000
vt -326.043416 122.175899 0.000000
vt -326.912002 111.068999 0.000000
vt -326.912002 99.962099 0.000000
vt -326.912002 88.855199 0.000000
vt -326.912002 77.748299 0.000000
vt -326.912002 66.641399 0.000000
vt -326.912002 55.534499 0.000000
vt -326.912002 44.427599 0.000000
vt -326.912002 33.320700 0.000000
vt -326.912002 22.213800 0.000000
vt -326.912002 11.106900 0.000000
vt -326.912002 -0.000000 0.000000
vt -338.184829 -11.131441 0.000000
vt -349.457657 -22.213800 0.000000
vt -349.457657 -33.310352 0.000000
vt -360.730485 -44.402527 0.000000
vt -337.305386 122.175899 0.000000
vt -338.184829 111.068999 0.000000
vt -338.184829 99.962099 0.000000
vt -338.184829 88.855199 0.000000
vt -338.184829 77.748299 0.000000
vt -338.184829 66.641399 0.000000
vt -338.184829 55.534499 0.000000
vt -338.184829 44.427599 0.000000
vt -338.184829 33.320700 0.000000
vt -338.184829 22.213800 0.000000
vt -338.184829 11.106900 0.000000
vt -338.184829 -0.000000 0.000000
vt -349.457657 -11.130101 0.000000
vt -360.730485 -22.213800 0.000000
vt -360.730485 -33.310949 0.000000
vt -372.003312 -44.400433 0.000000
vt -348.567356 122.175899 0.000000
vt -349.457657 111.068999 0.000000
vt -349.457657 99.962099 0.000000
vt -349.457657 88.855199 0.000000
vt -349.457657 77.748299 0.000000
vt -349.457657 66.641399 0.000000
vt -349.457657 55.534499 0.000000
vt -349.457657 44.427599 0.000000
vt -349.457657 33.320700 0.000000
vt -349.457657 22.213800 0.000000
vt -349.457657 11.106900 0.000000
vt -349.457657 -0.000000 0.000000
vt -360.730485 -11.128762 0.000000
vt -372.003312 -22.213800 0.000000
vt -372.003312 -33.311547 0.000000
vt -383.276140 -44.398340 0.000000
vt -359.829327 122.175899 0.000000
vt -360.730485 111.068999 0.000000
vt -360.730485 99.962099 0.000000
vt -360.730485 88.855199 0.000000
vt -360.730485 77.748299 0.000000
vt -360.730485 66.641399 0.000000
vt -360.730485 55.534499 0.000000
vt -360.730485 44.427599 0.000000
vt -360.730485 33.320700 0.000000
vt -360.730485 22.213800 0.000000
vt -360.730485 11.106900 0.000000
vt -360.730485 -0.000000 0.000000
vt -372.003312 -11.127423 0.000000
vt -383.276140 -22.213800 0.000000
vt -383.276140 -33.312144 0.000000
vt -394.548968 -44.396246 0.000000
vt -371.091297 122.175899 0.000000
vt -372.003312 111.068999 0.000000
vt -372.003312 99.962099 0.000000
vt -372.003312 88.855199 0.000000
vt -372.003312 77.748299 0.000000
vt -372.003312 66.641399 0.000000
vt -372.003312 55.534499 0.000000
vt -372.003312 44.427599 0.000000
vt -372.003312 33.320700 0.000000
vt -372.003312 22.213800 0.000000
vt -372.003312 11.106900 0.000000
vt -372.003312 -0.000000 0.000000
vt -383.276140 -11.126084 0.000000
vt -394.548968 -22.213800 0.000000
vt -394.548968 -33.312741 0.000000
vt -405.821795 -44.394153 0.000000
vt -382.353267 122.175899 0.000000
vt -383.276140 111.068999 0.000000
vt -383.276140 99.962099 0.000000
vt -383.276140 88.855199 0.000000
vt -383.276140 77.748299 0.000000
vt -383.276140 66.641399 0.000000
vt -383.276140 55.534499 0.000000
vt -383.276140 44.427599 0.000000
vt -383.276140 33.320700 0.000000
vt -383.276140 22.213800 0.000000
vt -383.276140 11.106900 0.000000
vt -383.276140 -0.000000 0.000000
vt -394.548968 -11.124745 0.000000
vt -405.821795 -22.213800 0.000000
vt -405.821795 -33.313338 0.000000
vt -417.094623 -44.392059 0.000000
vt -393.615238 122.175899 0.000000
vt -394.548968 111.068999 0.000000
vt -394.548968 99.962099 0.000000
vt -394.548968 88.855199 0.000000
vt -394.548968 77.748299 0.000000
vt -394.548968 66.641399 0.000000
vt -394.548968 55.534499 0.000000
vt -394.548968 44.427599 0.000000
vt -394.548968 33.320700 0.000000
vt -394.548968 22.213800 0.000000
vt -394.548968 11.106900 0.000000
vt -394.548968 -0.000000 0.000000
vt -405.821795 -11.123405 0.000000
vt -417.094623 -22.213800 0.000000
vt -417.094623 -33.313936 0.000000
vt -428.367451 -44.389966 0.000000
vt -404.877208 122.175899 0.000000
vt -405.821795 111.068999 0.000000
vt -405.821795 99.962099 0.000000
vt -405.821795 88.855199 0.000000
vt -405.821795 77.748299 0.000000
vt -405.821795 66.641399 0.000000
vt -405.821795 55.534499 0.000000
vt -405.821795 44.427599 0.000000
vt -405.821795 33.320700 0.000000
vt -405.821795 22.213800 0.000000
vt -405.821795 11.106900 0.000000
vt -405.821795 -0.000000 0.000000
vt -417.094623 -11.122066 0.000000
vt -428.367451 -22.213800 0.000000
vt -428.367451 -33.314533 0.000000
vt -416.139178 122.175899 0.000000
vt -417.094623 111.068999 0.000000
vt -417.094623 99.962099 0.000000
vt -417.094623 88.855199 0.000000
vt -417.094623 77.748299 0.000000
vt -417.094623 66.641399 0.000000
vt -417.094623 55.534499 0.000000
vt -417.094623 44.427599 0.000000
vt -417.094623 33.320700 0.000000
vt -417.094623 22.213800 0.000000
vt -417.094623 11.106900 0.000000
vt -417.094623 -0.000000 0.000000
vt -428.367451 -11.120727 0.000000
vt -439.640278 -22.213800 0.000000
vt -427.401149 122.175899 0.000000
vt -428.367451 111.068999 0.000000
vt -428.367451 99.962099 0.000000
vt -428.367451 88.855199 0.000000
vt -428.367451 77.748299 0.000000
vt -428.367451 66.641399 0.000000
vt -428.367451 55.534499 0.000000
vt -428.367451 44.427599 0.000000
vt -428.367451 33.320700 0.000000
vt -428.367451 22.213800 0.000000
vt -428.367451 11.106900 0.000000
vt -428.367451 -0.000000 0.000000
vt -439.640278 -11.119388 0.000000
vt -438.663119 122.175899 0.000000
vt -439.640278 111.068999 0.000000
vt -439.640278 99.962099 0.000000
vt -439.640278 88.855199 0.000000
vt -439.640278 77.748299 0.000000
vt -439.640278 66.641399 0.000000
vt -439.640278 55.534499 0.000000
vt -439.640278 44.427599 0.000000
vt -439.640278 33.320700 0.000000
vt -439.640278 22.213800 0.000000
vt -439.640278 11.106900 0.000000
vt -439.640278 -0.000000 0.000000
vt -449.925089 122.175899 0.000000
vt -450.913106 111.068999 0.000000
vt -450.913106 99.962099 0.000000
vt -450.913106 88.855199 0.000000
vt -450.913106 77.748299 0.000000
vt -450.913106 66.641399 0.000000
vt -450.913106 55.534499 0.000000
vt -450.913106 44.427599 0.000000
vt -450.913106 33.320700 0.000000
vt -450.913106 22.213800 0.000000
vt -450.913106 11.106900 0.000000
vt -461.187060 122.175899 0.000000
vt -462.185934 111.068999 0.000000
vt -462.185934 99.962099 0.000000
vt -462.185934 88.855199 0.000000
vt -462.185934 77.748299 0.000000
vt -462.185934 66.641399 0.000000
vt -462.185934 55.534499 0.000000
vt -462.185934 44.427599 0.000000
vt -462.185934 33.320700 0.000000
vt -462.185934 22.213800 0.000000
vt -472.449030 122.175899 0.000000
vt -473.458761 111.068999 0.000000
vt -473.458761 99.962099 0.000000
vt -473.458761 88.855199 0.000000
vt -473.458761 77.748299 0.000000
vt -473.458761 66.641399 0.000000
vt -473.458761 55.534499 0.000000
vt -473.458761 44.427599 0.000000
vt -473.458761 33.320700 0.000000
vt -483.711000 122.175899 0.000000
vt -484.731589 111.068999 0.000000
vt -484.731589 99.962099 0.000000
vt -484.731589 88.855199 0.000000
vt -484.731589 77.748299 0.000000
vt -484.731589 66.641399 0.000000
vt -484.731589 55.534499 0.000000
vt -484.731589 44.427599 0.000000
vt -494.972971 122.175899 0.000000
vt -494.972971 112.400635 0.000000
vt -494.972971 102.625372 0.000000
vt -494.972971 92.850108 0.000000
vt -496.532370 100.903549 0.000000
vt -507.961830 96.992460 0.000000
vt -506.156666 87.669786 0.000000
vt -496.004417 88.855199 0.000000
vt -496.004417 77.748299 0.000000
vt -507.277244 99.962099 0.000000
vt -498.091770 108.956990 0.000000
vt -509.066405 108.956990 0.000000
vt -518.550072 99.962099 0.000000
vt -520.041039 108.956990 0.000000
vt -529.822900 99.962099 0.000000
vt -531.015673 108.956990 0.000000
vt -541.095727 99.962099 0.000000
vt -541.990307 108.956990 0.000000
vt -552.368555 99.962099 0.000000
vt -552.964942 108.956990 0.000000
vt -563.641382 99.962099 0.000000
vt -563.939576 108.956990 0.000000
vt -574.914210 102.974725 0.000000
vt -574.914210 108.956990 0.000000
vt -574.914210 96.992460 0.000000
vt -563.755480 96.992460 0.000000
vt -552.596750 96.992460 0.000000
vt -541.438020 96.992460 0.000000
vt -530.279290 96.992460 0.000000
vt -519.120560 96.992460 0.000000
vt -507.277244 77.748299 0.000000
vt -515.979172 87.669242 0.000000
vt -518.550072 77.748299 0.000000
vt -525.801679 87.668699 0.000000
vt -507.277244 66.641399 0.000000
vt -496.004417 66.641399 0.000000
vt 383.276140 77.748299 0.000000
vt 383.276140 88.855199 0.000000
vt 383.276140 99.962099 0.000000
vt 394.548968 77.748299 0.000000
vt 394.548968 88.855199 0.000000
vt 394.548968 99.962099 0.000000
vt 383.276140 66.641399 0.000000
vt 383.276140 55.534499 0.000000
vt 383.276140 44.427599 0.000000
vt 383.276140 33.320700 0.000000
vt 383.276140 22.213800 0.000000
vt 383.276140 11.106900 0.000000
vt 394.548968 66.641399 0.000000
vt 394.548968 55.534499 0.000000
vt 394.548968 44.427599 0.000000
vt 394.548968 33.320700 0.000000
vt 394.548968 22.213800 0.000000
vt 394.548968 11.106900 0.000000
vt 428.367451 77.748299 0.000000
vt 428.367451 88.855199 0.000000
vt 428.367451 99.962099 0.000000
vt 439.640278 77.748299 0.000000
vt 439.640278 88.855199 0.000000
vt 439.640278 99.962099 0.000000
vt 428.367451 66.641399 0.000000
vt 428.367451 55.534499 0.000000
vt 428.367451 44.427599 0.000000
vt 428.367451 33.320700 0.000000
vt 428.367451 22.213800 0.000000
vt 428.367451 11.106900 0.000000
vt 428.367451 -0.000000 0.000000
vt 450.913106 77.748299 0.000000
vt 450.913106 88.855199 0.000000
vt 450.913106 99.962099 0.000000
vt 439.640278 66.641399 0.000000
vt 439.640278 55.534499 0.000000
vt 439.640278 44.427599 0.000000
vt 439.640278 33.320700 0.000000
vt 439.640278 22.213800 0.000000
vt 439.640278 11.106900 0.000000
vt 439.640278 -0.000000 0.000000
vt 439.640278 -11.182680 0.000000
vt 462.185934 77.748299 0.000000
vt 462.185934 88.855199 0.000000
vt 462.185934 99.962099 0.000000
vt 450.913106 66.641399 0.000000
vt 450.913106 55.534499 0.000000
vt 450.913106 44.427599 0.000000
vt 450.913106 33.320700 0.000000
vt 450.913106 22.213800 0.000000
vt 450.913106 11.106900 0.000000
vt 450.913106 -0.000000 0.000000
vt 450.913106 -11.176365 0.000000
vt 450.913106 -22.213800 0.000000
vt 473.458761 77.748299 0.000000
vt 473.458761 88.855199 0.000000
vt 473.458761 99.962099 0.000000
vt 462.185934 66.641399 0.000000
vt 462.185934 55.534499 0.000000
vt 462.185934 44.427599 0.000000
vt 462.185934 33.320700 0.000000
vt 462.185934 22.213800 0.000000
vt 462.185934 11.106900 0.000000
vt 462.185934 -0.000000 0.000000
vt 462.185934 -11.170050 0.000000
vt 462.185934 -22.213800 0.000000
vt 462.185934 -33.320700 0.000000
vt 473.458761 66.641399 0.000000
vt 473.458761 55.534499 0.000000
vt 473.458761 44.427599 0.000000
vt 473.458761 33.320700 0.000000
vt 473.458761 22.213800 0.000000
vt 473.458761 11.106900 0.000000
vt 473.458761 -0.000000 0.000000
vt 473.458761 -11.163735 0.000000
vt 473.458761 -22.213800 0.000000
vt 473.458761 -33.320700 0.000000
vt 507.277244 77.748299 0.000000
vt 507.277244 88.855199 0.000000
vt 507.277244 99.962099 0.000000
vt 507.277244 66.641399 0.000000
vt 507.277244 55.534499 0.000000
vt 507.277244 44.427599 0.000000
vt 507.277244 33.320700 0.000000
vt 507.277244 22.213800 0.000000
vt 507.277244 11.106900 0.000000
vt 507.277244 -0.000000 0.000000
vt 507.277244 -11.144790 0.000000
vt 507.277244 -22.213800 0.000000
vt 507.277244 -33.320700 0.000000
vt 507.277244 -44.427599 0.000000
vt 507.277244 -55.534499 0.000000
vt 541.095727 77.748299 0.000000
vt 541.095727 88.855199 0.000000
vt 541.095727 99.962099 0.000000
vt 541.095727 66.641399 0.000000
vt 541.095727 55.534499 0.000000
vt 541.095727 44.427599 0.000000
vt 541.095727 33.320700 0.000000
vt 541.095727 22.213800 0.000000
vt 541.095727 11.106900 0.000000
vt 541.095727 -0.000000 0.000000
vt 541.095727 -11.125845 0.000000
vt 541.095727 -22.213800 0.000000
vt 541.095727 -33.320700 0.000000
vt 541.095727 -44.427599 0.000000
vt 541.095727 -55.534499 0.000000
vt 541.095727 -66.641399 0.000000
vt 541.095727 -77.748299 0.000000
vt -496.004417 55.534499 0.000000
vn -0.000000 -1.000000 -0.000000
vn -0.000000 -1.000000 -0.000000
vn -0.000000 -1.000000 -0.000000
vn -0.000000 -1.000000 -0.000000
vn -0.000000 -1.000000 -0.000000
vn -0.000000 -1.000000 -0.000000
vn -0.000000 -1.000000 -0.000000
vn -0.000000 -1.000000 -0.000000
vn -0.000000 -1.000000 -0.000000
vn -0.000000 -1.000000 -0.000000
vn -0.000000 -1.000000 -0.000000
vn -0.000000 -1.000000 -0.000000
vn -0.000000 -1.000000 -0.000000
vn -0.000000 -1.000000 -0.000000
vn -0.000000 -1.000000 -0.000000
vn -0.000000 -1.000000 -0.000000
vn -0.000000 -1.000000 -0.000000
vn -0.000000 -1.000000 -0.000000
vn -0.000000 -1.000000 -0.000000
vn -0.000000 -1.000000 -0.000000
vn -0.000000 -1.000000 -0.000000
vn -0.000000 -1.000000 -0.000000
vn -0.000000 -1.000000 -0.000000
vn -0.000000 -1.000000 -0.000000
vn -0.000000 -1.000000 -0.000000
vn -0.000000 -1.000000 -0.000000
vn -0.000000 -1.000000 -0.000000
vn -0.000000 -1.000000 -0.000000
vn -0.000000 -1.000000 -0.000000
vn -0.000000 -1.000000 -0.000000
vn -0.000000 -1.000000 -0.000000
vn -0.000000 -1.000000 -0.000000
vn -0.000000 -1.000000 -0.000000
vn -0.000000 -1.000000 -0.000000
vn -0.000000 -1.000000 -0.000000
vn -0.000000 -1.000000 -0.000000
vn -0.000000 -1.000000 -0.000000
vn -0.000000 -1.000000 -0.000000
vn -0.000000 -1.000000 -0.000000
vn -0.000000 -1.000000 -0.000000
vn -0.000000 -1.000000 -0.000000
vn -0.000000 -1.000000 -0.000000
vn -0.000000 -1.000000 -0.000000
vn -0.000000 -1.000000 -0.000000
vn -0.000000 -1.000000 -0.000000
vn -0.000000 -1.000000 -0.000000
vn -0.000000 -1.000000 -0.000000
vn -0.000000 -1.000000 -0.000000
vn -0.000000 -1.000000 -0.000000
vn -0.000000 -1.000000 -0.000000
vn -0.000000 -1.000000 -0.000000
vn -0.000000 -1.000000 -0.000000
vn -0.000000 -1.000000 -0.000000
vn -0.000000 -1.000000 -0.000000
vn -0.000000 -1.000000 -0.000000
vn -0.000000 -1.000000 -0.000000
vn -0.000000 -1.000000 -0.000000
vn -0.000000 -1.000000 -0.000000
vn -0.000000 -1.000000 -0.000000
vn -0.000000 -1.000000 -0.000000
vn -0.000000 -1.000000 -0.000000
vn -0.000000 -1.000000 -0.000000
vn -0.000000 -1.000000 -0.000000
vn -0.000000 -1.000000 -0.000000
vn -0.000000 -1.000000 -0.000000
vn -0.000000 -1.000000 -0.000000
vn -0.000000 -1.000000 -0.000000
vn -0.000000 -1.000000 -0.000000
vn -0.000000 -1.000000 -0.000000
vn -0.000000 -1.000000 -0.000000
vn -0.000000 -1.000000 -0.000000
vn -0.000000 -1.000000 -0.000000
vn -0.000000 -1.000000 -0.000000
vn -0.000000 -1.000000 -0.000000
vn -0.000000 -1.000000 -0.000000
vn -0.000000 -1.000000 -0.000000
vn -0.000000 -1.000000 -0.000000
vn -0.000000 -1.000000 -0.000000
vn -0.000000 -1.000000 -0.000000
vn -0.000000 -1.000000 -0.000000
vn -0.000000 -1.000000 -0.000000
vn -0.000000 -1.000000 -0.000000
vn -0.000000 -1.000000 -0.000000
vn -0.000000 -1.000000 -0.000000
vn -0.000000 -1.000000 -0.000000
vn -0.000000 -1.000000 -0.000000
vn -0.000000 -1.000000 -0.000000
vn -0.000000 -1.000000 -0.000000
vn -0.000000 -1.000000 -0.000000
vn -0.000000 -1.000000 -0.000000
vn -0.000000 -1.000000 -0.000000
vn -0.000000 -1.000000 -0.000000
vn -0.000000 -1.000000 -0.000000
vn -0.000000 -1.000000 -0.000000
vn -0.000000 -1.000000 -0.000000
vn -0.000000 -1.000000 -0.000000
vn -0.000000 -1.000000 -0.000000
vn -0.000000 -1.000000 -0.000000
vn -0.000000 -1.000000 -0.000000
vn -0.000000 -1.000000 -0.000000
vn -0.000000 -1.000000 -0.000000
vn -0.000000 -1.000000 -0.000000
vn -0.000000 -1.000000 -0.000000
vn -0.000000 -1.000000 -0.000000
vn -0.000000 -1.000000 -0.000000
vn -0.000000 -1.000000 -0.000000
vn -0.000000 -1.000000 -0.000000
vn -0.000000 -1.000000 -0.000000
vn -0.000000 -1.000000 -0.000000
vn -0.000000 -1.000000 -0.000000
vn -0.000000 -1.000000 -0.000000
vn -0.000000 -1.000000 -0.000000
vn -0.000000 -1.000000 -0.000000
vn -0.000000 -1.000000 -0.000000
vn -0.000000 -1.000000 -0.000000
vn -0.000000 -1.000000 -0.000000
vn -0.000000 -1.000000 -0.000000
vn -0.000000 -1.000000 -0.000000
vn -0.000000 -1.000000 -0.000000
vn -0.000000 -1.000000 -0.000000
vn -0.000000 -1.000000 -0.000000
vn -0.000000 -1.000000 -0.000000
vn -0.000000 -1.000000 -0.000000
vn -0.000000 -1.000000 -0.000000
vn -0.000000 -1.000000 -0.000000
vn -0.000000 -1.000000 -0.000000
vn -0.000000 -1.000000 -0.000000
vn -0.000000 -1.000000 -0.000000
vn -0.000000 -1.000000 -0.000000
vn -0.000000 -1.000000 -0.000000
vn -0.000000 -1.000000 -0.000000
vn -0.000000 -1.000000 -0.000000
vn -0.000000 -1.000000 -0.000000
vn -0.000000 -1.000000 -0.000000
vn -0.000000 -1.000000 -0.000000
vn -0.000000 -1.000000 -0.000000
vn -0.000000 -1.000000 -0.000000
vn -0.000000 -1.000000 -0.000000
vn -0.000000 -1.000000 -0.000000
vn -0.000000 -1.000000 -0.000000
vn -0.000000 -1.000000 -0.000000
vn -0.000000 -1.000000 -0.000000
vn -0.000000 -1.000000 -0.000000
vn -0.000000 -1.000000 -0.000000
vn -0.000000 -1.000000 -0.000000
vn -0.000000 -1.000000 -0.000000
vn -0.000000 -1.000000 -0.000000
vn -0.000000 -1.000000 -0.000000
vn -0.000000 -1.000000 -0.000000
vn -0.000000 -1.000000 -0.000000
vn -0.000000 -1.000000 -0.000000
vn -0.000000 -1.000000 -0.000000
vn -0.000000 -1.000000 -0.000000
vn -0.000000 -1.000000 -0.000000
vn -0.000000 -1.000000 -0.000000
vn -0.000000 -1.000000 -0.000000
vn -0.000000 -1.000000 -0.000000
vn -0.000000 -1.000000 -0.000000
vn -0.000000 -1.000000 -0.000000
vn -0.000000 -1.000000 -0.000000
vn -0.000000 -1.000000 -0.000000
vn -0.000000 -1.000000 -0.000000
vn -0.000000 -1.000000 -0.000000
vn -0.000000 -1.000000 -0.000000
vn -0.000000 -1.000000 -0.000000
vn -0.000000 -1.000000 -0.000000
vn -0.000000 -1.000000 -0.000000
vn -0.000000 -1.000000 -0.000000
vn -0.000000 -1.000000 -0.000000
vn -0.000000 -1.000000 -0.000000
vn -0.000000 -1.000000 -0.000000
vn -0.000000 -1.000000 -0.000000
vn -0.000000 -1.000000 -0.000000
vn -0.000000 -1.000000 -0.000000
vn -0.000000 -1.000000 -0.000000
vn -0.000000 -1.000000 -0.000000
vn -0.000000 -1.000000 -0.000000
vn -0.000000 -1.000000 -0.000000
vn -0.000000 -1.000000 -0.000000
vn -0.000000 -1.000000 -0.000000
vn -0.000000 -1.000000 -0.000000
vn -0.000000 -1.000000 -0.000000
vn -0.000000 -1.000000 -0.000000
vn -0.000000 -1.000000 -0.000000
vn -0.000000 -1.000000 -0.000000
vn -0.000000 -1.000000 -0.000000
vn -0.000000 -1.000000 -0.000000
vn -0.000000 -1.000000 -0.000000
vn -0.000000 -1.000000 -0.000000
vn -0.000000 -1.000000 -0.000000
vn -0.000000 -1.000000 -0.000000
vn -0.000000 -1.000000 -0.000000
vn -0.000000 -1.000000 -0.000000
vn -0.000000 -1.000000 -0.000000
vn -0.000000 -1.000000 -0.000000
vn -0.000000 -1.000000 -0.000000
vn -0.000000 -1.000000 -0.000000
vn -0.000000 -1.000000 -0.000000
vn -0.000000 -1.000000 -0.000000
vn -0.000000 -1.000000 -0.000000
vn -0.000000 -1.000000 -0.000000
vn -0.000000 -1.000000 -0.000000
vn -0.000000 -1.000000 -0.000000
vn -0.000000 -1.000000 -0.000000
vn -0.000000 -1.000000 -0.000000
vn -0.000000 -1.000000 -0.000000
vn -0.000000 -1.000000 -0.000000
vn -0.000000 -1.000000 -0.000000
vn -0.000000 -1.000000 -0.000000
vn -0.000000 -1.000000 -0.000000
vn -0.000000 -1.000000 -0.000000
vn -0.000000 -1.000000 -0.000000
vn -0.000000 -1.000000 -0.000000
vn -0.000000 -1.000000 -0.000000
vn -0.000000 -1.000000 -0.000000
vn -0.000000 -1.000000 -0.000000
vn -0.000000 -1.000000 -0.000000
vn -0.000000 -1.000000 -0.000000
vn -0.000000 -1.000000 -0.000000
vn -0.000000 -1.000000 -0.000000
vn -0.000000 -1.000000 -0.000000
vn -0.000000 -1.000000 -0.000000
vn -0.000000 -1.000000 -0.000000
vn -0.000000 -1.000000 -0.000000
vn -0.000000 -1.000000 -0.000000
vn -0.000000 -1.000000 -0.000000
vn -0.000000 -1.000000 -0.000000
vn -0.000000 -1.000000 -0.000000
vn -0.000000 -1.000000 -0.000000
vn -0.000000 -1.000000 -0.000000
vn -0.000000 -1.000000 -0.000000
vn -0.000000 -1.000000 -0.000000
vn -0.000000 -1.000000 -0.000000
vn -0.000000 -1.000000 -0.000000
vn -0.000000 -1.000000 -0.000000
vn -0.000000 -1.000000 -0.000000
vn -0.000000 -1.000000 -0.000000
vn -0.000000 -1.000000 -0.000000
vn -0.000000 -1.000000 -0.000000
vn -0.000000 -1.000000 -0.000000
vn -0.000000 -1.000000 -0.000000
vn -0.000000 -1.000000 -0.000000
vn -0.000000 -1.000000 -0.000000
vn -0.000000 -1.000000 -0.000000
vn -0.000000 -1.000000 -0.000000
vn -0.000000 -1.000000 -0.000000
vn -0.000000 -1.000000 -0.000000
vn -0.000000 -1.000000 -0.000000
vn -0.000000 -1.000000 -0.000000
vn -0.000000 -1.000000 -0.000000
vn -0.000000 -1.000000 -0.000000
vn -0.000000 -1.000000 -0.000000
vn -0.000000 -1.000000 -0.000000
vn -0.000000 -1.000000 -0.000000
vn -0.000000 -1.000000 -0.000000
vn -0.000000 -1.000000 -0.000000
vn -0.000000 -1.000000 -0.000000
vn -0.000000 -1.000000 -0.000000
vn -0.000000 -1.000000 -0.000000
vn -0.000000 -1.000000 -0.000000
vn -0.000000 -1.000000 -0.000000
vn -0.000000 -1.000000 -0.000000
vn -0.000000 -1.000000 -0.000000
vn -0.000000 -1.000000 -0.000000
vn -0.000000 -1.000000 -0.000000
vn -0.000000 -1.000000 -0.000000
vn -0.000000 -1.000000 -0.000000
vn -0.000000 -1.000000 -0.000000
vn -0.000000 -1.000000 -0.000000
vn -0.000000 -1.000000 -0.000000
vn -0.000000 -1.000000 -0.000000
vn -0.000000 -1.000000 -0.000000
vn -0.000000 -1.000000 -0.000000
vn -0.000000 -1.000000 -0.000000
vn -0.000000 -1.000000 -0.000000
vn -0.000000 -1.000000 -0.000000
vn -0.000000 -1.000000 -0.000000
vn -0.000000 -1.000000 -0.000000
vn -0.000000 -1.000000 -0.000000
vn -0.000000 -1.000000 -0.000000
vn -0.000000 -1.000000 -0.000000
vn -0.000000 -1.000000 -0.000000
vn -0.000000 -1.000000 -0.000000
vn -0.000000 -1.000000 -0.000000
vn -0.000000 -1.000000 -0.000000
vn -0.000000 -1.000000 -0.000000
vn -0.000000 -1.000000 -0.000000
vn -0.000000 -1.000000 -0.000000
vn -0.000000 -1.000000 -0.000000
vn -0.000000 -1.000000 -0.000000
vn -0.000000 -1.000000 -0.000000
vn -0.000000 -1.000000 -0.000000
vn -0.000000 -1.000000 -0.000000
vn -0.000000 -1.000000 -0.000000
vn -0.000000 -1.000000 -0.000000
vn -0.000000 -1.000000 -0.000000
vn -0.000000 -1.000000 -0.000000
vn -0.000000 -1.000000 -0.000000
vn -0.000000 -1.000000 -0.000000
vn -0.000000 -1.000000 -0.000000
vn -0.000000 -1.000000 -0.000000
vn -0.000000 -1.000000 -0.000000
vn -0.000000 -1.000000 -0.000000
vn -0.000000 -1.000000 -0.000000
vn -0.000000 -1.000000 -0.000000
vn -0.000000 -1.000000 -0.000000
vn -0.000000 -1.000000 -0.000000
vn -0.000000 -1.000000 -0.000000
vn -0.000000 -1.000000 -0.000000
vn -0.000000 -1.000000 -0.000000
vn -0.000000 -1.000000 -0.000000
vn -0.000000 -1.000000 -0.000000
vn -0.000000 -1.000000 -0.000000
vn -0.000000 -1.000000 -0.000000
vn -0.000000 -1.000000 -0.000000
vn -0.000000 -1.000000 -0.000000
vn -0.000000 -1.000000 -0.000000
vn -0.000000 -1.000000 -0.000000
vn -0.000000 -1.000000 -0.000000
vn -0.000000 -1.000000 -0.000000
vn -0.000000 -1.000000 -0.000000
vn -0.000000 -1.000000 -0.000000
vn -0.000000 -1.000000 -0.000000
vn -0.000000 -1.000000 -0.000000
vn -0.000000 -1.000000 -0.000000
vn -0.000000 -1.000000 -0.000000
vn -0.000000 -1.000000 -0.000000
vn -0.000000 -1.000000 -0.000000
vn -0.000000 -1.000000 -0.000000
vn -0.000000 -1.000000 -0.000000
vn -0.000000 -1.000000 -0.000000
vn -0.000000 -1.000000 -0.000000
vn -0.000000 -1.000000 -0.000000
vn -0.000000 -1.000000 -0.000000
vn -0.000000 -1.000000 -0.000000
vn -0.000000 -1.000000 -0.000000
vn -0.000000 -1.000000 -0.000000
vn -0.000000 -1.000000 -0.000000
vn -0.000000 -1.000000 -0.000000
vn -0.000000 -1.000000 -0.000000
vn -0.000000 -1.000000 -0.000000
vn -0.000000 -1.000000 -0.000000
vn -0.000000 -1.000000 -0.000000
vn -0.000000 -1.000000 -0.000000
vn -0.000000 -1.000000 -0.000000
vn -0.000000 -1.000000 -0.000000
vn -0.000000 -1.000000 -0.000000
vn -0.000000 -1.000000 -0.000000
vn -0.000000 -1.000000 -0.000000
vn -0.000000 -1.000000 -0.000000
vn -0.000000 -1.000000 -0.000000
vn -0.000000 -1.000000 -0.000000
vn -0.000000 -1.000000 -0.000000
vn -0.000000 -1.000000 -0.000000
vn -0.000000 -1.000000 -0.000000
vn -0.000000 -1.000000 -0.000000
vn -0.000000 -1.000000 -0.000000
vn -0.000000 -1.000000 -0.000000
vn -0.000000 -1.000000 -0.000000
vn -0.000000 -1.000000 -0.000000
vn -0.000000 -1.000000 -0.000000
vn -0.000000 -1.000000 -0.000000
vn -0.000000 -1.000000 -0.000000
vn -0.000000 -1.000000 -0.000000
vn -0.000000 -1.000000 -0.000000
vn -0.000000 -1.000000 -0.000000
vn -0.000000 -1.000000 -0.000000
vn -0.000000 -1.000000 -0.000000
vn -0.000000 -1.000000 -0.000000
vn -0.000000 -1.000000 -0.000000
vn -0.000000 -1.000000 -0.000000
vn -0.000000 -1.000000 -0.000000
vn -0.000000 -1.000000 -0.000000
vn -0.000000 -1.000000 -0.000000
vn -0.000000 -1.000000 -0.000000
vn -0.000000 -1.000000 -0.000000
vn -0.000000 -1.000000 -0.000000
vn -0.000000 -1.000000 -0.000000
vn -0.000000 -1.000000 -0.000000
vn -0.000000 -1.000000 -0.000000
vn -0.000000 -1.000000 -0.000000
vn -0.000000 -1.000000 -0.000000
vn -0.000000 -1.000000 -0.000000
vn -0.000000 -1.000000 -0.000000
vn -0.000000 -1.000000 -0.000000
vn -0.000000 -1.000000 -0.000000
vn -0.000000 -1.000000 -0.000000
vn -0.000000 -1.000000 -0.000000
vn -0.000000 -1.000000 -0.000000
vn -0.000000 -1.000000 -0.000000
vn -0.000000 -1.000000 -0.000000
vn -0.000000 -1.000000 -0.000000
vn -0.000000 -1.000000 -0.000000
vn -0.000000 -1.000000 -0.000000
vn -0.000000 -1.000000 -0.000000
vn -0.000000 -1.000000 -0.000000
vn -0.000000 -1.000000 -0.000000
vn -0.000000 -1.000000 -0.000000
vn -0.000000 -1.000000 -0.000000
vn -0.000000 -1.000000 -0.000000
vn -0.000000 -1.000000 -0.000000
vn -0.000000 -1.000000 -0.000000
vn -0.000000 -1.000000 -0.000000
vn -0.000000 -1.000000 -0.000000
vn -0.000000 -1.000000 -0.000000
vn -0.000000 -1.000000 -0.000000
vn -0.000000 -1.000000 -0.000000
vn -0.000000 -1.000000 -0.000000
vn -0.000000 -1.000000 -0.000000
vn -0.000000 -1.000000 -0.000000
vn -0.000000 -1.000000 -0.000000
vn -0.000000 -1.000000 -0.000000
vn -0.000000 -1.000000 -0.000000
vn -0.000000 -1.000000 -0.000000
vn -0.000000 -1.000000 -0.000000
vn -0.000000 -1.000000 -0.000000
vn -0.000000 -1.000000 -0.000000
vn -0.000000 -1.000000 -0.000000
vn -0.000000 -1.000000 -0.000000
vn -0.000000 -1.000000 -0.000000
vn -0.000000 -1.000000 -0.000000
vn -0.000000 -1.000000 -0.000000
vn -0.000000 -1.000000 -0.000000
vn -0.000000 -1.000000 -0.000000
vn -0.000000 -1.000000 -0.000000
vn -0.000000 -1.000000 -0.000000
vn -0.000000 -1.000000 -0.000000
vn -0.000000 -1.000000 -0.000000
vn -0.000000 -1.000000 -0.000000
vn -0.000000 -1.000000 -0.000000
vn -0.000000 -1.000000 -0.000000
vn -0.000000 -1.000000 -0.000000
vn -0.000000 -1.000000 -0.000000
vn -0.000000 -1.000000 -0.000000
vn -0.000000 -1.000000 -0.000000
vn -0.000000 -1.000000 -0.000000
vn -0.000000 -1.000000 -0.000000
vn -0.000000 -1.000000 -0.000000
vn -0.000000 -1.000000 -0.000000
vn -0.000000 -1.000000 -0.000000
vn -0.000000 -1.000000 -0.000000
vn -0.000000 -1.000000 -0.000000
vn -0.000000 -1.000000 -0.000000
vn -0.000000 -1.000000 -0.000000
vn -0.000000 -1.000000 -0.000000
vn -0.000000 -1.000000 -0.000000
vn -0.000000 -1.000000 -0.000000
vn -0.000000 -1.000000 -0.000000
vn -0.000000 -1.000000 -0.000000
vn -0.000000 -1.000000 -0.000000
vn -0.000000 -1.000000 -0.000000
vn -0.000000 -1.000000 -0.000000
vn -0.000000 -1.000000 -0.000000
vn -0.000000 -1.000000 -0.000000
vn -0.000000 -1.000000 -0.000000
vn -0.000000 -1.000000 -0.000000
vn -0.000000 -1.000000 -0.000000
vn -0.000000 -1.000000 -0.000000
vn -0.000000 -1.000000 -0.000000
vn -0.000000 -1.000000 -0.000000
vn -0.000000 -1.000000 -0.000000
vn -0.000000 -1.000000 -0.000000
vn -0.000000 -1.000000 -0.000000
vn -0.000000 -1.000000 -0.000000
vn -0.000000 -1.000000 -0.000000
vn -0.000000 -1.000000 -0.000000
vn -0.000000 -1.000000 -0.000000
vn -0.000000 -1.000000 -0.000000
vn -0.000000 -1.000000 -0.000000
vn -0.000000 -1.000000 -0.000000
vn -0.000000 -1.000000 -0.000000
vn -0.000000 -1.000000 -0.000000
vn -0.000000 -1.000000 -0.000000
vn -0.000000 -1.000000 -0.000000
vn -0.000000 -1.000000 -0.000000
vn -0.000000 -1.000000 -0.000000
vn -0.000000 -1.000000 -0.000000
vn -0.000000 -1.000000 -0.000000
vn -0.000000 -1.000000 -0.000000
vn -0.000000 -1.000000 -0.000000
vn -0.000000 -1.000000 -0.000000
vn -0.000000 -1.000000 -0.000000
vn -0.000000 -1.000000 -0.000000
vn -0.000000 -1.000000 -0.000000
vn -0.000000 -1.000000 -0.000000
vn -0.000000 -1.000000 -0.000000
vn -0.000000 -1.000000 -0.000000
vn -0.000000 -1.000000 -0.000000
vn -0.000000 -1.000000 -0.000000
vn -0.000000 -1.000000 -0.000000
vn -0.000000 -1.000000 -0.000000
vn -0.000000 -1.000000 -0.000000
vn -0.000000 -1.000000 -0.000000
vn -0.000000 -1.000000 -0.000000
vn -0.000000 -1.000000 -0.000000
vn -0.000000 -1.000000 -0.000000
vn -0.000000 -1.000000 -0.000000
vn -0.000000 -1.000000 -0.000000
vn -0.000000 -1.000000 -0.000000
vn -0.000000 -1.000000 -0.000000
vn -0.000000 -1.000000 -0.000000
vn -0.000000 -1.000000 -0.000000
vn -0.000000 -1.000000 -0.000000
vn -0.000000 -1.000000 -0.000000
vn -0.000000 -1.000000 -0.000000
vn -0.000000 -1.000000 -0.000000
vn -0.000000 -1.000000 -0.000000
vn -0.000000 -1.000000 -0.000000
vn -0.000000 -1.000000 -0.000000
vn -0.000000 -1.000000 -0.000000
vn -0.000000 -1.000000 -0.000000
vn -0.000000 -1.000000 -0.000000
vn -0.000000 -1.000000 -0.000000
vn -0.000000 -1.000000 -0.000000
vn -0.000000 -1.000000 -0.000000
vn -0.000000 -1.000000 -0.000000
vn -0.000000 -1.000000 -0.000000
vn -0.000000 -1.000000 -0.000000
vn -0.000000 -1.000000 -0.000000
vn -0.000000 -1.000000 -0.000000
vn -0.000000 -1.000000 -0.000000
vn -0.000000 -1.000000 -0.000000
vn -0.000000 -1.000000 -0.000000
vn -0.000000 -1.000000 -0.000000
vn -0.000000 -1.000000 -0.000000
vn -0.000000 -1.000000 -0.000000
vn -0.000000 -1.000000 -0.000000
vn -0.000000 -1.000000 -0.000000
vn -0.000000 -1.000000 -0.000000
vn -0.000000 -1.000000 -0.000000
vn -0.000000 -1.000000 -0.000000
vn -0.000000 -1.000000 -0.000000
vn -0.000000 -1.000000 -0.000000
vn -0.000000 -1.000000 -0.000000
vn -0.000000 -1.000000 -0.000000
vn -0.000000 -1.000000 -0.000000
vn -0.000000 -1.000000 -0.000000
vn -0.000000 -1.000000 -0.000000
vn -0.000000 -1.000000 -0.000000
vn -0.000000 -1.000000 -0.000000
vn -0.000000 -1.000000 -0.000000
vn -0.000000 -1.000000 -0.000000
vn -0.000000 -1.000000 -0.000000
vn -0.000000 -1.000000 -0.000000
vn -0.000000 -1.000000 -0.000000
vn -0.000000 -1.000000 -0.000000
vn -0.000000 -1.000000 -0.000000
vn -0.000000 -1.000000 -0.000000
vn -0.000000 -1.000000 -0.000000
vn -0.000000 -1.000000 -0.000000
vn -0.000000 -1.000000 -0.000000
vn -0.000000 -1.000000 -0.000000
vn -0.000000 -1.000000 -0.000000
vn -0.000000 -1.000000 -0.000000
vn -0.000000 -1.000000 -0.000000
vn -0.000000 -1.000000 -0.000000
vn -0.000000 -1.000000 -0.000000
vn -0.000000 -1.000000 -0.000000
vn -0.000000 -1.000000 -0.000000
vn -0.000000 -1.000000 -0.000000
vn -0.000000 -1.000000 -0.000000
vn -0.000000 -1.000000 -0.000000
vn -0.000000 -1.000000 -0.000000
vn -0.000000 -1.000000 -0.000000
vn -0.000000 -1.000000 -0.000000
vn -0.000000 -1.000000 -0.000000
vn -0.000000 -1.000000 -0.000000
vn -0.000000 -1.000000 -0.000000
vn -0.000000 -1.000000 -0.000000
vn -0.000000 -1.000000 -0.000000
vn -0.000000 -1.000000 -0.000000
vn -0.000000 -1.000000 -0.000000
vn -0.000000 -1.000000 -0.000000
vn -0.000000 -1.000000 -0.000000
vn -0.000000 -1.000000 -0.000000
vn -0.000000 -1.000000 -0.000000
vn -0.000000 -1.000000 -0.000000
vn -0.000000 -1.000000 -0.000000
vn -0.000000 -1.000000 -0.000000
vn -0.000000 -1.000000 -0.000000
vn -0.000000 -1.000000 -0.000000
vn -0.000000 -1.000000 -0.000000
vn -0.000000 -1.000000 -0.000000
vn -0.000000 -1.000000 -0.000000
vn -0.000000 -1.000000 -0.000000
vn -0.000000 -1.000000 -0.000000
vn -0.000000 -1.000000 -0.000000
vn -0.000000 -1.000000 -0.000000
vn -0.000000 -1.000000 -0.000000
vn -0.000000 -1.000000 -0.000000
vn -0.000000 -1.000000 -0.000000
vn -0.000000 -1.000000 -0.000000
vn -0.000000 -1.000000 -0.000000
vn -0.000000 -1.000000 -0.000000
vn -0.000000 -1.000000 -0.000000
vn -0.000000 -1.000000 -0.000000
vn -0.000000 -1.000000 -0.000000
vn -0.000000 -1.000000 -0.000000
vn -0.000000 -1.000000 -0.000000
vn -0.000000 -1.000000 -0.000000
vn -0.000000 -1.000000 -0.000000
vn -0.000000 -1.000000 -0.000000
vn -0.000000 -1.000000 -0.000000
vn -0.000000 -1.000000 -0.000000
vn -0.000000 -1.000000 -0.000000
vn -0.000000 -1.000000 -0.000000
vn -0.000000 -1.000000 -0.000000
vn -0.000000 -1.000000 -0.000000
vn -0.000000 -1.000000 -0.000000
vn -0.000000 -1.000000 -0.000000
vn -0.000000 -1.000000 -0.000000
vn -0.000000 -1.000000 -0.000000
vn -0.000000 -1.000000 -0.000000
vn -0.000000 -1.000000 -0.000000
vn -0.000000 -1.000000 -0.000000
vn -0.000000 -1.000000 -0.000000
vn -0.000000 -1.000000 -0.000000
vn -0.000000 -1.000000 -0.000000
vn -0.000000 -1.000000 -0.000000
vn -0.000000 -1.000000 -0.000000
vn -0.000000 -1.000000 -0.000000
vn -0.000000 -1.000000 -0.000000
vn -0.000000 -1.000000 -0.000000
vn -0.000000 -1.000000 -0.000000
vn -0.000000 -1.000000 -0.000000
vn -0.000000 -1.000000 -0.000000
vn -0.000000 -1.000000 -0.000000
vn -0.000000 -1.000000 -0.000000
vn -0.000000 -1.000000 -0.000000
vn -0.000000 -1.000000 -0.000000
vn -0.000000 -1.000000 -0.000000
vn -0.000000 -1.000000 -0.000000
vn -0.000000 -1.000000 -0.000000
vn -0.000000 -1.000000 -0.000000
vn -0.000000 -1.000000 -0.000000
vn -0.000000 -1.000000 -0.000000
vn -0.000000 -1.000000 -0.000000
vn -0.000000 -1.000000 -0.000000
vn -0.000000 -1.000000 -0.000000
vn -0.000000 -1.000000 -0.000000
vn -0.000000 -1.000000 -0.000000
vn -0.000000 -1.000000 -0.000000
vn -0.000000 -1.000000 -0.000000
vn -0.000000 -1.000000 -0.000000
vn -0.000000 -1.000000 -0.000000
vn -0.000000 -1.000000 -0.000000
vn -0.000000 -1.000000 -0.000000
vn -0.000000 -1.000000 -0.000000
vn -0.000000 -1.000000 -0.000000
vn -0.000000 -1.000000 -0.000000
vn -0.000000 -1.000000 -0.000000
vn -0.000000 -1.000000 -0.000000
vn -0.000000 -1.000000 -0.000000
vn -0.000000 -1.000000 -0.000000
vn -0.000000 -1.000000 -0.000000
vn -0.000000 -1.000000 -0.000000
vn -0.000000 -1.000000 -0.000000
vn -0.000000 -1.000000 -0.000000
vn -0.000000 -1.000000 -0.000000
vn -0.000000 -1.000000 -0.000000
vn -0.000000 -1.000000 -0.000000
vn -0.000000 -1.000000 -0.000000
vn -0.000000 -1.000000 -0.000000
vn -0.000000 -1.000000 -0.000000
vn -0.000000 -1.000000 -0.000000
vn -0.000000 -1.000000 -0.000000
vn -0.000000 -1.000000 -0.000000
vn -0.000000 -1.000000 -0.000000
vn -0.000000 -1.000000 -0.000000
vn -0.000000 -1.000000 -0.000000
vn -0.000000 -1.000000 -0.000000
vn -0.000000 -1.000000 -0.000000
vn -0.000000 -1.000000 -0.000000
vn -0.000000 -1.000000 -0.000000
vn -0.000000 -1.000000 -0.000000
vn -0.000000 -1.000000 -0.000000
vn -0.000000 -1.000000 -0.000000
vn -0.000000 -1.000000 -0.000000
vn -0.000000 -1.000000 -0.000000
vn -0.000000 -1.000000 -0.000000
vn -0.000000 -1.000000 -0.000000
vn -0.000000 -1.000000 -0.000000
vn -0.000000 -1.000000 -0.000000
vn -0.000000 -1.000000 -0.000000
vn -0.000000 -1.000000 -0.000000
vn -0.000000 -1.000000 -0.000000
vn -0.000000 -1.000000 -0.000000
vn -0.000000 -1.000000 -0.000000
vn -0.000000 -1.000000 -0.000000
vn -0.000000 -1.000000 -0.000000
vn -0.000000 -1.000000 -0.000000
vn -0.000000 -1.000000 -0.000000
vn -0.000000 -1.000000 -0.000000
vn -0.000000 -1.000000 -0.000000
vn -0.000000 -1.000000 -0.000000
vn -0.000000 -1.000000 -0.000000
vn -0.000000 -1.000000 -0.000000
vn -0.000000 -1.000000 -0.000000
vn -0.000000 -1.000000 -0.000000
vn -0.000000 -1.000000 -0.000000
vn -0.000000 -1.000000 -0.000000
vn -0.000000 -1.000000 -0.000000
vn -0.000000 -1.000000 -0.000000
vn -0.000000 -1.000000 -0.000000
vn -0.000000 -1.000000 -0.000000
vn -0.000000 -1.000000 -0.000000
vn -0.000000 -1.000000 -0.000000
vn -0.000000 -1.000000 -0.000000
vn -0.000000 -1.000000 -0.000000
vn -0.000000 -1.000000 -0.000000
vn -0.000000 -1.000000 -0.000000
vn -0.000000 -1.000000 -0.000000
vn -0.000000 -1.000000 -0.000000
vn -0.000000 -1.000000 -0.000000
vn -0.000000 -1.000000 -0.000000
vn -0.000000 -1.000000 -0.000000
vn -0.000000 -1.000000 -0.000000
vn -0.000000 -1.000000 -0.000000
vn -0.000000 -1.000000 -0.000000
vn -0.000000 -1.000000 -0.000000
vn -0.000000 -1.000000 -0.000000
vn -0.000000 -1.000000 -0.000000
vn -0.000000 -1.000000 -0.000000
vn -0.000000 -1.000000 -0.000000
vn -0.000000 -1.000000 -0.000000
vn -0.000000 -1.000000 -0.000000
vn -0.000000 -1.000000 -0.000000
vn -0.000000 -1.000000 -0.000000
vn -0.000000 -1.000000 -0.000000
vn -0.000000 -1.000000 -0.000000
vn -0.000000 -1.000000 -0.000000
vn -0.000000 -1.000000 -0.000000
vn -0.000000 -1.000000 -0.000000
vn -0.000000 -1.000000 -0.000000
vn -0.000000 -1.000000 -0.000000
vn -0.000000 -1.000000 -0.000000
vn -0.000000 -1.000000 -0.000000
vn -0.000000 -1.000000 -0.000000
vn -0.000000 -1.000000 -0.000000
vn -0.000000 -1.000000 -0.000000
vn -0.000000 -1.000000 -0.000000
vn -0.000000 -1.000000 -0.000000
vn -0.000000 -1.000000 -0.000000
vn -0.000000 -1.000000 -0.000000
vn -0.000000 -1.000000 -0.000000
vn -0.000000 -1.000000 -0.000000
vn -0.000000 -1.000000 -0.000000
vn -0.000000 -1.000000 -0.000000
vn -0.000000 -1.000000 -0.000000
vn -0.000000 -1.000000 -0.000000
vn -0.000000 -1.000000 -0.000000
vn -0.000000 -1.000000 -0.000000
vn -0.000000 -1.000000 -0.000000
vn -0.000000 -1.000000 -0.000000
vn -0.000000 -1.000000 -0.000000
vn -0.000000 -1.000000 -0.000000
vn -0.000000 -1.000000 -0.000000
vn -0.000000 -1.000000 -0.000000
vn -0.000000 -1.000000 -0.000000
vn -0.000000 -1.000000 -0.000000
vn -0.000000 -1.000000 -0.000000
vn -0.000000 -1.000000 -0.000000
vn -0.000000 -1.000000 -0.000000
vn -0.000000 -1.000000 -0.000000
vn -0.000000 -1.000000 -0.000000
vn -0.000000 -1.000000 -0.000000
vn -0.000000 -1.000000 -0.000000
vn -0.000000 -1.000000 -0.000000
vn -0.000000 -1.000000 -0.000000
vn -0.000000 -1.000000 -0.000000
vn -0.000000 -1.000000 -0.000000
vn -0.000000 -1.000000 -0.000000
vn -0.000000 -1.000000 -0.000000
vn -0.000000 -1.000000 -0.000000
vn -0.000000 -1.000000 -0.000000
vn -0.000000 -1.000000 -0.000000
vn -0.000000 -1.000000 -0.000000
vn -0.000000 -1.000000 -0.000000
vn -0.000000 -1.000000 -0.000000
vn -0.000000 -1.000000 -0.000000
vn -0.000000 -1.000000 -0.000000
vn -0.000000 -1.000000 -0.000000
vn -0.000000 -1.000000 -0.000000
vn -0.000000 -1.000000 -0.000000
vn -0.000000 -1.000000 -0.000000
vn -0.000000 -1.000000 -0.000000
vn -0.000000 -1.000000 -0.000000
vn -0.000000 -1.000000 -0.000000
vn -0.000000 -1.000000 -0.000000
vn -0.000000 -1.000000 -0.000000
vn -0.000000 -1.000000 -0.000000
vn -0.000000 -1.000000 -0.000000
vn -0.000000 -1.000000 -0.000000
vn -0.000000 -1.000000 -0.000000
vn -0.000000 -1.000000 -0.000000
vn -0.000000 -1.000000 -0.000000
vn -0.000000 -1.000000 -0.000000
vn -0.000000 -1.000000 -0.000000
vn -0.000000 -1.000000 -0.000000
vn -0.000000 -1.000000 -0.000000
vn -0.000000 -1.000000 -0.000000
vn -0.000000 -1.000000 -0.000000
vn -0.000000 -1.000000 -0.000000
vn -0.000000 -1.000000 -0.000000
vn -0.000000 -1.000000 -0.000000
vn -0.000000 -1.000000 -0.000000
vn -0.000000 -1.000000 -0.000000
vn -0.000000 -1.000000 -0.000000
vn -0.000000 -1.000000 -0.000000
vn -0.000000 -1.000000 -0.000000
vn -0.000000 -1.000000 -0.000000
vn -0.000000 -1.000000 -0.000000
vn -0.000000 -1.000000 -0.000000
vn -0.000000 -1.000000 -0.000000
vn -0.000000 -1.000000 -0.000000
vn -0.000000 -1.000000 -0.000000
vn -0.000000 -1.000000 -0.000000
vn -0.000000 -1.000000 -0.000000
vn -0.000000 -1.000000 -0.000000
vn -0.000000 -1.000000 -0.000000
vn -0.000000 -1.000000 -0.000000
vn -0.000000 -1.000000 -0.000000
vn -0.000000 -1.000000 -0.000000
vn -0.000000 -1.000000 -0.000000
vn -0.000000 -1.000000 -0.000000
vn -0.000000 -1.000000 -0.000000
vn -0.000000 -1.000000 -0.000000
vn -0.000000 -1.000000 -0.000000
vn -0.000000 -1.000000 -0.000000
vn -0.000000 -1.000000 -0.000000
vn -0.000000 -1.000000 -0.000000
vn -0.000000 -1.000000 -0.000000
vn -0.000000 -1.000000 -0.000000
vn -0.000000 -1.000000 -0.000000
vn -0.000000 -1.000000 -0.000000
vn -0.000000 -1.000000 -0.000000
vn -0.000000 -1.000000 -0.000000
vn -0.000000 -1.000000 -0.000000
vn -0.000000 -1.000000 -0.000000
vn -0.000000 -1.000000 -0.000000
vn -0.000000 -1.000000 -0.000000
vn -0.000000 -1.000000 -0.000000
vn -0.000000 -1.000000 -0.000000
vn -0.000000 -1.000000 -0.000000
vn -0.000000 -1.000000 -0.000000
vn -0.000000 -1.000000 -0.000000
vn -0.000000 -1.000000 -0.000000
vn -0.000000 -1.000000 -0.000000
vn -0.000000 -1.000000 -0.000000
vn -0.000000 -1.000000 -0.000000
vn -0.000000 -1.000000 -0.000000
vn -0.000000 -1.000000 -0.000000
vn -0.000000 -1.000000 -0.000000
vn -0.000000 -1.000000 -0.000000
vn -0.000000 -1.000000 -0.000000
vn -0.000000 -1.000000 -0.000000
vn -0.000000 -1.000000 -0.000000
vn -0.000000 -1.000000 -0.000000
vn -0.000000 -1.000000 -0.000000
vn -0.000000 -1.000000 -0.000000
vn -0.000000 -1.000000 -0.000000
vn -0.000000 -1.000000 -0.000000
vn -0.000000 -1.000000 -0.000000
vn -0.000000 -1.000000 -0.000000
vn -0.000000 -1.000000 -0.000000
vn -0.000000 -1.000000 -0.000000
vn -0.000000 -1.000000 -0.000000
vn -0.000000 -1.000000 -0.000000
vn -0.000000 -1.000000 -0.000000
vn -0.000000 -1.000000 -0.000000
vn -0.000000 -1.000000 -0.000000
vn -0.000000 -1.000000 -0.000000
vn -0.000000 -1.000000 -0.000000
vn -0.000000 -1.000000 -0.000000
vn -0.000000 -1.000000 -0.000000
vn -0.000000 -1.000000 -0.000000
vn -0.000000 -1.000000 -0.000000
vn -0.000000 -1.000000 -0.000000
vn -0.000000 -1.000000 -0.000000
vn -0.000000 -1.000000 -0.000000
vn -0.000000 -1.000000 -0.000000
vn -0.000000 -1.000000 -0.000000
vn -0.000000 -1.000000 -0.000000
vn -0.000000 -1.000000 -0.000000
vn -0.000000 -1.000000 -0.000000
vn -0.000000 -1.000000 -0.000000
vn -0.000000 -1.000000 -0.000000
vn -0.000000 -1.000000 -0.000000
vn -0.000000 -1.000000 -0.000000
vn -0.000000 -1.000000 -0.000000
vn -0.000000 -1.000000 -0.000000
vn -0.000000 -1.000000 -0.000000
vn -0.000000 -1.000000 -0.000000
vn -0.000000 -1.000000 -0.000000
vn -0.000000 -1.000000 -0.000000
vn -0.000000 -1.000000 -0.000000
vn -0.000000 -1.000000 -0.000000
vn -0.000000 -1.000000 -0.000000
vn -0.000000 -1.000000 -0.000000
vn -0.000000 -1.000000 -0.000000
vn -0.000000 -1.000000 -0.000000
vn -0.000000 -1.000000 -0.000000
vn -0.000000 -1.000000 -0.000000
vn -0.000000 -1.000000 -0.000000
vn -0.000000 -1.000000 -0.000000
vn -0.000000 -1.000000 -0.000000
vn -0.000000 -1.000000 -0.000000
vn -0.000000 -1.000000 -0.000000
vn -0.000000 -1.000000 -0.000000
vn -0.000000 -1.000000 -0.000000
vn -0.000000 -1.000000 -0.000000
vn -0.000000 -1.000000 -0.000000
vn -0.000000 -1.000000 -0.000000
vn -0.000000 -1.000000 -0.000000
vn -0.000000 -1.000000 -0.000000
vn -0.000000 -1.000000 -0.000000
vn -0.000000 -1.000000 -0.000000
vn -0.000000 -1.000000 -0.000000
vn -0.000000 -1.000000 -0.000000
vn -0.000000 -1.000000 -0.000000
vn -0.000000 -1.000000 -0.000000
vn -0.000000 -1.000000 -0.000000
vn -0.000000 -1.000000 -0.000000
vn -0.000000 -1.000000 -0.000000
vn -0.000000 -1.000000 -0.000000
vn -0.000000 -1.000000 -0.000000
vn -0.000000 -1.000000 -0.000000
vn -0.000000 -1.000000 -0.000000
vn -0.000000 -1.000000 -0.000000
vn -0.000000 -1.000000 -0.000000
vn -0.000000 -1.000000 -0.000000
vn -0.000000 -1.000000 -0.000000
vn -0.000000 -1.000000 -0.000000
vn -0.000000 -1.000000 -0.000000
vn -0.000000 -1.000000 -0.000000
vn -0.000000 -1.000000 -0.000000
vn -0.000000 -1.000000 -0.000000
vn -0.000000 -1.000000 -0.000000
vn -0.000000 -1.000000 -0.000000
vn -0.000000 -1.000000 -0.000000
vn -0.000000 -1.000000 -0.000000
vn -0.000000 -1.000000 -0.000000
vn -0.000000 -1.000000 -0.000000
vn -0.000000 -1.000000 -0.000000
vn -0.000000 -1.000000 -0.000000
vn -0.000000 -1.000000 -0.000000
vn -0.000000 -1.000000 -0.000000
vn -0.000000 -1.000000 -0.000000
vn -0.000000 -1.000000 -0.000000
vn -0.000000 -1.000000 -0.000000
vn -0.000000 -1.000000 -0.000000
vn -0.000000 -1.000000 -0.000000
vn -0.000000 -1.000000 -0.000000
vn -0.000000 -1.000000 -0.000000
vn -0.000000 -1.000000 -0.000000
vn -0.000000 -1.000000 -0.000000
vn -0.000000 -1.000000 -0.000000
vn -0.000000 -1.000000 -0.000000
vn -0.000000 -1.000000 -0.000000
vn -0.000000 -1.000000 -0.000000
vn -0.000000 -1.000000 -0.000000
vn -0.000000 -1.000000 -0.000000
vn -0.000000 -1.000000 -0.000000
vn -0.000000 -1.000000 -0.000000
vn -0.000000 -1.000000 -0.000000
vn -0.000000 -1.000000 -0.000000
vn -0.000000 -1.000000 -0.000000
vn -0.000000 -1.000000 -0.000000
vn -0.000000 -1.000000 -0.000000
vn -0.000000 -1.000000 -0.000000
vn -0.000000 -1.000000 -0.000000
vn -0.000000 -1.000000 -0.000000
vn -0.000000 -1.000000 -0.000000
vn -0.000000 -1.000000 -0.000000
vn -0.000000 -1.000000 -0.000000
vn -0.000000 -1.000000 -0.000000
vn -0.000000 -1.000000 -0.000000
vn -0.000000 -1.000000 -0.000000
vn -0.000000 -1.000000 -0.000000
vn -0.000000 -1.000000 -0.000000
vn -0.000000 -1.000000 -0.000000
vn -0.000000 -1.000000 -0.000000
vn -0.000000 -1.000000 -0.000000
vn -0.000000 -1.000000 -0.000000
vn -0.000000 -1.000000 -0.000000
vn -0.000000 -1.000000 -0.000000
vn -0.000000 -1.000000 -0.000000
vn -0.000000 -1.000000 -0.000000
vn -0.000000 -1.000000 -0.000000
vn -0.000000 -1.000000 -0.000000
vn -0.000000 -1.000000 -0.000000
vn -0.000000 -1.000000 -0.000000
vn -0.000000 -1.000000 -0.000000
vn -0.000000 -1.000000 -0.000000
vn -0.000000 -1.000000 -0.000000
vn -0.000000 -1.000000 -0.000000
vn -0.000000 -1.000000 -0.000000
vn -0.000000 -1.000000 -0.000000
vn -0.000000 -1.000000 -0.000000
vn -0.000000 -1.000000 -0.000000
vn -0.000000 -1.000000 -0.000000
vn -0.000000 -1.000000 -0.000000
vn -0.000000 -1.000000 -0.000000
vn -0.000000 -1.000000 -0.000000
vn -0.000000 -1.000000 -0.000000
vn -0.000000 -1.000000 -0.000000
vn -0.000000 -1.000000 -0.000000
vn -0.000000 -1.000000 -0.000000
vn -0.000000 -1.000000 -0.000000
vn -0.000000 -1.000000 -0.000000
vn -0.000000 -1.000000 -0.000000
vn -0.000000 -1.000000 -0.000000
vn -0.000000 -1.000000 -0.000000
vn -0.000000 -1.000000 -0.000000
vn -0.000000 -1.000000 -0.000000
vn -0.000000 -1.000000 -0.000000
vn -0.000000 -1.000000 -0.000000
vn -0.000000 -1.000000 -0.000000
vn -0.000000 -1.000000 -0.000000
vn -0.000000 -1.000000 -0.000000
vn -0.000000 -1.000000 -0.000000
vn -0.000000 -1.000000 -0.000000
vn -0.000000 -1.000000 -0.000000
vn -0.000000 -1.000000 -0.000000
vn -0.000000 -1.000000 -0.000000
vn -0.000000 -1.000000 -0.000000
vn -0.000000 -1.000000 -0.000000
vn -0.000000 -1.000000 -0.000000
vn -0.000000 -1.000000 -0.000000
vn -0.000000 -1.000000 -0.000000
vn -0.000000 -1.000000 -0.000000
vn -0.000000 -1.000000 -0.000000
vn -0.000000 -1.000000 -0.000000
vn -0.000000 -1.000000 -0.000000
vn -0.000000 -1.000000 -0.000000
vn -0.000000 -1.000000 -0.000000
vn -0.000000 -1.000000 -0.000000
vn -0.000000 -1.000000 -0.000000
vn -0.000000 -1.000000 -0.000000
vn -0.000000 -1.000000 -0.000000
vn -0.000000 -1.000000 -0.000000
vn -0.000000 -1.000000 -0.000000
vn -0.000000 -1.000000 -0.000000
vn -0.000000 -1.000000 -0.000000
vn -0.000000 -1.000000 -0.000000
vn -0.000000 -1.000000 -0.000000
vn -0.000000 -1.000000 -0.000000
vn -0.000000 -1.000000 -0.000000
vn -0.000000 -1.000000 -0.000000
vn -0.000000 -1.000000 -0.000000
vn -0.000000 -1.000000 -0.000000
vn -0.000000 -1.000000 -0.000000
vn -0.000000 -1.000000 -0.000000
vn -0.000000 -1.000000 -0.000000
vn -0.000000 -1.000000 -0.000000
vn -0.000000 -1.000000 -0.000000
vn -0.000000 -1.000000 -0.000000
vn -0.000000 -1.000000 -0.000000
vn -0.000000 -1.000000 -0.000000
vn -0.000000 -1.000000 -0.000000
vn -0.000000 -1.000000 -0.000000
vn -0.000000 -1.000000 -0.000000
vn -0.000000 -1.000000 -0.000000
vn -0.000000 -1.000000 -0.000000
vn -0.000000 -1.000000 -0.000000
vn -0.000000 -1.000000 -0.000000
vn -0.000000 -1.000000 -0.000000
vn -0.000000 -1.000000 -0.000000
vn -0.000000 -1.000000 -0.000000
vn -0.000000 -1.000000 -0.000000
vn -0.000000 -1.000000 -0.000000
vn -0.000000 -1.000000 -0.000000
vn -0.000000 -1.000000 -0.000000
vn -0.000000 -1.000000 -0.000000
vn -0.000000 -1.000000 -0.000000
vn -0.000000 -1.000000 -0.000000
vn -0.000000 -1.000000 -0.000000
vn -0.000000 -1.000000 -0.000000
vn -0.000000 -1.000000 -0.000000
vn -0.000000 -1.000000 -0.000000
vn -0.000000 -1.000000 -0.000000
vn -0.000000 -1.000000 -0.000000
vn -0.000000 -1.000000 -0.000000
vn -0.000000 -1.000000 -0.000000
vn -0.000000 -1.000000 -0.000000
vn -0.000000 -1.000000 -0.000000
vn -0.000000 -1.000000 -0.000000
vn -0.000000 -1.000000 -0.000000
vn -0.000000 -1.000000 -0.000000
vn -0.000000 -1.000000 -0.000000
vn -0.000000 -1.000000 -0.000000
vn -0.000000 -1.000000 -0.000000
vn -0.000000 -1.000000 -0.000000
vn -0.000000 -1.000000 -0.000000
vn -0.000000 -1.000000 -0.000000
vn -0.000000 -1.000000 -0.000000
vn -0.000000 -1.000000 -0.000000
vn -0.000000 -1.000000 -0.000000
vn -0.000000 -1.000000 -0.000000
vn -0.000000 -1.000000 -0.000000
vn -0.000000 -1.000000 -0.000000
vn -0.000000 -1.000000 -0.000000
vn -0.000000 -1.000000 -0.000000
vn -0.000000 -1.000000 -0.000000
vn -0.000000 -1.000000 -0.000000
vn -0.000000 -1.000000 -0.000000
vn -0.000000 -1.000000 -0.000000
vn -0.000000 -1.000000 -0.000000
vn -0.000000 -1.000000 -0.000000
vn -0.000000 -1.000000 -0.000000
vn -0.000000 -1.000000 -0.000000
vn -0.000000 -1.000000 -0.000000
vn -0.000000 -1.000000 -0.000000
vn -0.000000 -1.000000 -0.000000
vn -0.000000 -1.000000 -0.000000
vn -0.000000 -1.000000 -0.000000
vn -0.000000 -1.000000 -0.000000
vn -0.000000 -1.000000 -0.000000
vn -0.000000 -1.000000 -0.000000
vn -0.000000 -1.000000 -0.000000
vn -0.000000 -1.000000 -0.000000
vn -0.000000 -1.000000 -0.000000
vn -0.000000 -1.000000 -0.000000
vn -0.000000 -1.000000 -0.000000
vn -0.000000 -1.000000 -0.000000
vn -0.000000 -1.000000 -0.000000
vn -0.000000 -1.000000 -0.000000
vn -0.000000 -1.000000 -0.000000
vn -0.000000 -1.000000 -0.000000
vn -0.000000 -1.000000 -0.000000
vn -0.000000 -1.000000 -0.000000
vn -0.000000 -1.000000 -0.000000
vn -0.000000 -1.000000 -0.000000
vn -0.000000 -1.000000 -0.000000
vn -0.000000 -1.000000 -0.000000
vn -0.000000 -1.000000 -0.000000
vn -0.000000 -1.000000 -0.000000
vn -0.000000 -1.000000 -0.000000
vn -0.000000 -1.000000 -0.000000
vn -0.000000 -1.000000 -0.000000
vn -0.000000 -1.000000 -0.000000
vn -0.000000 -1.000000 -0.000000
vn -0.000000 -1.000000 -0.000000
vn -0.000000 -1.000000 -0.000000
vn -0.000000 -1.000000 -0.000000
vn -0.000000 -1.000000 -0.000000
vn -0.000000 -1.000000 -0.000000
vn -0.000000 -1.000000 -0.000000
vn -0.000000 -1.000000 -0.000000
vn -0.000000 -1.000000 -0.000000
vn -0.000000 -1.000000 -0.000000
vn -0.000000 -1.000000 -0.000000
vn -0.000000 -1.000000 -0.000000
vn -0.000000 -1.000000 -0.000000
vn -0.000000 -1.000000 -0.000000
vn -0.000000 -1.000000 -0.000000
vn -0.000000 -1.000000 -0.000000
vn -0.000000 -1.000000 -0.000000
vn -0.000000 -1.000000 -0.000000
vn -0.000000 -1.000000 -0.000000
vn -0.000000 -1.000000 -0.000000
vn -0.000000 -1.000000 -0.000000
vn -0.000000 -1.000000 -0.000000
vn -0.000000 -1.000000 -0.000000
vn -0.000000 -1.000000 -0.000000
vn -0.000000 -1.000000 -0.000000
vn -0.000000 -1.000000 -0.000000
vn -0.000000 -1.000000 -0.000000
vn -0.000000 -1.000000 -0.000000
vn -0.000000 -1.000000 -0.000000
vn -0.000000 -1.000000 -0.000000
vn -0.000000 -1.000000 -0.000000
vn -0.000000 -1.000000 -0.000000
vn -0.000000 -1.000000 -0.000000
vn -0.000000 -1.000000 -0.000000
vn -0.000000 -1.000000 -0.000000
vn -0.000000 -1.000000 -0.000000
vn -0.000000 -1.000000 -0.000000
vn -0.000000 -1.000000 -0.000000
vn -0.000000 -1.000000 -0.000000
vn -0.000000 -1.000000 -0.000000
vn -0.000000 -1.000000 -0.000000
vn -0.000000 -1.000000 -0.000000
vn -0.000000 -1.000000 -0.000000
vn -0.000000 -1.000000 -0.000000
vn -0.000000 -1.000000 -0.000000
vn -0.000000 -1.000000 -0.000000
vn -0.000000 -1.000000 -0.000000
vn -0.000000 -1.000000 -0.000000
vn -0.000000 -1.000000 -0.000000
vn -0.000000 -1.000000 -0.000000
vn -0.000000 -1.000000 -0.000000
vn -0.000000 -1.000000 -0.000000
vn -0.000000 -1.000000 -0.000000
vn -0.000000 -1.000000 -0.000000
vn -0.000000 -1.000000 -0.000000
vn -0.000000 -1.000000 -0.000000
vn -0.000000 -1.000000 -0.000000
vn -0.000000 -1.000000 -0.000000
vn -0.000000 -1.000000 -0.000000
vn -0.000000 -1.000000 -0.000000
vn -0.000000 -1.000000 -0.000000
vn -0.000000 -1.000000 -0.000000
vn -0.000000 -1.000000 -0.000000
vn -0.000000 -1.000000 -0.000000
vn -0.000000 -1.000000 -0.000000
vn -0.000000 -1.000000 -0.000000
vn -0.000000 -1.000000 -0.000000
vn -0.000000 -1.000000 -0.000000
vn -0.000000 -1.000000 -0.000000
vn -0.000000 -1.000000 -0.000000
vn -0.000000 -1.000000 -0.000000
vn -0.000000 -1.000000 -0.000000
vn -0.000000 -1.000000 -0.000000
vn -0.000000 -1.000000 -0.000000
vn -0.000000 -1.000000 -0.000000
vn -0.000000 -1.000000 -0.000000
vn -0.000000 -1.000000 -0.000000
vn -0.000000 -1.000000 -0.000000
vn -0.000000 -1.000000 -0.000000
vn -0.000000 -1.000000 -0.000000
vn -0.000000 -1.000000 -0.000000
vn -0.000000 -1.000000 -0.000000
vn -0.000000 -1.000000 -0.000000
vn -0.000000 -1.000000 -0.000000
vn -0.000000 -1.000000 -0.000000
vn -0.000000 -1.000000 -0.000000
vn -0.000000 -1.000000 -0.000000
vn -0.000000 -1.000000 -0.000000
vn -0.000000 -1.000000 -0.000000
vn -0.000000 -1.000000 -0.000000
vn -0.000000 -1.000000 -0.000000
vn -0.000000 -1.000000 -0.000000
vn -0.000000 -1.000000 -0.000000
vn -0.000000 -1.000000 -0.000000
vn -0.000000 -1.000000 -0.000000
vn -0.000000 -1.000000 -0.000000
vn -0.000000 -1.000000 -0.000000
vn -0.000000 -1.000000 -0.000000
vn -0.000000 -1.000000 -0.000000
vn -0.000000 -1.000000 -0.000000
vn -0.000000 -1.000000 -0.000000
vn -0.000000 -1.000000 -0.000000
vn -0.000000 -1.000000 -0.000000
vn -0.000000 -1.000000 -0.000000
vn -0.000000 -1.000000 -0.000000
vn -0.000000 -1.000000 -0.000000
vn -0.000000 -1.000000 -0.000000
vn -0.000000 -1.000000 -0.000000
vn -0.000000 -1.000000 -0.000000
vn -0.000000 -1.000000 -0.000000
vn -0.000000 -1.000000 -0.000000
vn -0.000000 -1.000000 -0.000000
vn -0.000000 -1.000000 -0.000000
vn -0.000000 -1.000000 -0.000000
vn -0.000000 -1.000000 -0.000000
vn -0.000000 -1.000000 -0.000000
vn -0.000000 -1.000000 -0.000000
vn -0.000000 -1.000000 -0.000000
vn -0.000000 -1.000000 -0.000000
vn -0.000000 -1.000000 -0.000000
vn -0.000000 -1.000000 -0.000000
vn -0.000000 -1.000000 -0.000000
vn -0.000000 -1.000000 -0.000000
vn -0.000000 -1.000000 -0.000000
vn -0.000000 -1.000000 -0.000000
vn -0.000000 -1.000000 -0.000000
vn -0.000000 -1.000000 -0.000000
vn -0.000000 -1.000000 -0.000000
vn -0.000000 -1.000000 -0.000000
vn -0.000000 -1.000000 -0.000000
vn -0.000000 -1.000000 -0.000000
vn -0.000000 -1.000000 -0.000000
vn -0.000000 -1.000000 -0.000000
vn -0.000000 -1.000000 -0.000000
vn -0.000000 -1.000000 -0.000000
vn -0.000000 -1.000000 -0.000000
vn -0.000000 -1.000000 -0.000000
vn -0.000000 -1.000000 -0.000000
vn -0.000000 -1.000000 -0.000000
vn -0.000000 -1.000000 -0.000000
vn -0.000000 -1.000000 -0.000000
vn -0.000000 -1.000000 -0.000000
vn -0.000000 -1.000000 -0.000000
vn -0.000000 -1.000000 -0.000000
vn -0.000000 -1.000000 -0.000000
vn -0.000000 -1.000000 -0.000000
vn -0.000000 -1.000000 -0.000000
vn -0.000000 -1.000000 -0.000000
vn -0.000000 -1.000000 -0.000000
vn -0.000000 -1.000000 -0.000000
vn -0.000000 -1.000000 -0.000000
vn -0.000000 -1.000000 -0.000000
vn -0.000000 -1.000000 -0.000000
vn -0.000000 -1.000000 -0.000000
vn -0.000000 -1.000000 -0.000000
vn -0.000000 -1.000000 -0.000000
vn -0.000000 -1.000000 -0.000000
vn -0.000000 -1.000000 -0.000000
vn -0.000000 -1.000000 -0.000000
vn -0.000000 -1.000000 -0.000000
vn -0.000000 -1.000000 -0.000000
vn -0.000000 -1.000000 -0.000000
vn -0.000000 -1.000000 -0.000000
vn -0.000000 -1.000000 -0.000000
vn -0.000000 -1.000000 -0.000000
vn -0.000000 -1.000000 -0.000000
vn -0.000000 -1.000000 -0.000000
vn -0.000000 -1.000000 -0.000000
vn -0.000000 -1.000000 -0.000000
vn -0.000000 -1.000000 -0.000000
vn -0.000000 -1.000000 -0.000000
vn -0.000000 -1.000000 -0.000000
vn -0.000000 -1.000000 -0.000000
vn -0.000000 -1.000000 -0.000000
vn -0.000000 -1.000000 -0.000000
vn -0.000000 -1.000000 -0.000000
vn -0.000000 -1.000000 -0.000000
vn -0.000000 -1.000000 -0.000000
vn -0.000000 -1.000000 -0.000000
vn -0.000000 -1.000000 -0.000000
vn -0.000000 -1.000000 -0.000000
vn -0.000000 -1.000000 -0.000000
vn -0.000000 -1.000000 -0.000000
vn -0.000000 -1.000000 -0.000000
vn -0.000000 -1.000000 -0.000000
vn -0.000000 -1.000000 -0.000000
vn -0.000000 -1.000000 -0.000000
vn -0.000000 -1.000000 -0.000000
vn -0.000000 -1.000000 -0.000000
vn -0.000000 -1.000000 -0.000000
vn -0.000000 -1.000000 -0.000000
vn -0.000000 -1.000000 -0.000000
vn -0.000000 -1.000000 -0.000000
vn -0.000000 -1.000000 -0.000000
vn -0.000000 -1.000000 -0.000000
vn -0.000000 -1.000000 -0.000000
vn -0.000000 -1.000000 -0.000000
vn -0.000000 -1.000000 -0.000000
vn -0.000000 -1.000000 -0.000000
vn -0.000000 -1.000000 -0.000000
vn -0.000000 -1.000000 -0.000000
vn -0.000000 -1.000000 -0.000000
vn -0.000000 -1.000000 -0.000000
vn -0.000000 -1.000000 -0.000000
vn -0.000000 -1.000000 -0.000000
vn -0.000000 -1.000000 -0.000000
vn -0.000000 -1.000000 -0.000000
vn -0.000000 -1.000000 -0.000000
vn -0.000000 -1.000000 -0.000000
vn -0.000000 -1.000000 -0.000000
vn -0.000000 -1.000000 -0.000000
vn -0.000000 -1.000000 -0.000000
vn -0.000000 -1.000000 -0.000000
vn -0.000000 -1.000000 -0.000000
vn -0.000000 -1.000000 -0.000000
vn -0.000000 -1.000000 -0.000000
vn -0.000000 -1.000000 -0.000000
vn -0.000000 -1.000000 -0.000000
vn -0.000000 -1.000000 -0.000000
vn -0.000000 -1.000000 -0.000000
vn -0.000000 -1.000000 -0.000000
vn -0.000000 -1.000000 -0.000000
vn -0.000000 -1.000000 -0.000000
vn -0.000000 -1.000000 -0.000000
vn -0.000000 -1.000000 -0.000000
vn -0.000000 -1.000000 -0.000000
vn -0.000000 -1.000000 -0.000000
vn -0.000000 -1.000000 -0.000000
vn -0.000000 -1.000000 -0.000000
vn -0.000000 -1.000000 -0.000000
vn -0.000000 -1.000000 -0.000000
vn -0.000000 -1.000000 -0.000000
vn -0.000000 -1.000000 -0.000000
vn -0.000000 -1.000000 -0.000000
vn -0.000000 -1.000000 -0.000000
vn -0.000000 -1.000000 -0.000000
vn -0.000000 -1.000000 -0.000000
vn -0.000000 -1.000000 -0.000000
vn -0.000000 -1.000000 -0.000000
vn -0.000000 -1.000000 -0.000000
vn -0.000000 -1.000000 -0.000000
vn -0.000000 -1.000000 -0.000000
vn -0.000000 -1.000000 -0.000000
vn -0.000000 -1.000000 -0.000000
vn -0.000000 -1.000000 -0.000000
vn -0.000000 -1.000000 -0.000000
vn -0.000000 -1.000000 -0.000000
vn -0.000000 -1.000000 -0.000000
vn -0.000000 -1.000000 -0.000000
vn -0.000000 -1.000000 -0.000000
vn -0.000000 -1.000000 -0.000000
vn -0.000000 -1.000000 -0.000000
vn -0.000000 -1.000000 -0.000000
vn -0.000000 -1.000000 -0.000000
vn -0.000000 -1.000000 -0.000000
vn -0.000000 -1.000000 -0.000000
vn -0.000000 -1.000000 -0.000000
vn -0.000000 -1.000000 -0.000000
vn -0.000000 -1.000000 -0.000000
vn -0.000000 -1.000000 -0.000000
vn -0.000000 -1.000000 -0.000000
vn -0.000000 -1.000000 -0.000000
vn -0.000000 -1.000000 -0.000000
vn -0.000000 -1.000000 -0.000000
vn -0.000000 -1.000000 -0.000000
vn -0.000000 -1.000000 -0.000000
vn -0.000000 -1.000000 -0.000000
vn -0.000000 -1.000000 -0.000000
vn -0.000000 -1.000000 -0.000000
vn -0.000000 -1.000000 -0.000000
vn -0.000000 -1.000000 -0.000000
vn -0.000000 -1.000000 -0.000000
vn -0.000000 -1.000000 -0.000000
vn -0.000000 -1.000000 -0.000000
vn -0.000000 -1.000000 -0.000000
vn -0.000000 -1.000000 -0.000000
vn -0.000000 -1.000000 -0.000000
vn -0.000000 -1.000000 -0.000000
vn -0.000000 -1.000000 -0.000000
vn -0.000000 -1.000000 -0.000000
vn -0.000000 -1.000000 -0.000000
vn -0.000000 -1.000000 -0.000000
vn -0.000000 -1.000000 -0.000000
vn -0.000000 -1.000000 -0.000000
vn -0.000000 -1.000000 -0.000000
vn -0.000000 -1.000000 -0.000000
vn -0.000000 -1.000000 -0.000000
vn -0.000000 -1.000000 -0.000000
vn -0.000000 -1.000000 -0.000000
vn -0.000000 -1.000000 -0.000000
vn -0.000000 -1.000000 -0.000000
vn -0.000000 -1.000000 -0.000000
vn -0.000000 -1.000000 -0.000000
vn -0.000000 -1.000000 -0.000000
vn -0.000000 -1.000000 -0.000000
vn -0.000000 -1.000000 -0.000000
vn -0.000000 -1.000000 -0.000000
vn -0.000000 -1.000000 -0.000000
vn -0.000000 -1.000000 -0.000000
vn -0.000000 -1.000000 -0.000000
vn -0.000000 -1.000000 -0.000000
vn -0.000000 -1.000000 -0.000000
vn -0.000000 -1.000000 -0.000000
vn -0.000000 -1.000000 -0.000000
vn -0.000000 -1.000000 -0.000000
vn -0.000000 -1.000000 -0.000000
vn -0.000000 -1.000000 -0.000000
vn -0.000000 -1.000000 -0.000000
vn -0.000000 -1.000000 -0.000000
vn -0.000000 -1.000000 -0.000000
vn -0.000000 -1.000000 -0.000000
vn -0.000000 -1.000000 -0.000000
vn -0.000000 -1.000000 -0.000000
vn -0.000000 -1.000000 -0.000000
vn -0.000000 -1.000000 -0.000000
vn -0.000000 -1.000000 -0.000000
vn -0.000000 -1.000000 -0.000000
vn -0.000000 -1.000000 -0.000000
vn -0.000000 -1.000000 -0.000000
vn -0.000000 -1.000000 -0.000000
vn -0.000000 -1.000000 -0.000000
vn -0.000000 -1.000000 -0.000000
vn -0.000000 -1.000000 -0.000000
vn -0.000000 -1.000000 -0.000000
vn -0.000000 -1.000000 -0.000000
vn -0.000000 -1.000000 -0.000000
vn -0.000000 -1.000000 -0.000000
vn -0.000000 -1.000000 -0.000000
vn -0.000000 -1.000000 -0.000000
vn -0.000000 -1.000000 -0.000000
vn -0.000000 -1.000000 -0.000000
vn -0.000000 -1.000000 -0.000000
vn -0.000000 -1.000000 -0.000000
vn -0.000000 -1.000000 -0.000000
vn -0.000000 -1.000000 -0.000000
vn -0.000000 -1.000000 -0.000000
vn -0.000000 -1.000000 -0.000000
vn -0.000000 -1.000000 -0.000000
vn -0.000000 -1.000000 -0.000000
vn -0.000000 -1.000000 -0.000000
vn -0.000000 -1.000000 -0.000000
vn -0.000000 -1.000000 -0.000000
vn -0.000000 -1.000000 -0.000000
vn -0.000000 -1.000000 -0.000000
vn -0.000000 -1.000000 -0.000000
vn -0.000000 -1.000000 -0.000000
vn -0.000000 -1.000000 -0.000000
vn -0.000000 -1.000000 -0.000000
vn -0.000000 -1.000000 -0.000000
vn -0.000000 -1.000000 -0.000000
vn -0.000000 -1.000000 -0.000000
vn -0.000000 -1.000000 -0.000000
vn -0.000000 -1.000000 -0.000000
vn -0.000000 -1.000000 -0.000000
vn -0.000000 -1.000000 -0.000000
vn -0.000000 -1.000000 -0.000000
vn -0.000000 -1.000000 -0.000000
vn -0.000000 -1.000000 -0.000000
vn -0.000000 -1.000000 -0.000000
vn -0.000000 -1.000000 -0.000000
vn -0.000000 -1.000000 -0.000000
vn -0.000000 -1.000000 -0.000000
vn -0.000000 -1.000000 -0.000000
vn -0.000000 -1.000000 -0.000000
vn -0.000000 -1.000000 -0.000000
vn -0.000000 -1.000000 -0.000000
vn -0.000000 -1.000000 -0.000000
vn -0.000000 -1.000000 -0.000000
vn -0.000000 -1.000000 -0.000000
vn -0.000000 -1.000000 -0.000000
vn -0.000000 -1.000000 -0.000000
vn -0.000000 -1.000000 -0.000000
vn -0.000000 -1.000000 -0.000000
vn -0.000000 -1.000000 -0.000000
vn -0.000000 -1.000000 -0.000000
vn -0.000000 -1.000000 -0.000000
vn -0.000000 -1.000000 -0.000000
vn -0.000000 -1.000000 -0.000000
vn -0.000000 -1.000000 -0.000000
vn -0.000000 -1.000000 -0.000000
vn -0.000000 -1.000000 -0.000000
vn -0.000000 -1.000000 -0.000000
vn -0.000000 -1.000000 -0.000000
vn -0.000000 -1.000000 -0.000000
vn -0.000000 -1.000000 -0.000000
vn -0.000000 -1.000000 -0.000000
vn -0.000000 -1.000000 -0.000000
vn -0.000000 -1.000000 -0.000000
vn -0.000000 -1.000000 -0.000000
vn -0.000000 -1.000000 -0.000000
vn -0.000000 -1.000000 -0.000000
vn -0.000000 -1.000000 -0.000000
vn -0.000000 -1.000000 -0.000000
vn -0.000000 -1.000000 -0.000000
vn -0.000000 -1.000000 -0.000000
vn -0.000000 -1.000000 -0.000000
vn -0.000000 -1.000000 -0.000000
vn -0.000000 -1.000000 -0.000000
vn -0.000000 -1.000000 -0.000000
vn -0.000000 -1.000000 -0.000000
vn -0.000000 -1.000000 -0.000000
vn -0.000000 -1.000000 -0.000000
vn -0.000000 -1.000000 -0.000000
vn -0.000000 -1.000000 -0.000000
vn -0.000000 -1.000000 -0.000000
vn -0.000000 -1.000000 -0.000000
vn -0.000000 -1.000000 -0.000000
vn -0.000000 -1.000000 -0.000000
vn -0.000000 -1.000000 -0.000000
vn -0.000000 -1.000000 -0.000000
vn -0.000000 -1.000000 -0.000000
vn -0.000000 -1.000000 -0.000000
vn -0.000000 -1.000000 -0.000000
vn -0.000000 -1.000000 -0.000000
vn -0.000000 -1.000000 -0.000000
vn -0.000000 -1.000000 -0.000000
vn -0.000000 -1.000000 -0.000000
vn -0.000000 -1.000000 -0.000000
vn -0.000000 -1.000000 -0.000000
vn -0.000000 -1.000000 -0.000000
vn -0.000000 -1.000000 -0.000000
vn -0.000000 -1.000000 -0.000000
vn -0.000000 -1.000000 -0.000000
vn -0.000000 -1.000000 -0.000000
vn -0.000000 -1.000000 -0.000000
vn -0.000000 -1.000000 -0.000000
vn -0.000000 -1.000000 -0.000000
vn -0.000000 -1.000000 -0.000000
vn -0.000000 -1.000000 -0.000000
vn -0.000000 -1.000000 -0.000000
vn -0.000000 -1.000000 -0.000000
vn -0.000000 -1.000000 -0.000000
vn -0.000000 -1.000000 -0.000000
vn -0.000000 -1.000000 -0.000000
vn -0.000000 -1.000000 -0.000000
vn -0.000000 -1.000000 -0.000000
vn -0.000000 -1.000000 -0.000000
vn -0.000000 -1.000000 -0.000000
vn -0.000000 -1.000000 -0.000000
vn -0.000000 -1.000000 -0.000000
vn -0.000000 -1.000000 -0.000000
vn -0.000000 -1.000000 -0.000000
vn -0.000000 -1.000000 -0.000000
vn -0.000000 -1.000000 -0.000000
vn -0.000000 -1.000000 -0.000000
vn -0.000000 -1.000000 -0.000000
vn -0.000000 -1.000000 -0.000000
vn -0.000000 -1.000000 -0.000000
vn -0.000000 -1.000000 -0.000000
vn -0.000000 -1.000000 -0.000000
vn -0.000000 -1.000000 -0.000000
vn -0.000000 -1.000000 -0.000000
vn -0.000000 -1.000000 -0.000000
vn -0.000000 -1.000000 -0.000000
vn -0.000000 -1.000000 -0.000000
vn -0.000000 -1.000000 -0.000000
vn -0.000000 -1.000000 -0.000000
vn -0.000000 -1.000000 -0.000000
vn -0.000000 -1.000000 -0.000000
vn -0.000000 -1.000000 -0.000000
vn -0.000000 -1.000000 -0.000000
vn -0.000000 -1.000000 -0.000000
vn -0.000000 -1.000000 -0.000000
vn -0.000000 -1.000000 -0.000000
vn -0.000000 -1.000000 -0.000000
vn -0.000000 -1.000000 -0.000000
vn -0.000000 -1.000000 -0.000000
vn -0.000000 -1.000000 -0.000000
vn -0.000000 -1.000000 -0.000000
vn -0.000000 -1.000000 -0.000000
vn -0.000000 -1.000000 -0.000000
vn -0.000000 -1.000000 -0.000000
vn -0.000000 -1.000000 -0.000000
vn -0.000000 -1.000000 -0.000000
vn -0.000000 -1.000000 -0.000000
vn -0.000000 -1.000000 -0.000000
vn -0.000000 -1.000000 -0.000000
vn -0.000000 -1.000000 -0.000000
vn -0.000000 -1.000000 -0.000000
vn -0.000000 -1.000000 -0.000000
vn -0.000000 -1.000000 -0.000000
vn -0.000000 -1.000000 -0.000000
vn -0.000000 -1.000000 -0.000000
vn -0.000000 -1.000000 -0.000000
vn -0.000000 -1.000000 -0.000000
vn -0.000000 -1.000000 -0.000000
vn -0.000000 -1.000000 -0.000000
vn -0.000000 -1.000000 -0.000000
vn -0.000000 -1.000000 -0.000000
vn -0.000000 -1.000000 -0.000000
vn -0.000000 -1.000000 -0.000000
vn -0.000000 -1.000000 -0.000000
vn -0.000000 -1.000000 -0.000000
vn -0.000000 -1.000000 -0.000000
vn -0.000000 -1.000000 -0.000000
vn -0.000000 -1.000000 -0.000000
vn -0.000000 -1.000000 -0.000000
vn -0.000000 -1.000000 -0.000000
vn -0.000000 -1.000000 -0.000000
vn -0.000000 -1.000000 -0.000000
vn -0.000000 -1.000000 -0.000000
vn -0.000000 -1.000000 -0.000000
vn -0.000000 -1.000000 -0.000000
vn -0.000000 -1.000000 -0.000000
vn -0.000000 -1.000000 -0.000000
vn -0.000000 -1.000000 -0.000000
vn -0.000000 -1.000000 -0.000000
vn -0.000000 -1.000000 -0.000000
vn -0.000000 -1.000000 -0.000000
vn -0.000000 -1.000000 -0.000000
vn -0.000000 -1.000000 -0.000000
vn -0.000000 -1.000000 -0.000000
vn -0.000000 -1.000000 -0.000000
vn -0.000000 -1.000000 -0.000000
vn -0.000000 -1.000000 -0.000000
vn -0.000000 -1.000000 -0.000000
vn -0.000000 -1.000000 -0.000000
vn -0.000000 -1.000000 -0.000000
vn -0.000000 -1.000000 -0.000000
vn -0.000000 -1.000000 -0.000000
vn -0.000000 -1.000000 -0.000000
vn -0.000000 -1.000000 -0.000000
vn -0.000000 -1.000000 -0.000000
vn -0.000000 -1.000000 -0.000000
vn -0.000000 -1.000000 -0.000000
vn -0.000000 -1.000000 -0.000000
vn -0.000000 -1.000000 -0.000000
vn -0.000000 -1.000000 -0.000000
vn -0.000000 -1.000000 -0.000000
vn -0.000000 -1.000000 -0.000000
vn -0.000000 -1.000000 -0.000000
vn -0.000000 -1.000000 -0.000000
vn -0.000000 -1.000000 -0.000000
vn -0.000000 -1.000000 -0.000000
vn -0.000000 -1.000000 -0.000000
vn -0.000000 -1.000000 -0.000000
vn -0.000000 -1.000000 -0.000000
vn -0.000000 -1.000000 -0.000000
vn -0.000000 -1.000000 -0.000000
vn -0.000000 -1.000000 -0.000000
vn -0.000000 -1.000000 -0.000000
vn -0.000000 -1.000000 -0.000000
vn -0.000000 -1.000000 -0.000000
vn -0.000000 -1.000000 -0.000000
vn -0.000000 -1.000000 -0.000000
vn -0.000000 -1.000000 -0.000000
vn -0.000000 -1.000000 -0.000000
vn -0.000000 -1.000000 -0.000000
vn -0.000000 -1.000000 -0.000000
vn -0.000000 -1.000000 -0.000000
vn -0.000000 -1.000000 -0.000000
vn -0.000000 -1.000000 -0.000000
vn -0.000000 -1.000000 -0.000000
vn -0.000000 -1.000000 -0.000000
vn -0.000000 -1.000000 -0.000000
vn -0.000000 -1.000000 -0.000000
vn -0.000000 -1.000000 -0.000000
vn -0.000000 -1.000000 -0.000000
vn -0.000000 -1.000000 -0.000000
vn -0.000000 -1.000000 -0.000000
vn -0.000000 -1.000000 -0.000000
vn -0.000000 -1.000000 -0.000000
vn -0.000000 -1.000000 -0.000000
vn -0.000000 -1.000000 -0.000000
vn -0.000000 -1.000000 -0.000000
vn -0.000000 -1.000000 -0.000000
vn -0.000000 -1.000000 -0.000000
vn -0.000000 -1.000000 -0.000000
vn -0.000000 -1.000000 -0.000000
vn -0.000000 -1.000000 -0.000000
vn -0.000000 -1.000000 -0.000000
vn -0.000000 -1.000000 -0.000000
vn -0.000000 -1.000000 -0.000000
vn -0.000000 -1.000000 -0.000000
vn -0.000000 -1.000000 -0.000000
vn -0.000000 -1.000000 -0.000000
vn -0.000000 -1.000000 -0.000000
vn -0.000000 -1.000000 -0.000000
vn -0.000000 -1.000000 -0.000000
vn -0.000000 -1.000000 -0.000000
vn -0.000000 -1.000000 -0.000000
vn -0.000000 -1.000000 -0.000000
vn -0.000000 -1.000000 -0.000000
vn -0.000000 -1.000000 -0.000000
vn -0.000000 -1.000000 -0.000000
vn -0.000000 -1.000000 -0.000000
vn -0.000000 -1.000000 -0.000000
vn -0.000000 -1.000000 -0.000000
vn -0.000000 -1.000000 -0.000000
vn -0.000000 -1.000000 -0.000000
vn -0.000000 -1.000000 -0.000000
vn -0.000000 -1.000000 -0.000000
vn -0.000000 -1.000000 -0.000000
vn -0.000000 -1.000000 -0.000000
vn -0.000000 -1.000000 -0.000000
vn -0.000000 -1.000000 -0.000000
vn -0.000000 -1.000000 -0.000000
vn -0.000000 -1.000000 -0.000000
vn -0.000000 -1.000000 -0.000000
vn -0.000000 -1.000000 -0.000000
vn -0.000000 -1.000000 -0.000000
vn -0.000000 -1.000000 -0.000000
vn -0.000000 -1.000000 -0.000000
vn -0.000000 -1.000000 -0.000000
vn -0.000000 -1.000000 -0.000000
vn -0.000000 -1.000000 -0.000000
vn -0.000000 -1.000000 -0.000000
vn -0.000000 -1.000000 -0.000000
vn -0.000000 -1.000000 -0.000000
vn -0.000000 -1.000000 -0.000000
vn -0.000000 -1.000000 -0.000000
vn -0.000000 -1.000000 -0.000000
vn -0.000000 -1.000000 -0.000000
vn -0.000000 -1.000000 -0.000000
vn -0.000000 -1.000000 -0.000000
vn -0.000000 -1.000000 -0.000000
vn -0.000000 -1.000000 -0.000000
vn -0.000000 -1.000000 -0.000000
vn -0.000000 -1.000000 -0.000000
vn -0.000000 -1.000000 -0.000000
vn -0.000000 -1.000000 -0.000000
vn -0.000000 -1.000000 -0.000000
vn -0.000000 -1.000000 -0.000000
vn -0.000000 -1.000000 -0.000000
vn -0.000000 -1.000000 -0.000000
vn -0.000000 -1.000000 -0.000000
vn -0.000000 -1.000000 -0.000000
vn -0.000000 -1.000000 -0.000000
vn -0.000000 -1.000000 -0.000000
vn -0.000000 -1.000000 -0.000000
vn -0.000000 -1.000000 -0.000000
vn -0.000000 -1.000000 -0.000000
vn -0.000000 -1.000000 -0.000000
vn -0.000000 -1.000000 -0.000000
vn -0.000000 -1.000000 -0.000000
vn -0.000000 -1.000000 -0.000000
vn -0.000000 -1.000000 -0.000000
vn -0.000000 -1.000000 -0.000000
vn -0.000000 -1.000000 -0.000000
vn -0.000000 -1.000000 -0.000000
vn -0.000000 -1.000000 -0.000000
vn -0.000000 -1.000000 -0.000000
vn -0.000000 -1.000000 -0.000000
vn -0.000000 -1.000000 -0.000000
vn -0.000000 -1.000000 -0.000000
vn -0.000000 -1.000000 -0.000000
vn -0.000000 -1.000000 -0.000000
vn -0.000000 -1.000000 -0.000000
vn -0.000000 -1.000000 -0.000000
vn -0.000000 -1.000000 -0.000000
vn -0.000000 -1.000000 -0.000000
vn -0.000000 -1.000000 -0.000000
vn -0.000000 -1.000000 -0.000000
vn -0.000000 -1.000000 -0.000000
vn -0.000000 -1.000000 -0.000000
vn -0.000000 -1.000000 -0.000000
vn -0.000000 -1.000000 -0.000000
vn -0.000000 -1.000000 -0.000000
vn -0.000000 -1.000000 -0.000000
vn -0.000000 -1.000000 -0.000000
vn -0.000000 -1.000000 -0.000000
vn -0.000000 -1.000000 -0.000000
vn -0.000000 -1.000000 -0.000000
vn -0.000000 -1.000000 -0.000000
vn -0.000000 -1.000000 -0.000000
vn -0.000000 -1.000000 -0.000000
vn -0.000000 -1.000000 -0.000000
vn -0.000000 -1.000000 -0.000000
vn -0.000000 -1.000000 -0.000000
vn -0.000000 -1.000000 -0.000000
vn -0.000000 -1.000000 -0.000000
vn -0.000000 -1.000000 -0.000000
vn -0.000000 -1.000000 -0.000000
vn -0.000000 -1.000000 -0.000000
vn -0.000000 -1.000000 -0.000000
vn -0.000000 -1.000000 -0.000000
vn -0.000000 -1.000000 -0.000000
vn -0.000000 -1.000000 -0.000000
vn -0.000000 -1.000000 -0.000000
vn -0.000000 -1.000000 -0.000000
vn -0.000000 -1.000000 -0.000000
vn -0.000000 -1.000000 -0.000000
vn -0.000000 -1.000000 -0.000000
vn -0.000000 -1.000000 -0.000000
vn -0.000000 -1.000000 -0.000000
vn -0.000000 -1.000000 -0.000000
vn -0.000000 -1.000000 -0.000000
vn -0.000000 -1.000000 -0.000000
vn -0.000000 -1.000000 -0.000000
vn -0.000000 -1.000000 -0.000000
vn -0.000000 -1.000000 -0.000000
vn -0.000000 -1.000000 -0.000000
vn -0.000000 -1.000000 -0.000000
vn -0.000000 -1.000000 -0.000000
vn -0.000000 -1.000000 -0.000000
vn -0.000000 -1.000000 -0.000000
vn -0.000000 -1.000000 -0.000000
vn -0.000000 -1.000000 -0.000000
vn -0.000000 -1.000000 -0.000000
vn -0.000000 -1.000000 -0.000000
vn -0.000000 -1.000000 -0.000000
vn -0.000000 -1.000000 -0.000000
vn -0.000000 -1.000000 -0.000000
vn -0.000000 -1.000000 -0.000000
vn -0.000000 -1.000000 -0.000000
vn -0.000000 -1.000000 -0.000000
vn -0.000000 -1.000000 -0.000000
vn -0.000000 -1.000000 -0.000000
vn -0.000000 -1.000000 -0.000000
vn -0.000000 -1.000000 -0.000000
vn -0.000000 -1.000000 -0.000000
vn -0.000000 -1.000000 -0.000000
vn -0.000000 -1.000000 -0.000000
vn -0.000000 -1.000000 -0.000000
vn -0.000000 -1.000000 -0.000000
vn -0.000000 -1.000000 -0.000000
vn -0.000000 -1.000000 -0.000000
vn -0.000000 -1.000000 -0.000000
vn -0.000000 -1.000000 -0.000000
vn -0.000000 -1.000000 -0.000000
vn -0.000000 -1.000000 -0.000000
vn -0.000000 -1.000000 -0.000000
vn -0.000000 -1.000000 -0.000000
vn -0.000000 -1.000000 -0.000000
vn -0.000000 -1.000000 -0.000000
vn -0.000000 -1.000000 -0.000000
vn -0.000000 -1.000000 -0.000000
vn -0.000000 -1.000000 -0.000000
vn -0.000000 -1.000000 -0.000000
vn -0.000000 -1.000000 -0.000000
vn -0.000000 -1.000000 -0.000000
vn -0.000000 -1.000000 -0.000000
vn -0.000000 -1.000000 -0.000000
vn -0.000000 -1.000000 -0.000000
vn -0.000000 -1.000000 -0.000000
vn -0.000000 -1.000000 -0.000000
vn -0.000000 -1.000000 -0.000000
vn -0.000000 -1.000000 -0.000000
vn -0.000000 -1.000000 -0.000000
vn -0.000000 -1.000000 -0.000000
vn -0.000000 -1.000000 -0.000000
vn -0.000000 -1.000000 -0.000000
vn -0.000000 -1.000000 -0.000000
vn -0.000000 -1.000000 -0.000000
vn -0.000000 -1.000000 -0.000000
vn -0.000000 -1.000000 -0.000000
vn -0.000000 -1.000000 -0.000000
vn -0.000000 -1.000000 -0.000000
vn -0.000000 -1.000000 -0.000000
vn -0.000000 -1.000000 -0.000000
vn -0.000000 -1.000000 -0.000000
vn -0.000000 -1.000000 -0.000000
vn -0.000000 -1.000000 -0.000000
vn -0.000000 -1.000000 -0.000000
vn -0.000000 -1.000000 -0.000000
vn -0.000000 -1.000000 -0.000000
vn -0.000000 -1.000000 -0.000000
vn -0.000000 -1.000000 -0.000000
vn -0.000000 -1.000000 -0.000000
vn -0.000000 -1.000000 -0.000000
vn -0.000000 -1.000000 -0.000000
vn -0.000000 -1.000000 -0.000000
vn -0.000000 -1.000000 -0.000000
vn -0.000000 -1.000000 -0.000000
vn -0.000000 -1.000000 -0.000000
vn -0.000000 -1.000000 -0.000000
vn -0.000000 -1.000000 -0.000000
vn -0.000000 -1.000000 -0.000000
vn -0.000000 -1.000000 -0.000000
vn -0.000000 -1.000000 -0.000000
vn -0.000000 -1.000000 -0.000000
vn -0.000000 -1.000000 -0.000000
vn -0.000000 -1.000000 -0.000000
vn -0.000000 -1.000000 -0.000000
vn -0.000000 -1.000000 -0.000000
vn -0.000000 -1.000000 -0.000000
vn -0.000000 -1.000000 -0.000000
vn -0.000000 -1.000000 -0.000000
vn -0.000000 -1.000000 -0.000000
vn -0.000000 -1.000000 -0.000000
vn -0.000000 -1.000000 -0.000000
vn -0.000000 -1.000000 -0.000000
vn -0.000000 -1.000000 -0.000000
vn -0.000000 -1.000000 -0.000000
vn -0.000000 -1.000000 -0.000000
vn -0.000000 -1.000000 -0.000000
vn -0.000000 -1.000000 -0.000000
vn -0.000000 -1.000000 -0.000000
vn -0.000000 -1.000000 -0.000000
vn -0.000000 -1.000000 -0.000000
vn -0.000000 -1.000000 -0.000000
vn -0.000000 -1.000000 -0.000000
vn -0.000000 -1.000000 -0.000000
vn -0.000000 -1.000000 -0.000000
vn -0.000000 -1.000000 -0.000000
vn -0.000000 -1.000000 -0.000000
vn -0.000000 -1.000000 -0.000000
vn -0.000000 -1.000000 -0.000000
vn -0.000000 -1.000000 -0.000000
vn -0.000000 -1.000000 -0.000000
vn -0.000000 -1.000000 -0.000000
vn -0.000000 -1.000000 -0.000000
vn -0.000000 -1.000000 -0.000000
vn -0.000000 -1.000000 -0.000000
vn -0.000000 -1.000000 -0.000000
vn -0.000000 -1.000000 -0.000000
vn -0.000000 -1.000000 -0.000000
vn -0.000000 -1.000000 -0.000000
vn -0.000000 -1.000000 -0.000000
vn -0.000000 -1.000000 -0.000000
vn -0.000000 -1.000000 -0.000000
vn -0.000000 -1.000000 -0.000000
vn -0.000000 -1.000000 -0.000000
vn -0.000000 -1.000000 -0.000000
vn -0.000000 -1.000000 -0.000000
vn -0.000000 -1.000000 -0.000000
vn -0.000000 -1.000000 -0.000000
vn -0.000000 -1.000000 -0.000000
vn -0.000000 -1.000000 -0.000000
vn -0.000000 -1.000000 -0.000000
vn -0.000000 -1.000000 -0.000000
vn -0.000000 -1.000000 -0.000000
vn -0.000000 -1.000000 -0.000000
vn -0.000000 -1.000000 -0.000000
vn -0.000000 -1.000000 -0.000000
vn -0.000000 -1.000000 -0.000000
vn -0.000000 -1.000000 -0.000000
vn -0.000000 -1.000000 -0.000000
vn -0.000000 -1.000000 -0.000000
vn -0.000000 -1.000000 -0.000000
vn -0.000000 -1.000000 -0.000000
vn -0.000000 -1.000000 -0.000000
vn -0.000000 -1.000000 -0.000000
vn -0.000000 -1.000000 -0.000000
vn -0.000000 -1.000000 -0.000000
vn -0.000000 -1.000000 -0.000000
vn -0.000000 -1.000000 -0.000000
vn -0.000000 -1.000000 -0.000000
vn -0.000000 -1.000000 -0.000000
vn -0.000000 -1.000000 -0.000000
vn -0.000000 -1.000000 -0.000000
vn -0.000000 -1.000000 -0.000000
vn -0.000055 0.000000 -1.000000
vn -0.000055 0.000000 -1.000000
vn -0.000055 0.000000 -1.000000
vn -0.000055 0.000000 -1.000000
vn -0.000055 0.000000 -1.000000
vn -0.000055 0.000000 -1.000000
vn -0.000055 0.000000 -1.000000
vn -0.000055 0.000000 -1.000000
vn -0.000055 0.000000 -1.000000
vn -0.000055 0.000000 -1.000000
vn -0.000055 0.000000 -1.000000
vn -0.000055 0.000000 -1.000000
vn -0.000055 0.000000 -1.000000
vn -0.000055 0.000000 -1.000000
vn -0.000055 0.000000 -1.000000
vn -0.000055 0.000000 -1.000000
vn -0.981765 0.000000 0.190101
vn -0.981765 0.000000 0.190101
vn -0.981765 0.000000 0.190101
vn -0.981765 0.000000 0.190101
vn 0.000000 0.000000 1.000000
vn 0.000000 0.000000 1.000000
vn 0.000000 0.000000 1.000000
vn 0.000000 0.000000 1.000000
vn 0.000000 0.000000 1.000000
vn 0.000000 0.000000 1.000000
vn 0.000000 0.000000 1.000000
vn 0.000000 0.000000 1.000000
vn 0.000000 0.000000 1.000000
vn 0.000000 0.000000 1.000000
vn 0.000000 0.000000 1.000000
vn 0.000000 0.000000 1.000000
vn 0.000000 0.000000 1.000000
vn 0.000000 0.000000 1.000000
vn -1.000000 0.000000 0.000000
vn -1.000000 0.000000 0.000000
vn -1.000000 0.000000 0.000000
vn -1.000000 0.000000 0.000000
vn -1.000000 0.000000 0.000000
vn -1.000000 0.000000 0.000000
vn -0.000000 0.000000 -1.000000
vn -0.000000 0.000000 -1.000000
vn -0.000000 0.000000 -1.000000
vn -0.000000 0.000000 -1.000000
vn -0.000000 0.000000 -1.000000
vn -0.000000 0.000000 -1.000000
vn -0.000000 0.000000 -1.000000
vn -0.000000 0.000000 -1.000000
vn -0.000000 0.000000 -1.000000
vn -0.000000 0.000000 -1.000000
vn -0.000000 0.000000 -1.000000
vn -0.000000 0.000000 -1.000000
vn -0.000000 0.000000 -1.000000
vn -0.000000 0.000000 -1.000000
vn -0.000000 0.000000 -1.000000
vn -0.000000 0.000000 -1.000000
vn 0.981765 0.000000 -0.190101
vn 0.981765 0.000000 -0.190101
vn 0.981765 0.000000 -0.190101
vn 0.981765 0.000000 -0.190101
vn 0.981765 0.000000 -0.190101
vn 0.981765 0.000000 -0.190101
vn -1.000000 0.000000 0.000000
vn -1.000000 0.000000 0.000000
vn -1.000000 0.000000 0.000000
vn -1.000000 0.000000 0.000000
vn -1.000000 0.000000 0.000000
vn -1.000000 0.000000 0.000000
vn -1.000000 0.000000 0.000000
vn -1.000000 0.000000 0.000000
vn 0.000000 0.000000 -1.000000
vn 0.000000 0.000000 -1.000000
vn 0.000000 0.000000 -1.000000
vn 0.000000 0.000000 -1.000000
vn 0.000000 0.000000 -1.000000
vn 0.000000 0.000000 -1.000000
vn 0.000000 0.000000 -1.000000
vn 0.000000 0.000000 -1.000000
vn 0.000000 0.000000 -1.000000
vn 0.000000 0.000000 -1.000000
vn 0.000000 0.000000 -1.000000
vn 0.000000 0.000000 -1.000000
vn 0.000000 0.000000 -1.000000
vn 0.000000 0.000000 -1.000000
vn 0.000000 0.000000 -1.000000
vn 0.000000 0.000000 -1.000000
vn 0.000000 0.000000 -1.000000
vn 0.000000 0.000000 -1.000000
vn 0.000000 0.000000 -1.000000
vn 0.000000 0.000000 -1.000000
vn 0.000000 0.000000 -1.000000
vn 0.000000 0.000000 -1.000000
vn 0.000000 0.000000 -1.000000
vn 0.000000 0.000000 -1.000000
vn 0.000000 0.000000 -1.000000
vn 0.000000 0.000000 -1.000000
vn 0.000000 0.000000 -1.000000
vn 0.000000 0.000000 -1.000000
vn 0.000000 0.000000 -1.000000
vn 0.000000 0.000000 -1.000000
vn 0.000000 0.000000 -1.000000
vn 0.000000 0.000000 -1.000000
vn 0.000000 0.000000 -1.000000
vn 0.000000 0.000000 -1.000000
vn 0.000000 0.000000 -1.000000
vn 0.000000 0.000000 -1.000000
vn 0.000000 0.000000 -1.000000
vn 0.000000 0.000000 -1.000000
vn 0.000000 0.000000 -1.000000
vn 0.000000 0.000000 -1.000000
vn 0.000000 0.000000 -1.000000
vn 0.000000 0.000000 -1.000000
vn 0.000000 0.000000 -1.000000
vn 0.000000 0.000000 -1.000000
vn 0.000000 0.000000 -1.000000
vn 0.000000 0.000000 -1.000000
vn 0.000000 0.000000 -1.000000
vn 0.000000 0.000000 -1.000000
vn 0.000000 0.000000 -1.000000
vn 0.000000 0.000000 -1.000000
vn 0.000000 0.000000 -1.000000
vn 0.000000 0.000000 -1.000000
vn 0.000000 0.000000 -1.000000
vn 0.000000 0.000000 -1.000000
vn 0.000000 0.000000 -1.000000
vn 0.000000 0.000000 -1.000000
vn 0.000000 0.000000 -1.000000
vn 0.000000 0.000000 -1.000000
vn 0.000000 0.000000 -1.000000
vn 0.000000 0.000000 -1.000000
vn 0.000000 0.000000 -1.000000
vn 0.000000 0.000000 -1.000000
vn 0.000000 0.000000 -1.000000
vn 0.000000 0.000000 -1.000000
vn 0.000000 0.000000 -1.000000
vn 0.000000 0.000000 -1.000000
vn 0.000000 0.000000 -1.000000
vn 0.000000 0.000000 -1.000000
vn 0.000000 0.000000 -1.000000
vn 0.000000 0.000000 -1.000000
vn 0.000000 0.000000 -1.000000
vn 0.000000 0.000000 -1.000000
vn 0.000000 0.000000 -1.000000
vn 0.000000 0.000000 -1.000000
vn 0.000000 0.000000 -1.000000
vn 0.000000 0.000000 -1.000000
vn 0.000000 0.000000 -1.000000
vn 0.000000 0.000000 -1.000000
vn 0.000000 0.000000 -1.000000
vn 0.000000 0.000000 -1.000000
vn 0.000000 0.000000 -1.000000
vn 0.000000 0.000000 -1.000000
vn 0.000000 0.000000 -1.000000
vn 0.000000 0.000000 -1.000000
vn 0.000000 0.000000 -1.000000
vn 0.000000 0.000000 -1.000000
vn 0.000000 0.000000 -1.000000
vn 0.000000 0.000000 -1.000000
vn 0.000000 0.000000 -1.000000
vn 0.000000 0.000000 -1.000000
vn 0.000000 0.000000 -1.000000
vn 0.000000 0.000000 -1.000000
vn 0.000000 0.000000 -1.000000
vn 0.000000 0.000000 -1.000000
vn 0.000000 0.000000 -1.000000
vn 0.000000 0.000000 -1.000000
vn 0.000000 0.000000 -1.000000
vn 0.000000 0.000000 -1.000000
vn 0.000000 0.000000 -1.000000
vn 0.000000 0.000000 -1.000000
vn 0.000000 0.000000 -1.000000
vn 0.000000 0.000000 -1.000000
vn 0.000000 0.000000 -1.000000
vn 0.000000 0.000000 -1.000000
vn 0.000000 0.000000 -1.000000
vn 0.000000 0.000000 -1.000000
vn 0.000000 0.000000 -1.000000
vn 0.000000 0.000000 -1.000000
vn 0.000000 0.000000 -1.000000
vn 0.000000 0.000000 -1.000000
vn 0.000000 0.000000 -1.000000
vn 0.000000 0.000000 -1.000000
vn 0.000000 0.000000 -1.000000
vn 0.000000 0.000000 -1.000000
vn 0.000000 0.000000 -1.000000
vn 0.000000 0.000000 -1.000000
vn 0.000000 0.000000 -1.000000
vn 0.000000 0.000000 -1.000000
vn 0.000000 0.000000 -1.000000
vn 0.000000 0.000000 -1.000000
vn 0.000000 0.000000 -1.000000
vn 0.000000 0.000000 -1.000000
vn 0.000000 0.000000 -1.000000
vn 0.000000 0.000000 -1.000000
vn 0.000000 0.000000 -1.000000
vn 0.000000 0.000000 -1.000000
vn 0.000000 0.000000 -1.000000
vn 0.000000 0.000000 -1.000000
vn 0.000000 0.000000 -1.000000
vn 0.000000 0.000000 -1.000000
vn 0.000000 0.000000 -1.000000
vn 0.000000 0.000000 -1.000000
vn 0.000000 0.000000 -1.000000
vn 0.000000 0.000000 -1.000000
vn 0.000000 0.000000 -1.000000
vn 0.000000 0.000000 -1.000000
vn 0.000000 0.000000 -1.000000
vn 0.000000 0.000000 -1.000000
vn 0.000000 0.000000 -1.000000
vn 0.000000 0.000000 -1.000000
vn 0.000000 0.000000 -1.000000
vn 0.000000 0.000000 -1.000000
vn 0.000000 0.000000 -1.000000
vn 0.000000 0.000000 -1.000000
vn 0.000000 0.000000 -1.000000
vn 0.000000 0.000000 -1.000000
vn 0.000000 0.000000 -1.000000
vn 0.000000 0.000000 -1.000000
vn 0.000000 0.000000 -1.000000
vn 0.000000 0.000000 -1.000000
vn 0.000000 0.000000 -1.000000
vn 0.000000 0.000000 -1.000000
vn 0.000000 0.000000 -1.000000
vn 0.000000 0.000000 -1.000000
vn 0.000000 0.000000 -1.000000
vn 0.000000 0.000000 -1.000000
vn 0.000000 0.000000 -1.000000
vn 0.000000 0.000000 -1.000000
vn 0.000000 0.000000 -1.000000
vn 0.000000 0.000000 -1.000000
vn 0.000000 0.000000 -1.000000
vn 0.000000 0.000000 -1.000000
vn 0.000000 0.000000 -1.000000
vn 0.000000 0.000000 -1.000000
vn 0.000000 0.000000 -1.000000
vn 0.000000 0.000000 -1.000000
vn 0.000000 0.000000 -1.000000
vn 0.000000 0.000000 -1.000000
vn 0.000000 0.000000 -1.000000
vn 0.000000 0.000000 -1.000000
vn 0.000000 0.000000 -1.000000
vn 0.000000 0.000000 -1.000000
vn 0.000000 0.000000 -1.000000
vn 0.000000 0.000000 -1.000000
vn 0.000000 0.000000 -1.000000
vn 0.000000 0.000000 -1.000000
vn 0.000000 0.000000 -1.000000
vn 0.000000 0.000000 -1.000000
vn 0.000000 0.000000 -1.000000
vn 0.000000 0.000000 -1.000000
vn 0.000000 0.000000 -1.000000
vn 0.000000 0.000000 -1.000000
vn 0.000000 0.000000 -1.000000
vn 0.000000 0.000000 -1.000000
vn 0.000000 0.000000 -1.000000
vn 0.000000 0.000000 -1.000000
vn 0.000000 0.000000 -1.000000
vn 0.000000 0.000000 -1.000000
vn 0.000000 0.000000 -1.000000
vn 0.000000 0.000000 -1.000000
vn 0.000000 0.000000 -1.000000
vn 0.000000 0.000000 -1.000000
vn 1.000000 -0.000000 0.000000
vn 1.000000 -0.000000 0.000000
vn 1.000000 -0.000000 0.000000
vn 1.000000 -0.000000 0.000000
vn 1.000000 -0.000000 0.000000
vn 1.000000 -0.000000 0.000000
vn 1.000000 -0.000000 0.000000
vn 1.000000 -0.000000 0.000000
vn 1.000000 -0.000000 0.000000
vn 1.000000 -0.000000 0.000000
vn 1.000000 -0.000000 0.000000
vn 1.000000 -0.000000 0.000000
vn 1.000000 -0.000000 0.000000
vn 1.000000 -0.000000 0.000000
vn 1.000000 -0.000000 0.000000
vn 1.000000 -0.000000 0.000000
vn 1.000000 -0.000000 0.000000
vn 1.000000 -0.000000 0.000000
vn 1.000000 -0.000000 0.000000
vn 1.000000 -0.000000 0.000000
vn 1.000000 -0.000000 0.000000
vn 1.000000 -0.000000 0.000000
vn 1.000000 -0.000000 0.000000
vn 1.000000 -0.000000 0.000000
vn 1.000000 -0.000000 0.000000
vn 1.000000 -0.000000 0.000000
vn 1.000000 -0.000000 0.000000
vn 1.000000 -0.000000 0.000000
vn 1.000000 -0.000000 0.000000
vn 1.000000 -0.000000 0.000000
vn 1.000000 -0.000000 0.000000
vn 1.000000 -0.000000 0.000000
vn 1.000000 -0.000000 0.000000
vn 1.000000 -0.000000 0.000000
vn 1.000000 -0.000000 0.000000
vn 1.000000 -0.000000 0.000000
vn 1.000000 -0.000000 0.000000
vn 1.000000 -0.000000 0.000000
vn 1.000000 -0.000000 0.000000
vn 1.000000 -0.000000 0.000000
vn 1.000000 -0.000000 0.000000
vn 1.000000 -0.000000 0.000000
vn 1.000000 -0.000000 0.000000
vn 1.000000 -0.000000 0.000000
vn 1.000000 -0.000000 0.000000
vn 1.000000 -0.000000 0.000000
vn -0.534914 0.000000 0.844907
vn -0.534914 0.000000 0.844907
vn -0.534914 0.000000 0.844907
vn -0.534914 0.000000 0.844907
vn -0.534914 0.000000 0.844907
vn -0.534914 0.000000 0.844907
vn -0.534914 0.000000 0.844907
vn -0.534914 0.000000 0.844907
vn -0.534914 0.000000 0.844907
vn -0.534914 0.000000 0.844907
vn -0.539780 0.000000 0.841806
vn -0.539780 0.000000 0.841806
vn -0.539780 0.000000 0.841806
vn -0.539780 0.000000 0.841806
vn -0.539780 0.000000 0.841806
vn -0.539780 0.000000 0.841806
vn -0.539780 0.000000 0.841806
vn -0.539780 0.000000 0.841806
vn -0.539780 0.000000 0.841806
vn -0.539780 0.000000 0.841806
vn -0.539780 0.000000 0.841806
vn -0.539780 0.000000 0.841806
vn -0.544645 0.000000 0.838667
vn -0.544645 0.000000 0.838667
vn -0.544645 0.000000 0.838667
vn -0.544645 0.000000 0.838667
vn -0.544645 0.000000 0.838667
vn -0.544645 0.000000 0.838667
vn -0.544645 0.000000 0.838667
vn -0.544645 0.000000 0.838667
vn -0.544645 0.000000 0.838667
vn -0.544645 0.000000 0.838667
vn -0.544645 0.000000 0.838667
vn -0.544645 0.000000 0.838667
vn -0.549507 0.000000 0.835489
vn -0.549507 0.000000 0.835489
vn -0.549507 0.000000 0.835489
vn -0.549507 0.000000 0.835489
vn -0.549507 0.000000 0.835489
vn -0.549507 0.000000 0.835489
vn -0.549507 0.000000 0.835489
vn -0.549507 0.000000 0.835489
vn -0.549507 0.000000 0.835489
vn -0.549507 0.000000 0.835489
vn -0.549507 0.000000 0.835489
vn -0.549507 0.000000 0.835489
vn -0.549472 0.000000 0.835512
vn -0.549472 0.000000 0.835512
vn -0.549472 0.000000 0.835512
vn -0.549472 0.000000 0.835512
vn -0.544528 0.000000 0.838743
vn -0.544528 0.000000 0.838743
vn -0.544528 0.000000 0.838743
vn -0.544528 0.000000 0.838743
vn -0.539565 0.000000 0.841944
vn -0.539565 0.000000 0.841944
vn -0.539565 0.000000 0.841944
vn -0.539565 0.000000 0.841944
vn -0.534583 0.000000 0.845116
vn -0.534583 0.000000 0.845116
vn -0.534583 0.000000 0.845116
vn -0.534583 0.000000 0.845116
vn -0.529583 0.000000 0.848258
vn -0.529583 0.000000 0.848258
vn -0.529583 0.000000 0.848258
vn -0.529583 0.000000 0.848258
vn -0.524564 0.000000 0.851371
vn -0.524564 0.000000 0.851371
vn -0.524564 0.000000 0.851371
vn -0.524564 0.000000 0.851371
vn -0.519527 0.000000 0.854454
vn -0.519527 0.000000 0.854454
vn -0.519527 0.000000 0.854454
vn -0.519527 0.000000 0.854454
vn -0.514471 0.000000 0.857508
vn -0.514471 0.000000 0.857508
vn -0.514471 0.000000 0.857508
vn -0.514471 0.000000 0.857508
vn -0.509398 0.000000 0.860531
vn -0.509398 0.000000 0.860531
vn -0.509398 0.000000 0.860531
vn -0.509398 0.000000 0.860531
vn -0.504307 0.000000 0.863524
vn -0.504307 0.000000 0.863524
vn -0.504307 0.000000 0.863524
vn -0.504307 0.000000 0.863524
vn -0.499198 0.000000 0.866488
vn -0.499198 0.000000 0.866488
vn -0.499198 0.000000 0.866488
vn -0.499198 0.000000 0.866488
vn -0.494072 0.000000 0.869421
vn -0.494072 0.000000 0.869421
vn -0.494072 0.000000 0.869421
vn -0.494072 0.000000 0.869421
vn -0.488929 0.000000 0.872324
vn -0.488929 0.000000 0.872324
vn -0.488929 0.000000 0.872324
vn -0.488929 0.000000 0.872324
vn -0.483768 0.000000 0.875196
vn -0.483768 0.000000 0.875196
vn -0.483768 0.000000 0.875196
vn -0.483768 0.000000 0.875196
vn -0.478591 0.000000 0.878038
vn -0.478591 0.000000 0.878038
vn -0.478591 0.000000 0.878038
vn -0.478591 0.000000 0.878038
vn -0.473397 0.000000 0.880849
vn -0.473397 0.000000 0.880849
vn -0.473397 0.000000 0.880849
vn -0.473397 0.000000 0.880849
vn -0.468187 0.000000 0.883629
vn -0.468187 0.000000 0.883629
vn -0.468187 0.000000 0.883629
vn -0.468187 0.000000 0.883629
vn -0.462960 0.000000 0.886379
vn -0.462960 0.000000 0.886379
vn -0.462960 0.000000 0.886379
vn -0.462960 0.000000 0.886379
vn -0.457717 0.000000 0.889098
vn -0.457717 0.000000 0.889098
vn -0.457717 0.000000 0.889098
vn -0.457717 0.000000 0.889098
vn -0.452458 0.000000 0.891786
vn -0.452458 0.000000 0.891786
vn -0.452458 0.000000 0.891786
vn -0.452458 0.000000 0.891786
vn -0.447184 0.000000 0.894442
vn -0.447184 0.000000 0.894442
vn -0.447184 0.000000 0.894442
vn -0.447184 0.000000 0.894442
vn -0.441893 0.000000 0.897068
vn -0.441893 0.000000 0.897068
vn -0.441893 0.000000 0.897068
vn -0.441893 0.000000 0.897068
vn -0.436588 0.000000 0.899662
vn -0.436588 0.000000 0.899662
vn -0.436588 0.000000 0.899662
vn -0.436588 0.000000 0.899662
vn -0.431267 0.000000 0.902224
vn -0.431267 0.000000 0.902224
vn -0.431267 0.000000 0.902224
vn -0.431267 0.000000 0.902224
vn -0.425931 0.000000 0.904756
vn -0.425931 0.000000 0.904756
vn -0.425931 0.000000 0.904756
vn -0.425931 0.000000 0.904756
vn -0.420580 0.000000 0.907255
vn -0.420580 0.000000 0.907255
vn -0.420580 0.000000 0.907255
vn -0.420580 0.000000 0.907255
vn -0.415215 0.000000 0.909724
vn -0.415215 0.000000 0.909724
vn -0.415215 0.000000 0.909724
vn -0.415215 0.000000 0.909724
vn -0.409835 0.000000 0.912160
vn -0.409835 0.000000 0.912160
vn -0.409835 0.000000 0.912160
vn -0.409835 0.000000 0.912160
vn -0.404440 0.000000 0.914564
vn -0.404440 0.000000 0.914564
vn -0.404440 0.000000 0.914564
vn -0.404440 0.000000 0.914564
vn -0.399032 0.000000 0.916937
vn -0.399032 0.000000 0.916937
vn -0.399032 0.000000 0.916937
vn -0.399032 0.000000 0.916937
vn -0.393610 0.000000 0.919278
vn -0.393610 0.000000 0.919278
vn -0.393610 0.000000 0.919278
vn -0.393610 0.000000 0.919278
vn -0.388174 0.000000 0.921586
vn -0.388174 0.000000 0.921586
vn -0.388174 0.000000 0.921586
vn -0.388174 0.000000 0.921586
vn -0.382724 0.000000 0.923863
vn -0.382724 0.000000 0.923863
vn -0.382724 0.000000 0.923863
vn -0.382724 0.000000 0.923863
vn -0.377261 0.000000 0.926107
vn -0.377261 0.000000 0.926107
vn -0.377261 0.000000 0.926107
vn -0.377261 0.000000 0.926107
vn -0.371785 0.000000 0.928319
vn -0.371785 0.000000 0.928319
vn -0.371785 0.000000 0.928319
vn -0.371785 0.000000 0.928319
vn -0.366296 0.000000 0.930498
vn -0.366296 0.000000 0.930498
vn -0.366296 0.000000 0.930498
vn -0.366296 0.000000 0.930498
vn -0.360794 0.000000 0.932645
vn -0.360794 0.000000 0.932645
vn -0.360794 0.000000 0.932645
vn -0.360794 0.000000 0.932645
vn -0.355280 0.000000 0.934760
vn -0.355280 0.000000 0.934760
vn -0.355280 0.000000 0.934760
vn -0.355280 0.000000 0.934760
vn -0.349753 0.000000 0.936842
vn -0.349753 0.000000 0.936842
vn -0.349753 0.000000 0.936842
vn -0.349753 0.000000 0.936842
vn -0.344214 0.000000 0.938891
vn -0.344214 0.000000 0.938891
vn -0.344214 0.000000 0.938891
vn -0.344214 0.000000 0.938891
vn -0.338663 0.000000 0.940908
vn -0.338663 0.000000 0.940908
vn -0.338663 0.000000 0.940908
vn -0.338663 0.000000 0.940908
vn -0.333100 0.000000 0.942891
vn -0.333100 0.000000 0.942891
vn -0.333100 0.000000 0.942891
vn -0.333100 0.000000 0.942891
vn -0.327526 0.000000 0.944842
vn -0.327526 0.000000 0.944842
vn -0.327526 0.000000 0.944842
vn -0.327526 0.000000 0.944842
vn -0.321940 0.000000 0.946760
vn -0.321940 0.000000 0.946760
vn -0.321940 0.000000 0.946760
vn -0.321940 0.000000 0.946760
vn -0.316343 0.000000 0.948645
vn -0.316343 0.000000 0.948645
vn -0.316343 0.000000 0.948645
vn -0.316343 0.000000 0.948645
vn -0.310735 0.000000 0.950497
vn -0.310735 0.000000 0.950497
vn -0.310735 0.000000 0.950497
vn -0.310735 0.000000 0.950497
vn -0.305116 0.000000 0.952315
vn -0.305116 0.000000 0.952315
vn -0.305116 0.000000 0.952315
vn -0.305116 0.000000 0.952315
vn -0.299487 0.000000 0.954101
vn -0.299487 0.000000 0.954101
vn -0.299487 0.000000 0.954101
vn -0.299487 0.000000 0.954101
vn -0.293847 0.000000 0.955853
vn -0.293847 0.000000 0.955853
vn -0.293847 0.000000 0.955853
vn -0.293847 0.000000 0.955853
vn -0.288196 0.000000 0.957571
vn -0.288196 0.000000 0.957571
vn -0.288196 0.000000 0.957571
vn -0.288196 0.000000 0.957571
vn -0.282536 0.000000 0.959257
vn -0.282536 0.000000 0.959257
vn -0.282536 0.000000 0.959257
vn -0.282536 0.000000 0.959257
vn -0.276866 0.000000 0.960909
vn -0.276866 0.000000 0.960909
vn -0.276866 0.000000 0.960909
vn -0.276866 0.000000 0.960909
vn -0.271186 0.000000 0.962527
vn -0.271186 0.000000 0.962527
vn -0.271186 0.000000 0.962527
vn -0.271186 0.000000 0.962527
vn -0.265497 0.000000 0.964112
vn -0.265497 0.000000 0.964112
vn -0.265497 0.000000 0.964112
vn -0.265497 0.000000 0.964112
vn -0.259798 0.000000 0.965663
vn -0.259798 0.000000 0.965663
vn -0.259798 0.000000 0.965663
vn -0.259798 0.000000 0.965663
vn -0.254090 0.000000 0.967180
vn -0.254090 0.000000 0.967180
vn -0.254090 0.000000 0.967180
vn -0.254090 0.000000 0.967180
vn -0.248374 0.000000 0.968664
vn -0.248374 0.000000 0.968664
vn -0.248374 0.000000 0.968664
vn -0.248374 0.000000 0.968664
vn -0.242649 0.000000 0.970114
vn -0.242649 0.000000 0.970114
vn -0.242649 0.000000 0.970114
vn -0.242649 0.000000 0.970114
vn -0.236915 0.000000 0.971530
vn -0.236915 0.000000 0.971530
vn -0.236915 0.000000 0.971530
vn -0.236915 0.000000 0.971530
vn -0.231173 0.000000 0.972913
vn -0.231173 0.000000 0.972913
vn -0.231173 0.000000 0.972913
vn -0.231173 0.000000 0.972913
vn -0.225423 0.000000 0.974261
vn -0.225423 0.000000 0.974261
vn -0.225423 0.000000 0.974261
vn -0.225423 0.000000 0.974261
vn -0.219666 0.000000 0.975575
vn -0.219666 0.000000 0.975575
vn -0.219666 0.000000 0.975575
vn -0.219666 0.000000 0.975575
vn -0.213900 0.000000 0.976856
vn -0.213900 0.000000 0.976856
vn -0.213900 0.000000 0.976856
vn -0.213900 0.000000 0.976856
vn -0.208127 0.000000 0.978102
vn -0.208127 0.000000 0.978102
vn -0.208127 0.000000 0.978102
vn -0.208127 0.000000 0.978102
vn -0.202347 0.000000 0.979314
vn -0.202347 0.000000 0.979314
vn -0.202347 0.000000 0.979314
vn -0.202347 0.000000 0.979314
vn -0.196560 0.000000 0.980492
vn -0.196560 0.000000 0.980492
vn -0.196560 0.000000 0.980492
vn -0.196560 0.000000 0.980492
vn -0.190766 0.000000 0.981636
vn -0.190766 0.000000 0.981636
vn -0.190766 0.000000 0.981636
vn -0.190766 0.000000 0.981636
vn -0.184965 0.000000 0.982745
vn -0.184965 0.000000 0.982745
vn -0.184965 0.000000 0.982745
vn -0.184965 0.000000 0.982745
vn -0.179158 0.000000 0.983820
vn -0.179158 0.000000 0.983820
vn -0.179158 0.000000 0.983820
vn -0.179158 0.000000 0.983820
vn -0.173344 0.000000 0.984861
vn -0.173344 0.000000 0.984861
vn -0.173344 0.000000 0.984861
vn -0.173344 0.000000 0.984861
vn -0.167525 0.000000 0.985868
vn -0.167525 0.000000 0.985868
vn -0.167525 0.000000 0.985868
vn -0.167525 0.000000 0.985868
vn -0.161700 0.000000 0.986840
vn -0.161700 0.000000 0.986840
vn -0.161700 0.000000 0.986840
vn -0.161700 0.000000 0.986840
vn -0.155869 0.000000 0.987778
vn -0.155869 0.000000 0.987778
vn -0.155869 0.000000 0.987778
vn -0.155869 0.000000 0.987778
vn -0.150032 0.000000 0.988681
vn -0.150032 0.000000 0.988681
vn -0.150032 0.000000 0.988681
vn -0.150032 0.000000 0.988681
vn -0.144190 0.000000 0.989550
vn -0.144190 0.000000 0.989550
vn -0.144190 0.000000 0.989550
vn -0.144190 0.000000 0.989550
vn -0.138344 0.000000 0.990384
vn -0.138344 0.000000 0.990384
vn -0.138344 0.000000 0.990384
vn -0.138344 0.000000 0.990384
vn -0.132492 0.000000 0.991184
vn -0.132492 0.000000 0.991184
vn -0.132492 0.000000 0.991184
vn -0.132492 0.000000 0.991184
vn -0.126636 0.000000 0.991949
vn -0.126636 0.000000 0.991949
vn -0.126636 0.000000 0.991949
vn -0.126636 0.000000 0.991949
vn -0.120776 0.000000 0.992680
vn -0.120776 0.000000 0.992680
vn -0.120776 0.000000 0.992680
vn -0.120776 0.000000 0.992680
vn -0.114911 0.000000 0.993376
vn -0.114911 0.000000 0.993376
vn -0.114911 0.000000 0.993376
vn -0.114911 0.000000 0.993376
vn -0.109042 0.000000 0.994037
vn -0.109042 0.000000 0.994037
vn -0.109042 0.000000 0.994037
vn -0.109042 0.000000 0.994037
vn -0.103170 0.000000 0.994664
vn -0.103170 0.000000 0.994664
vn -0.103170 0.000000 0.994664
vn -0.103170 0.000000 0.994664
vn -0.097293 0.000000 0.995256
vn -0.097293 0.000000 0.995256
vn -0.097293 0.000000 0.995256
vn -0.097293 0.000000 0.995256
vn -0.091414 0.000000 0.995813
vn -0.091414 0.000000 0.995813
vn -0.091414 0.000000 0.995813
vn -0.091414 0.000000 0.995813
vn -0.085531 0.000000 0.996336
vn -0.085531 0.000000 0.996336
vn -0.085531 0.000000 0.996336
vn -0.085531 0.000000 0.996336
vn -0.079645 0.000000 0.996823
vn -0.079645 0.000000 0.996823
vn -0.079645 0.000000 0.996823
vn -0.079645 0.000000 0.996823
vn -0.073757 0.000000 0.997276
vn -0.073757 0.000000 0.997276
vn -0.073757 0.000000 0.997276
vn -0.073757 0.000000 0.997276
vn -0.067866 0.000000 0.997694
vn -0.067866 0.000000 0.997694
vn -0.067866 0.000000 0.997694
vn -0.067866 0.000000 0.997694
vn -0.061972 0.000000 0.998078
vn -0.061972 0.000000 0.998078
vn -0.061972 0.000000 0.998078
vn -0.061972 0.000000 0.998078
vn -0.056077 0.000000 0.998426
vn -0.056077 0.000000 0.998426
vn -0.056077 0.000000 0.998426
vn -0.056077 0.000000 0.998426
vn -0.050179 0.000000 0.998740
vn -0.050179 0.000000 0.998740
vn -0.050179 0.000000 0.998740
vn -0.050179 0.000000 0.998740
vn -0.044280 0.000000 0.999019
vn -0.044280 0.000000 0.999019
vn -0.044280 0.000000 0.999019
vn -0.044280 0.000000 0.999019
vn -0.038379 0.000000 0.999263
vn -0.038379 0.000000 0.999263
vn -0.038379 0.000000 0.999263
vn -0.038379 0.000000 0.999263
vn -0.032477 0.000000 0.999472
vn -0.032477 0.000000 0.999472
vn -0.032477 0.000000 0.999472
vn -0.032477 0.000000 0.999472
vn -0.026573 0.000000 0.999647
vn -0.026573 0.000000 0.999647
vn -0.026573 0.000000 0.999647
vn -0.026573 0.000000 0.999647
vn -0.020669 0.000000 0.999786
vn -0.020669 0.000000 0.999786
vn -0.020669 0.000000 0.999786
vn -0.020669 0.000000 0.999786
vn -0.014764 0.000000 0.999891
vn -0.014764 0.000000 0.999891
vn -0.014764 0.000000 0.999891
vn -0.014764 0.000000 0.999891
vn -0.008859 0.000000 0.999961
vn -0.008859 0.000000 0.999961
vn -0.008859 0.000000 0.999961
vn -0.008859 0.000000 0.999961
vn -0.002953 0.000000 0.999996
vn -0.002953 0.000000 0.999996
vn -0.002953 0.000000 0.999996
vn -0.002953 0.000000 0.999996
vn 0.003967 -0.000000 0.999992
vn 0.003967 -0.000000 0.999992
vn 0.003967 -0.000000 0.999992
vn 0.003967 -0.000000 0.999992
vn 0.011900 -0.000000 0.999929
vn 0.011900 -0.000000 0.999929
vn 0.011900 -0.000000 0.999929
vn 0.011900 -0.000000 0.999929
vn 0.019832 -0.000000 0.999803
vn 0.019832 -0.000000 0.999803
vn 0.019832 -0.000000 0.999803
vn 0.019832 -0.000000 0.999803
vn 0.027763 -0.000000 0.999615
vn 0.027763 -0.000000 0.999615
vn 0.027763 -0.000000 0.999615
vn 0.027763 -0.000000 0.999615
vn 0.035692 -0.000000 0.999363
vn 0.035692 -0.000000 0.999363
vn 0.035692 -0.000000 0.999363
vn 0.035692 -0.000000 0.999363
vn 0.043619 -0.000000 0.999048
vn 0.043619 -0.000000 0.999048
vn 0.043619 -0.000000 0.999048
vn 0.043619 -0.000000 0.999048
vn 0.051544 -0.000000 0.998671
vn 0.051544 -0.000000 0.998671
vn 0.051544 -0.000000 0.998671
vn 0.051544 -0.000000 0.998671
vn 0.059465 -0.000000 0.998230
vn 0.059465 -0.000000 0.998230
vn 0.059465 -0.000000 0.998230
vn 0.059465 -0.000000 0.998230
vn 0.067382 -0.000000 0.997727
vn 0.067382 -0.000000 0.997727
vn 0.067382 -0.000000 0.997727
vn 0.067382 -0.000000 0.997727
vn 0.075295 -0.000000 0.997161
vn 0.075295 -0.000000 0.997161
vn 0.075295 -0.000000 0.997161
vn 0.075295 -0.000000 0.997161
vn 0.083204 -0.000000 0.996533
vn 0.083204 -0.000000 0.996533
vn 0.083204 -0.000000 0.996533
vn 0.083204 -0.000000 0.996533
vn 0.091107 -0.000000 0.995841
vn 0.091107 -0.000000 0.995841
vn 0.091107 -0.000000 0.995841
vn 0.091107 -0.000000 0.995841
vn 0.099004 -0.000000 0.995087
vn 0.099004 -0.000000 0.995087
vn 0.099004 -0.000000 0.995087
vn 0.099004 -0.000000 0.995087
vn 0.106895 -0.000000 0.994270
vn 0.106895 -0.000000 0.994270
vn 0.106895 -0.000000 0.994270
vn 0.106895 -0.000000 0.994270
vn 0.114780 -0.000000 0.993391
vn 0.114780 -0.000000 0.993391
vn 0.114780 -0.000000 0.993391
vn 0.114780 -0.000000 0.993391
vn 0.122657 -0.000000 0.992449
vn 0.122657 -0.000000 0.992449
vn 0.122657 -0.000000 0.992449
vn 0.122657 -0.000000 0.992449
vn 0.130526 -0.000000 0.991445
vn 0.130526 -0.000000 0.991445
vn 0.130526 -0.000000 0.991445
vn 0.130526 -0.000000 0.991445
vn 0.138387 -0.000000 0.990378
vn 0.138387 -0.000000 0.990378
vn 0.138387 -0.000000 0.990378
vn 0.138387 -0.000000 0.990378
vn 0.146240 -0.000000 0.989249
vn 0.146240 -0.000000 0.989249
vn 0.146240 -0.000000 0.989249
vn 0.146240 -0.000000 0.989249
vn 0.154083 -0.000000 0.988058
vn 0.154083 -0.000000 0.988058
vn 0.154083 -0.000000 0.988058
vn 0.154083 -0.000000 0.988058
vn 0.161917 -0.000000 0.986804
vn 0.161917 -0.000000 0.986804
vn 0.161917 -0.000000 0.986804
vn 0.161917 -0.000000 0.986804
vn 0.169740 -0.000000 0.985489
vn 0.169740 -0.000000 0.985489
vn 0.169740 -0.000000 0.985489
vn 0.169740 -0.000000 0.985489
vn 0.177553 -0.000000 0.984111
vn 0.177553 -0.000000 0.984111
vn 0.177553 -0.000000 0.984111
vn 0.177553 -0.000000 0.984111
vn 0.185355 -0.000000 0.982672
vn 0.185355 -0.000000 0.982672
vn 0.185355 -0.000000 0.982672
vn 0.185355 -0.000000 0.982672
vn 0.193145 -0.000000 0.981170
vn 0.193145 -0.000000 0.981170
vn 0.193145 -0.000000 0.981170
vn 0.193145 -0.000000 0.981170
vn 0.200922 -0.000000 0.979607
vn 0.200922 -0.000000 0.979607
vn 0.200922 -0.000000 0.979607
vn 0.200922 -0.000000 0.979607
vn 0.208688 -0.000000 0.977982
vn 0.208688 -0.000000 0.977982
vn 0.208688 -0.000000 0.977982
vn 0.208688 -0.000000 0.977982
vn 0.216440 -0.000000 0.976296
vn 0.216440 -0.000000 0.976296
vn 0.216440 -0.000000 0.976296
vn 0.216440 -0.000000 0.976296
vn 0.224178 -0.000000 0.974548
vn 0.224178 -0.000000 0.974548
vn 0.224178 -0.000000 0.974548
vn 0.224178 -0.000000 0.974548
vn 0.231902 -0.000000 0.972739
vn 0.231902 -0.000000 0.972739
vn 0.231902 -0.000000 0.972739
vn 0.231902 -0.000000 0.972739
vn 0.239612 -0.000000 0.970869
vn 0.239612 -0.000000 0.970869
vn 0.239612 -0.000000 0.970869
vn 0.239612 -0.000000 0.970869
vn 0.247307 -0.000000 0.968937
vn 0.247307 -0.000000 0.968937
vn 0.247307 -0.000000 0.968937
vn 0.247307 -0.000000 0.968937
vn 0.254986 -0.000000 0.966945
vn 0.254986 -0.000000 0.966945
vn 0.254986 -0.000000 0.966945
vn 0.254986 -0.000000 0.966945
vn 0.262648 -0.000000 0.964892
vn 0.262648 -0.000000 0.964892
vn 0.262648 -0.000000 0.964892
vn 0.262648 -0.000000 0.964892
vn 0.270295 -0.000000 0.962778
vn 0.270295 -0.000000 0.962778
vn 0.270295 -0.000000 0.962778
vn 0.270295 -0.000000 0.962778
vn 0.277924 -0.000000 0.960603
vn 0.277924 -0.000000 0.960603
vn 0.277924 -0.000000 0.960603
vn 0.277924 -0.000000 0.960603
vn 0.285536 -0.000000 0.958368
vn 0.285536 -0.000000 0.958368
vn 0.285536 -0.000000 0.958368
vn 0.285536 -0.000000 0.958368
vn 0.293130 -0.000000 0.956073
vn 0.293130 -0.000000 0.956073
vn 0.293130 -0.000000 0.956073
vn 0.293130 -0.000000 0.956073
vn 0.300706 -0.000000 0.953717
vn 0.300706 -0.000000 0.953717
vn 0.300706 -0.000000 0.953717
vn 0.300706 -0.000000 0.953717
vn 0.308262 -0.000000 0.951301
vn 0.308262 -0.000000 0.951301
vn 0.308262 -0.000000 0.951301
vn 0.308262 -0.000000 0.951301
vn 0.315800 -0.000000 0.948826
vn 0.315800 -0.000000 0.948826
vn 0.315800 -0.000000 0.948826
vn 0.315800 -0.000000 0.948826
vn 0.323317 -0.000000 0.946291
vn 0.323317 -0.000000 0.946291
vn 0.323317 -0.000000 0.946291
vn 0.323317 -0.000000 0.946291
vn 0.330814 -0.000000 0.943696
vn 0.330814 -0.000000 0.943696
vn 0.330814 -0.000000 0.943696
vn 0.330814 -0.000000 0.943696
vn 0.338290 -0.000000 0.941042
vn 0.338290 -0.000000 0.941042
vn 0.338290 -0.000000 0.941042
vn 0.338290 -0.000000 0.941042
vn 0.345745 -0.000000 0.938329
vn 0.345745 -0.000000 0.938329
vn 0.345745 -0.000000 0.938329
vn 0.345745 -0.000000 0.938329
vn 0.353178 -0.000000 0.935556
vn 0.353178 -0.000000 0.935556
vn 0.353178 -0.000000 0.935556
vn 0.353178 -0.000000 0.935556
vn 0.360589 -0.000000 0.932725
vn 0.360589 -0.000000 0.932725
vn 0.360589 -0.000000 0.932725
vn 0.360589 -0.000000 0.932725
vn 0.367977 -0.000000 0.929835
vn 0.367977 -0.000000 0.929835
vn 0.367977 -0.000000 0.929835
vn 0.367977 -0.000000 0.929835
vn 0.375342 -0.000000 0.926886
vn 0.375342 -0.000000 0.926886
vn 0.375342 -0.000000 0.926886
vn 0.375342 -0.000000 0.926886
vn 0.382683 -0.000000 0.923880
vn 0.382683 -0.000000 0.923880
vn 0.382683 -0.000000 0.923880
vn 0.382683 -0.000000 0.923880
vn 0.390001 -0.000000 0.920815
vn 0.390001 -0.000000 0.920815
vn 0.390001 -0.000000 0.920815
vn 0.390001 -0.000000 0.920815
vn 0.397294 -0.000000 0.917692
vn 0.397294 -0.000000 0.917692
vn 0.397294 -0.000000 0.917692
vn 0.397294 -0.000000 0.917692
vn 0.404561 -0.000000 0.914511
vn 0.404561 -0.000000 0.914511
vn 0.404561 -0.000000 0.914511
vn 0.404561 -0.000000 0.914511
vn 0.411804 -0.000000 0.911273
vn 0.411804 -0.000000 0.911273
vn 0.411804 -0.000000 0.911273
vn 0.411804 -0.000000 0.911273
vn 0.419020 -0.000000 0.907977
vn 0.419020 -0.000000 0.907977
vn 0.419020 -0.000000 0.907977
vn 0.419020 -0.000000 0.907977
vn 0.426210 -0.000000 0.904624
vn 0.426210 -0.000000 0.904624
vn 0.426210 -0.000000 0.904624
vn 0.426210 -0.000000 0.904624
vn 0.433373 -0.000000 0.901215
vn 0.433373 -0.000000 0.901215
vn 0.433373 -0.000000 0.901215
vn 0.433373 -0.000000 0.901215
vn 0.440509 -0.000000 0.897748
vn 0.440509 -0.000000 0.897748
vn 0.440509 -0.000000 0.897748
vn 0.440509 -0.000000 0.897748
vn 0.447617 -0.000000 0.894225
vn 0.447617 -0.000000 0.894225
vn 0.447617 -0.000000 0.894225
vn 0.447617 -0.000000 0.894225
vn 0.454697 -0.000000 0.890646
vn 0.454697 -0.000000 0.890646
vn 0.454697 -0.000000 0.890646
vn 0.454697 -0.000000 0.890646
vn 0.461749 -0.000000 0.887011
vn 0.461749 -0.000000 0.887011
vn 0.461749 -0.000000 0.887011
vn 0.461749 -0.000000 0.887011
vn 0.468771 -0.000000 0.883320
vn 0.468771 -0.000000 0.883320
vn 0.468771 -0.000000 0.883320
vn 0.468771 -0.000000 0.883320
vn 0.475764 -0.000000 0.879573
vn 0.475764 -0.000000 0.879573
vn 0.475764 -0.000000 0.879573
vn 0.475764 -0.000000 0.879573
vn 0.482727 -0.000000 0.875771
vn 0.482727 -0.000000 0.875771
vn 0.482727 -0.000000 0.875771
vn 0.482727 -0.000000 0.875771
vn 0.489659 -0.000000 0.871914
vn 0.489659 -0.000000 0.871914
vn 0.489659 -0.000000 0.871914
vn 0.489659 -0.000000 0.871914
vn 0.496561 -0.000000 0.868002
vn 0.496561 -0.000000 0.868002
vn 0.496561 -0.000000 0.868002
vn 0.496561 -0.000000 0.868002
vn 0.503431 -0.000000 0.864035
vn 0.503431 -0.000000 0.864035
vn 0.503431 -0.000000 0.864035
vn 0.503431 -0.000000 0.864035
vn 0.510270 -0.000000 0.860014
vn 0.510270 -0.000000 0.860014
vn 0.510270 -0.000000 0.860014
vn 0.510270 -0.000000 0.860014
vn 0.517077 -0.000000 0.855939
vn 0.517077 -0.000000 0.855939
vn 0.517077 -0.000000 0.855939
vn 0.517077 -0.000000 0.855939
vn 0.523851 -0.000000 0.851810
vn 0.523851 -0.000000 0.851810
vn 0.523851 -0.000000 0.851810
vn 0.523851 -0.000000 0.851810
vn 0.530592 -0.000000 0.847627
vn 0.530592 -0.000000 0.847627
vn 0.530592 -0.000000 0.847627
vn 0.530592 -0.000000 0.847627
vn 0.537300 -0.000000 0.843391
vn 0.537300 -0.000000 0.843391
vn 0.537300 -0.000000 0.843391
vn 0.537300 -0.000000 0.843391
vn 0.543974 -0.000000 0.839102
vn 0.543974 -0.000000 0.839102
vn 0.543974 -0.000000 0.839102
vn 0.543974 -0.000000 0.839102
vn 0.550613 -0.000000 0.834761
vn 0.550613 -0.000000 0.834761
vn 0.550613 -0.000000 0.834761
vn 0.550613 -0.000000 0.834761
vn 0.557218 -0.000000 0.830366
vn 0.557218 -0.000000 0.830366
vn 0.557218 -0.000000 0.830366
vn 0.557218 -0.000000 0.830366
vn 0.563788 -0.000000 0.825919
vn 0.563788 -0.000000 0.825919
vn 0.563788 -0.000000 0.825919
vn 0.563788 -0.000000 0.825919
vn 0.570323 -0.000000 0.821421
vn 0.570323 -0.000000 0.821421
vn 0.570323 -0.000000 0.821421
vn 0.570323 -0.000000 0.821421
vn 0.576821 -0.000000 0.816870
vn 0.576821 -0.000000 0.816870
vn 0.576821 -0.000000 0.816870
vn 0.576821 -0.000000 0.816870
vn 0.583283 -0.000000 0.812269
vn 0.583283 -0.000000 0.812269
vn 0.583283 -0.000000 0.812269
vn 0.583283 -0.000000 0.812269
vn 0.589709 -0.000000 0.807616
vn 0.589709 -0.000000 0.807616
vn 0.589709 -0.000000 0.807616
vn 0.589709 -0.000000 0.807616
vn 0.596097 -0.000000 0.802912
vn 0.596097 -0.000000 0.802912
vn 0.596097 -0.000000 0.802912
vn 0.596097 -0.000000 0.802912
vn 0.602448 -0.000000 0.798158
vn 0.602448 -0.000000 0.798158
vn 0.602448 -0.000000 0.798158
vn 0.602448 -0.000000 0.798158
vn 0.608761 -0.000000 0.793353
vn 0.608761 -0.000000 0.793353
vn 0.608761 -0.000000 0.793353
vn 0.608761 -0.000000 0.793353
vn 0.615036 -0.000000 0.788499
vn 0.615036 -0.000000 0.788499
vn 0.615036 -0.000000 0.788499
vn 0.615036 -0.000000 0.788499
vn 0.649816 -0.000000 0.760091
vn 0.649816 -0.000000 0.760091
vn 0.688492 -0.000000 0.725244
vn 0.688492 -0.000000 0.725244
vn 0.688492 -0.000000 0.725244
vn 0.560054 -0.000000 0.828456
vn 0.688492 -0.000000 0.725244
vn 0.560054 -0.000000 0.828456
vn 0.426553 -0.000000 0.904462
vn 0.426553 -0.000000 0.904462
vn 0.216564 -0.000000 0.976269
vn 0.216564 -0.000000 0.976269
vn 0.000000 0.000000 1.000000
vn 0.000000 0.000000 1.000000
vn 0.000000 0.000000 1.000000
vn 0.000000 0.000000 1.000000
vn 0.000000 0.000000 1.000000
vn 0.000000 0.000000 1.000000
vn 0.000000 0.000000 1.000000
vn 0.000000 0.000000 1.000000
vn 0.000000 0.000000 1.000000
vn 0.000000 0.000000 1.000000
vn 0.000000 0.000000 1.000000
vn 0.000000 0.000000 1.000000
vn 0.000000 0.000000 1.000000
vn 0.000000 0.000000 1.000000
vn 0.000000 0.000000 1.000000
vn 0.000000 0.000000 1.000000
vn 0.000000 0.000000 1.000000
vn 0.000000 0.000000 1.000000
vn 0.000000 0.000000 1.000000
vn 0.000000 0.000000 1.000000
vn 0.000000 0.000000 1.000000
vn 0.000000 0.000000 1.000000
vn 0.000000 0.000000 1.000000
vn 0.000000 0.000000 1.000000
vn 0.000000 0.000000 1.000000
vn 0.000000 0.000000 1.000000
vn 0.000000 0.000000 1.000000
vn 0.000000 0.000000 1.000000
vn 0.000000 0.000000 1.000000
vn 0.000000 0.000000 1.000000
vn 0.000000 0.000000 1.000000
vn 0.000000 0.000000 1.000000
vn 0.000000 0.000000 1.000000
vn 0.000000 0.000000 1.000000
vn 0.000000 0.000000 1.000000
vn 0.000000 0.000000 1.000000
vn 0.000000 0.000000 1.000000
vn 0.000000 0.000000 1.000000
vn 0.000000 0.000000 1.000000
vn 0.000000 0.000000 1.000000
vn 0.000000 0.000000 1.000000
vn 0.000000 0.000000 1.000000
vn 0.000000 0.000000 1.000000
vn 0.000000 0.000000 1.000000
vn 0.000000 0.000000 1.000000
vn 0.000000 0.000000 1.000000
vn 0.000000 0.000000 1.000000
vn 0.000000 0.000000 1.000000
vn 0.000000 0.000000 1.000000
vn 0.000000 0.000000 1.000000
vn 0.000000 0.000000 1.000000
vn 0.000000 0.000000 1.000000
vn 0.000000 0.000000 1.000000
vn 0.000000 0.000000 1.000000
vn 0.000000 0.000000 1.000000
vn 0.000000 0.000000 1.000000
vn 0.000000 0.000000 1.000000
vn 0.000000 0.000000 1.000000
vn 0.000000 0.000000 1.000000
vn 0.000000 0.000000 1.000000
vn 0.000000 0.000000 1.000000
vn 0.000000 0.000000 1.000000
vn 0.000000 0.000000 1.000000
vn 0.000000 0.000000 1.000000
vn 0.000000 0.000000 1.000000
vn 0.000000 0.000000 1.000000
vn 0.000000 0.000000 1.000000
vn 0.000000 0.000000 1.000000
vn 0.000000 0.000000 1.000000
vn 0.000000 0.000000 1.000000
vn 0.000000 0.000000 1.000000
vn 0.000000 0.000000 1.000000
vn 0.000000 0.000000 1.000000
vn 0.000000 0.000000 1.000000
vn 0.000000 0.000000 1.000000
vn 0.000000 0.000000 1.000000
vn 0.000000 0.000000 1.000000
vn 0.000000 0.000000 1.000000
vn 0.000000 0.000000 1.000000
vn 0.000000 0.000000 1.000000
vn 0.000000 0.000000 1.000000
vn 0.000000 0.000000 1.000000
vn 0.000000 0.000000 1.000000
vn 0.000000 0.000000 1.000000
vn 0.000000 0.000000 1.000000
vn 0.000000 0.000000 1.000000
vn 0.000000 0.000000 1.000000
vn 0.000000 0.000000 1.000000
vn 0.000000 0.000000 1.000000
vn 0.000000 0.000000 1.000000
vn 0.000000 0.000000 1.000000
vn 0.000000 0.000000 1.000000
vn 0.000000 0.000000 1.000000
vn 0.000000 0.000000 1.000000
vn 0.000000 0.000000 1.000000
vn 0.000000 0.000000 1.000000
vn 0.000000 0.000000 1.000000
vn 0.000000 0.000000 1.000000
vn 0.000000 0.000000 1.000000
vn 0.000000 0.000000 1.000000
vn 0.000000 0.000000 1.000000
vn 0.000000 0.000000 1.000000
vn 0.000000 0.000000 1.000000
vn 0.000000 0.000000 1.000000
vn 0.000000 0.000000 1.000000
vn 0.000000 0.000000 1.000000
vn 0.000000 0.000000 1.000000
vn 0.000000 0.000000 1.000000
vn 0.000000 0.000000 1.000000
vn 0.000000 0.000000 1.000000
vn 0.000000 0.000000 1.000000
vn 0.000000 0.000000 1.000000
vn 0.000000 0.000000 1.000000
vn 0.000000 0.000000 1.000000
vn 0.000000 0.000000 1.000000
vn 0.000000 0.000000 1.000000
vn 0.000000 0.000000 1.000000
vn 0.000000 0.000000 1.000000
vn 0.000000 0.000000 1.000000
vn 0.000000 0.000000 1.000000
vn 0.000000 0.000000 1.000000
vn 0.000000 0.000000 1.000000
vn 0.000000 0.000000 1.000000
vn 0.000000 0.000000 1.000000
vn 0.000000 0.000000 1.000000
vn 0.000000 0.000000 1.000000
vn 0.000000 0.000000 1.000000
vn 0.000000 0.000000 1.000000
vn 0.000000 0.000000 1.000000
vn 0.000000 0.000000 1.000000
vn 0.000000 0.000000 1.000000
vn 0.000000 0.000000 1.000000
vn 0.000000 0.000000 1.000000
vn 0.000000 0.000000 1.000000
vn 0.000000 0.000000 1.000000
vn 0.000000 0.000000 1.000000
vn 0.000000 0.000000 1.000000
vn 0.000000 0.000000 1.000000
vn 0.000000 0.000000 1.000000
vn 0.000000 0.000000 1.000000
vn -0.258819 -0.000000 0.965926
vn -0.258819 -0.000000 0.965926
vn -0.500000 -0.000000 0.866025
vn -0.500000 -0.000000 0.866025
vn -0.707107 -0.000000 0.707107
vn -0.707107 -0.000000 0.707107
vn -0.866025 -0.000000 0.500000
vn -0.866025 -0.000000 0.500000
vn -0.965926 -0.000000 0.258819
vn -0.965926 -0.000000 0.258819
vn -1.000000 -0.000000 0.000000
vn -1.000000 -0.000000 0.000000
vn -1.000000 0.000000 0.000000
vn -1.000000 0.000000 0.000000
vn -1.000000 0.000000 0.000000
vn -1.000000 0.000000 0.000000
vn -1.000000 0.000000 0.000000
vn -1.000000 0.000000 0.000000
vn -1.000000 0.000000 0.000000
vn -1.000000 0.000000 0.000000
vn -1.000000 0.000000 0.000000
vn -1.000000 0.000000 0.000000
vn -1.000000 0.000000 0.000000
vn -1.000000 0.000000 0.000000
vn -1.000000 0.000000 0.000000
vn -1.000000 0.000000 0.000000
vn -1.000000 0.000000 0.000000
vn -1.000000 0.000000 0.000000
vn -1.000000 0.000000 0.000000
vn -1.000000 0.000000 0.000000
vn -1.000000 0.000000 0.000000
vn -1.000000 0.000000 0.000000
vn -1.000000 0.000000 0.000000
vn -1.000000 0.000000 0.000000
vn 0.000055 -0.000000 1.000000
vn 0.000055 -0.000000 1.000000
vn 0.000055 -0.000000 1.000000
vn 0.000055 -0.000000 1.000000
vn 0.000055 -0.000000 1.000000
vn 0.000055 -0.000000 1.000000
vn 0.000055 -0.000000 1.000000
vn 0.000055 -0.000000 1.000000
vn -1.000000 0.000000 0.000055
vn -1.000000 0.000000 0.000055
vn -1.000000 0.000000 0.000055
vn -1.000000 0.000000 0.000055
vn 0.000000 1.000000 0.000000
vn 0.000000 1.000000 0.000000
vn 0.000000 1.000000 0.000000
vn 0.000000 1.000000 0.000000
vn 0.000000 1.000000 0.000000
vn 0.000000 1.000000 0.000000
vn 0.000000 1.000000 0.000000
vn 0.000000 1.000000 0.000000
vn 0.000000 1.000000 0.000000
vn 0.000000 1.000000 0.000000
vn 0.000000 1.000000 0.000000
vn 0.000000 1.000000 0.000000
vn 0.000000 1.000000 0.000000
vn 0.000000 1.000000 0.000000
vn 0.000000 1.000000 0.000000
vn 0.000000 1.000000 0.000000
vn 0.000000 1.000000 0.000000
vn 0.000000 1.000000 0.000000
vn 0.000000 1.000000 0.000000
vn 0.000000 1.000000 0.000000
vn 0.000000 1.000000 0.000000
vn 0.000000 1.000000 0.000000
vn 0.000000 1.000000 0.000000
vn 0.000000 1.000000 0.000000
vn 0.000000 1.000000 0.000000
vn 0.000000 1.000000 0.000000
vn 0.000000 1.000000 0.000000
vn 0.000000 1.000000 0.000000
vn 0.000000 1.000000 0.000000
vn 0.000000 1.000000 0.000000
vn 0.000000 1.000000 0.000000
vn 0.000000 1.000000 0.000000
vn 0.000000 1.000000 0.000000
vn 0.000000 1.000000 0.000000
vn 0.000000 1.000000 0.000000
vn 0.000000 1.000000 0.000000
vn 0.000000 1.000000 0.000000
vn 0.000000 1.000000 0.000000
vn 0.000000 1.000000 0.000000
vn 0.000000 1.000000 0.000000
vn 0.000000 1.000000 0.000000
vn 0.000000 1.000000 0.000000
vn 0.000000 1.000000 0.000000
vn 0.000000 1.000000 0.000000
vn 0.000000 1.000000 0.000000
vn 0.000000 1.000000 0.000000
vn 0.000000 1.000000 0.000000
vn 0.000000 1.000000 0.000000
vn 0.000000 1.000000 0.000000
vn 0.000000 1.000000 0.000000
vn 0.000000 1.000000 0.000000
vn 0.000000 1.000000 0.000000
vn 0.000000 1.000000 0.000000
vn 0.000000 1.000000 0.000000
vn 0.000000 1.000000 0.000000
vn 0.000000 1.000000 0.000000
vn 0.000000 1.000000 0.000000
vn 0.000000 1.000000 0.000000
vn 0.000000 1.000000 0.000000
vn 0.000000 1.000000 0.000000
vn 0.000000 1.000000 0.000000
vn 0.000000 1.000000 0.000000
vn 0.000000 1.000000 0.000000
vn 0.000000 1.000000 0.000000
vn 0.000000 1.000000 0.000000
vn 0.000000 1.000000 0.000000
vn 0.000000 1.000000 0.000000
vn 0.000000 1.000000 0.000000
vn 0.000000 1.000000 0.000000
vn 0.000000 1.000000 0.000000
vn 0.000000 1.000000 0.000000
vn 0.000000 1.000000 0.000000
vn 0.000000 1.000000 0.000000
vn 0.000000 1.000000 0.000000
vn 0.000000 1.000000 0.000000
vn 0.000000 1.000000 0.000000
vn 0.000000 1.000000 0.000000
vn 0.000000 1.000000 0.000000
vn 0.000000 1.000000 0.000000
vn 0.000000 1.000000 0.000000
vn 0.000000 1.000000 0.000000
vn 0.000000 1.000000 0.000000
vn 0.000000 1.000000 0.000000
vn 0.000000 1.000000 0.000000
vn 0.000000 1.000000 0.000000
vn 0.000000 1.000000 0.000000
vn 0.000000 1.000000 0.000000
vn 0.000000 1.000000 0.000000
vn 0.000000 1.000000 0.000000
vn 0.000000 1.000000 0.000000
vn 0.000000 1.000000 0.000000
vn 0.000000 1.000000 0.000000
vn 0.000000 1.000000 0.000000
vn 0.000000 1.000000 0.000000
vn 0.000000 1.000000 0.000000
vn 0.000000 1.000000 0.000000
vn 0.000000 1.000000 0.000000
vn 0.000000 1.000000 0.000000
vn 0.000000 1.000000 0.000000
vn 0.000000 1.000000 0.000000
vn 0.000000 1.000000 0.000000
vn 0.000000 1.000000 0.000000
vn 0.000000 1.000000 0.000000
vn 0.000000 1.000000 0.000000
vn 0.000000 1.000000 0.000000
vn 0.000000 1.000000 0.000000
vn 0.000000 1.000000 0.000000
vn 0.000000 1.000000 0.000000
vn 0.000000 1.000000 0.000000
vn 0.000000 1.000000 0.000000
vn 0.000000 1.000000 0.000000
vn 0.000000 1.000000 0.000000
vn 0.000000 1.000000 0.000000
vn 0.000000 1.000000 0.000000
vn 0.000000 1.000000 0.000000
vn 0.000000 1.000000 0.000000
vn 0.000000 1.000000 0.000000
vn 0.000000 1.000000 0.000000
vn 0.000000 1.000000 0.000000
vn 0.000000 1.000000 0.000000
vn 0.000000 1.000000 0.000000
vn 0.000000 1.000000 0.000000
vn 0.000000 1.000000 0.000000
vn 0.000000 1.000000 0.000000
vn 0.000000 1.000000 0.000000
vn 0.000000 1.000000 0.000000
vn 0.000000 1.000000 0.000000
vn 0.000000 1.000000 0.000000
vn 0.000000 1.000000 0.000000
vn 0.000000 1.000000 0.000000
vn 0.000000 1.000000 0.000000
vn 0.000000 1.000000 0.000000
vn 0.000000 1.000000 0.000000
vn 0.000000 1.000000 0.000000
vn 0.000000 1.000000 0.000000
vn 0.000000 1.000000 0.000000
vn 0.000000 1.000000 0.000000
vn 0.000000 1.000000 0.000000
vn 0.000000 1.000000 0.000000
vn 0.000000 1.000000 0.000000
vn 0.000000 1.000000 0.000000
vn 0.000000 1.000000 0.000000
vn 0.000000 1.000000 0.000000
vn 0.000000 1.000000 0.000000
vn 0.000000 1.000000 0.000000
vn 0.000000 1.000000 0.000000
vn 0.000000 1.000000 0.000000
vn 0.000000 1.000000 0.000000
vn 0.000000 1.000000 0.000000
vn 0.000000 1.000000 0.000000
vn 0.000000 1.000000 0.000000
vn 0.000000 1.000000 0.000000
vn 0.000000 1.000000 0.000000
vn 0.000000 1.000000 0.000000
vn 0.000000 1.000000 0.000000
vn 0.000000 1.000000 0.000000
vn 0.000000 1.000000 0.000000
vn 0.000000 1.000000 0.000000
vn 0.000000 1.000000 0.000000
vn 0.000000 1.000000 0.000000
vn 0.000000 1.000000 0.000000
vn 0.000000 1.000000 0.000000
vn 0.000000 1.000000 0.000000
vn 0.000000 1.000000 0.000000
vn 0.000000 1.000000 0.000000
vn 0.000000 1.000000 0.000000
vn 0.000000 1.000000 0.000000
vn 0.000000 1.000000 0.000000
vn 0.000000 1.000000 0.000000
vn 0.000000 1.000000 0.000000
vn 0.000000 1.000000 0.000000
vn 0.000000 1.000000 0.000000
vn 0.000000 1.000000 0.000000
vn 0.000000 1.000000 0.000000
vn 0.000000 1.000000 0.000000
vn 0.000000 1.000000 0.000000
vn 0.000000 1.000000 0.000000
vn 0.000000 1.000000 0.000000
vn 0.000000 1.000000 0.000000
vn 0.000000 1.000000 0.000000
vn 0.000000 1.000000 0.000000
vn 0.000000 1.000000 0.000000
vn 0.000000 1.000000 0.000000
vn 0.000000 1.000000 0.000000
vn 0.000000 1.000000 0.000000
vn 0.000000 1.000000 0.000000
vn 0.000000 1.000000 0.000000
vn 0.000000 1.000000 0.000000
vn 0.000000 1.000000 0.000000
vn 0.000000 1.000000 0.000000
vn 0.000000 1.000000 0.000000
vn 0.000000 1.000000 0.000000
vn 0.000000 1.000000 0.000000
vn 0.000000 1.000000 0.000000
vn 0.000000 1.000000 0.000000
vn 0.000000 1.000000 0.000000
vn 0.000000 1.000000 0.000000
vn 0.000000 1.000000 0.000000
vn 0.000000 1.000000 0.000000
vn 0.000000 1.000000 0.000000
vn 0.000000 1.000000 0.000000
vn 0.000000 1.000000 0.000000
vn 0.000000 1.000000 0.000000
vn 0.000000 1.000000 0.000000
vn 0.000000 1.000000 0.000000
vn 0.000000 1.000000 0.000000
vn 0.000000 1.000000 0.000000
vn 0.000000 1.000000 0.000000
vn 0.000000 1.000000 0.000000
vn 0.000000 1.000000 0.000000
vn 0.000000 1.000000 0.000000
vn 0.000000 1.000000 0.000000
vn 0.000000 1.000000 0.000000
vn 0.000000 1.000000 0.000000
vn 0.000000 1.000000 0.000000
vn 0.000000 1.000000 0.000000
vn 0.000000 1.000000 0.000000
vn 0.000000 1.000000 0.000000
vn 0.000000 1.000000 0.000000
vn 0.000000 1.000000 0.000000
vn 0.000000 1.000000 0.000000
vn 0.000000 1.000000 0.000000
vn 0.000000 1.000000 0.000000
vn 0.000000 1.000000 0.000000
vn 0.000000 1.000000 0.000000
vn 0.000000 1.000000 0.000000
vn 0.000000 1.000000 0.000000
vn 0.000000 1.000000 0.000000
vn 0.000000 1.000000 0.000000
vn 0.000000 1.000000 0.000000
vn 0.000000 1.000000 0.000000
vn 0.000000 1.000000 0.000000
vn 0.000000 1.000000 0.000000
vn 0.000000 1.000000 0.000000
vn 0.000000 1.000000 0.000000
vn 0.000000 1.000000 0.000000
vn 0.000000 1.000000 0.000000
vn 0.000000 1.000000 0.000000
vn 0.000000 1.000000 0.000000
vn 0.000000 1.000000 0.000000
vn 0.000000 1.000000 0.000000
vn 0.000000 1.000000 0.000000
vn 0.000000 1.000000 0.000000
vn 0.000000 1.000000 0.000000
vn 0.000000 1.000000 0.000000
vn 0.000000 1.000000 0.000000
vn 0.000000 1.000000 0.000000
vn 0.000000 1.000000 0.000000
vn 0.000000 1.000000 0.000000
vn 0.000000 1.000000 0.000000
vn 0.000000 1.000000 0.000000
vn 0.000000 1.000000 0.000000
vn 0.000000 1.000000 0.000000
vn 0.000000 1.000000 0.000000
vn 0.000000 1.000000 0.000000
vn 0.000000 1.000000 0.000000
vn 0.000000 1.000000 0.000000
vn 0.000000 1.000000 0.000000
vn 0.000000 1.000000 0.000000
vn 0.000000 1.000000 0.000000
vn 0.000000 1.000000 0.000000
vn 0.000000 1.000000 0.000000
vn 0.000000 1.000000 0.000000
vn 0.000000 1.000000 0.000000
vn 0.000000 1.000000 0.000000
vn 0.000000 1.000000 0.000000
vn 0.000000 1.000000 0.000000
vn 0.000000 1.000000 0.000000
vn 0.000000 1.000000 0.000000
vn 0.000000 1.000000 0.000000
vn 0.000000 1.000000 0.000000
vn 0.000000 1.000000 0.000000
vn 0.000000 1.000000 0.000000
vn 0.000000 1.000000 0.000000
vn 0.000000 1.000000 0.000000
vn 0.000000 1.000000 0.000000
vn 0.000000 1.000000 0.000000
vn 0.000000 1.000000 0.000000
vn 0.000000 1.000000 0.000000
vn 0.000000 1.000000 0.000000
vn 0.000000 1.000000 0.000000
vn 0.000000 1.000000 0.000000
vn 0.000000 1.000000 0.000000
vn 0.000000 1.000000 0.000000
vn 0.000000 1.000000 0.000000
vn 0.000000 1.000000 0.000000
vn 0.000000 1.000000 0.000000
vn 0.000000 1.000000 0.000000
vn 0.000000 1.000000 0.000000
vn 0.000000 1.000000 0.000000
vn 0.000000 1.000000 0.000000
vn 0.000000 1.000000 0.000000
vn 0.000000 1.000000 0.000000
vn 0.000000 1.000000 0.000000
vn 0.000000 1.000000 0.000000
vn 0.000000 1.000000 0.000000
vn 0.000000 1.000000 0.000000
vn 0.000000 1.000000 0.000000
vn 0.000000 1.000000 0.000000
vn 0.000000 1.000000 0.000000
vn 0.000000 1.000000 0.000000
vn 0.000000 1.000000 0.000000
vn 0.000000 1.000000 0.000000
vn 0.000000 1.000000 0.000000
vn 0.000000 1.000000 0.000000
vn 0.000000 1.000000 0.000000
vn 0.000000 1.000000 0.000000
vn 0.000000 1.000000 0.000000
vn 0.000000 1.000000 0.000000
vn 0.000000 1.000000 0.000000
vn 0.000000 1.000000 0.000000
vn 0.000000 1.000000 0.000000
vn 0.000000 1.000000 0.000000
vn 0.000000 1.000000 0.000000
vn 0.000000 1.000000 0.000000
vn 0.000000 1.000000 0.000000
vn 0.000000 1.000000 0.000000
vn 0.000000 1.000000 0.000000
vn 0.000000 1.000000 0.000000
vn 0.000000 1.000000 0.000000
vn 0.000000 1.000000 0.000000
vn 0.000000 1.000000 0.000000
vn 0.000000 1.000000 0.000000
vn 0.000000 1.000000 0.000000
vn 0.000000 1.000000 0.000000
vn 0.000000 1.000000 0.000000
vn 0.000000 1.000000 0.000000
vn 0.000000 1.000000 0.000000
vn 0.000000 1.000000 0.000000
vn 0.000000 1.000000 0.000000
vn 0.000000 1.000000 0.000000
vn 0.000000 1.000000 0.000000
vn 0.000000 1.000000 0.000000
vn 0.000000 1.000000 0.000000
vn 0.000000 1.000000 0.000000
vn 0.000000 1.000000 0.000000
vn 0.000000 1.000000 0.000000
vn 0.000000 1.000000 0.000000
vn 0.000000 1.000000 0.000000
vn 0.000000 1.000000 0.000000
vn 0.000000 1.000000 0.000000
vn 0.000000 1.000000 0.000000
vn 0.000000 1.000000 0.000000
vn 0.000000 1.000000 0.000000
vn 0.000000 1.000000 0.000000
vn 0.000000 1.000000 0.000000
vn 0.000000 1.000000 0.000000
vn 0.000000 1.000000 0.000000
vn 0.000000 1.000000 0.000000
vn 0.000000 1.000000 0.000000
vn 0.000000 1.000000 0.000000
vn 0.000000 1.000000 0.000000
vn 0.000000 1.000000 0.000000
vn 0.000000 1.000000 0.000000
vn 0.000000 1.000000 0.000000
vn 0.000000 1.000000 0.000000
vn 0.000000 1.000000 0.000000
vn 0.000000 1.000000 0.000000
vn 0.000000 1.000000 0.000000
vn 0.000000 1.000000 0.000000
vn 0.000000 1.000000 0.000000
vn 0.000000 1.000000 0.000000
vn 0.000000 1.000000 0.000000
vn 0.000000 1.000000 0.000000
vn 0.000000 1.000000 0.000000
vn 0.000000 1.000000 0.000000
vn 0.000000 1.000000 0.000000
vn 0.000000 1.000000 0.000000
vn 0.000000 1.000000 0.000000
vn 0.000000 1.000000 0.000000
vn 0.000000 1.000000 0.000000
vn 0.000000 1.000000 0.000000
vn 0.000000 1.000000 0.000000
vn 0.000000 1.000000 0.000000
vn 0.000000 1.000000 0.000000
vn 0.000000 1.000000 0.000000
vn 0.000000 1.000000 0.000000
vn 0.000000 1.000000 0.000000
vn 0.000000 1.000000 0.000000
vn 0.000000 1.000000 0.000000
vn 0.000000 1.000000 0.000000
vn 0.000000 1.000000 0.000000
vn 0.000000 1.000000 0.000000
vn 0.000000 1.000000 0.000000
vn 0.000000 1.000000 0.000000
vn 0.000000 1.000000 0.000000
vn 0.000000 1.000000 0.000000
vn 0.000000 1.000000 0.000000
vn 0.000000 1.000000 0.000000
vn 0.000000 1.000000 0.000000
vn 0.000000 1.000000 0.000000
vn 0.000000 1.000000 0.000000
vn 0.000000 1.000000 0.000000
vn 0.000000 1.000000 0.000000
vn 0.000000 1.000000 0.000000
vn 0.000000 1.000000 0.000000
vn 0.000000 1.000000 0.000000
vn 0.000000 1.000000 0.000000
vn 0.000000 1.000000 0.000000
vn 0.000000 1.000000 0.000000
vn 0.000000 1.000000 0.000000
vn 0.000000 1.000000 0.000000
vn 0.000000 1.000000 0.000000
vn 0.000000 1.000000 0.000000
vn 0.000000 1.000000 0.000000
vn 0.000000 1.000000 0.000000
vn 0.000000 1.000000 0.000000
vn 0.000000 1.000000 0.000000
vn 0.000000 1.000000 0.000000
vn 0.000000 1.000000 0.000000
vn 0.000000 1.000000 0.000000
vn 0.000000 1.000000 0.000000
vn 0.000000 1.000000 0.000000
vn 0.000000 1.000000 0.000000
vn 0.000000 1.000000 0.000000
vn 0.000000 1.000000 0.000000
vn 0.000000 1.000000 0.000000
vn 0.000000 1.000000 0.000000
vn 0.000000 1.000000 0.000000
vn 0.000000 1.000000 0.000000
vn 0.000000 1.000000 0.000000
vn 0.000000 1.000000 0.000000
vn 0.000000 1.000000 0.000000
vn 0.000000 1.000000 0.000000
vn 0.000000 1.000000 0.000000
vn 0.000000 1.000000 0.000000
vn 0.000000 1.000000 0.000000
vn 0.000000 1.000000 0.000000
vn 0.000000 1.000000 0.000000
vn 0.000000 1.000000 0.000000
vn 0.000000 1.000000 0.000000
vn 0.000000 1.000000 0.000000
vn 0.000000 1.000000 0.000000
vn 0.000000 1.000000 0.000000
vn 0.000000 1.000000 0.000000
vn 0.000000 1.000000 0.000000
vn 0.000000 1.000000 0.000000
vn 0.000000 1.000000 0.000000
vn 0.000000 1.000000 0.000000
vn 0.000000 1.000000 0.000000
vn 0.000000 1.000000 0.000000
vn 0.000000 1.000000 0.000000
vn 0.000000 1.000000 0.000000
vn 0.000000 1.000000 0.000000
vn 0.000000 1.000000 0.000000
vn 0.000000 1.000000 0.000000
vn 0.000000 1.000000 0.000000
vn 0.000000 1.000000 0.000000
vn 0.000000 1.000000 0.000000
vn 0.000000 1.000000 0.000000
vn 0.000000 1.000000 0.000000
vn 0.000000 1.000000 0.000000
vn 0.000000 1.000000 0.000000
vn 0.000000 1.000000 0.000000
vn 0.000000 1.000000 0.000000
vn 0.000000 1.000000 0.000000
vn 0.000000 1.000000 0.000000
vn 0.000000 1.000000 0.000000
vn 0.000000 1.000000 0.000000
vn 0.000000 1.000000 0.000000
vn 0.000000 1.000000 0.000000
vn 0.000000 1.000000 0.000000
vn 0.000000 1.000000 0.000000
vn 0.000000 1.000000 0.000000
vn 0.000000 1.000000 0.000000
vn 0.000000 1.000000 0.000000
vn 0.000000 1.000000 0.000000
vn 0.000000 1.000000 0.000000
vn 0.000000 1.000000 0.000000
vn 0.000000 1.000000 0.000000
vn 0.000000 1.000000 0.000000
vn 0.000000 1.000000 0.000000
vn 0.000000 1.000000 0.000000
vn 0.000000 1.000000 0.000000
vn 0.000000 1.000000 0.000000
vn 0.000000 1.000000 0.000000
vn 0.000000 1.000000 0.000000
vn 0.000000 1.000000 0.000000
vn 0.000000 1.000000 0.000000
vn 0.000000 1.000000 0.000000
vn 0.000000 1.000000 0.000000
vn 0.000000 1.000000 0.000000
vn 0.000000 1.000000 0.000000
vn 0.000000 1.000000 0.000000
vn 0.000000 1.000000 0.000000
vn 0.000000 1.000000 0.000000
vn 0.000000 1.000000 0.000000
vn 0.000000 1.000000 0.000000
vn 0.000000 1.000000 0.000000
vn 0.000000 1.000000 0.000000
vn 0.000000 1.000000 0.000000
vn 0.000000 1.000000 0.000000
vn 0.000000 1.000000 0.000000
vn 0.000000 1.000000 0.000000
vn 0.000000 1.000000 0.000000
vn 0.000000 1.000000 0.000000
vn 0.000000 1.000000 0.000000
vn 0.000000 1.000000 0.000000
vn 0.000000 1.000000 0.000000
vn 0.000000 1.000000 0.000000
vn 0.000000 1.000000 0.000000
vn 0.000000 1.000000 0.000000
vn 0.000000 1.000000 0.000000
vn 0.000000 1.000000 0.000000
vn 0.000000 1.000000 0.000000
vn 0.000000 1.000000 0.000000
vn 0.000000 1.000000 0.000000
vn 0.000000 1.000000 0.000000
vn 0.000000 1.000000 0.000000
vn 0.000000 1.000000 0.000000
vn 0.000000 1.000000 0.000000
vn 0.000000 1.000000 0.000000
vn 0.000000 1.000000 0.000000
vn 0.000000 1.000000 0.000000
vn 0.000000 1.000000 0.000000
vn 0.000000 1.000000 0.000000
vn 0.000000 1.000000 0.000000
vn 0.000000 1.000000 0.000000
vn 0.000000 1.000000 0.000000
vn 0.000000 1.000000 0.000000
vn 0.000000 1.000000 0.000000
vn 0.000000 1.000000 0.000000
vn 0.000000 1.000000 0.000000
vn 0.000000 1.000000 0.000000
vn 0.000000 1.000000 0.000000
vn 0.000000 1.000000 0.000000
vn 0.000000 1.000000 0.000000
vn 0.000000 1.000000 0.000000
vn 0.000000 1.000000 0.000000
vn 0.000000 1.000000 0.000000
vn 0.000000 1.000000 0.000000
vn 0.000000 1.000000 0.000000
vn 0.000000 1.000000 0.000000
vn 0.000000 1.000000 0.000000
vn 0.000000 1.000000 0.000000
vn 0.000000 1.000000 0.000000
vn 0.000000 1.000000 0.000000
vn 0.000000 1.000000 0.000000
vn 0.000000 1.000000 0.000000
vn 0.000000 1.000000 0.000000
vn 0.000000 1.000000 0.000000
vn 0.000000 1.000000 0.000000
vn 0.000000 1.000000 0.000000
vn 0.000000 1.000000 0.000000
vn 0.000000 1.000000 0.000000
vn 0.000000 1.000000 0.000000
vn 0.000000 1.000000 0.000000
vn 0.000000 1.000000 0.000000
vn 0.000000 1.000000 0.000000
vn 0.000000 1.000000 0.000000
vn 0.000000 1.000000 0.000000
vn 0.000000 1.000000 0.000000
vn 0.000000 1.000000 0.000000
vn 0.000000 1.000000 0.000000
vn 0.000000 1.000000 0.000000
vn 0.000000 1.000000 0.000000
vn 0.000000 1.000000 0.000000
vn 0.000000 1.000000 0.000000
vn 0.000000 1.000000 0.000000
vn 0.000000 1.000000 0.000000
vn 0.000000 1.000000 0.000000
vn 0.000000 1.000000 0.000000
vn 0.000000 1.000000 0.000000
vn 0.000000 1.000000 0.000000
vn 0.000000 1.000000 0.000000
vn 0.000000 1.000000 0.000000
vn 0.000000 1.000000 0.000000
vn 0.000000 1.000000 0.000000
vn 0.000000 1.000000 0.000000
vn 0.000000 1.000000 0.000000
vn 0.000000 1.000000 0.000000
vn 0.000000 1.000000 0.000000
vn 0.000000 1.000000 0.000000
vn 0.000000 1.000000 0.000000
vn 0.000000 1.000000 0.000000
vn 0.000000 1.000000 0.000000
vn 0.000000 1.000000 0.000000
vn 0.000000 1.000000 0.000000
vn 0.000000 1.000000 0.000000
vn 0.000000 1.000000 0.000000
vn 0.000000 1.000000 0.000000
vn 0.000000 1.000000 0.000000
vn 0.000000 1.000000 0.000000
vn 0.000000 1.000000 0.000000
vn 0.000000 1.000000 0.000000
vn 0.000000 1.000000 0.000000
vn 0.000000 1.000000 0.000000
vn 0.000000 1.000000 0.000000
vn 0.000000 1.000000 0.000000
vn 0.000000 1.000000 0.000000
vn 0.000000 1.000000 0.000000
vn 0.000000 1.000000 0.000000
vn 0.000000 1.000000 0.000000
vn 0.000000 1.000000 0.000000
vn 0.000000 1.000000 0.000000
vn 0.000000 1.000000 0.000000
vn 0.000000 1.000000 0.000000
vn 0.000000 1.000000 0.000000
vn 0.000000 1.000000 0.000000
vn 0.000000 1.000000 0.000000
vn 0.000000 1.000000 0.000000
vn 0.000000 1.000000 0.000000
vn 0.000000 1.000000 0.000000
vn 0.000000 1.000000 0.000000
vn 0.000000 1.000000 0.000000
vn 0.000000 1.000000 0.000000
vn 0.000000 1.000000 0.000000
vn 0.000000 1.000000 0.000000
vn 0.000000 1.000000 0.000000
vn 0.000000 1.000000 0.000000
vn 0.000000 1.000000 0.000000
vn 0.000000 1.000000 0.000000
vn 0.000000 1.000000 0.000000
vn 0.000000 1.000000 0.000000
vn 0.000000 1.000000 0.000000
vn 0.000000 1.000000 0.000000
vn 0.000000 1.000000 0.000000
vn 0.000000 1.000000 0.000000
vn 0.000000 1.000000 0.000000
vn 0.000000 1.000000 0.000000
vn 0.000000 1.000000 0.000000
vn 0.000000 1.000000 0.000000
vn 0.000000 1.000000 0.000000
vn 0.000000 1.000000 0.000000
vn 0.000000 1.000000 0.000000
vn 0.000000 1.000000 0.000000
vn 0.000000 1.000000 0.000000
vn 0.000000 1.000000 0.000000
vn 0.000000 1.000000 0.000000
vn 0.000000 1.000000 0.000000
vn 0.000000 1.000000 0.000000
vn 0.000000 1.000000 0.000000
vn 0.000000 1.000000 0.000000
vn 0.000000 1.000000 0.000000
vn 0.000000 1.000000 0.000000
vn 0.000000 1.000000 0.000000
vn 0.000000 1.000000 0.000000
vn 0.000000 1.000000 0.000000
vn 0.000000 1.000000 0.000000
vn 0.000000 1.000000 0.000000
vn 0.000000 1.000000 0.000000
vn 0.000000 1.000000 0.000000
vn 0.000000 1.000000 0.000000
vn 0.000000 1.000000 0.000000
vn 0.000000 1.000000 0.000000
vn 0.000000 1.000000 0.000000
vn 0.000000 1.000000 0.000000
vn 0.000000 1.000000 0.000000
vn 0.000000 1.000000 0.000000
vn 0.000000 1.000000 0.000000
vn 0.000000 1.000000 0.000000
vn 0.000000 1.000000 0.000000
vn 0.000000 1.000000 0.000000
vn 0.000000 1.000000 0.000000
vn 0.000000 1.000000 0.000000
vn 0.000000 1.000000 0.000000
vn 0.000000 1.000000 0.000000
vn 0.000000 1.000000 0.000000
vn 0.000000 1.000000 0.000000
vn 0.000000 1.000000 0.000000
vn 0.000000 1.000000 0.000000
vn 0.000000 1.000000 0.000000
vn 0.000000 1.000000 0.000000
vn 0.000000 1.000000 0.000000
vn 0.000000 1.000000 0.000000
vn 0.000000 1.000000 0.000000
vn 0.000000 1.000000 0.000000
vn 0.000000 1.000000 0.000000
vn 0.000000 1.000000 0.000000
vn 0.000000 1.000000 0.000000
vn 0.000000 1.000000 0.000000
vn 0.000000 1.000000 0.000000
vn 0.000000 1.000000 0.000000
vn 0.000000 1.000000 0.000000
vn 0.000000 1.000000 0.000000
vn 0.000000 1.000000 0.000000
vn 0.000000 1.000000 0.000000
vn 0.000000 1.000000 0.000000
vn 0.000000 1.000000 0.000000
vn 0.000000 1.000000 0.000000
vn 0.000000 1.000000 0.000000
vn 0.000000 1.000000 0.000000
vn 0.000000 1.000000 0.000000
vn 0.000000 1.000000 0.000000
vn 0.000000 1.000000 0.000000
vn 0.000000 1.000000 0.000000
vn 0.000000 1.000000 0.000000
vn 0.000000 1.000000 0.000000
vn 0.000000 1.000000 0.000000
vn 0.000000 1.000000 0.000000
vn 0.000000 1.000000 0.000000
vn 0.000000 1.000000 0.000000
vn 0.000000 1.000000 0.000000
vn 0.000000 1.000000 0.000000
vn 0.000000 1.000000 0.000000
vn 0.000000 1.000000 0.000000
vn 0.000000 1.000000 0.000000
vn 0.000000 1.000000 0.000000
vn 0.000000 1.000000 0.000000
vn 0.000000 1.000000 0.000000
vn 0.000000 1.000000 0.000000
vn 0.000000 1.000000 0.000000
vn 0.000000 1.000000 0.000000
vn 0.000000 1.000000 0.000000
vn 0.000000 1.000000 0.000000
vn 0.000000 1.000000 0.000000
vn 0.000000 1.000000 0.000000
vn 0.000000 1.000000 0.000000
vn 0.000000 1.000000 0.000000
vn 0.000000 1.000000 0.000000
vn 0.000000 1.000000 0.000000
vn 0.000000 1.000000 0.000000
vn 0.000000 1.000000 0.000000
vn 0.000000 1.000000 0.000000
vn 0.000000 1.000000 0.000000
vn 0.000000 1.000000 0.000000
vn 0.000000 1.000000 0.000000
vn 0.000000 1.000000 0.000000
vn 0.000000 1.000000 0.000000
vn 0.000000 1.000000 0.000000
vn 0.000000 1.000000 0.000000
vn 0.000000 1.000000 0.000000
vn 0.000000 1.000000 0.000000
vn 0.000000 1.000000 0.000000
vn 0.000000 1.000000 0.000000
vn 0.000000 1.000000 0.000000
vn 0.000000 1.000000 0.000000
vn 0.000000 1.000000 0.000000
vn 0.000000 1.000000 0.000000
vn 0.000000 1.000000 0.000000
vn 0.000000 1.000000 0.000000
vn 0.000000 1.000000 0.000000
vn 0.000000 1.000000 0.000000
vn 0.000000 1.000000 0.000000
vn 0.000000 1.000000 0.000000
vn 0.000000 1.000000 0.000000
vn 0.000000 1.000000 0.000000
vn 0.000000 1.000000 0.000000
vn 0.000000 1.000000 0.000000
vn 0.000000 1.000000 0.000000
vn 0.000000 1.000000 0.000000
vn 0.000000 1.000000 0.000000
vn 0.000000 1.000000 0.000000
vn 0.000000 1.000000 0.000000
vn 0.000000 1.000000 0.000000
vn 0.000000 1.000000 0.000000
vn 0.000000 1.000000 0.000000
vn 0.000000 1.000000 0.000000
vn 0.000000 1.000000 0.000000
vn 0.000000 1.000000 0.000000
vn 0.000000 1.000000 0.000000
vn 0.000000 1.000000 0.000000
vn 0.000000 1.000000 0.000000
vn 0.000000 1.000000 0.000000
vn 0.000000 1.000000 0.000000
vn 0.000000 1.000000 0.000000
vn 0.000000 1.000000 0.000000
vn 0.000000 1.000000 0.000000
vn 0.000000 1.000000 0.000000
vn 0.000000 1.000000 0.000000
vn 0.000000 1.000000 0.000000
vn 0.000000 1.000000 0.000000
vn 0.000000 1.000000 0.000000
vn 0.000000 1.000000 0.000000
vn 0.000000 1.000000 0.000000
vn 0.000000 1.000000 0.000000
vn 0.000000 1.000000 0.000000
vn 0.000000 1.000000 0.000000
vn 0.000000 1.000000 0.000000
vn 0.000000 1.000000 0.000000
vn 0.000000 1.000000 0.000000
vn 0.000000 1.000000 0.000000
vn 0.000000 1.000000 0.000000
vn 0.000000 1.000000 0.000000
vn 0.000000 1.000000 0.000000
vn 0.000000 1.000000 0.000000
vn 0.000000 1.000000 0.000000
vn 0.000000 1.000000 0.000000
vn 0.000000 1.000000 0.000000
vn 0.000000 1.000000 0.000000
vn 0.000000 1.000000 0.000000
vn 0.000000 1.000000 0.000000
vn 0.000000 1.000000 0.000000
vn 0.000000 1.000000 0.000000
vn 0.000000 1.000000 0.000000
vn 0.000000 1.000000 0.000000
vn 0.000000 1.000000 0.000000
vn 0.000000 1.000000 0.000000
vn 0.000000 1.000000 0.000000
vn 0.000000 1.000000 0.000000
vn 0.000000 1.000000 0.000000
vn 0.000000 1.000000 0.000000
vn 0.000000 1.000000 0.000000
vn 0.000000 1.000000 0.000000
vn 0.000000 1.000000 0.000000
vn 0.000000 1.000000 0.000000
vn 0.000000 1.000000 0.000000
vn 0.000000 1.000000 0.000000
vn 0.000000 1.000000 0.000000
vn 0.000000 1.000000 0.000000
vn 0.000000 1.000000 0.000000
vn 0.000000 1.000000 0.000000
vn 0.000000 1.000000 0.000000
vn 0.000000 1.000000 0.000000
vn 0.000000 1.000000 0.000000
vn 0.000000 1.000000 0.000000
vn 0.000000 1.000000 0.000000
vn 0.000000 1.000000 0.000000
vn 0.000000 1.000000 0.000000
vn 0.000000 1.000000 0.000000
vn 0.000000 1.000000 0.000000
vn 0.000000 1.000000 0.000000
vn 0.000000 1.000000 0.000000
vn 0.000000 1.000000 0.000000
vn 0.000000 1.000000 0.000000
vn 0.000000 1.000000 0.000000
vn 0.000000 1.000000 0.000000
vn 0.000000 1.000000 0.000000
vn 0.000000 1.000000 0.000000
vn 0.000000 1.000000 0.000000
vn 0.000000 1.000000 0.000000
vn 0.000000 1.000000 0.000000
vn 0.000000 1.000000 0.000000
vn 0.000000 1.000000 0.000000
vn 0.000000 1.000000 0.000000
vn 0.000000 1.000000 0.000000
vn 0.000000 1.000000 0.000000
vn 0.000000 1.000000 0.000000
vn 0.000000 1.000000 0.000000
vn 0.000000 1.000000 0.000000
vn 0.000000 1.000000 0.000000
vn 0.000000 1.000000 0.000000
vn 0.000000 1.000000 0.000000
vn 0.000000 1.000000 0.000000
vn 0.000000 1.000000 0.000000
vn 0.000000 1.000000 0.000000
vn 0.000000 1.000000 0.000000
vn 0.000000 1.000000 0.000000
vn 0.000000 1.000000 0.000000
vn 0.000000 1.000000 0.000000
vn 0.000000 1.000000 0.000000
vn 0.000000 1.000000 0.000000
vn 0.000000 1.000000 0.000000
vn 0.000000 1.000000 0.000000
vn 0.000000 1.000000 0.000000
vn 0.000000 1.000000 0.000000
vn 0.000000 1.000000 0.000000
vn 0.000000 1.000000 0.000000
vn 0.000000 1.000000 0.000000
vn 0.000000 1.000000 0.000000
vn 0.000000 1.000000 0.000000
vn 0.000000 1.000000 0.000000
vn 0.000000 1.000000 0.000000
vn 0.000000 1.000000 0.000000
vn 0.000000 1.000000 0.000000
vn 0.000000 1.000000 0.000000
vn 0.000000 1.000000 0.000000
vn 0.000000 1.000000 0.000000
vn 0.000000 1.000000 0.000000
vn 0.000000 1.000000 0.000000
vn 0.000000 1.000000 0.000000
vn 0.000000 1.000000 0.000000
vn 0.000000 1.000000 0.000000
vn 0.000000 1.000000 0.000000
vn 0.000000 1.000000 0.000000
vn 0.000000 1.000000 0.000000
vn 0.000000 1.000000 0.000000
vn 0.000000 1.000000 0.000000
vn 0.000000 1.000000 0.000000
vn 0.000000 1.000000 0.000000
vn 0.000000 1.000000 0.000000
vn 0.000000 1.000000 0.000000
vn 0.000000 1.000000 0.000000
vn 0.000000 1.000000 0.000000
vn 0.000000 1.000000 0.000000
vn 0.000000 1.000000 0.000000
vn 0.000000 1.000000 0.000000
vn 0.000000 1.000000 0.000000
vn 0.000000 1.000000 0.000000
vn 0.000000 1.000000 0.000000
vn 0.000000 1.000000 0.000000
vn 0.000000 1.000000 0.000000
vn 0.000000 1.000000 0.000000
vn 0.000000 1.000000 0.000000
vn 0.000000 1.000000 0.000000
vn 0.000000 1.000000 0.000000
vn 0.000000 1.000000 0.000000
vn 0.000000 1.000000 0.000000
vn 0.000000 1.000000 0.000000
vn 0.000000 1.000000 0.000000
vn 0.000000 1.000000 0.000000
vn 0.000000 1.000000 0.000000
vn 0.000000 1.000000 0.000000
vn 0.000000 1.000000 0.000000
vn 0.000000 1.000000 0.000000
vn 0.000000 1.000000 0.000000
vn 0.000000 1.000000 0.000000
vn 0.000000 1.000000 0.000000
vn 0.000000 1.000000 0.000000
vn 0.000000 1.000000 0.000000
vn 0.000000 1.000000 0.000000
vn 0.000000 1.000000 0.000000
vn 0.000000 1.000000 0.000000
vn 0.000000 1.000000 0.000000
vn 0.000000 1.000000 0.000000
vn 0.000000 1.000000 0.000000
vn 0.000000 1.000000 0.000000
vn 0.000000 1.000000 0.000000
vn 0.000000 1.000000 0.000000
vn 0.000000 1.000000 0.000000
vn 0.000000 1.000000 0.000000
vn 0.000000 1.000000 0.000000
vn 0.000000 1.000000 0.000000
vn 0.000000 1.000000 0.000000
vn 0.000000 1.000000 0.000000
vn 0.000000 1.000000 0.000000
vn 0.000000 1.000000 0.000000
vn 0.000000 1.000000 0.000000
vn 0.000000 1.000000 0.000000
vn 0.000000 1.000000 0.000000
vn 0.000000 1.000000 0.000000
vn 0.000000 1.000000 0.000000
vn 0.000000 1.000000 0.000000
vn 0.000000 1.000000 0.000000
vn 0.000000 1.000000 0.000000
vn 0.000000 1.000000 0.000000
vn 0.000000 1.000000 0.000000
vn 0.000000 1.000000 0.000000
vn 0.000000 1.000000 0.000000
vn 0.000000 1.000000 0.000000
vn 0.000000 1.000000 0.000000
vn 0.000000 1.000000 0.000000
vn 0.000000 1.000000 0.000000
vn 0.000000 1.000000 0.000000
vn 0.000000 1.000000 0.000000
vn 0.000000 1.000000 0.000000
vn 0.000000 1.000000 0.000000
vn 0.000000 1.000000 0.000000
vn 0.000000 1.000000 0.000000
vn 0.000000 1.000000 0.000000
vn 0.000000 1.000000 0.000000
vn 0.000000 1.000000 0.000000
vn 0.000000 1.000000 0.000000
vn 0.000000 1.000000 0.000000
vn 0.000000 1.000000 0.000000
vn 0.000000 1.000000 0.000000
vn 0.000000 1.000000 0.000000
vn 0.000000 1.000000 0.000000
vn 0.000000 1.000000 0.000000
vn 0.000000 1.000000 0.000000
vn 0.000000 1.000000 0.000000
vn 0.000000 1.000000 0.000000
vn 0.000000 1.000000 0.000000
vn 0.000000 1.000000 0.000000
vn 0.000000 1.000000 0.000000
vn 0.000000 1.000000 0.000000
vn 0.000000 1.000000 0.000000
vn 0.000000 1.000000 0.000000
vn 0.000000 1.000000 0.000000
vn 0.000000 1.000000 0.000000
vn 0.000000 1.000000 0.000000
vn 0.000000 1.000000 0.000000
vn 0.000000 1.000000 0.000000
vn 0.000000 1.000000 0.000000
vn 0.000000 1.000000 0.000000
vn 0.000000 1.000000 0.000000
vn 0.000000 1.000000 0.000000
vn 0.000000 1.000000 0.000000
vn 0.000000 1.000000 0.000000
vn 0.000000 1.000000 0.000000
vn 0.000000 1.000000 0.000000
vn 0.000000 1.000000 0.000000
vn 0.000000 1.000000 0.000000
vn 0.000000 1.000000 0.000000
vn 0.000000 1.000000 0.000000
vn 0.000000 1.000000 0.000000
vn 0.000000 1.000000 0.000000
vn 0.000000 1.000000 0.000000
vn 0.000000 1.000000 0.000000
vn 0.000000 1.000000 0.000000
vn 0.000000 1.000000 0.000000
vn 0.000000 1.000000 0.000000
vn 0.000000 1.000000 0.000000
vn 0.000000 1.000000 0.000000
vn 0.000000 1.000000 0.000000
vn 0.000000 1.000000 0.000000
vn 0.000000 1.000000 0.000000
vn 0.000000 1.000000 0.000000
vn 0.000000 1.000000 0.000000
vn 0.000000 1.000000 0.000000
vn 0.000000 1.000000 0.000000
vn 0.000000 1.000000 0.000000
vn 0.000000 1.000000 0.000000
vn 0.000000 1.000000 0.000000
vn 0.000000 1.000000 0.000000
vn 0.000000 1.000000 0.000000
vn 0.000000 1.000000 0.000000
vn 0.000000 1.000000 0.000000
vn 0.000000 1.000000 0.000000
vn 0.000000 1.000000 0.000000
vn 0.000000 1.000000 0.000000
vn 0.000000 1.000000 0.000000
vn 0.000000 1.000000 0.000000
vn 0.000000 1.000000 0.000000
vn 0.000000 1.000000 0.000000
vn 0.000000 1.000000 0.000000
vn 0.000000 1.000000 0.000000
vn 0.000000 1.000000 0.000000
vn 0.000000 1.000000 0.000000
vn 0.000000 1.000000 0.000000
vn 0.000000 1.000000 0.000000
vn 0.000000 1.000000 0.000000
vn 0.000000 1.000000 0.000000
vn 0.000000 1.000000 0.000000
vn 0.000000 1.000000 0.000000
vn 0.000000 1.000000 0.000000
vn 0.000000 1.000000 0.000000
vn 0.000000 1.000000 0.000000
vn 0.000000 1.000000 0.000000
vn 0.000000 1.000000 0.000000
vn 0.000000 1.000000 0.000000
vn 0.000000 1.000000 0.000000
vn 0.000000 1.000000 0.000000
vn 0.000000 1.000000 0.000000
vn 0.000000 1.000000 0.000000
vn 0.000000 1.000000 0.000000
vn 0.000000 1.000000 0.000000
vn 0.000000 1.000000 0.000000
vn 0.000000 1.000000 0.000000
vn 0.000000 1.000000 0.000000
vn 0.000000 1.000000 0.000000
vn 0.000000 1.000000 0.000000
vn 0.000000 1.000000 0.000000
vn 0.000000 1.000000 0.000000
vn 0.000000 1.000000 0.000000
vn 0.000000 1.000000 0.000000
vn 0.000000 1.000000 0.000000
vn 0.000000 1.000000 0.000000
vn 0.000000 1.000000 0.000000
vn 0.000000 1.000000 0.000000
vn 0.000000 1.000000 0.000000
vn 0.000000 1.000000 0.000000
vn 0.000000 1.000000 0.000000
vn 0.000000 1.000000 0.000000
vn 0.000000 1.000000 0.000000
vn 0.000000 1.000000 0.000000
vn 0.000000 1.000000 0.000000
vn 0.000000 1.000000 0.000000
vn 0.000000 1.000000 0.000000
vn 0.000000 1.000000 0.000000
vn 0.000000 1.000000 0.000000
vn 0.000000 1.000000 0.000000
vn 0.000000 1.000000 0.000000
vn 0.000000 1.000000 0.000000
vn 0.000000 1.000000 0.000000
vn 0.000000 1.000000 0.000000
vn 0.000000 1.000000 0.000000
vn 0.000000 1.000000 0.000000
vn 0.000000 1.000000 0.000000
vn 0.000000 1.000000 0.000000
vn 0.000000 1.000000 0.000000
vn 0.000000 1.000000 0.000000
vn 0.000000 1.000000 0.000000
vn 0.000000 1.000000 0.000000
vn 0.000000 1.000000 0.000000
vn 0.000000 1.000000 0.000000
vn 0.000000 1.000000 0.000000
vn 0.000000 1.000000 0.000000
vn 0.000000 1.000000 0.000000
vn 0.000000 1.000000 0.000000
vn 0.000000 1.000000 0.000000
vn 0.000000 1.000000 0.000000
vn 0.000000 1.000000 0.000000
vn 0.000000 1.000000 0.000000
vn 0.000000 1.000000 0.000000
vn 0.000000 1.000000 0.000000
vn 0.000000 1.000000 0.000000
vn 0.000000 1.000000 0.000000
vn 0.000000 1.000000 0.000000
vn 0.000000 1.000000 0.000000
vn 0.000000 1.000000 0.000000
vn 0.000000 1.000000 0.000000
vn 0.000000 1.000000 0.000000
vn 0.000000 1.000000 0.000000
vn 0.000000 1.000000 0.000000
vn 0.000000 1.000000 0.000000
vn 0.000000 1.000000 0.000000
vn 0.000000 1.000000 0.000000
vn 0.000000 1.000000 0.000000
vn 0.000000 1.000000 0.000000
vn 0.000000 1.000000 0.000000
vn 0.000000 1.000000 0.000000
vn 0.000000 1.000000 0.000000
vn 0.000000 1.000000 0.000000
vn 0.000000 1.000000 0.000000
vn 0.000000 1.000000 0.000000
vn 0.000000 1.000000 0.000000
vn 0.000000 1.000000 0.000000
vn 0.000000 1.000000 0.000000
vn 0.000000 1.000000 0.000000
vn 0.000000 1.000000 0.000000
vn 0.000000 1.000000 0.000000
vn 0.000000 1.000000 0.000000
vn 0.000000 1.000000 0.000000
vn 0.000000 1.000000 0.000000
vn 0.000000 1.000000 0.000000
vn 0.000000 1.000000 0.000000
vn 0.000000 1.000000 0.000000
vn 0.000000 1.000000 0.000000
vn 0.000000 1.000000 0.000000
vn 0.000000 1.000000 0.000000
vn 0.000000 1.000000 0.000000
vn 0.000000 1.000000 0.000000
vn 0.000000 1.000000 0.000000
vn 0.000000 1.000000 0.000000
vn 0.000000 1.000000 0.000000
vn 0.000000 1.000000 0.000000
vn 0.000000 1.000000 0.000000
vn 0.000000 1.000000 0.000000
vn 0.000000 1.000000 0.000000
vn 0.000000 1.000000 0.000000
vn 0.000000 1.000000 0.000000
vn 0.000000 1.000000 0.000000
vn 0.000000 1.000000 0.000000
vn 0.000000 1.000000 0.000000
vn 0.000000 1.000000 0.000000
vn 0.000000 1.000000 0.000000
vn 0.000000 1.000000 0.000000
vn 0.000000 1.000000 0.000000
vn 0.000000 1.000000 0.000000
vn 0.000000 1.000000 0.000000
vn 0.000000 1.000000 0.000000
vn 0.000000 1.000000 0.000000
vn 0.000000 1.000000 0.000000
vn 0.000000 1.000000 0.000000
vn 0.000000 1.000000 0.000000
vn 0.000000 1.000000 0.000000
vn 0.000000 1.000000 0.000000
vn 0.000000 1.000000 0.000000
vn 0.000000 1.000000 0.000000
vn 0.000000 1.000000 0.000000
vn 0.000000 1.000000 0.000000
vn 0.000000 1.000000 0.000000
vn 0.000000 1.000000 0.000000
vn 0.000000 1.000000 0.000000
vn 0.000000 1.000000 0.000000
vn 0.000000 1.000000 0.000000
vn 0.000000 1.000000 0.000000
vn 0.000000 1.000000 0.000000
vn 0.000000 1.000000 0.000000
vn 0.000000 1.000000 0.000000
vn 0.000000 1.000000 0.000000
vn 0.000000 1.000000 0.000000
vn 0.000000 1.000000 0.000000
vn 0.000000 1.000000 0.000000
vn 0.000000 1.000000 0.000000
vn 0.000000 1.000000 0.000000
vn 0.000000 1.000000 0.000000
vn 0.000000 1.000000 0.000000
vn 0.000000 1.000000 0.000000
vn 0.000000 1.000000 0.000000
vn 0.000000 1.000000 0.000000
vn 0.000000 1.000000 0.000000
vn 0.000000 1.000000 0.000000
vn 0.000000 1.000000 0.000000
vn 0.000000 1.000000 0.000000
vn 0.000000 1.000000 0.000000
vn 0.000000 1.000000 0.000000
vn 0.000000 1.000000 0.000000
vn 0.000000 1.000000 0.000000
vn 0.000000 1.000000 0.000000
vn 0.000000 1.000000 0.000000
vn 0.000000 1.000000 0.000000
vn 0.000000 1.000000 0.000000
vn 0.000000 1.000000 0.000000
vn 0.000000 1.000000 0.000000
vn 0.000000 1.000000 0.000000
vn 0.000000 1.000000 0.000000
vn 0.000000 1.000000 0.000000
vn 0.000000 1.000000 0.000000
vn 0.000000 1.000000 0.000000
vn 0.000000 1.000000 0.000000
vn 0.000000 1.000000 0.000000
vn 0.000000 1.000000 0.000000
vn 0.000000 1.000000 0.000000
vn 0.000000 1.000000 0.000000
vn 0.000000 1.000000 0.000000
vn 0.000000 1.000000 0.000000
vn 0.000000 1.000000 0.000000
vn 0.000000 1.000000 0.000000
vn 0.000000 1.000000 0.000000
vn 0.000000 1.000000 0.000000
vn 0.000000 1.000000 0.000000
vn 0.000000 1.000000 0.000000
vn 0.000000 1.000000 0.000000
vn 0.000000 1.000000 0.000000
vn 0.000000 1.000000 0.000000
vn 0.000000 1.000000 0.000000
vn 0.000000 1.000000 0.000000
vn 0.000000 1.000000 0.000000
vn 0.000000 1.000000 0.000000
vn 0.000000 1.000000 0.000000
vn 0.000000 1.000000 0.000000
vn 0.000000 1.000000 0.000000
vn 0.000000 1.000000 0.000000
vn 0.000000 1.000000 0.000000
vn 0.000000 1.000000 0.000000
vn 0.000000 1.000000 0.000000
vn 0.000000 1.000000 0.000000
vn 0.000000 1.000000 0.000000
vn 0.000000 1.000000 0.000000
vn 0.000000 1.000000 0.000000
vn 0.000000 1.000000 0.000000
vn 0.000000 1.000000 0.000000
vn 0.000000 1.000000 0.000000
vn 0.000000 1.000000 0.000000
vn 0.000000 1.000000 0.000000
vn 0.000000 1.000000 0.000000
vn 0.000000 1.000000 0.000000
vn 0.000000 1.000000 0.000000
vn 0.000000 1.000000 0.000000
vn 0.000000 1.000000 0.000000
vn 0.000000 1.000000 0.000000
vn 0.000000 1.000000 0.000000
vn 0.000000 1.000000 0.000000
vn 0.000000 1.000000 0.000000
vn 0.000000 1.000000 0.000000
vn 0.000000 1.000000 0.000000
vn 0.000000 1.000000 0.000000
vn 0.000000 1.000000 0.000000
vn 0.000000 1.000000 0.000000
vn 0.000000 1.000000 0.000000
vn 0.000000 1.000000 0.000000
vn 0.000000 1.000000 0.000000
vn 0.000000 1.000000 0.000000
vn 0.000000 1.000000 0.000000
vn 0.000000 1.000000 0.000000
vn 0.000000 1.000000 0.000000
vn 0.000000 1.000000 0.000000
vn 0.000000 1.000000 0.000000
vn 0.000000 1.000000 0.000000
vn 0.000000 1.000000 0.000000
vn 0.000000 1.000000 0.000000
vn 0.000000 1.000000 0.000000
vn 0.000000 1.000000 0.000000
vn 0.000000 1.000000 0.000000
vn 0.000000 1.000000 0.000000
vn 0.000000 1.000000 0.000000
vn 0.000000 1.000000 0.000000
vn 0.000000 1.000000 0.000000
vn 0.000000 1.000000 0.000000
vn 0.000000 1.000000 0.000000
vn 0.000000 1.000000 0.000000
vn 0.000000 1.000000 0.000000
vn 0.000000 1.000000 0.000000
vn 0.000000 1.000000 0.000000
vn 0.000000 1.000000 0.000000
vn 0.000000 1.000000 0.000000
vn 0.000000 1.000000 0.000000
vn 0.000000 1.000000 0.000000
vn 0.000000 1.000000 0.000000
vn 0.000000 1.000000 0.000000
vn 0.000000 1.000000 0.000000
vn 0.000000 1.000000 0.000000
vn 0.000000 1.000000 0.000000
vn 0.000000 1.000000 0.000000
vn 0.000000 1.000000 0.000000
vn 0.000000 1.000000 0.000000
vn 0.000000 1.000000 0.000000
vn 0.000000 1.000000 0.000000
vn 0.000000 1.000000 0.000000
vn 0.000000 1.000000 0.000000
vn 0.000000 1.000000 0.000000
vn 0.000000 1.000000 0.000000
vn 0.000000 1.000000 0.000000
vn 0.000000 1.000000 0.000000
vn 0.000000 1.000000 0.000000
vn 0.000000 1.000000 0.000000
vn 0.000000 1.000000 0.000000
vn 0.000000 1.000000 0.000000
vn 0.000000 1.000000 0.000000
vn 0.000000 1.000000 0.000000
vn 0.000000 1.000000 0.000000
vn 0.000000 1.000000 0.000000
vn 0.000000 1.000000 0.000000
vn 0.000000 1.000000 0.000000
vn 0.000000 1.000000 0.000000
vn 0.000000 1.000000 0.000000
vn 0.000000 1.000000 0.000000
vn 0.000000 1.000000 0.000000
vn 0.000000 1.000000 0.000000
vn 0.000000 1.000000 0.000000
vn 0.000000 1.000000 0.000000
vn 0.000000 1.000000 0.000000
vn 0.000000 1.000000 0.000000
vn 0.000000 1.000000 0.000000
vn 0.000000 1.000000 0.000000
vn 0.000000 1.000000 0.000000
vn 0.000000 1.000000 0.000000
vn 0.000000 1.000000 0.000000
vn 0.000000 1.000000 0.000000
vn 0.000000 1.000000 0.000000
vn 0.000000 1.000000 0.000000
vn 0.000000 1.000000 0.000000
vn 0.000000 1.000000 0.000000
vn 0.000000 1.000000 0.000000
vn 0.000000 1.000000 0.000000
vn 0.000000 1.000000 0.000000
vn 0.000000 1.000000 0.000000
vn 0.000000 1.000000 0.000000
vn 0.000000 1.000000 0.000000
vn 0.000000 1.000000 0.000000
vn 0.000000 1.000000 0.000000
vn 0.000000 1.000000 0.000000
vn 0.000000 1.000000 0.000000
vn 0.000000 1.000000 0.000000
vn 0.000000 1.000000 0.000000
vn 0.000000 1.000000 0.000000
vn 0.000000 1.000000 0.000000
vn 0.000000 1.000000 0.000000
vn 0.000000 1.000000 0.000000
vn 0.000000 1.000000 0.000000
vn 0.000000 1.000000 0.000000
vn 0.000000 1.000000 0.000000
vn 0.000000 1.000000 0.000000
vn 0.000000 1.000000 0.000000
vn 0.000000 1.000000 0.000000
vn 0.000000 1.000000 0.000000
vn 0.000000 1.000000 0.000000
vn 0.000000 1.000000 0.000000
vn 0.000000 1.000000 0.000000
vn 0.000000 1.000000 0.000000
vn 0.000000 1.000000 0.000000
vn 0.000000 1.000000 0.000000
vn 0.000000 1.000000 0.000000
vn 0.000000 1.000000 0.000000
vn 0.000000 1.000000 0.000000
vn 0.000000 1.000000 0.000000
vn 0.000000 1.000000 0.000000
vn 0.000000 1.000000 0.000000
vn 0.000000 1.000000 0.000000
vn 0.000000 1.000000 0.000000
vn 0.000000 1.000000 0.000000
vn 0.000000 1.000000 0.000000
vn 0.000000 1.000000 0.000000
vn 0.000000 1.000000 0.000000
vn 0.000000 1.000000 0.000000
vn 0.000000 1.000000 0.000000
vn 0.000000 1.000000 0.000000
vn 0.000000 1.000000 0.000000
vn 0.000000 1.000000 0.000000
vn 0.000000 1.000000 0.000000
vn 0.000000 1.000000 0.000000
vn 0.000000 1.000000 0.000000
vn 0.000000 1.000000 0.000000
vn 0.000000 1.000000 0.000000
vn 0.000000 1.000000 0.000000
vn 0.000000 1.000000 0.000000
vn 0.000000 1.000000 0.000000
vn 0.000000 1.000000 0.000000
vn 0.000000 1.000000 0.000000
vn 0.000000 1.000000 0.000000
vn 0.000000 1.000000 0.000000
vn 0.000000 1.000000 0.000000
vn 0.000000 1.000000 0.000000
vn 0.000000 1.000000 0.000000
vn 0.000000 1.000000 0.000000
vn 0.000000 1.000000 0.000000
vn 0.000000 1.000000 0.000000
vn 0.000000 1.000000 0.000000
vn 0.000000 1.000000 0.000000
vn 0.000000 1.000000 0.000000
vn 0.000000 1.000000 0.000000
vn 0.000000 1.000000 0.000000
vn 0.000000 1.000000 0.000000
vn 0.000000 1.000000 0.000000
vn 0.000000 1.000000 0.000000
vn 0.000000 1.000000 0.000000
vn 0.000000 1.000000 0.000000
vn 0.000000 1.000000 0.000000
vn 0.000000 1.000000 0.000000
vn 0.000000 1.000000 0.000000
vn 0.000000 1.000000 0.000000
vn 0.000000 1.000000 0.000000
vn 0.000000 1.000000 0.000000
vn 0.000000 1.000000 0.000000
vn 0.000000 1.000000 0.000000
vn 0.000000 1.000000 0.000000
vn 0.000000 1.000000 0.000000
vn 0.000000 1.000000 0.000000
vn 0.000000 1.000000 0.000000
vn 0.000000 1.000000 0.000000
vn 0.000000 1.000000 0.000000
vn 0.000000 1.000000 0.000000
vn 0.000000 1.000000 0.000000
vn 0.000000 1.000000 0.000000
vn 0.000000 1.000000 0.000000
vn 0.000000 1.000000 0.000000
vn 0.000000 1.000000 0.000000
vn 0.000000 1.000000 0.000000
vn 0.000000 1.000000 0.000000
vn 0.000000 1.000000 0.000000
vn 0.000000 1.000000 0.000000
vn 0.000000 1.000000 0.000000
vn 0.000000 1.000000 0.000000
vn 0.000000 1.000000 0.000000
vn 0.000000 1.000000 0.000000
vn 0.000000 1.000000 0.000000
vn 0.000000 1.000000 0.000000
vn 0.000000 1.000000 0.000000
vn 0.000000 1.000000 0.000000
vn 0.000000 1.000000 0.000000
vn 0.000000 1.000000 0.000000
vn 0.000000 1.000000 0.000000
vn 0.000000 1.000000 0.000000
vn 0.000000 1.000000 0.000000
vn 0.000000 1.000000 0.000000
vn 0.000000 1.000000 0.000000
vn 0.000000 1.000000 0.000000
vn 0.000000 1.000000 0.000000
vn 0.000000 1.000000 0.000000
vn 0.000000 1.000000 0.000000
vn 0.000000 1.000000 0.000000
vn 0.000000 1.000000 0.000000
vn 0.000000 1.000000 0.000000
vn 0.000000 1.000000 0.000000
vn 0.000000 1.000000 0.000000
vn 0.000000 1.000000 0.000000
vn 0.000000 1.000000 0.000000
vn 0.000000 1.000000 0.000000
vn 0.000000 1.000000 0.000000
vn 0.000000 1.000000 0.000000
vn 0.000000 1.000000 0.000000
vn 0.000000 1.000000 0.000000
vn 0.000000 1.000000 0.000000
vn 0.000000 1.000000 0.000000
vn 0.000000 1.000000 0.000000
vn 0.000000 1.000000 0.000000
vn 0.000000 1.000000 0.000000
vn 0.000000 1.000000 0.000000
vn 0.000000 1.000000 0.000000
vn 0.000000 1.000000 0.000000
vn 0.000000 1.000000 0.000000
vn 0.000000 1.000000 0.000000
vn 0.000000 1.000000 0.000000
vn 0.000000 1.000000 0.000000
vn 0.000000 1.000000 0.000000
vn 0.000000 1.000000 0.000000
vn 0.000000 1.000000 0.000000
vn 0.000000 1.000000 0.000000
vn 0.000000 1.000000 0.000000
vn 0.000000 1.000000 0.000000
vn 0.000000 1.000000 0.000000
vn 0.000000 1.000000 0.000000
vn 0.000000 1.000000 0.000000
vn 0.000000 1.000000 0.000000
vn 0.000000 1.000000 0.000000
vn 0.000000 1.000000 0.000000
vn 0.000000 1.000000 0.000000
vn 0.000000 1.000000 0.000000
vn 0.000000 1.000000 0.000000
vn 0.000000 1.000000 0.000000
vn 0.000000 1.000000 0.000000
vn 0.000000 1.000000 0.000000
vn 0.000000 1.000000 0.000000
vn 0.000000 1.000000 0.000000
vn 0.000000 1.000000 0.000000
vn 0.000000 1.000000 0.000000
vn 0.000000 1.000000 0.000000
vn 0.000000 1.000000 0.000000
vn 0.000000 1.000000 0.000000
vn 0.000000 1.000000 0.000000
vn 0.000000 1.000000 0.000000
vn 0.000000 1.000000 0.000000
vn 0.000000 1.000000 0.000000
vn 0.000000 1.000000 0.000000
vn 0.000000 1.000000 0.000000
vn 0.000000 1.000000 0.000000
vn 0.000000 1.000000 0.000000
vn 0.000000 1.000000 0.000000
vn 0.000000 1.000000 0.000000
vn 0.000000 1.000000 0.000000
vn 0.000000 1.000000 0.000000
vn 0.000000 1.000000 0.000000
vn 0.000000 1.000000 0.000000
vn 0.000000 1.000000 0.000000
vn 0.000000 1.000000 0.000000
vn 0.000000 1.000000 0.000000
vn 0.000000 1.000000 0.000000
vn 0.000000 1.000000 0.000000
vn 0.000000 1.000000 0.000000
vn 0.000000 1.000000 0.000000
vn 0.000000 1.000000 0.000000
vn 0.000000 1.000000 0.000000
vn 0.000000 1.000000 0.000000
vn 0.000000 1.000000 0.000000
vn 0.000000 1.000000 0.000000
vn 0.000000 1.000000 0.000000
vn 0.000000 1.000000 0.000000
vn 0.000000 1.000000 0.000000
vn 0.000000 1.000000 0.000000
vn 0.000000 1.000000 0.000000
vn 0.000000 1.000000 0.000000
vn 0.000000 1.000000 0.000000
vn 0.000000 1.000000 0.000000
vn 0.000000 1.000000 0.000000
vn 0.000000 1.000000 0.000000
vn 0.000000 1.000000 0.000000
vn 0.000000 1.000000 0.000000
vn 0.000000 1.000000 0.000000
vn 0.000000 1.000000 0.000000
vn 0.000000 1.000000 0.000000
vn 0.000000 1.000000 0.000000
vn 0.000000 1.000000 0.000000
vn 0.000000 1.000000 0.000000
vn 0.000000 1.000000 0.000000
vn 0.000000 1.000000 0.000000
vn 0.000000 1.000000 0.000000
vn 0.000000 1.000000 0.000000
vn 0.000000 1.000000 0.000000
vn 0.000000 1.000000 0.000000
vn 0.000000 1.000000 0.000000
vn 0.000000 1.000000 0.000000
vn 0.000000 1.000000 0.000000
vn 0.000000 1.000000 0.000000
vn 0.000000 1.000000 0.000000
vn 0.000000 1.000000 0.000000
vn 0.000000 1.000000 0.000000
vn 0.000000 1.000000 0.000000
vn 0.000000 1.000000 0.000000
vn 0.000000 1.000000 0.000000
vn 0.000000 1.000000 0.000000
vn 0.000000 1.000000 0.000000
vn 0.000000 1.000000 0.000000
vn 0.000000 1.000000 0.000000
vn 0.000000 1.000000 0.000000
vn 0.000000 1.000000 0.000000
vn 0.000000 1.000000 0.000000
vn 0.000000 1.000000 0.000000
vn 0.000000 1.000000 0.000000
vn 0.000000 1.000000 0.000000
vn 0.000000 1.000000 0.000000
vn 0.000000 1.000000 0.000000
vn 0.000000 1.000000 0.000000
vn 0.000000 1.000000 0.000000
vn 0.000000 1.000000 0.000000
vn 0.000000 1.000000 0.000000
vn 0.000000 1.000000 0.000000
vn 0.000000 1.000000 0.000000
vn 0.000000 1.000000 0.000000
vn 0.000000 1.000000 0.000000
vn 0.000000 1.000000 0.000000
vn 0.000000 1.000000 0.000000
vn 0.000000 1.000000 0.000000
vn 0.000000 1.000000 0.000000
vn 0.000000 1.000000 0.000000
vn 0.000000 1.000000 0.000000
vn 0.000000 1.000000 0.000000
vn 0.000000 1.000000 0.000000
vn 0.000000 1.000000 0.000000
vn 0.000000 1.000000 0.000000
vn 0.000000 1.000000 0.000000
vn 0.000000 1.000000 0.000000
vn 0.000000 1.000000 0.000000
vn 0.000000 1.000000 0.000000
vn 0.000000 1.000000 0.000000
vn 0.000000 1.000000 0.000000
vn 0.000000 1.000000 0.000000
vn 0.000000 1.000000 0.000000
vn 0.000000 1.000000 0.000000
vn 0.000000 1.000000 0.000000
vn 0.000000 1.000000 0.000000
vn 0.000000 1.000000 0.000000
vn 0.000000 1.000000 0.000000
vn 0.000000 1.000000 0.000000
vn 0.000000 1.000000 0.000000
vn 0.000000 1.000000 0.000000
vn 0.000000 1.000000 0.000000
vn 0.000000 1.000000 0.000000
vn 0.000000 1.000000 0.000000
vn 0.000000 1.000000 0.000000
vn 0.000000 1.000000 0.000000
vn 0.000000 1.000000 0.000000
vn 0.000000 1.000000 0.000000
vn 0.000000 1.000000 0.000000
vn 0.000000 1.000000 0.000000
vn 0.000000 1.000000 0.000000
vn 0.000000 1.000000 0.000000
vn 0.000000 1.000000 0.000000
vn 0.000000 1.000000 0.000000
vn 0.000000 1.000000 0.000000
vn 0.000000 1.000000 0.000000
vn 0.000000 1.000000 0.000000
vn 0.000000 1.000000 0.000000
vn 0.000000 1.000000 0.000000
vn 0.000000 1.000000 0.000000
vn 0.000000 1.000000 0.000000
vn 0.000000 1.000000 0.000000
vn 0.000000 1.000000 0.000000
vn 0.000000 1.000000 0.000000
vn 0.000000 1.000000 0.000000
vn 0.000000 1.000000 0.000000
vn 0.000000 1.000000 0.000000
vn 0.000000 1.000000 0.000000
vn 0.000000 1.000000 0.000000
vn 0.000000 1.000000 0.000000
vn 0.000000 1.000000 0.000000
vn 0.000000 1.000000 0.000000
vn 0.000000 1.000000 0.000000
vn 0.000000 1.000000 0.000000
vn 0.000000 1.000000 0.000000
vn 0.000000 1.000000 0.000000
vn 0.000000 1.000000 0.000000
vn 0.000000 1.000000 0.000000
vn 0.000000 1.000000 0.000000
vn 0.000000 1.000000 0.000000
vn 0.000000 1.000000 0.000000
vn 0.000000 1.000000 0.000000
vn 0.000000 1.000000 0.000000
vn 0.000000 1.000000 0.000000
vn 0.000000 1.000000 0.000000
vn 0.000000 1.000000 0.000000
vn 0.000000 1.000000 0.000000
vn 0.000000 1.000000 0.000000
vn 0.000000 1.000000 0.000000
vn 0.000000 1.000000 0.000000
vn 0.000000 1.000000 0.000000
vn 0.000000 1.000000 0.000000
vn 0.000000 1.000000 0.000000
vn 0.000000 1.000000 0.000000
vn 0.000000 1.000000 0.000000
vn 0.000000 1.000000 0.000000
vn 0.000000 1.000000 0.000000
vn 0.000000 1.000000 0.000000
vn 0.000000 1.000000 0.000000
vn 0.000000 1.000000 0.000000
vn 0.000000 1.000000 0.000000
vn 0.000000 1.000000 0.000000
vn 0.000000 1.000000 0.000000
vn 0.000000 1.000000 0.000000
vn 0.000000 1.000000 0.000000
vn 0.000000 1.000000 0.000000
vn 0.000000 1.000000 0.000000
vn 0.000000 1.000000 0.000000
vn 0.000000 1.000000 0.000000
vn 0.000000 1.000000 0.000000
vn 0.000000 1.000000 0.000000
vn 0.000000 1.000000 0.000000
vn 0.000000 1.000000 0.000000
vn 0.000000 1.000000 0.000000
vn 0.000000 1.000000 0.000000
vn 0.000000 1.000000 0.000000
vn 0.000000 1.000000 0.000000
vn 0.000000 1.000000 0.000000
vn 0.000000 1.000000 0.000000
vn 0.000000 1.000000 0.000000
vn 0.000000 1.000000 0.000000
vn 0.000000 1.000000 0.000000
vn 0.000000 1.000000 0.000000
vn 0.000000 1.000000 0.000000
vn 0.000000 1.000000 0.000000
vn 0.000000 1.000000 0.000000
vn 0.000000 1.000000 0.000000
vn 0.000000 1.000000 0.000000
vn 0.000000 1.000000 0.000000
vn 0.000000 1.000000 0.000000
vn 0.000000 1.000000 0.000000
vn 0.000000 1.000000 0.000000
vn 0.000000 1.000000 0.000000
vn 0.000000 1.000000 0.000000
vn 0.000000 1.000000 0.000000
vn 0.000000 1.000000 0.000000
vn 0.000000 1.000000 0.000000
vn 0.000000 1.000000 0.000000
vn 0.000000 1.000000 0.000000
vn 0.000000 1.000000 0.000000
vn 0.000000 1.000000 0.000000
vn 0.000000 1.000000 0.000000
vn 0.000000 1.000000 0.000000
vn 0.000000 1.000000 0.000000
vn 0.000000 1.000000 0.000000
vn 0.000000 1.000000 0.000000
vn 0.000000 1.000000 0.000000
vn 0.000000 1.000000 0.000000
vn 0.000000 1.000000 0.000000
vn 0.000000 1.000000 0.000000
vn 0.000000 1.000000 0.000000
vn 0.000000 1.000000 0.000000
vn 0.000000 1.000000 0.000000
vn 0.000000 1.000000 0.000000
vn 0.000000 1.000000 0.000000
vn 0.000000 1.000000 0.000000
vn 0.000000 1.000000 0.000000
vn 0.000000 1.000000 0.000000
vn 0.000000 1.000000 0.000000
vn 0.000000 1.000000 0.000000
vn 0.000000 1.000000 0.000000
vn 0.000000 1.000000 0.000000
vn 0.000000 1.000000 0.000000
vn 0.000000 1.000000 0.000000
vn 0.000000 1.000000 0.000000
vn 0.000000 1.000000 0.000000
vn 0.000000 1.000000 0.000000
vn 0.000000 1.000000 0.000000
vn 0.000000 1.000000 0.000000
vn 0.000000 1.000000 0.000000
vn 0.000000 1.000000 0.000000
vn 0.000000 1.000000 0.000000
vn 0.000000 1.000000 0.000000
vn 0.000000 1.000000 0.000000
vn 0.000000 1.000000 0.000000
vn 0.000000 1.000000 0.000000
vn 0.000000 1.000000 0.000000
vn 0.000000 1.000000 0.000000
vn 0.000000 1.000000 0.000000
vn 0.000000 1.000000 0.000000
vn 0.000000 1.000000 0.000000
vn 0.000000 1.000000 0.000000
vn 0.000000 1.000000 0.000000
vn 0.000000 1.000000 0.000000
vn 0.000000 1.000000 0.000000
vn 0.000000 1.000000 0.000000
vn 0.000000 1.000000 0.000000
vn 0.000000 1.000000 0.000000
vn 0.000000 1.000000 0.000000
vn 0.000000 1.000000 0.000000
vn 0.000000 1.000000 0.000000
vn 0.000000 1.000000 0.000000
vn 0.000000 1.000000 0.000000
vn 0.000000 1.000000 0.000000
vn 0.000000 1.000000 0.000000
vn 0.000000 1.000000 0.000000
vn 0.000000 1.000000 0.000000
vn 0.000000 1.000000 0.000000
vn 0.000000 1.000000 0.000000
vn 0.000000 1.000000 0.000000
vn 0.000000 1.000000 0.000000
vn 0.000000 1.000000 0.000000
vn 0.000000 1.000000 0.000000
vn 0.000000 1.000000 0.000000
vn 0.000000 1.000000 0.000000
vn 0.000000 1.000000 0.000000
vn 0.000000 1.000000 0.000000
vn 0.000000 1.000000 0.000000
vn 0.000000 1.000000 0.000000
vn 0.000000 1.000000 0.000000
vn 0.000000 1.000000 0.000000
vn 0.000000 1.000000 0.000000
vn 0.000000 1.000000 0.000000
vn 0.000000 1.000000 0.000000
vn 0.000000 1.000000 0.000000
vn 0.000000 1.000000 0.000000
vn 0.000000 1.000000 0.000000
vn 0.000000 1.000000 0.000000
vn 0.000000 1.000000 0.000000
vn 0.000000 1.000000 0.000000
vn 0.000000 1.000000 0.000000
vn 0.000000 1.000000 0.000000
vn 0.000000 1.000000 0.000000
vn 0.000000 1.000000 0.000000
vn 0.000000 1.000000 0.000000
vn 0.000000 1.000000 0.000000
vn 0.000000 1.000000 0.000000
vn 0.000000 1.000000 0.000000
vn 0.000000 1.000000 0.000000
vn 0.000000 1.000000 0.000000
vn 0.000000 1.000000 0.000000
vn 0.000000 1.000000 0.000000
vn 0.000000 1.000000 0.000000
vn 0.000000 1.000000 0.000000
vn 0.000000 1.000000 0.000000
vn 0.000000 1.000000 0.000000
vn 0.000000 1.000000 0.000000
vn 0.000000 1.000000 0.000000
vn 0.000000 1.000000 0.000000
vn 0.000000 1.000000 0.000000
vn 0.000000 1.000000 0.000000
vn 0.000000 1.000000 0.000000
vn 0.000000 1.000000 0.000000
vn 0.000000 1.000000 0.000000
vn 0.000000 1.000000 0.000000
vn 0.000000 1.000000 0.000000
vn 0.000000 1.000000 0.000000
vn 0.000000 1.000000 0.000000
vn 0.000000 1.000000 0.000000
vn 0.000000 1.000000 0.000000
vn 0.000000 1.000000 0.000000
vn 0.000000 1.000000 0.000000
vn 0.000000 1.000000 0.000000
vn 0.000000 1.000000 0.000000
vn 0.000000 1.000000 0.000000
vn 0.000000 1.000000 0.000000
vn 0.000000 1.000000 0.000000
vn 0.000000 1.000000 0.000000
vn 0.000000 1.000000 0.000000
vn 0.000000 1.000000 0.000000
vn 0.000000 1.000000 0.000000
vn 0.000000 1.000000 0.000000
vn 0.000000 1.000000 0.000000
vn 0.000000 1.000000 0.000000
vn 0.000000 1.000000 0.000000
vn 0.000000 1.000000 0.000000
vn 0.000000 1.000000 0.000000
vn 0.000000 1.000000 0.000000
vn 0.000000 1.000000 0.000000
vn 0.000000 1.000000 0.000000
vn 0.000000 1.000000 0.000000
vn 0.000000 1.000000 0.000000
vn 0.000000 1.000000 0.000000
vn 0.000000 1.000000 0.000000
vn 0.000000 1.000000 0.000000
vn 0.000000 1.000000 0.000000
vn 0.000000 1.000000 0.000000
vn 0.000000 1.000000 0.000000
vn 0.000000 1.000000 0.000000
vn 0.000000 1.000000 0.000000
vn 0.000000 1.000000 0.000000
vn 0.000000 1.000000 0.000000
vn 0.000000 1.000000 0.000000
vn 0.000000 1.000000 0.000000
vn 0.000000 1.000000 0.000000
vn 0.000000 1.000000 0.000000
vn 0.000000 1.000000 0.000000
vn 0.000000 1.000000 0.000000
vn 0.000000 1.000000 0.000000
vn 0.000000 1.000000 0.000000
vn 0.000000 1.000000 0.000000
vn 0.000000 1.000000 0.000000
vn 0.000000 1.000000 0.000000
vn 0.000000 1.000000 0.000000
vn 0.000000 1.000000 0.000000
vn 0.000000 1.000000 0.000000
vn 0.000000 1.000000 0.000000
vn 0.000000 1.000000 0.000000
vn 0.000000 1.000000 0.000000
vn 0.000000 1.000000 0.000000
vn 0.000000 1.000000 0.000000
vn 0.000000 1.000000 0.000000
vn 0.000000 1.000000 0.000000
vn 0.000000 1.000000 0.000000
vn 0.000000 1.000000 0.000000
vn 0.000000 1.000000 0.000000
vn 0.000000 1.000000 0.000000
vn 0.000000 1.000000 0.000000
vn 0.000000 1.000000 0.000000
vn 0.000000 1.000000 0.000000
vn 0.000000 1.000000 0.000000
vn 0.000000 1.000000 0.000000
vn 0.000000 1.000000 0.000000
vn 0.000000 1.000000 0.000000
vn 0.000000 1.000000 0.000000
vn 0.000000 1.000000 0.000000
vn 0.000000 1.000000 0.000000
vn 0.000000 1.000000 0.000000
vn 0.000000 1.000000 0.000000
vn 0.000000 1.000000 0.000000
vn 0.000000 1.000000 0.000000
vn 0.000000 1.000000 0.000000
vn 0.000000 1.000000 0.000000
vn 0.000000 1.000000 0.000000
vn 0.000000 1.000000 0.000000
vn 0.000000 1.000000 0.000000
vn 0.000000 1.000000 0.000000
vn 0.000000 1.000000 0.000000
vn 0.000000 1.000000 0.000000
vn 0.000000 1.000000 0.000000
vn 0.000000 1.000000 0.000000
vn 0.000000 1.000000 0.000000
vn 0.000000 1.000000 0.000000
vn 0.000000 1.000000 0.000000
vn 0.000000 1.000000 0.000000
vn 0.000000 1.000000 0.000000
vn 0.000000 1.000000 0.000000
vn 0.000000 1.000000 0.000000
vn 0.000000 1.000000 0.000000
vn 0.000000 1.000000 0.000000
vn 0.000000 1.000000 0.000000
vn 0.000000 1.000000 0.000000
vn 0.000000 1.000000 0.000000
vn 0.000000 1.000000 0.000000
vn 0.000000 1.000000 0.000000
vn 0.000000 1.000000 0.000000
vn 0.000000 1.000000 0.000000
vn 0.000000 1.000000 0.000000
vn 0.000000 1.000000 0.000000
vn 0.000000 1.000000 0.000000
vn 0.000000 1.000000 0.000000
vn 0.000000 1.000000 0.000000
vn 0.000000 1.000000 0.000000
vn 0.000000 1.000000 0.000000
vn 0.000000 1.000000 0.000000
vn 0.000000 1.000000 0.000000
vn 0.000000 1.000000 0.000000
vn 0.000000 1.000000 0.000000
vn 0.000000 1.000000 0.000000
vn 0.000000 1.000000 0.000000
vn 0.000000 1.000000 0.000000
vn 0.000000 1.000000 0.000000
vn 0.000000 1.000000 0.000000
vn 0.000000 1.000000 0.000000
vn 0.000000 1.000000 0.000000
vn 0.000000 1.000000 0.000000
vn 0.000000 1.000000 0.000000
vn 0.000000 1.000000 0.000000
vn 0.000000 1.000000 0.000000
vn 0.000000 1.000000 0.000000
vn 0.000000 1.000000 0.000000
vn 0.000000 1.000000 0.000000
vn 0.000000 1.000000 0.000000
vn 0.000000 1.000000 0.000000
vn 0.000000 1.000000 0.000000
vn 0.000000 1.000000 0.000000
vn 0.000000 1.000000 0.000000
vn 0.000000 1.000000 0.000000
vn 0.000000 1.000000 0.000000
vn 0.000000 1.000000 0.000000
vn 0.000000 1.000000 0.000000
vn 0.000000 1.000000 0.000000
vn 0.000000 1.000000 0.000000
vn 0.000000 1.000000 0.000000
vn 0.000000 1.000000 0.000000
vn 0.000000 1.000000 0.000000
vn 0.000000 1.000000 0.000000
vn 0.000000 1.000000 0.000000
vn 0.000000 1.000000 0.000000
vn 0.000000 1.000000 0.000000
vn 0.000000 1.000000 0.000000
vn 0.000000 1.000000 0.000000
vn 0.000000 1.000000 0.000000
vn 0.000000 1.000000 0.000000
vn 0.000000 1.000000 0.000000
vn 0.000000 1.000000 0.000000
vn 0.000000 1.000000 0.000000
vn 0.000000 1.000000 0.000000
vn 0.000000 1.000000 0.000000
vn 0.000000 1.000000 0.000000
vn 0.000000 1.000000 0.000000
vn 0.000000 1.000000 0.000000
vn 0.000000 1.000000 0.000000
vn 0.000000 1.000000 0.000000
vn 0.000000 1.000000 0.000000
vn 0.000000 1.000000 0.000000
vn 0.000000 1.000000 0.000000
vn 0.000000 1.000000 0.000000
vn 0.000000 1.000000 0.000000
vn 0.000000 1.000000 0.000000
vn 0.000000 1.000000 0.000000
vn 0.000000 1.000000 0.000000
vn 0.000000 1.000000 0.000000
vn 0.000000 1.000000 0.000000
vn 0.000000 1.000000 0.000000
vn 0.000000 1.000000 0.000000
vn 0.000000 1.000000 0.000000
vn 0.000000 1.000000 0.000000
vn 0.000000 1.000000 0.000000
vn 0.000000 1.000000 0.000000
vn 0.000000 1.000000 0.000000
vn 0.000000 1.000000 0.000000
vn 0.000000 1.000000 0.000000
vn 0.000000 1.000000 0.000000
vn 0.000000 1.000000 0.000000
vn 0.000000 1.000000 0.000000
vn 0.000000 1.000000 0.000000
vn 0.000000 1.000000 0.000000
vn 0.000000 1.000000 0.000000
vn 0.000000 1.000000 0.000000
vn 0.000000 1.000000 0.000000
vn 0.000000 1.000000 0.000000
vn 0.000000 1.000000 0.000000
vn 0.000000 1.000000 0.000000
vn 0.000000 1.000000 0.000000
vn 0.000000 1.000000 0.000000
vn 0.000000 1.000000 0.000000
vn 0.000000 1.000000 0.000000
vn 0.000000 1.000000 0.000000
vn 0.000000 1.000000 0.000000
vn 0.000000 1.000000 0.000000
vn 0.000000 1.000000 0.000000
vn 0.000000 1.000000 0.000000
vn 0.000000 1.000000 0.000000
vn 0.000000 1.000000 0.000000
vn 0.000000 1.000000 0.000000
vn 0.000000 1.000000 0.000000
usemtl Steel_-_Satin
f 2/1/1 3/2/2 1/3/3
f 1/3/3 3/2/2 443/4/4
f 443/4/4 3/2/2 4/5/5
f 443/4/4 4/5/5 442/6/6
f 442/6/6 4/5/5 5/7/7
f 442/6/6 5/7/7 441/8/8
f 441/8/8 5/7/7 6/9/9
f 441/8/8 6/9/9 638/10/10
f 638/10/10 6/9/9 637/11/11
f 638/10/10 637/11/11 931/12/12
f 931/12/12 637/11/11 930/13/13
f 931/12/12 930/13/13 1030/14/14
f 1030/14/14 930/13/13 1029/15/15
f 1030/14/14 1029/15/15 1129/16/16
f 1129/16/16 1029/15/15 1128/17/17
f 1129/16/16 1128/17/17 1228/18/18
f 1228/18/18 1128/17/17 1227/19/19
f 1228/18/18 1227/19/19 1327/20/20
f 1327/20/20 1227/19/19 1326/21/21
f 1327/20/20 1326/21/21 1426/22/22
f 1426/22/22 1326/21/21 1425/23/23
f 1426/22/22 1425/23/23 1525/24/24
f 1525/24/24 1425/23/23 1524/25/25
f 1525/24/24 1524/25/25 1622/26/26
f 1622/26/26 1524/25/25 1621/27/27
f 1622/26/26 1621/27/27 1765/28/28
f 1765/28/28 1621/27/27 1764/29/29
f 1765/28/28 1764/29/29 1839/30/30
f 1839/30/30 1764/29/29 1838/31/31
f 1839/30/30 1838/31/31 1911/32/32
f 1911/32/32 1838/31/31 1910/33/33
f 1911/32/32 1910/33/33 1983/34/34
f 1983/34/34 1910/33/33 1982/35/35
f 1983/34/34 1982/35/35 424/36/36
f 424/36/36 1982/35/35 423/37/37
f 423/37/37 1982/35/35 1981/38/38
f 423/37/37 1981/38/38 422/39/39
f 422/39/39 1981/38/38 1980/40/40
f 422/39/39 1980/40/40 421/41/41
f 421/41/41 1980/40/40 1979/42/42
f 421/41/41 1979/42/42 420/43/43
f 420/43/43 1979/42/42 1978/44/44
f 420/43/43 1978/44/44 419/45/45
f 419/45/45 1978/44/44 1977/46/46
f 419/45/45 1977/46/46 418/47/47
f 418/47/47 1977/46/46 1976/48/48
f 418/47/47 1976/48/48 417/49/49
f 417/49/49 1976/48/48 1975/50/50
f 417/49/49 1975/50/50 416/51/51
f 416/51/51 1975/50/50 1974/52/52
f 416/51/51 1974/52/52 415/53/53
f 415/53/53 1974/52/52 1973/54/54
f 415/53/53 1973/54/54 414/55/55
f 414/55/55 1973/54/54 1972/56/56
f 414/55/55 1972/56/56 413/57/57
f 413/57/57 1972/56/56 1971/58/58
f 413/57/57 1971/58/58 412/59/59
f 412/59/59 1971/58/58 1970/60/60
f 412/59/59 1970/60/60 411/61/61
f 411/61/61 1970/60/60 1969/62/62
f 411/61/61 1969/62/62 410/63/63
f 410/63/63 1969/62/62 1968/64/64
f 410/63/63 1968/64/64 409/65/65
f 409/65/65 1968/64/64 1967/66/66
f 409/65/65 1967/66/66 408/67/67
f 408/67/67 1967/66/66 1966/68/68
f 408/67/67 1966/68/68 407/69/69
f 407/69/69 1966/68/68 1965/70/70
f 407/69/69 1965/70/70 406/71/71
f 406/71/71 1965/70/70 1964/72/72
f 406/71/71 1964/72/72 405/73/73
f 405/73/73 1964/72/72 1963/74/74
f 405/73/73 1963/74/74 404/75/75
f 404/75/75 1963/74/74 1962/76/76
f 404/75/75 1962/76/76 403/77/77
f 403/77/77 1962/76/76 1961/78/78
f 403/77/77 1961/78/78 402/79/79
f 402/79/79 1961/78/78 1960/80/80
f 402/79/79 1960/80/80 401/81/81
f 401/81/81 1960/80/80 1959/82/82
f 401/81/81 1959/82/82 400/83/83
f 400/83/83 1959/82/82 1958/84/84
f 400/83/83 1958/84/84 399/85/85
f 399/85/85 1958/84/84 1957/86/86
f 399/85/85 1957/86/86 398/87/87
f 398/87/87 1957/86/86 1956/88/88
f 398/87/87 1956/88/88 397/89/89
f 397/89/89 1956/88/88 1955/90/90
f 397/89/89 1955/90/90 396/91/91
f 396/91/91 1955/90/90 1954/92/92
f 396/91/91 1954/92/92 395/93/93
f 395/93/93 1954/92/92 1953/94/94
f 395/93/93 1953/94/94 394/95/95
f 394/95/95 1953/94/94 1952/96/96
f 394/95/95 1952/96/96 393/97/97
f 393/97/97 1952/96/96 1951/98/98
f 393/97/97 1951/98/98 392/99/99
f 392/99/99 1951/98/98 1950/100/100
f 392/99/99 1950/100/100 391/101/101
f 391/101/101 1950/100/100 1949/102/102
f 391/101/101 1949/102/102 390/103/103
f 390/103/103 1949/102/102 1948/104/104
f 390/103/103 1948/104/104 389/105/105
f 389/105/105 1948/104/104 1947/106/106
f 389/105/105 1947/106/106 388/107/107
f 388/107/107 1947/106/106 1946/108/108
f 388/107/107 1946/108/108 387/109/109
f 387/109/109 1946/108/108 1945/110/110
f 387/109/109 1945/110/110 386/111/111
f 386/111/111 1945/110/110 1944/112/112
f 386/111/111 1944/112/112 385/113/113
f 385/113/113 1944/112/112 1943/114/114
f 385/113/113 1943/114/114 384/115/115
f 384/115/115 1943/114/114 1942/116/116
f 384/115/115 1942/116/116 383/117/117
f 383/117/117 1942/116/116 1941/118/118
f 383/117/117 1941/118/118 382/119/119
f 382/119/119 1941/118/118 1940/120/120
f 382/119/119 1940/120/120 381/121/121
f 381/121/121 1940/120/120 1939/122/122
f 381/121/121 1939/122/122 380/123/123
f 380/123/123 1939/122/122 1938/124/124
f 380/123/123 1938/124/124 379/125/125
f 379/125/125 1938/124/124 1937/126/126
f 379/125/125 1937/126/126 378/127/127
f 378/127/127 1937/126/126 1936/128/128
f 378/127/127 1936/128/128 377/129/129
f 377/129/129 1936/128/128 1935/130/130
f 377/129/129 1935/130/130 376/131/131
f 376/131/131 1935/130/130 1934/132/132
f 376/131/131 1934/132/132 375/133/133
f 375/133/133 1934/132/132 1933/134/134
f 375/133/133 1933/134/134 374/135/135
f 374/135/135 1933/134/134 1932/136/136
f 374/135/135 1932/136/136 373/137/137
f 373/137/137 1932/136/136 1931/138/138
f 373/137/137 1931/138/138 372/139/139
f 372/139/139 1931/138/138 1930/140/140
f 372/139/139 1930/140/140 371/141/141
f 371/141/141 1930/140/140 1929/142/142
f 371/141/141 1929/142/142 370/143/143
f 370/143/143 1929/142/142 1928/144/144
f 370/143/143 1928/144/144 369/145/145
f 369/145/145 1928/144/144 1927/146/146
f 369/145/145 1927/146/146 368/147/147
f 368/147/147 1927/146/146 1926/148/148
f 368/147/147 1926/148/148 367/149/149
f 367/149/149 1926/148/148 1925/150/150
f 367/149/149 1925/150/150 366/151/151
f 366/151/151 1925/150/150 1924/152/152
f 366/151/151 1924/152/152 365/153/153
f 365/153/153 1924/152/152 1923/154/154
f 365/153/153 1923/154/154 364/155/155
f 364/155/155 1923/154/154 1922/156/156
f 364/155/155 1922/156/156 363/157/157
f 363/157/157 1922/156/156 1921/158/158
f 363/157/157 1921/158/158 362/159/159
f 362/159/159 1921/158/158 1920/160/160
f 362/159/159 1920/160/160 361/161/161
f 361/161/161 1920/160/160 1919/162/162
f 361/161/161 1919/162/162 360/163/163
f 360/163/163 1919/162/162 1918/164/164
f 360/163/163 1918/164/164 359/165/165
f 359/165/165 1918/164/164 1917/166/166
f 359/165/165 1917/166/166 358/167/167
f 358/167/167 1917/166/166 1916/168/168
f 358/167/167 1916/168/168 357/169/169
f 357/169/169 1916/168/168 1915/170/170
f 357/169/169 1915/170/170 356/171/171
f 356/171/171 1915/170/170 1914/172/172
f 356/171/171 1914/172/172 355/173/173
f 355/173/173 1914/172/172 351/174/174
f 355/173/173 351/174/174 354/175/175
f 354/175/175 351/174/174 352/176/176
f 354/175/175 352/176/176 353/177/177
f 6/9/9 7/178/178 637/11/11
f 637/11/11 7/178/178 636/179/179
f 637/11/11 636/179/179 930/13/13
f 930/13/13 636/179/179 929/180/180
f 930/13/13 929/180/180 1029/15/15
f 1029/15/15 929/180/180 1028/181/181
f 1029/15/15 1028/181/181 1128/17/17
f 1128/17/17 1028/181/181 1127/182/182
f 1128/17/17 1127/182/182 1227/19/19
f 1227/19/19 1127/182/182 1226/183/183
f 1227/19/19 1226/183/183 1326/21/21
f 1326/21/21 1226/183/183 1325/184/184
f 1326/21/21 1325/184/184 1425/23/23
f 1425/23/23 1325/184/184 1424/185/185
f 1425/23/23 1424/185/185 1524/25/25
f 1524/25/25 1424/185/185 1523/186/186
f 1524/25/25 1523/186/186 1621/27/27
f 1621/27/27 1523/186/186 1620/187/187
f 1621/27/27 1620/187/187 1764/29/29
f 1764/29/29 1620/187/187 1763/188/188
f 1764/29/29 1763/188/188 1838/31/31
f 1838/31/31 1763/188/188 1837/189/189
f 1838/31/31 1837/189/189 1910/33/33
f 1910/33/33 1837/189/189 1909/190/190
f 1910/33/33 1909/190/190 1982/35/35
f 1982/35/35 1909/190/190 1981/38/38
f 7/178/178 8/191/191 636/179/179
f 636/179/179 8/191/191 635/192/192
f 636/179/179 635/192/192 929/180/180
f 929/180/180 635/192/192 928/193/193
f 929/180/180 928/193/193 1028/181/181
f 1028/181/181 928/193/193 1027/194/194
f 1028/181/181 1027/194/194 1127/182/182
f 1127/182/182 1027/194/194 1126/195/195
f 1127/182/182 1126/195/195 1226/183/183
f 1226/183/183 1126/195/195 1225/196/196
f 1226/183/183 1225/196/196 1325/184/184
f 1325/184/184 1225/196/196 1324/197/197
f 1325/184/184 1324/197/197 1424/185/185
f 1424/185/185 1324/197/197 1423/198/198
f 1424/185/185 1423/198/198 1523/186/186
f 1523/186/186 1423/198/198 1522/199/199
f 1523/186/186 1522/199/199 1620/187/187
f 1620/187/187 1522/199/199 1619/200/200
f 1620/187/187 1619/200/200 1763/188/188
f 1763/188/188 1619/200/200 1762/201/201
f 1763/188/188 1762/201/201 1837/189/189
f 1837/189/189 1762/201/201 1836/202/202
f 1837/189/189 1836/202/202 1909/190/190
f 1909/190/190 1836/202/202 1908/203/203
f 1909/190/190 1908/203/203 1981/38/38
f 1981/38/38 1908/203/203 1980/40/40
f 8/191/191 9/204/204 635/192/192
f 635/192/192 9/204/204 634/205/205
f 635/192/192 634/205/205 928/193/193
f 928/193/193 634/205/205 927/206/206
f 928/193/193 927/206/206 1027/194/194
f 1027/194/194 927/206/206 1026/207/207
f 1027/194/194 1026/207/207 1126/195/195
f 1126/195/195 1026/207/207 1125/208/208
f 1126/195/195 1125/208/208 1225/196/196
f 1225/196/196 1125/208/208 1224/209/209
f 1225/196/196 1224/209/209 1324/197/197
f 1324/197/197 1224/209/209 1323/210/210
f 1324/197/197 1323/210/210 1423/198/198
f 1423/198/198 1323/210/210 1422/211/211
f 1423/198/198 1422/211/211 1522/199/199
f 1522/199/199 1422/211/211 1521/212/212
f 1522/199/199 1521/212/212 1619/200/200
f 1619/200/200 1521/212/212 1618/213/213
f 1619/200/200 1618/213/213 1762/201/201
f 1762/201/201 1618/213/213 1761/214/214
f 1762/201/201 1761/214/214 1836/202/202
f 1836/202/202 1761/214/214 1835/215/215
f 1836/202/202 1835/215/215 1908/203/203
f 1908/203/203 1835/215/215 1907/216/216
f 1908/203/203 1907/216/216 1980/40/40
f 1980/40/40 1907/216/216 1979/42/42
f 10/217/217 27/218/218 9/204/204
f 9/204/204 27/218/218 445/219/219
f 9/204/204 445/219/219 634/205/205
f 634/205/205 445/219/219 446/220/220
f 634/205/205 446/220/220 633/221/221
f 633/221/221 446/220/220 447/222/222
f 633/221/221 447/222/222 632/223/223
f 632/223/223 447/222/222 448/224/224
f 632/223/223 448/224/224 631/225/225
f 631/225/225 448/224/224 449/226/226
f 631/225/225 449/226/226 630/227/227
f 630/227/227 449/226/226 450/228/228
f 630/227/227 450/228/228 629/229/229
f 629/229/229 450/228/228 451/230/230
f 629/229/229 451/230/230 628/231/231
f 628/231/231 451/230/230 452/232/232
f 628/231/231 452/232/232 627/233/233
f 627/233/233 452/232/232 453/234/234
f 627/233/233 453/234/234 626/235/235
f 626/235/235 453/234/234 454/236/236
f 626/235/235 454/236/236 625/237/237
f 625/237/237 454/236/236 455/238/238
f 625/237/237 455/238/238 624/239/239
f 624/239/239 455/238/238 456/240/240
f 624/239/239 456/240/240 623/241/241
f 623/241/241 456/240/240 457/242/242
f 623/241/241 457/242/242 622/243/243
f 622/243/243 457/242/242 458/244/244
f 622/243/243 458/244/244 621/245/245
f 621/245/245 458/244/244 459/246/246
f 621/245/245 459/246/246 620/247/247
f 620/247/247 459/246/246 460/248/248
f 620/247/247 460/248/248 619/249/249
f 619/249/249 460/248/248 461/250/250
f 619/249/249 461/250/250 618/251/251
f 618/251/251 461/250/250 462/252/252
f 618/251/251 462/252/252 617/253/253
f 617/253/253 462/252/252 463/254/254
f 617/253/253 463/254/254 616/255/255
f 616/255/255 463/254/254 464/256/256
f 616/255/255 464/256/256 615/257/257
f 615/257/257 464/256/256 465/258/258
f 615/257/257 465/258/258 614/259/259
f 614/259/259 465/258/258 466/260/260
f 614/259/259 466/260/260 613/261/261
f 613/261/261 466/260/260 467/262/262
f 613/261/261 467/262/262 612/263/263
f 612/263/263 467/262/262 468/264/264
f 612/263/263 468/264/264 611/265/265
f 611/265/265 468/264/264 469/266/266
f 611/265/265 469/266/266 610/267/267
f 610/267/267 469/266/266 470/268/268
f 610/267/267 470/268/268 609/269/269
f 609/269/269 470/268/268 471/270/270
f 609/269/269 471/270/270 608/271/271
f 608/271/271 471/270/270 472/272/272
f 608/271/271 472/272/272 607/273/273
f 607/273/273 472/272/272 473/274/274
f 607/273/273 473/274/274 606/275/275
f 606/275/275 473/274/274 474/276/276
f 606/275/275 474/276/276 605/277/277
f 605/277/277 474/276/276 475/278/278
f 605/277/277 475/278/278 604/279/279
f 604/279/279 475/278/278 476/280/280
f 604/279/279 476/280/280 603/281/281
f 603/281/281 476/280/280 477/282/282
f 603/281/281 477/282/282 602/283/283
f 602/283/283 477/282/282 478/284/284
f 602/283/283 478/284/284 601/285/285
f 601/285/285 478/284/284 479/286/286
f 601/285/285 479/286/286 600/287/287
f 600/287/287 479/286/286 480/288/288
f 600/287/287 480/288/288 599/289/289
f 599/289/289 480/288/288 481/290/290
f 599/289/289 481/290/290 598/291/291
f 598/291/291 481/290/290 482/292/292
f 598/291/291 482/292/292 597/293/293
f 597/293/293 482/292/292 483/294/294
f 597/293/293 483/294/294 596/295/295
f 596/295/295 483/294/294 484/296/296
f 596/295/295 484/296/296 595/297/297
f 595/297/297 484/296/296 485/298/298
f 595/297/297 485/298/298 594/299/299
f 594/299/299 485/298/298 486/300/300
f 594/299/299 486/300/300 593/301/301
f 593/301/301 486/300/300 487/302/302
f 593/301/301 487/302/302 592/303/303
f 592/303/303 487/302/302 488/304/304
f 592/303/303 488/304/304 591/305/305
f 591/305/305 488/304/304 489/306/306
f 591/305/305 489/306/306 590/307/307
f 590/307/307 489/306/306 490/308/308
f 590/307/307 490/308/308 589/309/309
f 589/309/309 490/308/308 491/310/310
f 589/309/309 491/310/310 588/311/311
f 588/311/311 491/310/310 492/312/312
f 588/311/311 492/312/312 587/313/313
f 587/313/313 492/312/312 493/314/314
f 587/313/313 493/314/314 586/315/315
f 586/315/315 493/314/314 494/316/316
f 586/315/315 494/316/316 585/317/317
f 585/317/317 494/316/316 495/318/318
f 585/317/317 495/318/318 584/319/319
f 584/319/319 495/318/318 496/320/320
f 584/319/319 496/320/320 583/321/321
f 583/321/321 496/320/320 497/322/322
f 583/321/321 497/322/322 582/323/323
f 582/323/323 497/322/322 498/324/324
f 582/323/323 498/324/324 581/325/325
f 581/325/325 498/324/324 499/326/326
f 581/325/325 499/326/326 580/327/327
f 580/327/327 499/326/326 500/328/328
f 580/327/327 500/328/328 579/329/329
f 579/329/329 500/328/328 501/330/330
f 579/329/329 501/330/330 578/331/331
f 578/331/331 501/330/330 502/332/332
f 578/331/331 502/332/332 577/333/333
f 577/333/333 502/332/332 503/334/334
f 577/333/333 503/334/334 576/335/335
f 576/335/335 503/334/334 504/336/336
f 576/335/335 504/336/336 575/337/337
f 575/337/337 504/336/336 505/338/338
f 575/337/337 505/338/338 574/339/339
f 574/339/339 505/338/338 506/340/340
f 574/339/339 506/340/340 573/341/341
f 573/341/341 506/340/340 507/342/342
f 573/341/341 507/342/342 572/343/343
f 572/343/343 507/342/342 508/344/344
f 572/343/343 508/344/344 571/345/345
f 571/345/345 508/344/344 509/346/346
f 571/345/345 509/346/346 570/347/347
f 570/347/347 509/346/346 510/348/348
f 570/347/347 510/348/348 569/349/349
f 569/349/349 510/348/348 511/350/350
f 569/349/349 511/350/350 568/351/351
f 568/351/351 511/350/350 512/352/352
f 568/351/351 512/352/352 567/353/353
f 567/353/353 512/352/352 513/354/354
f 567/353/353 513/354/354 566/355/355
f 566/355/355 513/354/354 514/356/356
f 566/355/355 514/356/356 565/357/357
f 565/357/357 514/356/356 515/358/358
f 565/357/357 515/358/358 564/359/359
f 564/359/359 515/358/358 516/360/360
f 564/359/359 516/360/360 563/361/361
f 563/361/361 516/360/360 517/362/362
f 563/361/361 517/362/362 562/363/363
f 562/363/363 517/362/362 518/364/364
f 562/363/363 518/364/364 561/365/365
f 561/365/365 518/364/364 519/366/366
f 561/365/365 519/366/366 560/367/367
f 560/367/367 519/366/366 520/368/368
f 560/367/367 520/368/368 559/369/369
f 559/369/369 520/368/368 521/370/370
f 559/369/369 521/370/370 558/371/371
f 558/371/371 521/370/370 522/372/372
f 558/371/371 522/372/372 557/373/373
f 557/373/373 522/372/372 523/374/374
f 557/373/373 523/374/374 556/375/375
f 556/375/375 523/374/374 524/376/376
f 556/375/375 524/376/376 555/377/377
f 555/377/377 524/376/376 525/378/378
f 555/377/377 525/378/378 554/379/379
f 554/379/379 525/378/378 526/380/380
f 554/379/379 526/380/380 553/381/381
f 553/381/381 526/380/380 527/382/382
f 553/381/381 527/382/382 552/383/383
f 552/383/383 527/382/382 528/384/384
f 552/383/383 528/384/384 551/385/385
f 551/385/385 528/384/384 529/386/386
f 551/385/385 529/386/386 550/387/387
f 550/387/387 529/386/386 530/388/388
f 550/387/387 530/388/388 549/389/389
f 549/389/389 530/388/388 531/390/390
f 549/389/389 531/390/390 548/391/391
f 548/391/391 531/390/390 532/392/392
f 548/391/391 532/392/392 547/393/393
f 547/393/393 532/392/392 533/394/394
f 547/393/393 533/394/394 546/395/395
f 546/395/395 533/394/394 534/396/396
f 546/395/395 534/396/396 545/397/397
f 545/397/397 534/396/396 535/398/398
f 545/397/397 535/398/398 544/399/399
f 544/399/399 535/398/398 536/400/400
f 544/399/399 536/400/400 543/401/401
f 543/401/401 536/400/400 537/402/402
f 543/401/401 537/402/402 542/403/403
f 542/403/403 537/402/402 538/404/404
f 542/403/403 538/404/404 541/405/405
f 541/405/405 538/404/404 539/406/406
f 541/405/405 539/406/406 540/407/407
f 540/407/407 539/406/406 128/408/408
f 540/407/407 128/408/408 129/409/409
f 11/410/410 643/411/411 10/217/217
f 10/217/217 643/411/411 644/412/412
f 10/217/217 644/412/412 26/413/413
f 26/413/413 644/412/412 25/414/414
f 25/414/414 644/412/412 24/415/415
f 24/415/415 644/412/412 643/411/411
f 24/415/415 643/411/411 23/416/416
f 23/416/416 643/411/411 642/417/417
f 23/416/416 642/417/417 22/418/418
f 22/418/418 642/417/417 641/419/419
f 22/418/418 641/419/419 21/420/420
f 21/420/420 641/419/419 640/421/421
f 21/420/420 640/421/421 20/422/422
f 20/422/422 640/421/421 639/423/423
f 20/422/422 639/423/423 19/424/424
f 19/424/424 639/423/423 17/425/425
f 19/424/424 17/425/425 18/426/426
f 643/411/411 11/410/410 642/417/417
f 642/417/417 11/410/410 12/427/427
f 642/417/417 12/427/427 641/419/419
f 641/419/419 12/427/427 13/428/428
f 641/419/419 13/428/428 640/421/421
f 640/421/421 13/428/428 14/429/429
f 640/421/421 14/429/429 639/423/423
f 639/423/423 14/429/429 15/430/430
f 639/423/423 15/430/430 16/431/431
f 16/431/431 17/425/425 639/423/423
f 26/413/413 27/218/218 10/217/217
f 28/432/432 645/433/433 27/218/218
f 27/218/218 645/433/433 446/220/220
f 27/218/218 446/220/220 445/219/219
f 645/433/433 28/432/432 739/434/434
f 739/434/434 28/432/432 29/435/435
f 739/434/434 29/435/435 31/436/436
f 31/436/436 29/435/435 30/437/437
f 739/434/434 31/436/436 740/438/438
f 740/438/438 31/436/436 32/439/439
f 740/438/438 32/439/439 741/440/440
f 741/440/440 32/439/439 33/441/441
f 741/440/440 33/441/441 742/442/442
f 742/442/442 33/441/441 34/443/443
f 742/442/442 34/443/443 743/444/444
f 743/444/444 34/443/443 35/445/445
f 743/444/444 35/445/445 744/446/446
f 744/446/446 35/445/445 36/447/447
f 744/446/446 36/447/447 745/448/448
f 745/448/448 36/447/447 37/449/449
f 745/448/448 37/449/449 746/450/450
f 746/450/450 37/449/449 38/451/451
f 746/450/450 38/451/451 747/452/452
f 747/452/452 38/451/451 39/453/453
f 747/452/452 39/453/453 748/454/454
f 748/454/454 39/453/453 40/455/455
f 748/454/454 40/455/455 749/456/456
f 749/456/456 40/455/455 41/457/457
f 749/456/456 41/457/457 750/458/458
f 750/458/458 41/457/457 42/459/459
f 750/458/458 42/459/459 751/460/460
f 751/460/460 42/459/459 43/461/461
f 751/460/460 43/461/461 752/462/462
f 752/462/462 43/461/461 44/463/463
f 752/462/462 44/463/463 753/464/464
f 753/464/464 44/463/463 45/465/465
f 753/464/464 45/465/465 754/466/466
f 754/466/466 45/465/465 46/467/467
f 754/466/466 46/467/467 755/468/468
f 755/468/468 46/467/467 47/469/469
f 755/468/468 47/469/469 756/470/470
f 756/470/470 47/469/469 48/471/471
f 756/470/470 48/471/471 757/472/472
f 757/472/472 48/471/471 49/473/473
f 757/472/472 49/473/473 758/474/474
f 758/474/474 49/473/473 50/475/475
f 758/474/474 50/475/475 759/476/476
f 759/476/476 50/475/475 51/477/477
f 759/476/476 51/477/477 760/478/478
f 760/478/478 51/477/477 52/479/479
f 760/478/478 52/479/479 761/480/480
f 761/480/480 52/479/479 53/481/481
f 761/480/480 53/481/481 762/482/482
f 762/482/482 53/481/481 54/483/483
f 762/482/482 54/483/483 763/484/484
f 763/484/484 54/483/483 55/485/485
f 763/484/484 55/485/485 764/486/486
f 764/486/486 55/485/485 56/487/487
f 764/486/486 56/487/487 765/488/488
f 765/488/488 56/487/487 57/489/489
f 765/488/488 57/489/489 766/490/490
f 766/490/490 57/489/489 58/491/491
f 766/490/490 58/491/491 767/492/492
f 767/492/492 58/491/491 59/493/493
f 767/492/492 59/493/493 768/494/494
f 768/494/494 59/493/493 60/495/495
f 768/494/494 60/495/495 769/496/496
f 769/496/496 60/495/495 61/497/497
f 769/496/496 61/497/497 770/498/498
f 770/498/498 61/497/497 62/499/499
f 770/498/498 62/499/499 771/500/500
f 771/500/500 62/499/499 63/501/501
f 771/500/500 63/501/501 772/502/502
f 772/502/502 63/501/501 64/503/503
f 772/502/502 64/503/503 773/504/504
f 773/504/504 64/503/503 65/505/505
f 773/504/504 65/505/505 774/506/506
f 774/506/506 65/505/505 66/507/507
f 774/506/506 66/507/507 775/508/508
f 775/508/508 66/507/507 67/509/509
f 775/508/508 67/509/509 776/510/510
f 776/510/510 67/509/509 68/511/511
f 776/510/510 68/511/511 777/512/512
f 777/512/512 68/511/511 69/513/513
f 777/512/512 69/513/513 778/514/514
f 778/514/514 69/513/513 70/515/515
f 778/514/514 70/515/515 779/516/516
f 779/516/516 70/515/515 71/517/517
f 779/516/516 71/517/517 780/518/518
f 780/518/518 71/517/517 72/519/519
f 780/518/518 72/519/519 781/520/520
f 781/520/520 72/519/519 73/521/521
f 781/520/520 73/521/521 782/522/522
f 782/522/522 73/521/521 74/523/523
f 782/522/522 74/523/523 783/524/524
f 783/524/524 74/523/523 75/525/525
f 783/524/524 75/525/525 784/526/526
f 784/526/526 75/525/525 76/527/527
f 784/526/526 76/527/527 785/528/528
f 785/528/528 76/527/527 77/529/529
f 785/528/528 77/529/529 786/530/530
f 786/530/530 77/529/529 78/531/531
f 786/530/530 78/531/531 787/532/532
f 787/532/532 78/531/531 79/533/533
f 787/532/532 79/533/533 788/534/534
f 788/534/534 79/533/533 80/535/535
f 788/534/534 80/535/535 789/536/536
f 789/536/536 80/535/535 81/537/537
f 789/536/536 81/537/537 790/538/538
f 790/538/538 81/537/537 82/539/539
f 790/538/538 82/539/539 791/540/540
f 791/540/540 82/539/539 83/541/541
f 791/540/540 83/541/541 792/542/542
f 792/542/542 83/541/541 84/543/543
f 792/542/542 84/543/543 793/544/544
f 793/544/544 84/543/543 85/545/545
f 793/544/544 85/545/545 794/546/546
f 794/546/546 85/545/545 86/547/547
f 794/546/546 86/547/547 795/548/548
f 795/548/548 86/547/547 87/549/549
f 795/548/548 87/549/549 796/550/550
f 796/550/550 87/549/549 88/551/551
f 796/550/550 88/551/551 797/552/552
f 797/552/552 88/551/551 89/553/553
f 797/552/552 89/553/553 798/554/554
f 798/554/554 89/553/553 90/555/555
f 798/554/554 90/555/555 799/556/556
f 799/556/556 90/555/555 91/557/557
f 799/556/556 91/557/557 800/558/558
f 800/558/558 91/557/557 92/559/559
f 800/558/558 92/559/559 801/560/560
f 801/560/560 92/559/559 93/561/561
f 801/560/560 93/561/561 802/562/562
f 802/562/562 93/561/561 94/563/563
f 802/562/562 94/563/563 803/564/564
f 803/564/564 94/563/563 95/565/565
f 803/564/564 95/565/565 804/566/566
f 804/566/566 95/565/565 96/567/567
f 804/566/566 96/567/567 805/568/568
f 805/568/568 96/567/567 97/569/569
f 805/568/568 97/569/569 806/570/570
f 806/570/570 97/569/569 98/571/571
f 806/570/570 98/571/571 807/572/572
f 807/572/572 98/571/571 99/573/573
f 807/572/572 99/573/573 808/574/574
f 808/574/574 99/573/573 100/575/575
f 808/574/574 100/575/575 809/576/576
f 809/576/576 100/575/575 101/577/577
f 809/576/576 101/577/577 810/578/578
f 810/578/578 101/577/577 102/579/579
f 810/578/578 102/579/579 811/580/580
f 811/580/580 102/579/579 103/581/581
f 811/580/580 103/581/581 812/582/582
f 812/582/582 103/581/581 104/583/583
f 812/582/582 104/583/583 813/584/584
f 813/584/584 104/583/583 105/585/585
f 813/584/584 105/585/585 814/586/586
f 814/586/586 105/585/585 106/587/587
f 814/586/586 106/587/587 815/588/588
f 815/588/588 106/587/587 107/589/589
f 815/588/588 107/589/589 816/590/590
f 816/590/590 107/589/589 108/591/591
f 816/590/590 108/591/591 817/592/592
f 817/592/592 108/591/591 109/593/593
f 817/592/592 109/593/593 818/594/594
f 818/594/594 109/593/593 110/595/595
f 818/594/594 110/595/595 819/596/596
f 819/596/596 110/595/595 111/597/597
f 819/596/596 111/597/597 820/598/598
f 820/598/598 111/597/597 112/599/599
f 820/598/598 112/599/599 821/600/600
f 821/600/600 112/599/599 113/601/601
f 821/600/600 113/601/601 822/602/602
f 822/602/602 113/601/601 114/603/603
f 822/602/602 114/603/603 823/604/604
f 823/604/604 114/603/603 115/605/605
f 823/604/604 115/605/605 824/606/606
f 824/606/606 115/605/605 116/607/607
f 824/606/606 116/607/607 825/608/608
f 825/608/608 116/607/607 117/609/609
f 825/608/608 117/609/609 826/610/610
f 826/610/610 117/609/609 118/611/611
f 826/610/610 118/611/611 827/612/612
f 827/612/612 118/611/611 119/613/613
f 827/612/612 119/613/613 828/614/614
f 828/614/614 119/613/613 120/615/615
f 828/614/614 120/615/615 829/616/616
f 829/616/616 120/615/615 121/617/617
f 829/616/616 121/617/617 830/618/618
f 830/618/618 121/617/617 122/619/619
f 830/618/618 122/619/619 831/620/620
f 831/620/620 122/619/619 123/621/621
f 831/620/620 123/621/621 832/622/622
f 832/622/622 123/621/621 124/623/623
f 832/622/622 124/623/623 126/624/624
f 126/624/624 124/623/623 125/625/625
f 832/622/622 126/624/624 738/626/626
f 738/626/626 126/624/624 127/627/627
f 738/626/626 127/627/627 539/406/406
f 539/406/406 127/627/627 128/408/408
f 540/407/407 129/409/409 833/628/628
f 833/628/628 129/409/409 130/629/629
f 833/628/628 130/629/629 932/630/630
f 932/630/630 130/629/629 131/631/631
f 932/630/630 131/631/631 1031/632/632
f 1031/632/632 131/631/631 132/633/633
f 1031/632/632 132/633/633 1130/634/634
f 1130/634/634 132/633/633 133/635/635
f 1130/634/634 133/635/635 1229/636/636
f 1229/636/636 133/635/635 134/637/637
f 1229/636/636 134/637/637 1328/638/638
f 1328/638/638 134/637/637 135/639/639
f 1328/638/638 135/639/639 1427/640/640
f 1427/640/640 135/639/639 136/641/641
f 1427/640/640 136/641/641 137/642/642
f 1427/640/640 137/642/642 1526/643/643
f 1526/643/643 137/642/642 138/644/644
f 1526/643/643 138/644/644 1624/645/645
f 1624/645/645 138/644/644 1637/646/646
f 1624/645/645 1637/646/646 1638/647/647
f 1638/647/647 1637/646/646 1650/648/648
f 1638/647/647 1650/648/648 1651/649/649
f 1651/649/649 1650/648/648 1661/650/650
f 1651/649/649 1661/650/650 1662/651/651
f 1662/651/651 1661/650/650 1671/652/652
f 1662/651/651 1671/652/652 1672/653/653
f 1672/653/653 1671/652/652 1679/654/654
f 1672/653/653 1679/654/654 1680/655/655
f 1680/655/655 1679/654/654 155/656/656
f 1680/655/655 155/656/656 156/657/657
f 138/644/644 139/658/658 1637/646/646
f 1637/646/646 139/658/658 1649/659/659
f 1637/646/646 1649/659/659 1650/648/648
f 1650/648/648 1649/659/659 1660/660/660
f 1650/648/648 1660/660/660 1661/650/650
f 1661/650/650 1660/660/660 1670/661/661
f 1661/650/650 1670/661/661 1671/652/652
f 1671/652/652 1670/661/661 1678/662/662
f 1671/652/652 1678/662/662 1679/654/654
f 1679/654/654 1678/662/662 153/663/663
f 1679/654/654 153/663/663 154/664/664
f 139/658/658 140/665/665 1649/659/659
f 1649/659/659 140/665/665 1659/666/666
f 1649/659/659 1659/666/666 1660/660/660
f 1660/660/660 1659/666/666 1669/667/667
f 1660/660/660 1669/667/667 1670/661/661
f 1670/661/661 1669/667/667 1677/668/668
f 1670/661/661 1677/668/668 1678/662/662
f 1678/662/662 1677/668/668 1684/669/669
f 1678/662/662 1684/669/669 153/663/663
f 153/663/663 1684/669/669 152/670/670
f 152/670/670 1684/669/669 1683/671/671
f 152/670/670 1683/671/671 1687/672/672
f 1687/672/672 1683/671/671 1682/673/673
f 1687/672/672 1682/673/673 1686/674/674
f 1686/674/674 1682/673/673 1681/675/675
f 1686/674/674 1681/675/675 1685/676/676
f 1685/676/676 1681/675/675 144/677/677
f 1685/676/676 144/677/677 145/678/678
f 140/665/665 141/679/679 1659/666/666
f 1659/666/666 141/679/679 1668/680/680
f 1659/666/666 1668/680/680 1669/667/667
f 1669/667/667 1668/680/680 1676/681/681
f 1669/667/667 1676/681/681 1677/668/668
f 1677/668/668 1676/681/681 1683/671/671
f 1677/668/668 1683/671/671 1684/669/669
f 141/679/679 142/682/682 1668/680/680
f 1668/680/680 142/682/682 1675/683/683
f 1668/680/680 1675/683/683 1676/681/681
f 1676/681/681 1675/683/683 1682/673/673
f 1676/681/681 1682/673/673 1683/671/671
f 142/682/682 143/684/684 1675/683/683
f 1675/683/683 143/684/684 1681/675/675
f 1675/683/683 1681/675/675 1682/673/673
f 143/684/684 144/677/677 1681/675/675
f 1685/676/676 145/678/678 1688/685/685
f 1688/685/685 145/678/678 146/686/686
f 1688/685/685 146/686/686 148/687/687
f 148/687/687 146/686/686 147/688/688
f 148/687/687 149/689/689 1688/685/685
f 1688/685/685 149/689/689 1685/676/676
f 1685/676/676 149/689/689 1686/674/674
f 1686/674/674 149/689/689 150/690/690
f 1686/674/674 150/690/690 151/691/691
f 1686/674/674 151/691/691 1687/672/672
f 1687/672/672 151/691/691 152/670/670
f 154/664/664 155/656/656 1679/654/654
f 157/692/692 1674/693/693 156/657/657
f 156/657/657 1674/693/693 1673/694/694
f 156/657/657 1673/694/694 1680/655/655
f 1680/655/655 1673/694/694 1672/653/653
f 158/695/695 1666/696/696 157/692/692
f 157/692/692 1666/696/696 1665/697/697
f 157/692/692 1665/697/697 1674/693/693
f 1674/693/693 1665/697/697 1664/698/698
f 1674/693/693 1664/698/698 1673/694/694
f 1673/694/694 1664/698/698 1663/699/699
f 1673/694/694 1663/699/699 1672/653/653
f 1672/653/653 1663/699/699 1662/651/651
f 158/695/695 159/700/700 1666/696/696
f 1666/696/696 159/700/700 1667/701/701
f 1666/696/696 1667/701/701 1656/702/702
f 1656/702/702 1667/701/701 1657/703/703
f 1656/702/702 1657/703/703 1644/704/704
f 1644/704/704 1657/703/703 1645/705/705
f 1644/704/704 1645/705/705 1631/706/706
f 1631/706/706 1645/705/705 1632/707/707
f 1631/706/706 1632/707/707 1534/708/708
f 1534/708/708 1632/707/707 1535/709/709
f 1534/708/708 1535/709/709 1436/710/710
f 1436/710/710 1535/709/709 1437/711/711
f 1436/710/710 1437/711/711 1337/712/712
f 1337/712/712 1437/711/711 1338/713/713
f 1337/712/712 1338/713/713 1238/714/714
f 1238/714/714 1338/713/713 1239/715/715
f 1238/714/714 1239/715/715 1139/716/716
f 1139/716/716 1239/715/715 1140/717/717
f 1139/716/716 1140/717/717 1040/718/718
f 1040/718/718 1140/717/717 1041/719/719
f 1040/718/718 1041/719/719 941/720/720
f 941/720/720 1041/719/719 942/721/721
f 941/720/720 942/721/721 842/722/722
f 842/722/722 942/721/721 843/723/723
f 842/722/722 843/723/723 549/389/389
f 549/389/389 843/723/723 550/387/387
f 159/700/700 160/724/724 1667/701/701
f 1667/701/701 160/724/724 1657/703/703
f 1657/703/703 160/724/724 1658/725/725
f 1658/725/725 160/724/724 161/726/726
f 1658/725/725 161/726/726 1647/727/727
f 1647/727/727 161/726/726 162/728/728
f 1647/727/727 162/728/728 163/729/729
f 1647/727/727 163/729/729 1648/730/730
f 1648/730/730 163/729/729 164/731/731
f 1648/730/730 164/731/731 1635/732/732
f 1635/732/732 164/731/731 1636/733/733
f 1635/732/732 1636/733/733 1538/734/734
f 1538/734/734 1636/733/733 166/735/735
f 1538/734/734 166/735/735 1539/736/736
f 1539/736/736 166/735/735 167/737/737
f 1539/736/736 167/737/737 168/738/738
f 164/731/731 165/739/739 1636/733/733
f 1636/733/733 165/739/739 166/735/735
f 168/738/738 169/740/740 1539/736/736
f 1539/736/736 169/740/740 170/741/741
f 1539/736/736 170/741/741 171/742/742
f 171/742/742 172/743/743 1539/736/736
f 1539/736/736 172/743/743 173/744/744
f 1539/736/736 173/744/744 174/745/745
f 174/745/745 175/746/746 1539/736/736
f 1539/736/736 175/746/746 176/747/747
f 1539/736/736 176/747/747 177/748/748
f 177/748/748 178/749/749 1539/736/736
f 1539/736/736 178/749/749 179/750/750
f 1539/736/736 179/750/750 180/751/751
f 180/751/751 181/752/752 1539/736/736
f 1539/736/736 181/752/752 182/753/753
f 1539/736/736 182/753/753 183/754/754
f 183/754/754 184/755/755 1539/736/736
f 1539/736/736 184/755/755 185/756/756
f 1539/736/736 185/756/756 186/757/757
f 186/757/757 187/758/758 1539/736/736
f 1539/736/736 187/758/758 188/759/759
f 1539/736/736 188/759/759 189/760/760
f 189/760/760 190/761/761 1539/736/736
f 1539/736/736 190/761/761 191/762/762
f 1539/736/736 191/762/762 192/763/763
f 1539/736/736 192/763/763 1540/764/764
f 1540/764/764 192/763/763 193/765/765
f 1540/764/764 193/765/765 194/766/766
f 194/766/766 195/767/767 1540/764/764
f 1540/764/764 195/767/767 196/768/768
f 1540/764/764 196/768/768 197/769/769
f 197/769/769 198/770/770 1540/764/764
f 1540/764/764 198/770/770 199/771/771
f 1540/764/764 199/771/771 200/772/772
f 200/772/772 201/773/773 1540/764/764
f 1540/764/764 201/773/773 202/774/774
f 1540/764/764 202/774/774 203/775/775
f 203/775/775 204/776/776 1540/764/764
f 1540/764/764 204/776/776 205/777/777
f 1540/764/764 205/777/777 206/778/778
f 206/778/778 207/779/779 1540/764/764
f 1540/764/764 207/779/779 208/780/780
f 1540/764/764 208/780/780 209/781/781
f 209/781/781 210/782/782 1540/764/764
f 1540/764/764 210/782/782 211/783/783
f 1540/764/764 211/783/783 212/784/784
f 212/784/784 213/785/785 1540/764/764
f 1540/764/764 213/785/785 214/786/786
f 1540/764/764 214/786/786 215/787/787
f 215/787/787 216/788/788 1540/764/764
f 1540/764/764 216/788/788 217/789/789
f 1540/764/764 217/789/789 218/790/790
f 218/790/790 219/791/791 1540/764/764
f 1540/764/764 219/791/791 220/792/792
f 1540/764/764 220/792/792 221/793/793
f 221/793/793 222/794/794 1540/764/764
f 1540/764/764 222/794/794 223/795/795
f 1540/764/764 223/795/795 224/796/796
f 224/796/796 225/797/797 1540/764/764
f 1540/764/764 225/797/797 1441/798/798
f 1540/764/764 1441/798/798 1539/736/736
f 1539/736/736 1441/798/798 1440/799/799
f 1539/736/736 1440/799/799 1538/734/734
f 1538/734/734 1440/799/799 1439/800/800
f 1538/734/734 1439/800/800 1537/801/801
f 1537/801/801 1439/800/800 1438/802/802
f 1537/801/801 1438/802/802 1536/803/803
f 1536/803/803 1438/802/802 1437/711/711
f 1536/803/803 1437/711/711 1535/709/709
f 225/797/797 226/804/804 1441/798/798
f 1441/798/798 226/804/804 227/805/805
f 1441/798/798 227/805/805 228/806/806
f 228/806/806 229/807/807 1441/798/798
f 1441/798/798 229/807/807 1442/808/808
f 1441/798/798 1442/808/808 1342/809/809
f 1342/809/809 1442/808/808 1343/810/810
f 1342/809/809 1343/810/810 1243/811/811
f 1243/811/811 1343/810/810 1244/812/812
f 1243/811/811 1244/812/812 1144/813/813
f 1144/813/813 1244/812/812 1145/814/814
f 1144/813/813 1145/814/814 1045/815/815
f 1045/815/815 1145/814/814 1046/816/816
f 1045/815/815 1046/816/816 946/817/817
f 946/817/817 1046/816/816 947/818/818
f 946/817/817 947/818/818 847/819/819
f 847/819/819 947/818/818 848/820/820
f 847/819/819 848/820/820 554/379/379
f 554/379/379 848/820/820 555/377/377
f 229/807/807 230/821/821 1442/808/808
f 1442/808/808 230/821/821 231/822/822
f 1442/808/808 231/822/822 232/823/823
f 232/823/823 233/824/824 1442/808/808
f 1442/808/808 233/824/824 234/825/825
f 1442/808/808 234/825/825 235/826/826
f 235/826/826 236/827/827 1442/808/808
f 1442/808/808 236/827/827 237/828/828
f 1442/808/808 237/828/828 1541/829/829
f 1541/829/829 237/828/828 238/830/830
f 1541/829/829 238/830/830 239/831/831
f 239/831/831 240/832/832 1541/829/829
f 1541/829/829 240/832/832 241/833/833
f 1541/829/829 241/833/833 242/834/834
f 242/834/834 243/835/835 1541/829/829
f 1541/829/829 243/835/835 244/836/836
f 1541/829/829 244/836/836 245/837/837
f 245/837/837 246/838/838 1541/829/829
f 1541/829/829 246/838/838 247/839/839
f 1541/829/829 247/839/839 248/840/840
f 248/840/840 249/841/841 1541/829/829
f 1541/829/829 249/841/841 250/842/842
f 1541/829/829 250/842/842 251/843/843
f 251/843/843 252/844/844 1541/829/829
f 1541/829/829 252/844/844 1442/808/808
f 252/844/844 253/845/845 1442/808/808
f 1442/808/808 253/845/845 254/846/846
f 1442/808/808 254/846/846 255/847/847
f 255/847/847 256/848/848 1442/808/808
f 1442/808/808 256/848/848 257/849/849
f 1442/808/808 257/849/849 258/850/850
f 258/850/850 259/851/851 1442/808/808
f 1442/808/808 259/851/851 260/852/852
f 1442/808/808 260/852/852 261/853/853
f 261/853/853 262/854/854 1442/808/808
f 1442/808/808 262/854/854 1443/855/855
f 1442/808/808 1443/855/855 1343/810/810
f 1343/810/810 1443/855/855 1344/856/856
f 1343/810/810 1344/856/856 1244/812/812
f 1244/812/812 1344/856/856 1245/857/857
f 1244/812/812 1245/857/857 1145/814/814
f 1145/814/814 1245/857/857 1146/858/858
f 1145/814/814 1146/858/858 1046/816/816
f 1046/816/816 1146/858/858 1047/859/859
f 1046/816/816 1047/859/859 947/818/818
f 947/818/818 1047/859/859 948/860/860
f 947/818/818 948/860/860 848/820/820
f 848/820/820 948/860/860 849/861/861
f 848/820/820 849/861/861 555/377/377
f 555/377/377 849/861/861 556/375/375
f 262/854/854 263/862/862 1443/855/855
f 1443/855/855 263/862/862 264/863/863
f 1443/855/855 264/863/863 265/864/864
f 265/864/864 266/865/865 1443/855/855
f 1443/855/855 266/865/865 267/866/866
f 1443/855/855 267/866/866 268/867/867
f 268/867/867 269/868/868 1443/855/855
f 1443/855/855 269/868/868 270/869/869
f 1443/855/855 270/869/869 1444/870/870
f 1444/870/870 270/869/869 1542/871/871
f 1444/870/870 1542/871/871 276/872/872
f 276/872/872 1542/871/871 275/873/873
f 275/873/873 1542/871/871 274/874/874
f 274/874/874 1542/871/871 273/875/875
f 273/875/875 1542/871/871 272/876/876
f 272/876/876 1542/871/871 271/877/877
f 271/877/877 1542/871/871 270/869/869
f 276/872/872 277/878/878 1444/870/870
f 1444/870/870 277/878/878 278/879/879
f 1444/870/870 278/879/879 1445/880/880
f 1445/880/880 278/879/879 279/881/881
f 1445/880/880 279/881/881 1623/882/882
f 1623/882/882 279/881/881 280/883/883
f 1623/882/882 280/883/883 281/884/884
f 281/884/884 282/885/885 1623/882/882
f 1623/882/882 282/885/885 283/886/886
f 1623/882/882 283/886/886 284/887/887
f 284/887/887 285/888/888 1623/882/882
f 1623/882/882 285/888/888 1445/880/880
f 1445/880/880 285/888/888 1543/889/889
f 1543/889/889 285/888/888 286/890/890
f 1543/889/889 286/890/890 287/891/891
f 287/891/891 288/892/892 1543/889/889
f 1543/889/889 288/892/892 289/893/893
f 1543/889/889 289/893/893 290/894/894
f 290/894/894 291/895/895 1543/889/889
f 1543/889/889 291/895/895 292/896/896
f 1543/889/889 292/896/896 1544/897/897
f 1544/897/897 292/896/896 293/898/898
f 1544/897/897 293/898/898 294/899/899
f 294/899/899 295/900/900 1544/897/897
f 1544/897/897 295/900/900 296/901/901
f 1544/897/897 296/901/901 297/902/902
f 297/902/902 298/903/903 1544/897/897
f 1544/897/897 298/903/903 299/904/904
f 1544/897/897 299/904/904 1545/905/905
f 1545/905/905 299/904/904 300/906/906
f 1545/905/905 300/906/906 301/907/907
f 301/907/907 302/908/908 1545/905/905
f 1545/905/905 302/908/908 303/909/909
f 1545/905/905 303/909/909 304/910/910
f 304/910/910 305/911/911 1545/905/905
f 1545/905/905 305/911/911 306/912/912
f 1545/905/905 306/912/912 1546/913/913
f 1546/913/913 306/912/912 307/914/914
f 1546/913/913 307/914/914 308/915/915
f 1546/913/913 308/915/915 1689/916/916
f 1689/916/916 308/915/915 309/917/917
f 1689/916/916 309/917/917 310/918/918
f 310/918/918 311/919/919 1689/916/916
f 1689/916/916 311/919/919 312/920/920
f 1689/916/916 312/920/920 313/921/921
f 313/921/921 314/922/922 1689/916/916
f 1689/916/916 314/922/922 1690/923/923
f 1689/916/916 1690/923/923 1546/913/913
f 1546/913/913 1690/923/923 1547/924/924
f 1546/913/913 1547/924/924 1449/925/925
f 1449/925/925 1547/924/924 1450/926/926
f 1449/925/925 1450/926/926 1350/927/927
f 1350/927/927 1450/926/926 1351/928/928
f 1350/927/927 1351/928/928 1251/929/929
f 1251/929/929 1351/928/928 1252/930/930
f 1251/929/929 1252/930/930 1152/931/931
f 1152/931/931 1252/930/930 1153/932/932
f 1152/931/931 1153/932/932 1053/933/933
f 1053/933/933 1153/932/932 1054/934/934
f 1053/933/933 1054/934/934 954/935/935
f 954/935/935 1054/934/934 955/936/936
f 954/935/935 955/936/936 855/937/937
f 855/937/937 955/936/936 856/938/938
f 855/937/937 856/938/938 562/363/363
f 562/363/363 856/938/938 563/361/361
f 314/922/922 315/939/939 1690/923/923
f 1690/923/923 315/939/939 316/940/940
f 1690/923/923 316/940/940 317/941/941
f 317/941/941 318/942/942 1690/923/923
f 1690/923/923 318/942/942 319/943/943
f 1690/923/923 319/943/943 320/944/944
f 320/944/944 321/945/945 1690/923/923
f 1690/923/923 321/945/945 1691/946/946
f 1690/923/923 1691/946/946 1547/924/924
f 1547/924/924 1691/946/946 1548/947/947
f 1547/924/924 1548/947/947 1450/926/926
f 1450/926/926 1548/947/947 1451/948/948
f 1450/926/926 1451/948/948 1351/928/928
f 1351/928/928 1451/948/948 1352/949/949
f 1351/928/928 1352/949/949 1252/930/930
f 1252/930/930 1352/949/949 1253/950/950
f 1252/930/930 1253/950/950 1153/932/932
f 1153/932/932 1253/950/950 1154/951/951
f 1153/932/932 1154/951/951 1054/934/934
f 1054/934/934 1154/951/951 1055/952/952
f 1054/934/934 1055/952/952 955/936/936
f 955/936/936 1055/952/952 956/953/953
f 955/936/936 956/953/953 856/938/938
f 856/938/938 956/953/953 857/954/954
f 856/938/938 857/954/954 563/361/361
f 563/361/361 857/954/954 564/359/359
f 321/945/945 322/955/955 1691/946/946
f 1691/946/946 322/955/955 323/956/956
f 1691/946/946 323/956/956 324/957/957
f 1691/946/946 324/957/957 1766/958/958
f 1766/958/958 324/957/957 325/959/959
f 1766/958/958 325/959/959 326/960/960
f 326/960/960 327/961/961 1766/958/958
f 1766/958/958 327/961/961 328/962/962
f 1766/958/958 328/962/962 329/963/963
f 1766/958/958 329/963/963 1767/964/964
f 1767/964/964 329/963/963 330/965/965
f 1767/964/964 330/965/965 331/966/966
f 331/966/966 332/967/967 1767/964/964
f 1767/964/964 332/967/967 333/968/968
f 1767/964/964 333/968/968 334/969/969
f 334/969/969 335/970/970 1767/964/964
f 1767/964/964 335/970/970 336/971/971
f 1767/964/964 336/971/971 337/972/972
f 1767/964/964 337/972/972 1768/973/973
f 1768/973/973 337/972/972 338/974/974
f 1768/973/973 338/974/974 339/975/975
f 1768/973/973 339/975/975 1840/976/976
f 1840/976/976 339/975/975 340/977/977
f 1840/976/976 340/977/977 341/978/978
f 341/978/978 342/979/979 1840/976/976
f 1840/976/976 342/979/979 343/980/980
f 1840/976/976 343/980/980 344/981/981
f 344/981/981 345/982/982 1840/976/976
f 1840/976/976 345/982/982 346/983/983
f 1840/976/976 346/983/983 1841/984/984
f 1841/984/984 346/983/983 347/985/985
f 1841/984/984 347/985/985 348/986/986
f 348/986/986 349/987/987 1841/984/984
f 1841/984/984 349/987/987 1913/988/988
f 1841/984/984 1913/988/988 1914/172/172
f 1914/172/172 1913/988/988 350/989/989
f 1914/172/172 350/989/989 351/174/174
f 349/987/987 350/989/989 1913/988/988
f 424/36/36 425/990/990 1983/34/34
f 1983/34/34 425/990/990 426/991/991
f 1983/34/34 426/991/991 427/992/992
f 427/992/992 428/993/993 1983/34/34
f 1983/34/34 428/993/993 1911/32/32
f 428/993/993 429/994/994 1911/32/32
f 1911/32/32 429/994/994 1912/995/995
f 1911/32/32 1912/995/995 1839/30/30
f 1839/30/30 1912/995/995 444/996/996
f 1839/30/30 444/996/996 1765/28/28
f 1765/28/28 444/996/996 431/997/997
f 1765/28/28 431/997/997 432/998/998
f 429/994/994 430/999/999 1912/995/995
f 1912/995/995 430/999/999 444/996/996
f 430/999/999 431/997/997 444/996/996
f 1765/28/28 432/998/998 1622/26/26
f 1622/26/26 432/998/998 433/1000/1000
f 1622/26/26 433/1000/1000 1525/24/24
f 1525/24/24 433/1000/1000 434/1001/1001
f 1525/24/24 434/1001/1001 1426/22/22
f 1426/22/22 434/1001/1001 435/1002/1002
f 1426/22/22 435/1002/1002 1327/20/20
f 1327/20/20 435/1002/1002 436/1003/1003
f 1327/20/20 436/1003/1003 1228/18/18
f 1228/18/18 436/1003/1003 437/1004/1004
f 1228/18/18 437/1004/1004 1129/16/16
f 1129/16/16 437/1004/1004 438/1005/1005
f 1129/16/16 438/1005/1005 1030/14/14
f 1030/14/14 438/1005/1005 439/1006/1006
f 1030/14/14 439/1006/1006 931/12/12
f 931/12/12 439/1006/1006 440/1007/1007
f 931/12/12 440/1007/1007 638/10/10
f 638/10/10 440/1007/1007 441/8/8
f 447/222/222 446/220/220 646/1008/1008
f 646/1008/1008 446/220/220 645/433/433
f 646/1008/1008 645/433/433 740/438/438
f 740/438/438 645/433/433 739/434/434
f 448/224/224 447/222/222 647/1009/1009
f 647/1009/1009 447/222/222 646/1008/1008
f 647/1009/1009 646/1008/1008 741/440/440
f 741/440/440 646/1008/1008 740/438/438
f 449/226/226 448/224/224 648/1010/1010
f 648/1010/1010 448/224/224 647/1009/1009
f 648/1010/1010 647/1009/1009 742/442/442
f 742/442/442 647/1009/1009 741/440/440
f 450/228/228 449/226/226 649/1011/1011
f 649/1011/1011 449/226/226 648/1010/1010
f 649/1011/1011 648/1010/1010 743/444/444
f 743/444/444 648/1010/1010 742/442/442
f 451/230/230 450/228/228 650/1012/1012
f 650/1012/1012 450/228/228 649/1011/1011
f 650/1012/1012 649/1011/1011 744/446/446
f 744/446/446 649/1011/1011 743/444/444
f 452/232/232 451/230/230 651/1013/1013
f 651/1013/1013 451/230/230 650/1012/1012
f 651/1013/1013 650/1012/1012 745/448/448
f 745/448/448 650/1012/1012 744/446/446
f 453/234/234 452/232/232 652/1014/1014
f 652/1014/1014 452/232/232 651/1013/1013
f 652/1014/1014 651/1013/1013 746/450/450
f 746/450/450 651/1013/1013 745/448/448
f 454/236/236 453/234/234 653/1015/1015
f 653/1015/1015 453/234/234 652/1014/1014
f 653/1015/1015 652/1014/1014 747/452/452
f 747/452/452 652/1014/1014 746/450/450
f 455/238/238 454/236/236 654/1016/1016
f 654/1016/1016 454/236/236 653/1015/1015
f 654/1016/1016 653/1015/1015 748/454/454
f 748/454/454 653/1015/1015 747/452/452
f 456/240/240 455/238/238 655/1017/1017
f 655/1017/1017 455/238/238 654/1016/1016
f 655/1017/1017 654/1016/1016 749/456/456
f 749/456/456 654/1016/1016 748/454/454
f 457/242/242 456/240/240 656/1018/1018
f 656/1018/1018 456/240/240 655/1017/1017
f 656/1018/1018 655/1017/1017 750/458/458
f 750/458/458 655/1017/1017 749/456/456
f 458/244/244 457/242/242 657/1019/1019
f 657/1019/1019 457/242/242 656/1018/1018
f 657/1019/1019 656/1018/1018 751/460/460
f 751/460/460 656/1018/1018 750/458/458
f 459/246/246 458/244/244 658/1020/1020
f 658/1020/1020 458/244/244 657/1019/1019
f 658/1020/1020 657/1019/1019 752/462/462
f 752/462/462 657/1019/1019 751/460/460
f 460/248/248 459/246/246 659/1021/1021
f 659/1021/1021 459/246/246 658/1020/1020
f 659/1021/1021 658/1020/1020 753/464/464
f 753/464/464 658/1020/1020 752/462/462
f 461/250/250 460/248/248 660/1022/1022
f 660/1022/1022 460/248/248 659/1021/1021
f 660/1022/1022 659/1021/1021 754/466/466
f 754/466/466 659/1021/1021 753/464/464
f 462/252/252 461/250/250 661/1023/1023
f 661/1023/1023 461/250/250 660/1022/1022
f 661/1023/1023 660/1022/1022 755/468/468
f 755/468/468 660/1022/1022 754/466/466
f 463/254/254 462/252/252 662/1024/1024
f 662/1024/1024 462/252/252 661/1023/1023
f 662/1024/1024 661/1023/1023 756/470/470
f 756/470/470 661/1023/1023 755/468/468
f 464/256/256 463/254/254 663/1025/1025
f 663/1025/1025 463/254/254 662/1024/1024
f 663/1025/1025 662/1024/1024 757/472/472
f 757/472/472 662/1024/1024 756/470/470
f 465/258/258 464/256/256 664/1026/1026
f 664/1026/1026 464/256/256 663/1025/1025
f 664/1026/1026 663/1025/1025 758/474/474
f 758/474/474 663/1025/1025 757/472/472
f 466/260/260 465/258/258 665/1027/1027
f 665/1027/1027 465/258/258 664/1026/1026
f 665/1027/1027 664/1026/1026 759/476/476
f 759/476/476 664/1026/1026 758/474/474
f 467/262/262 466/260/260 666/1028/1028
f 666/1028/1028 466/260/260 665/1027/1027
f 666/1028/1028 665/1027/1027 760/478/478
f 760/478/478 665/1027/1027 759/476/476
f 468/264/264 467/262/262 667/1029/1029
f 667/1029/1029 467/262/262 666/1028/1028
f 667/1029/1029 666/1028/1028 761/480/480
f 761/480/480 666/1028/1028 760/478/478
f 469/266/266 468/264/264 668/1030/1030
f 668/1030/1030 468/264/264 667/1029/1029
f 668/1030/1030 667/1029/1029 762/482/482
f 762/482/482 667/1029/1029 761/480/480
f 470/268/268 469/266/266 669/1031/1031
f 669/1031/1031 469/266/266 668/1030/1030
f 669/1031/1031 668/1030/1030 763/484/484
f 763/484/484 668/1030/1030 762/482/482
f 471/270/270 470/268/268 670/1032/1032
f 670/1032/1032 470/268/268 669/1031/1031
f 670/1032/1032 669/1031/1031 764/486/486
f 764/486/486 669/1031/1031 763/484/484
f 472/272/272 471/270/270 671/1033/1033
f 671/1033/1033 471/270/270 670/1032/1032
f 671/1033/1033 670/1032/1032 765/488/488
f 765/488/488 670/1032/1032 764/486/486
f 473/274/274 472/272/272 672/1034/1034
f 672/1034/1034 472/272/272 671/1033/1033
f 672/1034/1034 671/1033/1033 766/490/490
f 766/490/490 671/1033/1033 765/488/488
f 474/276/276 473/274/274 673/1035/1035
f 673/1035/1035 473/274/274 672/1034/1034
f 673/1035/1035 672/1034/1034 767/492/492
f 767/492/492 672/1034/1034 766/490/490
f 475/278/278 474/276/276 674/1036/1036
f 674/1036/1036 474/276/276 673/1035/1035
f 674/1036/1036 673/1035/1035 768/494/494
f 768/494/494 673/1035/1035 767/492/492
f 476/280/280 475/278/278 675/1037/1037
f 675/1037/1037 475/278/278 674/1036/1036
f 675/1037/1037 674/1036/1036 769/496/496
f 769/496/496 674/1036/1036 768/494/494
f 477/282/282 476/280/280 676/1038/1038
f 676/1038/1038 476/280/280 675/1037/1037
f 676/1038/1038 675/1037/1037 770/498/498
f 770/498/498 675/1037/1037 769/496/496
f 478/284/284 477/282/282 677/1039/1039
f 677/1039/1039 477/282/282 676/1038/1038
f 677/1039/1039 676/1038/1038 771/500/500
f 771/500/500 676/1038/1038 770/498/498
f 479/286/286 478/284/284 678/1040/1040
f 678/1040/1040 478/284/284 677/1039/1039
f 678/1040/1040 677/1039/1039 772/502/502
f 772/502/502 677/1039/1039 771/500/500
f 480/288/288 479/286/286 679/1041/1041
f 679/1041/1041 479/286/286 678/1040/1040
f 679/1041/1041 678/1040/1040 773/504/504
f 773/504/504 678/1040/1040 772/502/502
f 481/290/290 480/288/288 680/1042/1042
f 680/1042/1042 480/288/288 679/1041/1041
f 680/1042/1042 679/1041/1041 774/506/506
f 774/506/506 679/1041/1041 773/504/504
f 482/292/292 481/290/290 681/1043/1043
f 681/1043/1043 481/290/290 680/1042/1042
f 681/1043/1043 680/1042/1042 775/508/508
f 775/508/508 680/1042/1042 774/506/506
f 483/294/294 482/292/292 682/1044/1044
f 682/1044/1044 482/292/292 681/1043/1043
f 682/1044/1044 681/1043/1043 776/510/510
f 776/510/510 681/1043/1043 775/508/508
f 484/296/296 483/294/294 683/1045/1045
f 683/1045/1045 483/294/294 682/1044/1044
f 683/1045/1045 682/1044/1044 777/512/512
f 777/512/512 682/1044/1044 776/510/510
f 485/298/298 484/296/296 684/1046/1046
f 684/1046/1046 484/296/296 683/1045/1045
f 684/1046/1046 683/1045/1045 778/514/514
f 778/514/514 683/1045/1045 777/512/512
f 486/300/300 485/298/298 685/1047/1047
f 685/1047/1047 485/298/298 684/1046/1046
f 685/1047/1047 684/1046/1046 779/516/516
f 779/516/516 684/1046/1046 778/514/514
f 487/302/302 486/300/300 686/1048/1048
f 686/1048/1048 486/300/300 685/1047/1047
f 686/1048/1048 685/1047/1047 780/518/518
f 780/518/518 685/1047/1047 779/516/516
f 488/304/304 487/302/302 687/1049/1049
f 687/1049/1049 487/302/302 686/1048/1048
f 687/1049/1049 686/1048/1048 781/520/520
f 781/520/520 686/1048/1048 780/518/518
f 489/306/306 488/304/304 688/1050/1050
f 688/1050/1050 488/304/304 687/1049/1049
f 688/1050/1050 687/1049/1049 782/522/522
f 782/522/522 687/1049/1049 781/520/520
f 490/308/308 489/306/306 689/1051/1051
f 689/1051/1051 489/306/306 688/1050/1050
f 689/1051/1051 688/1050/1050 783/524/524
f 783/524/524 688/1050/1050 782/522/522
f 491/310/310 490/308/308 690/1052/1052
f 690/1052/1052 490/308/308 689/1051/1051
f 690/1052/1052 689/1051/1051 784/526/526
f 784/526/526 689/1051/1051 783/524/524
f 492/312/312 491/310/310 691/1053/1053
f 691/1053/1053 491/310/310 690/1052/1052
f 691/1053/1053 690/1052/1052 785/528/528
f 785/528/528 690/1052/1052 784/526/526
f 493/314/314 492/312/312 692/1054/1054
f 692/1054/1054 492/312/312 691/1053/1053
f 692/1054/1054 691/1053/1053 786/530/530
f 786/530/530 691/1053/1053 785/528/528
f 494/316/316 493/314/314 693/1055/1055
f 693/1055/1055 493/314/314 692/1054/1054
f 693/1055/1055 692/1054/1054 787/532/532
f 787/532/532 692/1054/1054 786/530/530
f 495/318/318 494/316/316 694/1056/1056
f 694/1056/1056 494/316/316 693/1055/1055
f 694/1056/1056 693/1055/1055 788/534/534
f 788/534/534 693/1055/1055 787/532/532
f 496/320/320 495/318/318 695/1057/1057
f 695/1057/1057 495/318/318 694/1056/1056
f 695/1057/1057 694/1056/1056 789/536/536
f 789/536/536 694/1056/1056 788/534/534
f 497/322/322 496/320/320 696/1058/1058
f 696/1058/1058 496/320/320 695/1057/1057
f 696/1058/1058 695/1057/1057 790/538/538
f 790/538/538 695/1057/1057 789/536/536
f 498/324/324 497/322/322 697/1059/1059
f 697/1059/1059 497/322/322 696/1058/1058
f 697/1059/1059 696/1058/1058 791/540/540
f 791/540/540 696/1058/1058 790/538/538
f 499/326/326 498/324/324 698/1060/1060
f 698/1060/1060 498/324/324 697/1059/1059
f 698/1060/1060 697/1059/1059 792/542/542
f 792/542/542 697/1059/1059 791/540/540
f 500/328/328 499/326/326 699/1061/1061
f 699/1061/1061 499/326/326 698/1060/1060
f 699/1061/1061 698/1060/1060 793/544/544
f 793/544/544 698/1060/1060 792/542/542
f 501/330/330 500/328/328 700/1062/1062
f 700/1062/1062 500/328/328 699/1061/1061
f 700/1062/1062 699/1061/1061 794/546/546
f 794/546/546 699/1061/1061 793/544/544
f 502/332/332 501/330/330 701/1063/1063
f 701/1063/1063 501/330/330 700/1062/1062
f 701/1063/1063 700/1062/1062 795/548/548
f 795/548/548 700/1062/1062 794/546/546
f 503/334/334 502/332/332 702/1064/1064
f 702/1064/1064 502/332/332 701/1063/1063
f 702/1064/1064 701/1063/1063 796/550/550
f 796/550/550 701/1063/1063 795/548/548
f 504/336/336 503/334/334 703/1065/1065
f 703/1065/1065 503/334/334 702/1064/1064
f 703/1065/1065 702/1064/1064 797/552/552
f 797/552/552 702/1064/1064 796/550/550
f 505/338/338 504/336/336 704/1066/1066
f 704/1066/1066 504/336/336 703/1065/1065
f 704/1066/1066 703/1065/1065 798/554/554
f 798/554/554 703/1065/1065 797/552/552
f 506/340/340 505/338/338 705/1067/1067
f 705/1067/1067 505/338/338 704/1066/1066
f 705/1067/1067 704/1066/1066 799/556/556
f 799/556/556 704/1066/1066 798/554/554
f 507/342/342 506/340/340 706/1068/1068
f 706/1068/1068 506/340/340 705/1067/1067
f 706/1068/1068 705/1067/1067 800/558/558
f 800/558/558 705/1067/1067 799/556/556
f 508/344/344 507/342/342 707/1069/1069
f 707/1069/1069 507/342/342 706/1068/1068
f 707/1069/1069 706/1068/1068 801/560/560
f 801/560/560 706/1068/1068 800/558/558
f 509/346/346 508/344/344 708/1070/1070
f 708/1070/1070 508/344/344 707/1069/1069
f 708/1070/1070 707/1069/1069 802/562/562
f 802/562/562 707/1069/1069 801/560/560
f 510/348/348 509/346/346 709/1071/1071
f 709/1071/1071 509/346/346 708/1070/1070
f 709/1071/1071 708/1070/1070 803/564/564
f 803/564/564 708/1070/1070 802/562/562
f 511/350/350 510/348/348 710/1072/1072
f 710/1072/1072 510/348/348 709/1071/1071
f 710/1072/1072 709/1071/1071 804/566/566
f 804/566/566 709/1071/1071 803/564/564
f 512/352/352 511/350/350 711/1073/1073
f 711/1073/1073 511/350/350 710/1072/1072
f 711/1073/1073 710/1072/1072 805/568/568
f 805/568/568 710/1072/1072 804/566/566
f 513/354/354 512/352/352 712/1074/1074
f 712/1074/1074 512/352/352 711/1073/1073
f 712/1074/1074 711/1073/1073 806/570/570
f 806/570/570 711/1073/1073 805/568/568
f 514/356/356 513/354/354 713/1075/1075
f 713/1075/1075 513/354/354 712/1074/1074
f 713/1075/1075 712/1074/1074 807/572/572
f 807/572/572 712/1074/1074 806/570/570
f 515/358/358 514/356/356 714/1076/1076
f 714/1076/1076 514/356/356 713/1075/1075
f 714/1076/1076 713/1075/1075 808/574/574
f 808/574/574 713/1075/1075 807/572/572
f 516/360/360 515/358/358 715/1077/1077
f 715/1077/1077 515/358/358 714/1076/1076
f 715/1077/1077 714/1076/1076 809/576/576
f 809/576/576 714/1076/1076 808/574/574
f 517/362/362 516/360/360 716/1078/1078
f 716/1078/1078 516/360/360 715/1077/1077
f 716/1078/1078 715/1077/1077 810/578/578
f 810/578/578 715/1077/1077 809/576/576
f 518/364/364 517/362/362 717/1079/1079
f 717/1079/1079 517/362/362 716/1078/1078
f 717/1079/1079 716/1078/1078 811/580/580
f 811/580/580 716/1078/1078 810/578/578
f 519/366/366 518/364/364 718/1080/1080
f 718/1080/1080 518/364/364 717/1079/1079
f 718/1080/1080 717/1079/1079 812/582/582
f 812/582/582 717/1079/1079 811/580/580
f 520/368/368 519/366/366 719/1081/1081
f 719/1081/1081 519/366/366 718/1080/1080
f 719/1081/1081 718/1080/1080 813/584/584
f 813/584/584 718/1080/1080 812/582/582
f 521/370/370 520/368/368 720/1082/1082
f 720/1082/1082 520/368/368 719/1081/1081
f 720/1082/1082 719/1081/1081 814/586/586
f 814/586/586 719/1081/1081 813/584/584
f 522/372/372 521/370/370 721/1083/1083
f 721/1083/1083 521/370/370 720/1082/1082
f 721/1083/1083 720/1082/1082 815/588/588
f 815/588/588 720/1082/1082 814/586/586
f 523/374/374 522/372/372 722/1084/1084
f 722/1084/1084 522/372/372 721/1083/1083
f 722/1084/1084 721/1083/1083 816/590/590
f 816/590/590 721/1083/1083 815/588/588
f 524/376/376 523/374/374 723/1085/1085
f 723/1085/1085 523/374/374 722/1084/1084
f 723/1085/1085 722/1084/1084 817/592/592
f 817/592/592 722/1084/1084 816/590/590
f 525/378/378 524/376/376 724/1086/1086
f 724/1086/1086 524/376/376 723/1085/1085
f 724/1086/1086 723/1085/1085 818/594/594
f 818/594/594 723/1085/1085 817/592/592
f 526/380/380 525/378/378 725/1087/1087
f 725/1087/1087 525/378/378 724/1086/1086
f 725/1087/1087 724/1086/1086 819/596/596
f 819/596/596 724/1086/1086 818/594/594
f 527/382/382 526/380/380 726/1088/1088
f 726/1088/1088 526/380/380 725/1087/1087
f 726/1088/1088 725/1087/1087 820/598/598
f 820/598/598 725/1087/1087 819/596/596
f 528/384/384 527/382/382 727/1089/1089
f 727/1089/1089 527/382/382 726/1088/1088
f 727/1089/1089 726/1088/1088 821/600/600
f 821/600/600 726/1088/1088 820/598/598
f 529/386/386 528/384/384 728/1090/1090
f 728/1090/1090 528/384/384 727/1089/1089
f 728/1090/1090 727/1089/1089 822/602/602
f 822/602/602 727/1089/1089 821/600/600
f 530/388/388 529/386/386 729/1091/1091
f 729/1091/1091 529/386/386 728/1090/1090
f 729/1091/1091 728/1090/1090 823/604/604
f 823/604/604 728/1090/1090 822/602/602
f 531/390/390 530/388/388 730/1092/1092
f 730/1092/1092 530/388/388 729/1091/1091
f 730/1092/1092 729/1091/1091 824/606/606
f 824/606/606 729/1091/1091 823/604/604
f 532/392/392 531/390/390 731/1093/1093
f 731/1093/1093 531/390/390 730/1092/1092
f 731/1093/1093 730/1092/1092 825/608/608
f 825/608/608 730/1092/1092 824/606/606
f 533/394/394 532/392/392 732/1094/1094
f 732/1094/1094 532/392/392 731/1093/1093
f 732/1094/1094 731/1093/1093 826/610/610
f 826/610/610 731/1093/1093 825/608/608
f 534/396/396 533/394/394 733/1095/1095
f 733/1095/1095 533/394/394 732/1094/1094
f 733/1095/1095 732/1094/1094 827/612/612
f 827/612/612 732/1094/1094 826/610/610
f 535/398/398 534/396/396 734/1096/1096
f 734/1096/1096 534/396/396 733/1095/1095
f 734/1096/1096 733/1095/1095 828/614/614
f 828/614/614 733/1095/1095 827/612/612
f 536/400/400 535/398/398 735/1097/1097
f 735/1097/1097 535/398/398 734/1096/1096
f 735/1097/1097 734/1096/1096 829/616/616
f 829/616/616 734/1096/1096 828/614/614
f 537/402/402 536/400/400 736/1098/1098
f 736/1098/1098 536/400/400 735/1097/1097
f 736/1098/1098 735/1097/1097 830/618/618
f 830/618/618 735/1097/1097 829/616/616
f 738/626/626 539/406/406 538/404/404
f 538/404/404 537/402/402 737/1099/1099
f 737/1099/1099 537/402/402 736/1098/1098
f 737/1099/1099 736/1098/1098 831/620/620
f 831/620/620 736/1098/1098 830/618/618
f 541/405/405 540/407/407 834/1100/1100
f 834/1100/1100 540/407/407 833/628/628
f 834/1100/1100 833/628/628 933/1101/1101
f 933/1101/1101 833/628/628 932/630/630
f 933/1101/1101 932/630/630 1032/1102/1102
f 1032/1102/1102 932/630/630 1031/632/632
f 1032/1102/1102 1031/632/632 1131/1103/1103
f 1131/1103/1103 1031/632/632 1130/634/634
f 1131/1103/1103 1130/634/634 1230/1104/1104
f 1230/1104/1104 1130/634/634 1229/636/636
f 1230/1104/1104 1229/636/636 1329/1105/1105
f 1329/1105/1105 1229/636/636 1328/638/638
f 1329/1105/1105 1328/638/638 1428/1106/1106
f 1428/1106/1106 1328/638/638 1427/640/640
f 1428/1106/1106 1427/640/640 1526/643/643
f 542/403/403 541/405/405 835/1107/1107
f 835/1107/1107 541/405/405 834/1100/1100
f 835/1107/1107 834/1100/1100 934/1108/1108
f 934/1108/1108 834/1100/1100 933/1101/1101
f 934/1108/1108 933/1101/1101 1033/1109/1109
f 1033/1109/1109 933/1101/1101 1032/1102/1102
f 1033/1109/1109 1032/1102/1102 1132/1110/1110
f 1132/1110/1110 1032/1102/1102 1131/1103/1103
f 1132/1110/1110 1131/1103/1103 1231/1111/1111
f 1231/1111/1111 1131/1103/1103 1230/1104/1104
f 1231/1111/1111 1230/1104/1104 1330/1112/1112
f 1330/1112/1112 1230/1104/1104 1329/1105/1105
f 1330/1112/1112 1329/1105/1105 1429/1113/1113
f 1429/1113/1113 1329/1105/1105 1428/1106/1106
f 1429/1113/1113 1428/1106/1106 1527/1114/1114
f 1527/1114/1114 1428/1106/1106 1526/643/643
f 1527/1114/1114 1526/643/643 1624/645/645
f 543/401/401 542/403/403 836/1115/1115
f 836/1115/1115 542/403/403 835/1107/1107
f 836/1115/1115 835/1107/1107 935/1116/1116
f 935/1116/1116 835/1107/1107 934/1108/1108
f 935/1116/1116 934/1108/1108 1034/1117/1117
f 1034/1117/1117 934/1108/1108 1033/1109/1109
f 1034/1117/1117 1033/1109/1109 1133/1118/1118
f 1133/1118/1118 1033/1109/1109 1132/1110/1110
f 1133/1118/1118 1132/1110/1110 1232/1119/1119
f 1232/1119/1119 1132/1110/1110 1231/1111/1111
f 1232/1119/1119 1231/1111/1111 1331/1120/1120
f 1331/1120/1120 1231/1111/1111 1330/1112/1112
f 1331/1120/1120 1330/1112/1112 1430/1121/1121
f 1430/1121/1121 1330/1112/1112 1429/1113/1113
f 1430/1121/1121 1429/1113/1113 1528/1122/1122
f 1528/1122/1122 1429/1113/1113 1527/1114/1114
f 1528/1122/1122 1527/1114/1114 1625/1123/1123
f 1625/1123/1123 1527/1114/1114 1624/645/645
f 1625/1123/1123 1624/645/645 1638/647/647
f 544/399/399 543/401/401 837/1124/1124
f 837/1124/1124 543/401/401 836/1115/1115
f 837/1124/1124 836/1115/1115 936/1125/1125
f 936/1125/1125 836/1115/1115 935/1116/1116
f 936/1125/1125 935/1116/1116 1035/1126/1126
f 1035/1126/1126 935/1116/1116 1034/1117/1117
f 1035/1126/1126 1034/1117/1117 1134/1127/1127
f 1134/1127/1127 1034/1117/1117 1133/1118/1118
f 1134/1127/1127 1133/1118/1118 1233/1128/1128
f 1233/1128/1128 1133/1118/1118 1232/1119/1119
f 1233/1128/1128 1232/1119/1119 1332/1129/1129
f 1332/1129/1129 1232/1119/1119 1331/1120/1120
f 1332/1129/1129 1331/1120/1120 1431/1130/1130
f 1431/1130/1130 1331/1120/1120 1430/1121/1121
f 1431/1130/1130 1430/1121/1121 1529/1131/1131
f 1529/1131/1131 1430/1121/1121 1528/1122/1122
f 1529/1131/1131 1528/1122/1122 1626/1132/1132
f 1626/1132/1132 1528/1122/1122 1625/1123/1123
f 1626/1132/1132 1625/1123/1123 1639/1133/1133
f 1639/1133/1133 1625/1123/1123 1638/647/647
f 1639/1133/1133 1638/647/647 1651/649/649
f 545/397/397 544/399/399 838/1134/1134
f 838/1134/1134 544/399/399 837/1124/1124
f 838/1134/1134 837/1124/1124 937/1135/1135
f 937/1135/1135 837/1124/1124 936/1125/1125
f 937/1135/1135 936/1125/1125 1036/1136/1136
f 1036/1136/1136 936/1125/1125 1035/1126/1126
f 1036/1136/1136 1035/1126/1126 1135/1137/1137
f 1135/1137/1137 1035/1126/1126 1134/1127/1127
f 1135/1137/1137 1134/1127/1127 1234/1138/1138
f 1234/1138/1138 1134/1127/1127 1233/1128/1128
f 1234/1138/1138 1233/1128/1128 1333/1139/1139
f 1333/1139/1139 1233/1128/1128 1332/1129/1129
f 1333/1139/1139 1332/1129/1129 1432/1140/1140
f 1432/1140/1140 1332/1129/1129 1431/1130/1130
f 1432/1140/1140 1431/1130/1130 1530/1141/1141
f 1530/1141/1141 1431/1130/1130 1529/1131/1131
f 1530/1141/1141 1529/1131/1131 1627/1142/1142
f 1627/1142/1142 1529/1131/1131 1626/1132/1132
f 1627/1142/1142 1626/1132/1132 1640/1143/1143
f 1640/1143/1143 1626/1132/1132 1639/1133/1133
f 1640/1143/1143 1639/1133/1133 1652/1144/1144
f 1652/1144/1144 1639/1133/1133 1651/649/649
f 1652/1144/1144 1651/649/649 1662/651/651
f 546/395/395 545/397/397 839/1145/1145
f 839/1145/1145 545/397/397 838/1134/1134
f 839/1145/1145 838/1134/1134 938/1146/1146
f 938/1146/1146 838/1134/1134 937/1135/1135
f 938/1146/1146 937/1135/1135 1037/1147/1147
f 1037/1147/1147 937/1135/1135 1036/1136/1136
f 1037/1147/1147 1036/1136/1136 1136/1148/1148
f 1136/1148/1148 1036/1136/1136 1135/1137/1137
f 1136/1148/1148 1135/1137/1137 1235/1149/1149
f 1235/1149/1149 1135/1137/1137 1234/1138/1138
f 1235/1149/1149 1234/1138/1138 1334/1150/1150
f 1334/1150/1150 1234/1138/1138 1333/1139/1139
f 1334/1150/1150 1333/1139/1139 1433/1151/1151
f 1433/1151/1151 1333/1139/1139 1432/1140/1140
f 1433/1151/1151 1432/1140/1140 1531/1152/1152
f 1531/1152/1152 1432/1140/1140 1530/1141/1141
f 1531/1152/1152 1530/1141/1141 1628/1153/1153
f 1628/1153/1153 1530/1141/1141 1627/1142/1142
f 1628/1153/1153 1627/1142/1142 1641/1154/1154
f 1641/1154/1154 1627/1142/1142 1640/1143/1143
f 1641/1154/1154 1640/1143/1143 1653/1155/1155
f 1653/1155/1155 1640/1143/1143 1652/1144/1144
f 1653/1155/1155 1652/1144/1144 1663/699/699
f 1663/699/699 1652/1144/1144 1662/651/651
f 547/393/393 546/395/395 840/1156/1156
f 840/1156/1156 546/395/395 839/1145/1145
f 840/1156/1156 839/1145/1145 939/1157/1157
f 939/1157/1157 839/1145/1145 938/1146/1146
f 939/1157/1157 938/1146/1146 1038/1158/1158
f 1038/1158/1158 938/1146/1146 1037/1147/1147
f 1038/1158/1158 1037/1147/1147 1137/1159/1159
f 1137/1159/1159 1037/1147/1147 1136/1148/1148
f 1137/1159/1159 1136/1148/1148 1236/1160/1160
f 1236/1160/1160 1136/1148/1148 1235/1149/1149
f 1236/1160/1160 1235/1149/1149 1335/1161/1161
f 1335/1161/1161 1235/1149/1149 1334/1150/1150
f 1335/1161/1161 1334/1150/1150 1434/1162/1162
f 1434/1162/1162 1334/1150/1150 1433/1151/1151
f 1434/1162/1162 1433/1151/1151 1532/1163/1163
f 1532/1163/1163 1433/1151/1151 1531/1152/1152
f 1532/1163/1163 1531/1152/1152 1629/1164/1164
f 1629/1164/1164 1531/1152/1152 1628/1153/1153
f 1629/1164/1164 1628/1153/1153 1642/1165/1165
f 1642/1165/1165 1628/1153/1153 1641/1154/1154
f 1642/1165/1165 1641/1154/1154 1654/1166/1166
f 1654/1166/1166 1641/1154/1154 1653/1155/1155
f 1654/1166/1166 1653/1155/1155 1664/698/698
f 1664/698/698 1653/1155/1155 1663/699/699
f 842/722/722 549/389/389 548/391/391
f 548/391/391 547/393/393 841/1167/1167
f 841/1167/1167 547/393/393 840/1156/1156
f 841/1167/1167 840/1156/1156 940/1168/1168
f 940/1168/1168 840/1156/1156 939/1157/1157
f 940/1168/1168 939/1157/1157 1039/1169/1169
f 1039/1169/1169 939/1157/1157 1038/1158/1158
f 1039/1169/1169 1038/1158/1158 1138/1170/1170
f 1138/1170/1170 1038/1158/1158 1137/1159/1159
f 1138/1170/1170 1137/1159/1159 1237/1171/1171
f 1237/1171/1171 1137/1159/1159 1236/1160/1160
f 1237/1171/1171 1236/1160/1160 1336/1172/1172
f 1336/1172/1172 1236/1160/1160 1335/1161/1161
f 1336/1172/1172 1335/1161/1161 1435/1173/1173
f 1435/1173/1173 1335/1161/1161 1434/1162/1162
f 1435/1173/1173 1434/1162/1162 1533/1174/1174
f 1533/1174/1174 1434/1162/1162 1532/1163/1163
f 1533/1174/1174 1532/1163/1163 1630/1175/1175
f 1630/1175/1175 1532/1163/1163 1629/1164/1164
f 1630/1175/1175 1629/1164/1164 1643/1176/1176
f 1643/1176/1176 1629/1164/1164 1642/1165/1165
f 1643/1176/1176 1642/1165/1165 1655/1177/1177
f 1655/1177/1177 1642/1165/1165 1654/1166/1166
f 1655/1177/1177 1654/1166/1166 1665/697/697
f 1665/697/697 1654/1166/1166 1664/698/698
f 551/385/385 550/387/387 844/1178/1178
f 844/1178/1178 550/387/387 843/723/723
f 844/1178/1178 843/723/723 943/1179/1179
f 943/1179/1179 843/723/723 942/721/721
f 943/1179/1179 942/721/721 1042/1180/1180
f 1042/1180/1180 942/721/721 1041/719/719
f 1042/1180/1180 1041/719/719 1141/1181/1181
f 1141/1181/1181 1041/719/719 1140/717/717
f 1141/1181/1181 1140/717/717 1240/1182/1182
f 1240/1182/1182 1140/717/717 1239/715/715
f 1240/1182/1182 1239/715/715 1339/1183/1183
f 1339/1183/1183 1239/715/715 1338/713/713
f 1339/1183/1183 1338/713/713 1438/802/802
f 1438/802/802 1338/713/713 1437/711/711
f 552/383/383 551/385/385 845/1184/1184
f 845/1184/1184 551/385/385 844/1178/1178
f 845/1184/1184 844/1178/1178 944/1185/1185
f 944/1185/1185 844/1178/1178 943/1179/1179
f 944/1185/1185 943/1179/1179 1043/1186/1186
f 1043/1186/1186 943/1179/1179 1042/1180/1180
f 1043/1186/1186 1042/1180/1180 1142/1187/1187
f 1142/1187/1187 1042/1180/1180 1141/1181/1181
f 1142/1187/1187 1141/1181/1181 1241/1188/1188
f 1241/1188/1188 1141/1181/1181 1240/1182/1182
f 1241/1188/1188 1240/1182/1182 1340/1189/1189
f 1340/1189/1189 1240/1182/1182 1339/1183/1183
f 1340/1189/1189 1339/1183/1183 1439/800/800
f 1439/800/800 1339/1183/1183 1438/802/802
f 847/819/819 554/379/379 553/381/381
f 553/381/381 552/383/383 846/1190/1190
f 846/1190/1190 552/383/383 845/1184/1184
f 846/1190/1190 845/1184/1184 945/1191/1191
f 945/1191/1191 845/1184/1184 944/1185/1185
f 945/1191/1191 944/1185/1185 1044/1192/1192
f 1044/1192/1192 944/1185/1185 1043/1186/1186
f 1044/1192/1192 1043/1186/1186 1143/1193/1193
f 1143/1193/1193 1043/1186/1186 1142/1187/1187
f 1143/1193/1193 1142/1187/1187 1242/1194/1194
f 1242/1194/1194 1142/1187/1187 1241/1188/1188
f 1242/1194/1194 1241/1188/1188 1341/1195/1195
f 1341/1195/1195 1241/1188/1188 1340/1189/1189
f 1341/1195/1195 1340/1189/1189 1440/799/799
f 1440/799/799 1340/1189/1189 1439/800/800
f 557/373/373 556/375/375 850/1196/1196
f 850/1196/1196 556/375/375 849/861/861
f 850/1196/1196 849/861/861 949/1197/1197
f 949/1197/1197 849/861/861 948/860/860
f 949/1197/1197 948/860/860 1048/1198/1198
f 1048/1198/1198 948/860/860 1047/859/859
f 1048/1198/1198 1047/859/859 1147/1199/1199
f 1147/1199/1199 1047/859/859 1146/858/858
f 1147/1199/1199 1146/858/858 1246/1200/1200
f 1246/1200/1200 1146/858/858 1245/857/857
f 1246/1200/1200 1245/857/857 1345/1201/1201
f 1345/1201/1201 1245/857/857 1344/856/856
f 1345/1201/1201 1344/856/856 1444/870/870
f 1444/870/870 1344/856/856 1443/855/855
f 558/371/371 557/373/373 851/1202/1202
f 851/1202/1202 557/373/373 850/1196/1196
f 851/1202/1202 850/1196/1196 950/1203/1203
f 950/1203/1203 850/1196/1196 949/1197/1197
f 950/1203/1203 949/1197/1197 1049/1204/1204
f 1049/1204/1204 949/1197/1197 1048/1198/1198
f 1049/1204/1204 1048/1198/1198 1148/1205/1205
f 1148/1205/1205 1048/1198/1198 1147/1199/1199
f 1148/1205/1205 1147/1199/1199 1247/1206/1206
f 1247/1206/1206 1147/1199/1199 1246/1200/1200
f 1247/1206/1206 1246/1200/1200 1346/1207/1207
f 1346/1207/1207 1246/1200/1200 1345/1201/1201
f 1346/1207/1207 1345/1201/1201 1445/880/880
f 1445/880/880 1345/1201/1201 1444/870/870
f 559/369/369 558/371/371 852/1208/1208
f 852/1208/1208 558/371/371 851/1202/1202
f 852/1208/1208 851/1202/1202 951/1209/1209
f 951/1209/1209 851/1202/1202 950/1203/1203
f 951/1209/1209 950/1203/1203 1050/1210/1210
f 1050/1210/1210 950/1203/1203 1049/1204/1204
f 1050/1210/1210 1049/1204/1204 1149/1211/1211
f 1149/1211/1211 1049/1204/1204 1148/1205/1205
f 1149/1211/1211 1148/1205/1205 1248/1212/1212
f 1248/1212/1212 1148/1205/1205 1247/1206/1206
f 1248/1212/1212 1247/1206/1206 1347/1213/1213
f 1347/1213/1213 1247/1206/1206 1346/1207/1207
f 1347/1213/1213 1346/1207/1207 1446/1214/1214
f 1446/1214/1214 1346/1207/1207 1445/880/880
f 1446/1214/1214 1445/880/880 1543/889/889
f 560/367/367 559/369/369 853/1215/1215
f 853/1215/1215 559/369/369 852/1208/1208
f 853/1215/1215 852/1208/1208 952/1216/1216
f 952/1216/1216 852/1208/1208 951/1209/1209
f 952/1216/1216 951/1209/1209 1051/1217/1217
f 1051/1217/1217 951/1209/1209 1050/1210/1210
f 1051/1217/1217 1050/1210/1210 1150/1218/1218
f 1150/1218/1218 1050/1210/1210 1149/1211/1211
f 1150/1218/1218 1149/1211/1211 1249/1219/1219
f 1249/1219/1219 1149/1211/1211 1248/1212/1212
f 1249/1219/1219 1248/1212/1212 1348/1220/1220
f 1348/1220/1220 1248/1212/1212 1347/1213/1213
f 1348/1220/1220 1347/1213/1213 1447/1221/1221
f 1447/1221/1221 1347/1213/1213 1446/1214/1214
f 1447/1221/1221 1446/1214/1214 1544/897/897
f 1544/897/897 1446/1214/1214 1543/889/889
f 855/937/937 562/363/363 561/365/365
f 561/365/365 560/367/367 854/1222/1222
f 854/1222/1222 560/367/367 853/1215/1215
f 854/1222/1222 853/1215/1215 953/1223/1223
f 953/1223/1223 853/1215/1215 952/1216/1216
f 953/1223/1223 952/1216/1216 1052/1224/1224
f 1052/1224/1224 952/1216/1216 1051/1217/1217
f 1052/1224/1224 1051/1217/1217 1151/1225/1225
f 1151/1225/1225 1051/1217/1217 1150/1218/1218
f 1151/1225/1225 1150/1218/1218 1250/1226/1226
f 1250/1226/1226 1150/1218/1218 1249/1219/1219
f 1250/1226/1226 1249/1219/1219 1349/1227/1227
f 1349/1227/1227 1249/1219/1219 1348/1220/1220
f 1349/1227/1227 1348/1220/1220 1448/1228/1228
f 1448/1228/1228 1348/1220/1220 1447/1221/1221
f 1448/1228/1228 1447/1221/1221 1545/905/905
f 1545/905/905 1447/1221/1221 1544/897/897
f 565/357/357 564/359/359 858/1229/1229
f 858/1229/1229 564/359/359 857/954/954
f 858/1229/1229 857/954/954 957/1230/1230
f 957/1230/1230 857/954/954 956/953/953
f 957/1230/1230 956/953/953 1056/1231/1231
f 1056/1231/1231 956/953/953 1055/952/952
f 1056/1231/1231 1055/952/952 1155/1232/1232
f 1155/1232/1232 1055/952/952 1154/951/951
f 1155/1232/1232 1154/951/951 1254/1233/1233
f 1254/1233/1233 1154/951/951 1253/950/950
f 1254/1233/1233 1253/950/950 1353/1234/1234
f 1353/1234/1234 1253/950/950 1352/949/949
f 1353/1234/1234 1352/949/949 1452/1235/1235
f 1452/1235/1235 1352/949/949 1451/948/948
f 1452/1235/1235 1451/948/948 1549/1236/1236
f 1549/1236/1236 1451/948/948 1548/947/947
f 1549/1236/1236 1548/947/947 1692/1237/1237
f 1692/1237/1237 1548/947/947 1691/946/946
f 1692/1237/1237 1691/946/946 1766/958/958
f 566/355/355 565/357/357 859/1238/1238
f 859/1238/1238 565/357/357 858/1229/1229
f 859/1238/1238 858/1229/1229 958/1239/1239
f 958/1239/1239 858/1229/1229 957/1230/1230
f 958/1239/1239 957/1230/1230 1057/1240/1240
f 1057/1240/1240 957/1230/1230 1056/1231/1231
f 1057/1240/1240 1056/1231/1231 1156/1241/1241
f 1156/1241/1241 1056/1231/1231 1155/1232/1232
f 1156/1241/1241 1155/1232/1232 1255/1242/1242
f 1255/1242/1242 1155/1232/1232 1254/1233/1233
f 1255/1242/1242 1254/1233/1233 1354/1243/1243
f 1354/1243/1243 1254/1233/1233 1353/1234/1234
f 1354/1243/1243 1353/1234/1234 1453/1244/1244
f 1453/1244/1244 1353/1234/1234 1452/1235/1235
f 1453/1244/1244 1452/1235/1235 1550/1245/1245
f 1550/1245/1245 1452/1235/1235 1549/1236/1236
f 1550/1245/1245 1549/1236/1236 1693/1246/1246
f 1693/1246/1246 1549/1236/1236 1692/1237/1237
f 1693/1246/1246 1692/1237/1237 1767/964/964
f 1767/964/964 1692/1237/1237 1766/958/958
f 567/353/353 566/355/355 860/1247/1247
f 860/1247/1247 566/355/355 859/1238/1238
f 860/1247/1247 859/1238/1238 959/1248/1248
f 959/1248/1248 859/1238/1238 958/1239/1239
f 959/1248/1248 958/1239/1239 1058/1249/1249
f 1058/1249/1249 958/1239/1239 1057/1240/1240
f 1058/1249/1249 1057/1240/1240 1157/1250/1250
f 1157/1250/1250 1057/1240/1240 1156/1241/1241
f 1157/1250/1250 1156/1241/1241 1256/1251/1251
f 1256/1251/1251 1156/1241/1241 1255/1242/1242
f 1256/1251/1251 1255/1242/1242 1355/1252/1252
f 1355/1252/1252 1255/1242/1242 1354/1243/1243
f 1355/1252/1252 1354/1243/1243 1454/1253/1253
f 1454/1253/1253 1354/1243/1243 1453/1244/1244
f 1454/1253/1253 1453/1244/1244 1551/1254/1254
f 1551/1254/1254 1453/1244/1244 1550/1245/1245
f 1551/1254/1254 1550/1245/1245 1694/1255/1255
f 1694/1255/1255 1550/1245/1245 1693/1246/1246
f 1694/1255/1255 1693/1246/1246 1768/973/973
f 1768/973/973 1693/1246/1246 1767/964/964
f 568/351/351 567/353/353 861/1256/1256
f 861/1256/1256 567/353/353 860/1247/1247
f 861/1256/1256 860/1247/1247 960/1257/1257
f 960/1257/1257 860/1247/1247 959/1248/1248
f 960/1257/1257 959/1248/1248 1059/1258/1258
f 1059/1258/1258 959/1248/1248 1058/1249/1249
f 1059/1258/1258 1058/1249/1249 1158/1259/1259
f 1158/1259/1259 1058/1249/1249 1157/1250/1250
f 1158/1259/1259 1157/1250/1250 1257/1260/1260
f 1257/1260/1260 1157/1250/1250 1256/1251/1251
f 1257/1260/1260 1256/1251/1251 1356/1261/1261
f 1356/1261/1261 1256/1251/1251 1355/1252/1252
f 1356/1261/1261 1355/1252/1252 1455/1262/1262
f 1455/1262/1262 1355/1252/1252 1454/1253/1253
f 1455/1262/1262 1454/1253/1253 1552/1263/1263
f 1552/1263/1263 1454/1253/1253 1551/1254/1254
f 1552/1263/1263 1551/1254/1254 1695/1264/1264
f 1695/1264/1264 1551/1254/1254 1694/1255/1255
f 1695/1264/1264 1694/1255/1255 1769/1265/1265
f 1769/1265/1265 1694/1255/1255 1768/973/973
f 1769/1265/1265 1768/973/973 1841/984/984
f 1841/984/984 1768/973/973 1840/976/976
f 569/349/349 568/351/351 862/1266/1266
f 862/1266/1266 568/351/351 861/1256/1256
f 862/1266/1266 861/1256/1256 961/1267/1267
f 961/1267/1267 861/1256/1256 960/1257/1257
f 961/1267/1267 960/1257/1257 1060/1268/1268
f 1060/1268/1268 960/1257/1257 1059/1258/1258
f 1060/1268/1268 1059/1258/1258 1159/1269/1269
f 1159/1269/1269 1059/1258/1258 1158/1259/1259
f 1159/1269/1269 1158/1259/1259 1258/1270/1270
f 1258/1270/1270 1158/1259/1259 1257/1260/1260
f 1258/1270/1270 1257/1260/1260 1357/1271/1271
f 1357/1271/1271 1257/1260/1260 1356/1261/1261
f 1357/1271/1271 1356/1261/1261 1456/1272/1272
f 1456/1272/1272 1356/1261/1261 1455/1262/1262
f 1456/1272/1272 1455/1262/1262 1553/1273/1273
f 1553/1273/1273 1455/1262/1262 1552/1263/1263
f 1553/1273/1273 1552/1263/1263 1696/1274/1274
f 1696/1274/1274 1552/1263/1263 1695/1264/1264
f 1696/1274/1274 1695/1264/1264 1770/1275/1275
f 1770/1275/1275 1695/1264/1264 1769/1265/1265
f 1770/1275/1275 1769/1265/1265 1842/1276/1276
f 1842/1276/1276 1769/1265/1265 1841/984/984
f 1842/1276/1276 1841/984/984 1914/172/172
f 570/347/347 569/349/349 863/1277/1277
f 863/1277/1277 569/349/349 862/1266/1266
f 863/1277/1277 862/1266/1266 962/1278/1278
f 962/1278/1278 862/1266/1266 961/1267/1267
f 962/1278/1278 961/1267/1267 1061/1279/1279
f 1061/1279/1279 961/1267/1267 1060/1268/1268
f 1061/1279/1279 1060/1268/1268 1160/1280/1280
f 1160/1280/1280 1060/1268/1268 1159/1269/1269
f 1160/1280/1280 1159/1269/1269 1259/1281/1281
f 1259/1281/1281 1159/1269/1269 1258/1270/1270
f 1259/1281/1281 1258/1270/1270 1358/1282/1282
f 1358/1282/1282 1258/1270/1270 1357/1271/1271
f 1358/1282/1282 1357/1271/1271 1457/1283/1283
f 1457/1283/1283 1357/1271/1271 1456/1272/1272
f 1457/1283/1283 1456/1272/1272 1554/1284/1284
f 1554/1284/1284 1456/1272/1272 1553/1273/1273
f 1554/1284/1284 1553/1273/1273 1697/1285/1285
f 1697/1285/1285 1553/1273/1273 1696/1274/1274
f 1697/1285/1285 1696/1274/1274 1771/1286/1286
f 1771/1286/1286 1696/1274/1274 1770/1275/1275
f 1771/1286/1286 1770/1275/1275 1843/1287/1287
f 1843/1287/1287 1770/1275/1275 1842/1276/1276
f 1843/1287/1287 1842/1276/1276 1915/170/170
f 1915/170/170 1842/1276/1276 1914/172/172
f 571/345/345 570/347/347 864/1288/1288
f 864/1288/1288 570/347/347 863/1277/1277
f 864/1288/1288 863/1277/1277 963/1289/1289
f 963/1289/1289 863/1277/1277 962/1278/1278
f 963/1289/1289 962/1278/1278 1062/1290/1290
f 1062/1290/1290 962/1278/1278 1061/1279/1279
f 1062/1290/1290 1061/1279/1279 1161/1291/1291
f 1161/1291/1291 1061/1279/1279 1160/1280/1280
f 1161/1291/1291 1160/1280/1280 1260/1292/1292
f 1260/1292/1292 1160/1280/1280 1259/1281/1281
f 1260/1292/1292 1259/1281/1281 1359/1293/1293
f 1359/1293/1293 1259/1281/1281 1358/1282/1282
f 1359/1293/1293 1358/1282/1282 1458/1294/1294
f 1458/1294/1294 1358/1282/1282 1457/1283/1283
f 1458/1294/1294 1457/1283/1283 1555/1295/1295
f 1555/1295/1295 1457/1283/1283 1554/1284/1284
f 1555/1295/1295 1554/1284/1284 1698/1296/1296
f 1698/1296/1296 1554/1284/1284 1697/1285/1285
f 1698/1296/1296 1697/1285/1285 1772/1297/1297
f 1772/1297/1297 1697/1285/1285 1771/1286/1286
f 1772/1297/1297 1771/1286/1286 1844/1298/1298
f 1844/1298/1298 1771/1286/1286 1843/1287/1287
f 1844/1298/1298 1843/1287/1287 1916/168/168
f 1916/168/168 1843/1287/1287 1915/170/170
f 572/343/343 571/345/345 865/1299/1299
f 865/1299/1299 571/345/345 864/1288/1288
f 865/1299/1299 864/1288/1288 964/1300/1300
f 964/1300/1300 864/1288/1288 963/1289/1289
f 964/1300/1300 963/1289/1289 1063/1301/1301
f 1063/1301/1301 963/1289/1289 1062/1290/1290
f 1063/1301/1301 1062/1290/1290 1162/1302/1302
f 1162/1302/1302 1062/1290/1290 1161/1291/1291
f 1162/1302/1302 1161/1291/1291 1261/1303/1303
f 1261/1303/1303 1161/1291/1291 1260/1292/1292
f 1261/1303/1303 1260/1292/1292 1360/1304/1304
f 1360/1304/1304 1260/1292/1292 1359/1293/1293
f 1360/1304/1304 1359/1293/1293 1459/1305/1305
f 1459/1305/1305 1359/1293/1293 1458/1294/1294
f 1459/1305/1305 1458/1294/1294 1556/1306/1306
f 1556/1306/1306 1458/1294/1294 1555/1295/1295
f 1556/1306/1306 1555/1295/1295 1699/1307/1307
f 1699/1307/1307 1555/1295/1295 1698/1296/1296
f 1699/1307/1307 1698/1296/1296 1773/1308/1308
f 1773/1308/1308 1698/1296/1296 1772/1297/1297
f 1773/1308/1308 1772/1297/1297 1845/1309/1309
f 1845/1309/1309 1772/1297/1297 1844/1298/1298
f 1845/1309/1309 1844/1298/1298 1917/166/166
f 1917/166/166 1844/1298/1298 1916/168/168
f 573/341/341 572/343/343 866/1310/1310
f 866/1310/1310 572/343/343 865/1299/1299
f 866/1310/1310 865/1299/1299 965/1311/1311
f 965/1311/1311 865/1299/1299 964/1300/1300
f 965/1311/1311 964/1300/1300 1064/1312/1312
f 1064/1312/1312 964/1300/1300 1063/1301/1301
f 1064/1312/1312 1063/1301/1301 1163/1313/1313
f 1163/1313/1313 1063/1301/1301 1162/1302/1302
f 1163/1313/1313 1162/1302/1302 1262/1314/1314
f 1262/1314/1314 1162/1302/1302 1261/1303/1303
f 1262/1314/1314 1261/1303/1303 1361/1315/1315
f 1361/1315/1315 1261/1303/1303 1360/1304/1304
f 1361/1315/1315 1360/1304/1304 1460/1316/1316
f 1460/1316/1316 1360/1304/1304 1459/1305/1305
f 1460/1316/1316 1459/1305/1305 1557/1317/1317
f 1557/1317/1317 1459/1305/1305 1556/1306/1306
f 1557/1317/1317 1556/1306/1306 1700/1318/1318
f 1700/1318/1318 1556/1306/1306 1699/1307/1307
f 1700/1318/1318 1699/1307/1307 1774/1319/1319
f 1774/1319/1319 1699/1307/1307 1773/1308/1308
f 1774/1319/1319 1773/1308/1308 1846/1320/1320
f 1846/1320/1320 1773/1308/1308 1845/1309/1309
f 1846/1320/1320 1845/1309/1309 1918/164/164
f 1918/164/164 1845/1309/1309 1917/166/166
f 574/339/339 573/341/341 867/1321/1321
f 867/1321/1321 573/341/341 866/1310/1310
f 867/1321/1321 866/1310/1310 966/1322/1322
f 966/1322/1322 866/1310/1310 965/1311/1311
f 966/1322/1322 965/1311/1311 1065/1323/1323
f 1065/1323/1323 965/1311/1311 1064/1312/1312
f 1065/1323/1323 1064/1312/1312 1164/1324/1324
f 1164/1324/1324 1064/1312/1312 1163/1313/1313
f 1164/1324/1324 1163/1313/1313 1263/1325/1325
f 1263/1325/1325 1163/1313/1313 1262/1314/1314
f 1263/1325/1325 1262/1314/1314 1362/1326/1326
f 1362/1326/1326 1262/1314/1314 1361/1315/1315
f 1362/1326/1326 1361/1315/1315 1461/1327/1327
f 1461/1327/1327 1361/1315/1315 1460/1316/1316
f 1461/1327/1327 1460/1316/1316 1558/1328/1328
f 1558/1328/1328 1460/1316/1316 1557/1317/1317
f 1558/1328/1328 1557/1317/1317 1701/1329/1329
f 1701/1329/1329 1557/1317/1317 1700/1318/1318
f 1701/1329/1329 1700/1318/1318 1775/1330/1330
f 1775/1330/1330 1700/1318/1318 1774/1319/1319
f 1775/1330/1330 1774/1319/1319 1847/1331/1331
f 1847/1331/1331 1774/1319/1319 1846/1320/1320
f 1847/1331/1331 1846/1320/1320 1919/162/162
f 1919/162/162 1846/1320/1320 1918/164/164
f 575/337/337 574/339/339 868/1332/1332
f 868/1332/1332 574/339/339 867/1321/1321
f 868/1332/1332 867/1321/1321 967/1333/1333
f 967/1333/1333 867/1321/1321 966/1322/1322
f 967/1333/1333 966/1322/1322 1066/1334/1334
f 1066/1334/1334 966/1322/1322 1065/1323/1323
f 1066/1334/1334 1065/1323/1323 1165/1335/1335
f 1165/1335/1335 1065/1323/1323 1164/1324/1324
f 1165/1335/1335 1164/1324/1324 1264/1336/1336
f 1264/1336/1336 1164/1324/1324 1263/1325/1325
f 1264/1336/1336 1263/1325/1325 1363/1337/1337
f 1363/1337/1337 1263/1325/1325 1362/1326/1326
f 1363/1337/1337 1362/1326/1326 1462/1338/1338
f 1462/1338/1338 1362/1326/1326 1461/1327/1327
f 1462/1338/1338 1461/1327/1327 1559/1339/1339
f 1559/1339/1339 1461/1327/1327 1558/1328/1328
f 1559/1339/1339 1558/1328/1328 1702/1340/1340
f 1702/1340/1340 1558/1328/1328 1701/1329/1329
f 1702/1340/1340 1701/1329/1329 1776/1341/1341
f 1776/1341/1341 1701/1329/1329 1775/1330/1330
f 1776/1341/1341 1775/1330/1330 1848/1342/1342
f 1848/1342/1342 1775/1330/1330 1847/1331/1331
f 1848/1342/1342 1847/1331/1331 1920/160/160
f 1920/160/160 1847/1331/1331 1919/162/162
f 576/335/335 575/337/337 869/1343/1343
f 869/1343/1343 575/337/337 868/1332/1332
f 869/1343/1343 868/1332/1332 968/1344/1344
f 968/1344/1344 868/1332/1332 967/1333/1333
f 968/1344/1344 967/1333/1333 1067/1345/1345
f 1067/1345/1345 967/1333/1333 1066/1334/1334
f 1067/1345/1345 1066/1334/1334 1166/1346/1346
f 1166/1346/1346 1066/1334/1334 1165/1335/1335
f 1166/1346/1346 1165/1335/1335 1265/1347/1347
f 1265/1347/1347 1165/1335/1335 1264/1336/1336
f 1265/1347/1347 1264/1336/1336 1364/1348/1348
f 1364/1348/1348 1264/1336/1336 1363/1337/1337
f 1364/1348/1348 1363/1337/1337 1463/1349/1349
f 1463/1349/1349 1363/1337/1337 1462/1338/1338
f 1463/1349/1349 1462/1338/1338 1560/1350/1350
f 1560/1350/1350 1462/1338/1338 1559/1339/1339
f 1560/1350/1350 1559/1339/1339 1703/1351/1351
f 1703/1351/1351 1559/1339/1339 1702/1340/1340
f 1703/1351/1351 1702/1340/1340 1777/1352/1352
f 1777/1352/1352 1702/1340/1340 1776/1341/1341
f 1777/1352/1352 1776/1341/1341 1849/1353/1353
f 1849/1353/1353 1776/1341/1341 1848/1342/1342
f 1849/1353/1353 1848/1342/1342 1921/158/158
f 1921/158/158 1848/1342/1342 1920/160/160
f 577/333/333 576/335/335 870/1354/1354
f 870/1354/1354 576/335/335 869/1343/1343
f 870/1354/1354 869/1343/1343 969/1355/1355
f 969/1355/1355 869/1343/1343 968/1344/1344
f 969/1355/1355 968/1344/1344 1068/1356/1356
f 1068/1356/1356 968/1344/1344 1067/1345/1345
f 1068/1356/1356 1067/1345/1345 1167/1357/1357
f 1167/1357/1357 1067/1345/1345 1166/1346/1346
f 1167/1357/1357 1166/1346/1346 1266/1358/1358
f 1266/1358/1358 1166/1346/1346 1265/1347/1347
f 1266/1358/1358 1265/1347/1347 1365/1359/1359
f 1365/1359/1359 1265/1347/1347 1364/1348/1348
f 1365/1359/1359 1364/1348/1348 1464/1360/1360
f 1464/1360/1360 1364/1348/1348 1463/1349/1349
f 1464/1360/1360 1463/1349/1349 1561/1361/1361
f 1561/1361/1361 1463/1349/1349 1560/1350/1350
f 1561/1361/1361 1560/1350/1350 1704/1362/1362
f 1704/1362/1362 1560/1350/1350 1703/1351/1351
f 1704/1362/1362 1703/1351/1351 1778/1363/1363
f 1778/1363/1363 1703/1351/1351 1777/1352/1352
f 1778/1363/1363 1777/1352/1352 1850/1364/1364
f 1850/1364/1364 1777/1352/1352 1849/1353/1353
f 1850/1364/1364 1849/1353/1353 1922/156/156
f 1922/156/156 1849/1353/1353 1921/158/158
f 578/331/331 577/333/333 871/1365/1365
f 871/1365/1365 577/333/333 870/1354/1354
f 871/1365/1365 870/1354/1354 970/1366/1366
f 970/1366/1366 870/1354/1354 969/1355/1355
f 970/1366/1366 969/1355/1355 1069/1367/1367
f 1069/1367/1367 969/1355/1355 1068/1356/1356
f 1069/1367/1367 1068/1356/1356 1168/1368/1368
f 1168/1368/1368 1068/1356/1356 1167/1357/1357
f 1168/1368/1368 1167/1357/1357 1267/1369/1369
f 1267/1369/1369 1167/1357/1357 1266/1358/1358
f 1267/1369/1369 1266/1358/1358 1366/1370/1370
f 1366/1370/1370 1266/1358/1358 1365/1359/1359
f 1366/1370/1370 1365/1359/1359 1465/1371/1371
f 1465/1371/1371 1365/1359/1359 1464/1360/1360
f 1465/1371/1371 1464/1360/1360 1562/1372/1372
f 1562/1372/1372 1464/1360/1360 1561/1361/1361
f 1562/1372/1372 1561/1361/1361 1705/1373/1373
f 1705/1373/1373 1561/1361/1361 1704/1362/1362
f 1705/1373/1373 1704/1362/1362 1779/1374/1374
f 1779/1374/1374 1704/1362/1362 1778/1363/1363
f 1779/1374/1374 1778/1363/1363 1851/1375/1375
f 1851/1375/1375 1778/1363/1363 1850/1364/1364
f 1851/1375/1375 1850/1364/1364 1923/154/154
f 1923/154/154 1850/1364/1364 1922/156/156
f 579/329/329 578/331/331 872/1376/1376
f 872/1376/1376 578/331/331 871/1365/1365
f 872/1376/1376 871/1365/1365 971/1377/1377
f 971/1377/1377 871/1365/1365 970/1366/1366
f 971/1377/1377 970/1366/1366 1070/1378/1378
f 1070/1378/1378 970/1366/1366 1069/1367/1367
f 1070/1378/1378 1069/1367/1367 1169/1379/1379
f 1169/1379/1379 1069/1367/1367 1168/1368/1368
f 1169/1379/1379 1168/1368/1368 1268/1380/1380
f 1268/1380/1380 1168/1368/1368 1267/1369/1369
f 1268/1380/1380 1267/1369/1369 1367/1381/1381
f 1367/1381/1381 1267/1369/1369 1366/1370/1370
f 1367/1381/1381 1366/1370/1370 1466/1382/1382
f 1466/1382/1382 1366/1370/1370 1465/1371/1371
f 1466/1382/1382 1465/1371/1371 1563/1383/1383
f 1563/1383/1383 1465/1371/1371 1562/1372/1372
f 1563/1383/1383 1562/1372/1372 1706/1384/1384
f 1706/1384/1384 1562/1372/1372 1705/1373/1373
f 1706/1384/1384 1705/1373/1373 1780/1385/1385
f 1780/1385/1385 1705/1373/1373 1779/1374/1374
f 1780/1385/1385 1779/1374/1374 1852/1386/1386
f 1852/1386/1386 1779/1374/1374 1851/1375/1375
f 1852/1386/1386 1851/1375/1375 1924/152/152
f 1924/152/152 1851/1375/1375 1923/154/154
f 580/327/327 579/329/329 873/1387/1387
f 873/1387/1387 579/329/329 872/1376/1376
f 873/1387/1387 872/1376/1376 972/1388/1388
f 972/1388/1388 872/1376/1376 971/1377/1377
f 972/1388/1388 971/1377/1377 1071/1389/1389
f 1071/1389/1389 971/1377/1377 1070/1378/1378
f 1071/1389/1389 1070/1378/1378 1170/1390/1390
f 1170/1390/1390 1070/1378/1378 1169/1379/1379
f 1170/1390/1390 1169/1379/1379 1269/1391/1391
f 1269/1391/1391 1169/1379/1379 1268/1380/1380
f 1269/1391/1391 1268/1380/1380 1368/1392/1392
f 1368/1392/1392 1268/1380/1380 1367/1381/1381
f 1368/1392/1392 1367/1381/1381 1467/1393/1393
f 1467/1393/1393 1367/1381/1381 1466/1382/1382
f 1467/1393/1393 1466/1382/1382 1564/1394/1394
f 1564/1394/1394 1466/1382/1382 1563/1383/1383
f 1564/1394/1394 1563/1383/1383 1707/1395/1395
f 1707/1395/1395 1563/1383/1383 1706/1384/1384
f 1707/1395/1395 1706/1384/1384 1781/1396/1396
f 1781/1396/1396 1706/1384/1384 1780/1385/1385
f 1781/1396/1396 1780/1385/1385 1853/1397/1397
f 1853/1397/1397 1780/1385/1385 1852/1386/1386
f 1853/1397/1397 1852/1386/1386 1925/150/150
f 1925/150/150 1852/1386/1386 1924/152/152
f 581/325/325 580/327/327 874/1398/1398
f 874/1398/1398 580/327/327 873/1387/1387
f 874/1398/1398 873/1387/1387 973/1399/1399
f 973/1399/1399 873/1387/1387 972/1388/1388
f 973/1399/1399 972/1388/1388 1072/1400/1400
f 1072/1400/1400 972/1388/1388 1071/1389/1389
f 1072/1400/1400 1071/1389/1389 1171/1401/1401
f 1171/1401/1401 1071/1389/1389 1170/1390/1390
f 1171/1401/1401 1170/1390/1390 1270/1402/1402
f 1270/1402/1402 1170/1390/1390 1269/1391/1391
f 1270/1402/1402 1269/1391/1391 1369/1403/1403
f 1369/1403/1403 1269/1391/1391 1368/1392/1392
f 1369/1403/1403 1368/1392/1392 1468/1404/1404
f 1468/1404/1404 1368/1392/1392 1467/1393/1393
f 1468/1404/1404 1467/1393/1393 1565/1405/1405
f 1565/1405/1405 1467/1393/1393 1564/1394/1394
f 1565/1405/1405 1564/1394/1394 1708/1406/1406
f 1708/1406/1406 1564/1394/1394 1707/1395/1395
f 1708/1406/1406 1707/1395/1395 1782/1407/1407
f 1782/1407/1407 1707/1395/1395 1781/1396/1396
f 1782/1407/1407 1781/1396/1396 1854/1408/1408
f 1854/1408/1408 1781/1396/1396 1853/1397/1397
f 1854/1408/1408 1853/1397/1397 1926/148/148
f 1926/148/148 1853/1397/1397 1925/150/150
f 582/323/323 581/325/325 875/1409/1409
f 875/1409/1409 581/325/325 874/1398/1398
f 875/1409/1409 874/1398/1398 974/1410/1410
f 974/1410/1410 874/1398/1398 973/1399/1399
f 974/1410/1410 973/1399/1399 1073/1411/1411
f 1073/1411/1411 973/1399/1399 1072/1400/1400
f 1073/1411/1411 1072/1400/1400 1172/1412/1412
f 1172/1412/1412 1072/1400/1400 1171/1401/1401
f 1172/1412/1412 1171/1401/1401 1271/1413/1413
f 1271/1413/1413 1171/1401/1401 1270/1402/1402
f 1271/1413/1413 1270/1402/1402 1370/1414/1414
f 1370/1414/1414 1270/1402/1402 1369/1403/1403
f 1370/1414/1414 1369/1403/1403 1469/1415/1415
f 1469/1415/1415 1369/1403/1403 1468/1404/1404
f 1469/1415/1415 1468/1404/1404 1566/1416/1416
f 1566/1416/1416 1468/1404/1404 1565/1405/1405
f 1566/1416/1416 1565/1405/1405 1709/1417/1417
f 1709/1417/1417 1565/1405/1405 1708/1406/1406
f 1709/1417/1417 1708/1406/1406 1783/1418/1418
f 1783/1418/1418 1708/1406/1406 1782/1407/1407
f 1783/1418/1418 1782/1407/1407 1855/1419/1419
f 1855/1419/1419 1782/1407/1407 1854/1408/1408
f 1855/1419/1419 1854/1408/1408 1927/146/146
f 1927/146/146 1854/1408/1408 1926/148/148
f 583/321/321 582/323/323 876/1420/1420
f 876/1420/1420 582/323/323 875/1409/1409
f 876/1420/1420 875/1409/1409 975/1421/1421
f 975/1421/1421 875/1409/1409 974/1410/1410
f 975/1421/1421 974/1410/1410 1074/1422/1422
f 1074/1422/1422 974/1410/1410 1073/1411/1411
f 1074/1422/1422 1073/1411/1411 1173/1423/1423
f 1173/1423/1423 1073/1411/1411 1172/1412/1412
f 1173/1423/1423 1172/1412/1412 1272/1424/1424
f 1272/1424/1424 1172/1412/1412 1271/1413/1413
f 1272/1424/1424 1271/1413/1413 1371/1425/1425
f 1371/1425/1425 1271/1413/1413 1370/1414/1414
f 1371/1425/1425 1370/1414/1414 1470/1426/1426
f 1470/1426/1426 1370/1414/1414 1469/1415/1415
f 1470/1426/1426 1469/1415/1415 1567/1427/1427
f 1567/1427/1427 1469/1415/1415 1566/1416/1416
f 1567/1427/1427 1566/1416/1416 1710/1428/1428
f 1710/1428/1428 1566/1416/1416 1709/1417/1417
f 1710/1428/1428 1709/1417/1417 1784/1429/1429
f 1784/1429/1429 1709/1417/1417 1783/1418/1418
f 1784/1429/1429 1783/1418/1418 1856/1430/1430
f 1856/1430/1430 1783/1418/1418 1855/1419/1419
f 1856/1430/1430 1855/1419/1419 1928/144/144
f 1928/144/144 1855/1419/1419 1927/146/146
f 584/319/319 583/321/321 877/1431/1431
f 877/1431/1431 583/321/321 876/1420/1420
f 877/1431/1431 876/1420/1420 976/1432/1432
f 976/1432/1432 876/1420/1420 975/1421/1421
f 976/1432/1432 975/1421/1421 1075/1433/1433
f 1075/1433/1433 975/1421/1421 1074/1422/1422
f 1075/1433/1433 1074/1422/1422 1174/1434/1434
f 1174/1434/1434 1074/1422/1422 1173/1423/1423
f 1174/1434/1434 1173/1423/1423 1273/1435/1435
f 1273/1435/1435 1173/1423/1423 1272/1424/1424
f 1273/1435/1435 1272/1424/1424 1372/1436/1436
f 1372/1436/1436 1272/1424/1424 1371/1425/1425
f 1372/1436/1436 1371/1425/1425 1471/1437/1437
f 1471/1437/1437 1371/1425/1425 1470/1426/1426
f 1471/1437/1437 1470/1426/1426 1568/1438/1438
f 1568/1438/1438 1470/1426/1426 1567/1427/1427
f 1568/1438/1438 1567/1427/1427 1711/1439/1439
f 1711/1439/1439 1567/1427/1427 1710/1428/1428
f 1711/1439/1439 1710/1428/1428 1785/1440/1440
f 1785/1440/1440 1710/1428/1428 1784/1429/1429
f 1785/1440/1440 1784/1429/1429 1857/1441/1441
f 1857/1441/1441 1784/1429/1429 1856/1430/1430
f 1857/1441/1441 1856/1430/1430 1929/142/142
f 1929/142/142 1856/1430/1430 1928/144/144
f 585/317/317 584/319/319 878/1442/1442
f 878/1442/1442 584/319/319 877/1431/1431
f 878/1442/1442 877/1431/1431 977/1443/1443
f 977/1443/1443 877/1431/1431 976/1432/1432
f 977/1443/1443 976/1432/1432 1076/1444/1444
f 1076/1444/1444 976/1432/1432 1075/1433/1433
f 1076/1444/1444 1075/1433/1433 1175/1445/1445
f 1175/1445/1445 1075/1433/1433 1174/1434/1434
f 1175/1445/1445 1174/1434/1434 1274/1446/1446
f 1274/1446/1446 1174/1434/1434 1273/1435/1435
f 1274/1446/1446 1273/1435/1435 1373/1447/1447
f 1373/1447/1447 1273/1435/1435 1372/1436/1436
f 1373/1447/1447 1372/1436/1436 1472/1448/1448
f 1472/1448/1448 1372/1436/1436 1471/1437/1437
f 1472/1448/1448 1471/1437/1437 1569/1449/1449
f 1569/1449/1449 1471/1437/1437 1568/1438/1438
f 1569/1449/1449 1568/1438/1438 1712/1450/1450
f 1712/1450/1450 1568/1438/1438 1711/1439/1439
f 1712/1450/1450 1711/1439/1439 1786/1451/1451
f 1786/1451/1451 1711/1439/1439 1785/1440/1440
f 1786/1451/1451 1785/1440/1440 1858/1452/1452
f 1858/1452/1452 1785/1440/1440 1857/1441/1441
f 1858/1452/1452 1857/1441/1441 1930/140/140
f 1930/140/140 1857/1441/1441 1929/142/142
f 586/315/315 585/317/317 879/1453/1453
f 879/1453/1453 585/317/317 878/1442/1442
f 879/1453/1453 878/1442/1442 978/1454/1454
f 978/1454/1454 878/1442/1442 977/1443/1443
f 978/1454/1454 977/1443/1443 1077/1455/1455
f 1077/1455/1455 977/1443/1443 1076/1444/1444
f 1077/1455/1455 1076/1444/1444 1176/1456/1456
f 1176/1456/1456 1076/1444/1444 1175/1445/1445
f 1176/1456/1456 1175/1445/1445 1275/1457/1457
f 1275/1457/1457 1175/1445/1445 1274/1446/1446
f 1275/1457/1457 1274/1446/1446 1374/1458/1458
f 1374/1458/1458 1274/1446/1446 1373/1447/1447
f 1374/1458/1458 1373/1447/1447 1473/1459/1459
f 1473/1459/1459 1373/1447/1447 1472/1448/1448
f 1473/1459/1459 1472/1448/1448 1570/1460/1460
f 1570/1460/1460 1472/1448/1448 1569/1449/1449
f 1570/1460/1460 1569/1449/1449 1713/1461/1461
f 1713/1461/1461 1569/1449/1449 1712/1450/1450
f 1713/1461/1461 1712/1450/1450 1787/1462/1462
f 1787/1462/1462 1712/1450/1450 1786/1451/1451
f 1787/1462/1462 1786/1451/1451 1859/1463/1463
f 1859/1463/1463 1786/1451/1451 1858/1452/1452
f 1859/1463/1463 1858/1452/1452 1931/138/138
f 1931/138/138 1858/1452/1452 1930/140/140
f 587/313/313 586/315/315 880/1464/1464
f 880/1464/1464 586/315/315 879/1453/1453
f 880/1464/1464 879/1453/1453 979/1465/1465
f 979/1465/1465 879/1453/1453 978/1454/1454
f 979/1465/1465 978/1454/1454 1078/1466/1466
f 1078/1466/1466 978/1454/1454 1077/1455/1455
f 1078/1466/1466 1077/1455/1455 1177/1467/1467
f 1177/1467/1467 1077/1455/1455 1176/1456/1456
f 1177/1467/1467 1176/1456/1456 1276/1468/1468
f 1276/1468/1468 1176/1456/1456 1275/1457/1457
f 1276/1468/1468 1275/1457/1457 1375/1469/1469
f 1375/1469/1469 1275/1457/1457 1374/1458/1458
f 1375/1469/1469 1374/1458/1458 1474/1470/1470
f 1474/1470/1470 1374/1458/1458 1473/1459/1459
f 1474/1470/1470 1473/1459/1459 1571/1471/1471
f 1571/1471/1471 1473/1459/1459 1570/1460/1460
f 1571/1471/1471 1570/1460/1460 1714/1472/1472
f 1714/1472/1472 1570/1460/1460 1713/1461/1461
f 1714/1472/1472 1713/1461/1461 1788/1473/1473
f 1788/1473/1473 1713/1461/1461 1787/1462/1462
f 1788/1473/1473 1787/1462/1462 1860/1474/1474
f 1860/1474/1474 1787/1462/1462 1859/1463/1463
f 1860/1474/1474 1859/1463/1463 1932/136/136
f 1932/136/136 1859/1463/1463 1931/138/138
f 588/311/311 587/313/313 881/1475/1475
f 881/1475/1475 587/313/313 880/1464/1464
f 881/1475/1475 880/1464/1464 980/1476/1476
f 980/1476/1476 880/1464/1464 979/1465/1465
f 980/1476/1476 979/1465/1465 1079/1477/1477
f 1079/1477/1477 979/1465/1465 1078/1466/1466
f 1079/1477/1477 1078/1466/1466 1178/1478/1478
f 1178/1478/1478 1078/1466/1466 1177/1467/1467
f 1178/1478/1478 1177/1467/1467 1277/1479/1479
f 1277/1479/1479 1177/1467/1467 1276/1468/1468
f 1277/1479/1479 1276/1468/1468 1376/1480/1480
f 1376/1480/1480 1276/1468/1468 1375/1469/1469
f 1376/1480/1480 1375/1469/1469 1475/1481/1481
f 1475/1481/1481 1375/1469/1469 1474/1470/1470
f 1475/1481/1481 1474/1470/1470 1572/1482/1482
f 1572/1482/1482 1474/1470/1470 1571/1471/1471
f 1572/1482/1482 1571/1471/1471 1715/1483/1483
f 1715/1483/1483 1571/1471/1471 1714/1472/1472
f 1715/1483/1483 1714/1472/1472 1789/1484/1484
f 1789/1484/1484 1714/1472/1472 1788/1473/1473
f 1789/1484/1484 1788/1473/1473 1861/1485/1485
f 1861/1485/1485 1788/1473/1473 1860/1474/1474
f 1861/1485/1485 1860/1474/1474 1933/134/134
f 1933/134/134 1860/1474/1474 1932/136/136
f 589/309/309 588/311/311 882/1486/1486
f 882/1486/1486 588/311/311 881/1475/1475
f 882/1486/1486 881/1475/1475 981/1487/1487
f 981/1487/1487 881/1475/1475 980/1476/1476
f 981/1487/1487 980/1476/1476 1080/1488/1488
f 1080/1488/1488 980/1476/1476 1079/1477/1477
f 1080/1488/1488 1079/1477/1477 1179/1489/1489
f 1179/1489/1489 1079/1477/1477 1178/1478/1478
f 1179/1489/1489 1178/1478/1478 1278/1490/1490
f 1278/1490/1490 1178/1478/1478 1277/1479/1479
f 1278/1490/1490 1277/1479/1479 1377/1491/1491
f 1377/1491/1491 1277/1479/1479 1376/1480/1480
f 1377/1491/1491 1376/1480/1480 1476/1492/1492
f 1476/1492/1492 1376/1480/1480 1475/1481/1481
f 1476/1492/1492 1475/1481/1481 1573/1493/1493
f 1573/1493/1493 1475/1481/1481 1572/1482/1482
f 1573/1493/1493 1572/1482/1482 1716/1494/1494
f 1716/1494/1494 1572/1482/1482 1715/1483/1483
f 1716/1494/1494 1715/1483/1483 1790/1495/1495
f 1790/1495/1495 1715/1483/1483 1789/1484/1484
f 1790/1495/1495 1789/1484/1484 1862/1496/1496
f 1862/1496/1496 1789/1484/1484 1861/1485/1485
f 1862/1496/1496 1861/1485/1485 1934/132/132
f 1934/132/132 1861/1485/1485 1933/134/134
f 590/307/307 589/309/309 883/1497/1497
f 883/1497/1497 589/309/309 882/1486/1486
f 883/1497/1497 882/1486/1486 982/1498/1498
f 982/1498/1498 882/1486/1486 981/1487/1487
f 982/1498/1498 981/1487/1487 1081/1499/1499
f 1081/1499/1499 981/1487/1487 1080/1488/1488
f 1081/1499/1499 1080/1488/1488 1180/1500/1500
f 1180/1500/1500 1080/1488/1488 1179/1489/1489
f 1180/1500/1500 1179/1489/1489 1279/1501/1501
f 1279/1501/1501 1179/1489/1489 1278/1490/1490
f 1279/1501/1501 1278/1490/1490 1378/1502/1502
f 1378/1502/1502 1278/1490/1490 1377/1491/1491
f 1378/1502/1502 1377/1491/1491 1477/1503/1503
f 1477/1503/1503 1377/1491/1491 1476/1492/1492
f 1477/1503/1503 1476/1492/1492 1574/1504/1504
f 1574/1504/1504 1476/1492/1492 1573/1493/1493
f 1574/1504/1504 1573/1493/1493 1717/1505/1505
f 1717/1505/1505 1573/1493/1493 1716/1494/1494
f 1717/1505/1505 1716/1494/1494 1791/1506/1506
f 1791/1506/1506 1716/1494/1494 1790/1495/1495
f 1791/1506/1506 1790/1495/1495 1863/1507/1507
f 1863/1507/1507 1790/1495/1495 1862/1496/1496
f 1863/1507/1507 1862/1496/1496 1935/130/130
f 1935/130/130 1862/1496/1496 1934/132/132
f 591/305/305 590/307/307 884/1508/1508
f 884/1508/1508 590/307/307 883/1497/1497
f 884/1508/1508 883/1497/1497 983/1509/1509
f 983/1509/1509 883/1497/1497 982/1498/1498
f 983/1509/1509 982/1498/1498 1082/1510/1510
f 1082/1510/1510 982/1498/1498 1081/1499/1499
f 1082/1510/1510 1081/1499/1499 1181/1511/1511
f 1181/1511/1511 1081/1499/1499 1180/1500/1500
f 1181/1511/1511 1180/1500/1500 1280/1512/1512
f 1280/1512/1512 1180/1500/1500 1279/1501/1501
f 1280/1512/1512 1279/1501/1501 1379/1513/1513
f 1379/1513/1513 1279/1501/1501 1378/1502/1502
f 1379/1513/1513 1378/1502/1502 1478/1514/1514
f 1478/1514/1514 1378/1502/1502 1477/1503/1503
f 1478/1514/1514 1477/1503/1503 1575/1515/1515
f 1575/1515/1515 1477/1503/1503 1574/1504/1504
f 1575/1515/1515 1574/1504/1504 1718/1516/1516
f 1718/1516/1516 1574/1504/1504 1717/1505/1505
f 1718/1516/1516 1717/1505/1505 1792/1517/1517
f 1792/1517/1517 1717/1505/1505 1791/1506/1506
f 1792/1517/1517 1791/1506/1506 1864/1518/1518
f 1864/1518/1518 1791/1506/1506 1863/1507/1507
f 1864/1518/1518 1863/1507/1507 1936/128/128
f 1936/128/128 1863/1507/1507 1935/130/130
f 592/303/303 591/305/305 885/1519/1519
f 885/1519/1519 591/305/305 884/1508/1508
f 885/1519/1519 884/1508/1508 984/1520/1520
f 984/1520/1520 884/1508/1508 983/1509/1509
f 984/1520/1520 983/1509/1509 1083/1521/1521
f 1083/1521/1521 983/1509/1509 1082/1510/1510
f 1083/1521/1521 1082/1510/1510 1182/1522/1522
f 1182/1522/1522 1082/1510/1510 1181/1511/1511
f 1182/1522/1522 1181/1511/1511 1281/1523/1523
f 1281/1523/1523 1181/1511/1511 1280/1512/1512
f 1281/1523/1523 1280/1512/1512 1380/1524/1524
f 1380/1524/1524 1280/1512/1512 1379/1513/1513
f 1380/1524/1524 1379/1513/1513 1479/1525/1525
f 1479/1525/1525 1379/1513/1513 1478/1514/1514
f 1479/1525/1525 1478/1514/1514 1576/1526/1526
f 1576/1526/1526 1478/1514/1514 1575/1515/1515
f 1576/1526/1526 1575/1515/1515 1719/1527/1527
f 1719/1527/1527 1575/1515/1515 1718/1516/1516
f 1719/1527/1527 1718/1516/1516 1793/1528/1528
f 1793/1528/1528 1718/1516/1516 1792/1517/1517
f 1793/1528/1528 1792/1517/1517 1865/1529/1529
f 1865/1529/1529 1792/1517/1517 1864/1518/1518
f 1865/1529/1529 1864/1518/1518 1937/126/126
f 1937/126/126 1864/1518/1518 1936/128/128
f 593/301/301 592/303/303 886/1530/1530
f 886/1530/1530 592/303/303 885/1519/1519
f 886/1530/1530 885/1519/1519 985/1531/1531
f 985/1531/1531 885/1519/1519 984/1520/1520
f 985/1531/1531 984/1520/1520 1084/1532/1532
f 1084/1532/1532 984/1520/1520 1083/1521/1521
f 1084/1532/1532 1083/1521/1521 1183/1533/1533
f 1183/1533/1533 1083/1521/1521 1182/1522/1522
f 1183/1533/1533 1182/1522/1522 1282/1534/1534
f 1282/1534/1534 1182/1522/1522 1281/1523/1523
f 1282/1534/1534 1281/1523/1523 1381/1535/1535
f 1381/1535/1535 1281/1523/1523 1380/1524/1524
f 1381/1535/1535 1380/1524/1524 1480/1536/1536
f 1480/1536/1536 1380/1524/1524 1479/1525/1525
f 1480/1536/1536 1479/1525/1525 1577/1537/1537
f 1577/1537/1537 1479/1525/1525 1576/1526/1526
f 1577/1537/1537 1576/1526/1526 1720/1538/1538
f 1720/1538/1538 1576/1526/1526 1719/1527/1527
f 1720/1538/1538 1719/1527/1527 1794/1539/1539
f 1794/1539/1539 1719/1527/1527 1793/1528/1528
f 1794/1539/1539 1793/1528/1528 1866/1540/1540
f 1866/1540/1540 1793/1528/1528 1865/1529/1529
f 1866/1540/1540 1865/1529/1529 1938/124/124
f 1938/124/124 1865/1529/1529 1937/126/126
f 594/299/299 593/301/301 887/1541/1541
f 887/1541/1541 593/301/301 886/1530/1530
f 887/1541/1541 886/1530/1530 986/1542/1542
f 986/1542/1542 886/1530/1530 985/1531/1531
f 986/1542/1542 985/1531/1531 1085/1543/1543
f 1085/1543/1543 985/1531/1531 1084/1532/1532
f 1085/1543/1543 1084/1532/1532 1184/1544/1544
f 1184/1544/1544 1084/1532/1532 1183/1533/1533
f 1184/1544/1544 1183/1533/1533 1283/1545/1545
f 1283/1545/1545 1183/1533/1533 1282/1534/1534
f 1283/1545/1545 1282/1534/1534 1382/1546/1546
f 1382/1546/1546 1282/1534/1534 1381/1535/1535
f 1382/1546/1546 1381/1535/1535 1481/1547/1547
f 1481/1547/1547 1381/1535/1535 1480/1536/1536
f 1481/1547/1547 1480/1536/1536 1578/1548/1548
f 1578/1548/1548 1480/1536/1536 1577/1537/1537
f 1578/1548/1548 1577/1537/1537 1721/1549/1549
f 1721/1549/1549 1577/1537/1537 1720/1538/1538
f 1721/1549/1549 1720/1538/1538 1795/1550/1550
f 1795/1550/1550 1720/1538/1538 1794/1539/1539
f 1795/1550/1550 1794/1539/1539 1867/1551/1551
f 1867/1551/1551 1794/1539/1539 1866/1540/1540
f 1867/1551/1551 1866/1540/1540 1939/122/122
f 1939/122/122 1866/1540/1540 1938/124/124
f 595/297/297 594/299/299 888/1552/1552
f 888/1552/1552 594/299/299 887/1541/1541
f 888/1552/1552 887/1541/1541 987/1553/1553
f 987/1553/1553 887/1541/1541 986/1542/1542
f 987/1553/1553 986/1542/1542 1086/1554/1554
f 1086/1554/1554 986/1542/1542 1085/1543/1543
f 1086/1554/1554 1085/1543/1543 1185/1555/1555
f 1185/1555/1555 1085/1543/1543 1184/1544/1544
f 1185/1555/1555 1184/1544/1544 1284/1556/1556
f 1284/1556/1556 1184/1544/1544 1283/1545/1545
f 1284/1556/1556 1283/1545/1545 1383/1557/1557
f 1383/1557/1557 1283/1545/1545 1382/1546/1546
f 1383/1557/1557 1382/1546/1546 1482/1558/1558
f 1482/1558/1558 1382/1546/1546 1481/1547/1547
f 1482/1558/1558 1481/1547/1547 1579/1559/1559
f 1579/1559/1559 1481/1547/1547 1578/1548/1548
f 1579/1559/1559 1578/1548/1548 1722/1560/1560
f 1722/1560/1560 1578/1548/1548 1721/1549/1549
f 1722/1560/1560 1721/1549/1549 1796/1561/1561
f 1796/1561/1561 1721/1549/1549 1795/1550/1550
f 1796/1561/1561 1795/1550/1550 1868/1562/1562
f 1868/1562/1562 1795/1550/1550 1867/1551/1551
f 1868/1562/1562 1867/1551/1551 1940/120/120
f 1940/120/120 1867/1551/1551 1939/122/122
f 596/295/295 595/297/297 889/1563/1563
f 889/1563/1563 595/297/297 888/1552/1552
f 889/1563/1563 888/1552/1552 988/1564/1564
f 988/1564/1564 888/1552/1552 987/1553/1553
f 988/1564/1564 987/1553/1553 1087/1565/1565
f 1087/1565/1565 987/1553/1553 1086/1554/1554
f 1087/1565/1565 1086/1554/1554 1186/1566/1566
f 1186/1566/1566 1086/1554/1554 1185/1555/1555
f 1186/1566/1566 1185/1555/1555 1285/1567/1567
f 1285/1567/1567 1185/1555/1555 1284/1556/1556
f 1285/1567/1567 1284/1556/1556 1384/1568/1568
f 1384/1568/1568 1284/1556/1556 1383/1557/1557
f 1384/1568/1568 1383/1557/1557 1483/1569/1569
f 1483/1569/1569 1383/1557/1557 1482/1558/1558
f 1483/1569/1569 1482/1558/1558 1580/1570/1570
f 1580/1570/1570 1482/1558/1558 1579/1559/1559
f 1580/1570/1570 1579/1559/1559 1723/1571/1571
f 1723/1571/1571 1579/1559/1559 1722/1560/1560
f 1723/1571/1571 1722/1560/1560 1797/1572/1572
f 1797/1572/1572 1722/1560/1560 1796/1561/1561
f 1797/1572/1572 1796/1561/1561 1869/1573/1573
f 1869/1573/1573 1796/1561/1561 1868/1562/1562
f 1869/1573/1573 1868/1562/1562 1941/118/118
f 1941/118/118 1868/1562/1562 1940/120/120
f 597/293/293 596/295/295 890/1574/1574
f 890/1574/1574 596/295/295 889/1563/1563
f 890/1574/1574 889/1563/1563 989/1575/1575
f 989/1575/1575 889/1563/1563 988/1564/1564
f 989/1575/1575 988/1564/1564 1088/1576/1576
f 1088/1576/1576 988/1564/1564 1087/1565/1565
f 1088/1576/1576 1087/1565/1565 1187/1577/1577
f 1187/1577/1577 1087/1565/1565 1186/1566/1566
f 1187/1577/1577 1186/1566/1566 1286/1578/1578
f 1286/1578/1578 1186/1566/1566 1285/1567/1567
f 1286/1578/1578 1285/1567/1567 1385/1579/1579
f 1385/1579/1579 1285/1567/1567 1384/1568/1568
f 1385/1579/1579 1384/1568/1568 1484/1580/1580
f 1484/1580/1580 1384/1568/1568 1483/1569/1569
f 1484/1580/1580 1483/1569/1569 1581/1581/1581
f 1581/1581/1581 1483/1569/1569 1580/1570/1570
f 1581/1581/1581 1580/1570/1570 1724/1582/1582
f 1724/1582/1582 1580/1570/1570 1723/1571/1571
f 1724/1582/1582 1723/1571/1571 1798/1583/1583
f 1798/1583/1583 1723/1571/1571 1797/1572/1572
f 1798/1583/1583 1797/1572/1572 1870/1584/1584
f 1870/1584/1584 1797/1572/1572 1869/1573/1573
f 1870/1584/1584 1869/1573/1573 1942/116/116
f 1942/116/116 1869/1573/1573 1941/118/118
f 598/291/291 597/293/293 891/1585/1585
f 891/1585/1585 597/293/293 890/1574/1574
f 891/1585/1585 890/1574/1574 990/1586/1586
f 990/1586/1586 890/1574/1574 989/1575/1575
f 990/1586/1586 989/1575/1575 1089/1587/1587
f 1089/1587/1587 989/1575/1575 1088/1576/1576
f 1089/1587/1587 1088/1576/1576 1188/1588/1588
f 1188/1588/1588 1088/1576/1576 1187/1577/1577
f 1188/1588/1588 1187/1577/1577 1287/1589/1589
f 1287/1589/1589 1187/1577/1577 1286/1578/1578
f 1287/1589/1589 1286/1578/1578 1386/1590/1590
f 1386/1590/1590 1286/1578/1578 1385/1579/1579
f 1386/1590/1590 1385/1579/1579 1485/1591/1591
f 1485/1591/1591 1385/1579/1579 1484/1580/1580
f 1485/1591/1591 1484/1580/1580 1582/1592/1592
f 1582/1592/1592 1484/1580/1580 1581/1581/1581
f 1582/1592/1592 1581/1581/1581 1725/1593/1593
f 1725/1593/1593 1581/1581/1581 1724/1582/1582
f 1725/1593/1593 1724/1582/1582 1799/1594/1594
f 1799/1594/1594 1724/1582/1582 1798/1583/1583
f 1799/1594/1594 1798/1583/1583 1871/1595/1595
f 1871/1595/1595 1798/1583/1583 1870/1584/1584
f 1871/1595/1595 1870/1584/1584 1943/114/114
f 1943/114/114 1870/1584/1584 1942/116/116
f 599/289/289 598/291/291 892/1596/1596
f 892/1596/1596 598/291/291 891/1585/1585
f 892/1596/1596 891/1585/1585 991/1597/1597
f 991/1597/1597 891/1585/1585 990/1586/1586
f 991/1597/1597 990/1586/1586 1090/1598/1598
f 1090/1598/1598 990/1586/1586 1089/1587/1587
f 1090/1598/1598 1089/1587/1587 1189/1599/1599
f 1189/1599/1599 1089/1587/1587 1188/1588/1588
f 1189/1599/1599 1188/1588/1588 1288/1600/1600
f 1288/1600/1600 1188/1588/1588 1287/1589/1589
f 1288/1600/1600 1287/1589/1589 1387/1601/1601
f 1387/1601/1601 1287/1589/1589 1386/1590/1590
f 1387/1601/1601 1386/1590/1590 1486/1602/1602
f 1486/1602/1602 1386/1590/1590 1485/1591/1591
f 1486/1602/1602 1485/1591/1591 1583/1603/1603
f 1583/1603/1603 1485/1591/1591 1582/1592/1592
f 1583/1603/1603 1582/1592/1592 1726/1604/1604
f 1726/1604/1604 1582/1592/1592 1725/1593/1593
f 1726/1604/1604 1725/1593/1593 1800/1605/1605
f 1800/1605/1605 1725/1593/1593 1799/1594/1594
f 1800/1605/1605 1799/1594/1594 1872/1606/1606
f 1872/1606/1606 1799/1594/1594 1871/1595/1595
f 1872/1606/1606 1871/1595/1595 1944/112/112
f 1944/112/112 1871/1595/1595 1943/114/114
f 600/287/287 599/289/289 893/1607/1607
f 893/1607/1607 599/289/289 892/1596/1596
f 893/1607/1607 892/1596/1596 992/1608/1608
f 992/1608/1608 892/1596/1596 991/1597/1597
f 992/1608/1608 991/1597/1597 1091/1609/1609
f 1091/1609/1609 991/1597/1597 1090/1598/1598
f 1091/1609/1609 1090/1598/1598 1190/1610/1610
f 1190/1610/1610 1090/1598/1598 1189/1599/1599
f 1190/1610/1610 1189/1599/1599 1289/1611/1611
f 1289/1611/1611 1189/1599/1599 1288/1600/1600
f 1289/1611/1611 1288/1600/1600 1388/1612/1612
f 1388/1612/1612 1288/1600/1600 1387/1601/1601
f 1388/1612/1612 1387/1601/1601 1487/1613/1613
f 1487/1613/1613 1387/1601/1601 1486/1602/1602
f 1487/1613/1613 1486/1602/1602 1584/1614/1614
f 1584/1614/1614 1486/1602/1602 1583/1603/1603
f 1584/1614/1614 1583/1603/1603 1727/1615/1615
f 1727/1615/1615 1583/1603/1603 1726/1604/1604
f 1727/1615/1615 1726/1604/1604 1801/1616/1616
f 1801/1616/1616 1726/1604/1604 1800/1605/1605
f 1801/1616/1616 1800/1605/1605 1873/1617/1617
f 1873/1617/1617 1800/1605/1605 1872/1606/1606
f 1873/1617/1617 1872/1606/1606 1945/110/110
f 1945/110/110 1872/1606/1606 1944/112/112
f 601/285/285 600/287/287 894/1618/1618
f 894/1618/1618 600/287/287 893/1607/1607
f 894/1618/1618 893/1607/1607 993/1619/1619
f 993/1619/1619 893/1607/1607 992/1608/1608
f 993/1619/1619 992/1608/1608 1092/1620/1620
f 1092/1620/1620 992/1608/1608 1091/1609/1609
f 1092/1620/1620 1091/1609/1609 1191/1621/1621
f 1191/1621/1621 1091/1609/1609 1190/1610/1610
f 1191/1621/1621 1190/1610/1610 1290/1622/1622
f 1290/1622/1622 1190/1610/1610 1289/1611/1611
f 1290/1622/1622 1289/1611/1611 1389/1623/1623
f 1389/1623/1623 1289/1611/1611 1388/1612/1612
f 1389/1623/1623 1388/1612/1612 1488/1624/1624
f 1488/1624/1624 1388/1612/1612 1487/1613/1613
f 1488/1624/1624 1487/1613/1613 1585/1625/1625
f 1585/1625/1625 1487/1613/1613 1584/1614/1614
f 1585/1625/1625 1584/1614/1614 1728/1626/1626
f 1728/1626/1626 1584/1614/1614 1727/1615/1615
f 1728/1626/1626 1727/1615/1615 1802/1627/1627
f 1802/1627/1627 1727/1615/1615 1801/1616/1616
f 1802/1627/1627 1801/1616/1616 1874/1628/1628
f 1874/1628/1628 1801/1616/1616 1873/1617/1617
f 1874/1628/1628 1873/1617/1617 1946/108/108
f 1946/108/108 1873/1617/1617 1945/110/110
f 602/283/283 601/285/285 895/1629/1629
f 895/1629/1629 601/285/285 894/1618/1618
f 895/1629/1629 894/1618/1618 994/1630/1630
f 994/1630/1630 894/1618/1618 993/1619/1619
f 994/1630/1630 993/1619/1619 1093/1631/1631
f 1093/1631/1631 993/1619/1619 1092/1620/1620
f 1093/1631/1631 1092/1620/1620 1192/1632/1632
f 1192/1632/1632 1092/1620/1620 1191/1621/1621
f 1192/1632/1632 1191/1621/1621 1291/1633/1633
f 1291/1633/1633 1191/1621/1621 1290/1622/1622
f 1291/1633/1633 1290/1622/1622 1390/1634/1634
f 1390/1634/1634 1290/1622/1622 1389/1623/1623
f 1390/1634/1634 1389/1623/1623 1489/1635/1635
f 1489/1635/1635 1389/1623/1623 1488/1624/1624
f 1489/1635/1635 1488/1624/1624 1586/1636/1636
f 1586/1636/1636 1488/1624/1624 1585/1625/1625
f 1586/1636/1636 1585/1625/1625 1729/1637/1637
f 1729/1637/1637 1585/1625/1625 1728/1626/1626
f 1729/1637/1637 1728/1626/1626 1803/1638/1638
f 1803/1638/1638 1728/1626/1626 1802/1627/1627
f 1803/1638/1638 1802/1627/1627 1875/1639/1639
f 1875/1639/1639 1802/1627/1627 1874/1628/1628
f 1875/1639/1639 1874/1628/1628 1947/106/106
f 1947/106/106 1874/1628/1628 1946/108/108
f 603/281/281 602/283/283 896/1640/1640
f 896/1640/1640 602/283/283 895/1629/1629
f 896/1640/1640 895/1629/1629 995/1641/1641
f 995/1641/1641 895/1629/1629 994/1630/1630
f 995/1641/1641 994/1630/1630 1094/1642/1642
f 1094/1642/1642 994/1630/1630 1093/1631/1631
f 1094/1642/1642 1093/1631/1631 1193/1643/1643
f 1193/1643/1643 1093/1631/1631 1192/1632/1632
f 1193/1643/1643 1192/1632/1632 1292/1644/1644
f 1292/1644/1644 1192/1632/1632 1291/1633/1633
f 1292/1644/1644 1291/1633/1633 1391/1645/1645
f 1391/1645/1645 1291/1633/1633 1390/1634/1634
f 1391/1645/1645 1390/1634/1634 1490/1646/1646
f 1490/1646/1646 1390/1634/1634 1489/1635/1635
f 1490/1646/1646 1489/1635/1635 1587/1647/1647
f 1587/1647/1647 1489/1635/1635 1586/1636/1636
f 1587/1647/1647 1586/1636/1636 1730/1648/1648
f 1730/1648/1648 1586/1636/1636 1729/1637/1637
f 1730/1648/1648 1729/1637/1637 1804/1649/1649
f 1804/1649/1649 1729/1637/1637 1803/1638/1638
f 1804/1649/1649 1803/1638/1638 1876/1650/1650
f 1876/1650/1650 1803/1638/1638 1875/1639/1639
f 1876/1650/1650 1875/1639/1639 1948/104/104
f 1948/104/104 1875/1639/1639 1947/106/106
f 604/279/279 603/281/281 897/1651/1651
f 897/1651/1651 603/281/281 896/1640/1640
f 897/1651/1651 896/1640/1640 996/1652/1652
f 996/1652/1652 896/1640/1640 995/1641/1641
f 996/1652/1652 995/1641/1641 1095/1653/1653
f 1095/1653/1653 995/1641/1641 1094/1642/1642
f 1095/1653/1653 1094/1642/1642 1194/1654/1654
f 1194/1654/1654 1094/1642/1642 1193/1643/1643
f 1194/1654/1654 1193/1643/1643 1293/1655/1655
f 1293/1655/1655 1193/1643/1643 1292/1644/1644
f 1293/1655/1655 1292/1644/1644 1392/1656/1656
f 1392/1656/1656 1292/1644/1644 1391/1645/1645
f 1392/1656/1656 1391/1645/1645 1491/1657/1657
f 1491/1657/1657 1391/1645/1645 1490/1646/1646
f 1491/1657/1657 1490/1646/1646 1588/1658/1658
f 1588/1658/1658 1490/1646/1646 1587/1647/1647
f 1588/1658/1658 1587/1647/1647 1731/1659/1659
f 1731/1659/1659 1587/1647/1647 1730/1648/1648
f 1731/1659/1659 1730/1648/1648 1805/1660/1660
f 1805/1660/1660 1730/1648/1648 1804/1649/1649
f 1805/1660/1660 1804/1649/1649 1877/1661/1661
f 1877/1661/1661 1804/1649/1649 1876/1650/1650
f 1877/1661/1661 1876/1650/1650 1949/102/102
f 1949/102/102 1876/1650/1650 1948/104/104
f 605/277/277 604/279/279 898/1662/1662
f 898/1662/1662 604/279/279 897/1651/1651
f 898/1662/1662 897/1651/1651 997/1663/1663
f 997/1663/1663 897/1651/1651 996/1652/1652
f 997/1663/1663 996/1652/1652 1096/1664/1664
f 1096/1664/1664 996/1652/1652 1095/1653/1653
f 1096/1664/1664 1095/1653/1653 1195/1665/1665
f 1195/1665/1665 1095/1653/1653 1194/1654/1654
f 1195/1665/1665 1194/1654/1654 1294/1666/1666
f 1294/1666/1666 1194/1654/1654 1293/1655/1655
f 1294/1666/1666 1293/1655/1655 1393/1667/1667
f 1393/1667/1667 1293/1655/1655 1392/1656/1656
f 1393/1667/1667 1392/1656/1656 1492/1668/1668
f 1492/1668/1668 1392/1656/1656 1491/1657/1657
f 1492/1668/1668 1491/1657/1657 1589/1669/1669
f 1589/1669/1669 1491/1657/1657 1588/1658/1658
f 1589/1669/1669 1588/1658/1658 1732/1670/1670
f 1732/1670/1670 1588/1658/1658 1731/1659/1659
f 1732/1670/1670 1731/1659/1659 1806/1671/1671
f 1806/1671/1671 1731/1659/1659 1805/1660/1660
f 1806/1671/1671 1805/1660/1660 1878/1672/1672
f 1878/1672/1672 1805/1660/1660 1877/1661/1661
f 1878/1672/1672 1877/1661/1661 1950/100/100
f 1950/100/100 1877/1661/1661 1949/102/102
f 606/275/275 605/277/277 899/1673/1673
f 899/1673/1673 605/277/277 898/1662/1662
f 899/1673/1673 898/1662/1662 998/1674/1674
f 998/1674/1674 898/1662/1662 997/1663/1663
f 998/1674/1674 997/1663/1663 1097/1675/1675
f 1097/1675/1675 997/1663/1663 1096/1664/1664
f 1097/1675/1675 1096/1664/1664 1196/1676/1676
f 1196/1676/1676 1096/1664/1664 1195/1665/1665
f 1196/1676/1676 1195/1665/1665 1295/1677/1677
f 1295/1677/1677 1195/1665/1665 1294/1666/1666
f 1295/1677/1677 1294/1666/1666 1394/1678/1678
f 1394/1678/1678 1294/1666/1666 1393/1667/1667
f 1394/1678/1678 1393/1667/1667 1493/1679/1679
f 1493/1679/1679 1393/1667/1667 1492/1668/1668
f 1493/1679/1679 1492/1668/1668 1590/1680/1680
f 1590/1680/1680 1492/1668/1668 1589/1669/1669
f 1590/1680/1680 1589/1669/1669 1733/1681/1681
f 1733/1681/1681 1589/1669/1669 1732/1670/1670
f 1733/1681/1681 1732/1670/1670 1807/1682/1682
f 1807/1682/1682 1732/1670/1670 1806/1671/1671
f 1807/1682/1682 1806/1671/1671 1879/1683/1683
f 1879/1683/1683 1806/1671/1671 1878/1672/1672
f 1879/1683/1683 1878/1672/1672 1951/98/98
f 1951/98/98 1878/1672/1672 1950/100/100
f 607/273/273 606/275/275 900/1684/1684
f 900/1684/1684 606/275/275 899/1673/1673
f 900/1684/1684 899/1673/1673 999/1685/1685
f 999/1685/1685 899/1673/1673 998/1674/1674
f 999/1685/1685 998/1674/1674 1098/1686/1686
f 1098/1686/1686 998/1674/1674 1097/1675/1675
f 1098/1686/1686 1097/1675/1675 1197/1687/1687
f 1197/1687/1687 1097/1675/1675 1196/1676/1676
f 1197/1687/1687 1196/1676/1676 1296/1688/1688
f 1296/1688/1688 1196/1676/1676 1295/1677/1677
f 1296/1688/1688 1295/1677/1677 1395/1689/1689
f 1395/1689/1689 1295/1677/1677 1394/1678/1678
f 1395/1689/1689 1394/1678/1678 1494/1690/1690
f 1494/1690/1690 1394/1678/1678 1493/1679/1679
f 1494/1690/1690 1493/1679/1679 1591/1691/1691
f 1591/1691/1691 1493/1679/1679 1590/1680/1680
f 1591/1691/1691 1590/1680/1680 1734/1692/1692
f 1734/1692/1692 1590/1680/1680 1733/1681/1681
f 1734/1692/1692 1733/1681/1681 1808/1693/1693
f 1808/1693/1693 1733/1681/1681 1807/1682/1682
f 1808/1693/1693 1807/1682/1682 1880/1694/1694
f 1880/1694/1694 1807/1682/1682 1879/1683/1683
f 1880/1694/1694 1879/1683/1683 1952/96/96
f 1952/96/96 1879/1683/1683 1951/98/98
f 608/271/271 607/273/273 901/1695/1695
f 901/1695/1695 607/273/273 900/1684/1684
f 901/1695/1695 900/1684/1684 1000/1696/1696
f 1000/1696/1696 900/1684/1684 999/1685/1685
f 1000/1696/1696 999/1685/1685 1099/1697/1697
f 1099/1697/1697 999/1685/1685 1098/1686/1686
f 1099/1697/1697 1098/1686/1686 1198/1698/1698
f 1198/1698/1698 1098/1686/1686 1197/1687/1687
f 1198/1698/1698 1197/1687/1687 1297/1699/1699
f 1297/1699/1699 1197/1687/1687 1296/1688/1688
f 1297/1699/1699 1296/1688/1688 1396/1700/1700
f 1396/1700/1700 1296/1688/1688 1395/1689/1689
f 1396/1700/1700 1395/1689/1689 1495/1701/1701
f 1495/1701/1701 1395/1689/1689 1494/1690/1690
f 1495/1701/1701 1494/1690/1690 1592/1702/1702
f 1592/1702/1702 1494/1690/1690 1591/1691/1691
f 1592/1702/1702 1591/1691/1691 1735/1703/1703
f 1735/1703/1703 1591/1691/1691 1734/1692/1692
f 1735/1703/1703 1734/1692/1692 1809/1704/1704
f 1809/1704/1704 1734/1692/1692 1808/1693/1693
f 1809/1704/1704 1808/1693/1693 1881/1705/1705
f 1881/1705/1705 1808/1693/1693 1880/1694/1694
f 1881/1705/1705 1880/1694/1694 1953/94/94
f 1953/94/94 1880/1694/1694 1952/96/96
f 609/269/269 608/271/271 902/1706/1706
f 902/1706/1706 608/271/271 901/1695/1695
f 902/1706/1706 901/1695/1695 1001/1707/1707
f 1001/1707/1707 901/1695/1695 1000/1696/1696
f 1001/1707/1707 1000/1696/1696 1100/1708/1708
f 1100/1708/1708 1000/1696/1696 1099/1697/1697
f 1100/1708/1708 1099/1697/1697 1199/1709/1709
f 1199/1709/1709 1099/1697/1697 1198/1698/1698
f 1199/1709/1709 1198/1698/1698 1298/1710/1710
f 1298/1710/1710 1198/1698/1698 1297/1699/1699
f 1298/1710/1710 1297/1699/1699 1397/1711/1711
f 1397/1711/1711 1297/1699/1699 1396/1700/1700
f 1397/1711/1711 1396/1700/1700 1496/1712/1712
f 1496/1712/1712 1396/1700/1700 1495/1701/1701
f 1496/1712/1712 1495/1701/1701 1593/1713/1713
f 1593/1713/1713 1495/1701/1701 1592/1702/1702
f 1593/1713/1713 1592/1702/1702 1736/1714/1714
f 1736/1714/1714 1592/1702/1702 1735/1703/1703
f 1736/1714/1714 1735/1703/1703 1810/1715/1715
f 1810/1715/1715 1735/1703/1703 1809/1704/1704
f 1810/1715/1715 1809/1704/1704 1882/1716/1716
f 1882/1716/1716 1809/1704/1704 1881/1705/1705
f 1882/1716/1716 1881/1705/1705 1954/92/92
f 1954/92/92 1881/1705/1705 1953/94/94
f 610/267/267 609/269/269 903/1717/1717
f 903/1717/1717 609/269/269 902/1706/1706
f 903/1717/1717 902/1706/1706 1002/1718/1718
f 1002/1718/1718 902/1706/1706 1001/1707/1707
f 1002/1718/1718 1001/1707/1707 1101/1719/1719
f 1101/1719/1719 1001/1707/1707 1100/1708/1708
f 1101/1719/1719 1100/1708/1708 1200/1720/1720
f 1200/1720/1720 1100/1708/1708 1199/1709/1709
f 1200/1720/1720 1199/1709/1709 1299/1721/1721
f 1299/1721/1721 1199/1709/1709 1298/1710/1710
f 1299/1721/1721 1298/1710/1710 1398/1722/1722
f 1398/1722/1722 1298/1710/1710 1397/1711/1711
f 1398/1722/1722 1397/1711/1711 1497/1723/1723
f 1497/1723/1723 1397/1711/1711 1496/1712/1712
f 1497/1723/1723 1496/1712/1712 1594/1724/1724
f 1594/1724/1724 1496/1712/1712 1593/1713/1713
f 1594/1724/1724 1593/1713/1713 1737/1725/1725
f 1737/1725/1725 1593/1713/1713 1736/1714/1714
f 1737/1725/1725 1736/1714/1714 1811/1726/1726
f 1811/1726/1726 1736/1714/1714 1810/1715/1715
f 1811/1726/1726 1810/1715/1715 1883/1727/1727
f 1883/1727/1727 1810/1715/1715 1882/1716/1716
f 1883/1727/1727 1882/1716/1716 1955/90/90
f 1955/90/90 1882/1716/1716 1954/92/92
f 611/265/265 610/267/267 904/1728/1728
f 904/1728/1728 610/267/267 903/1717/1717
f 904/1728/1728 903/1717/1717 1003/1729/1729
f 1003/1729/1729 903/1717/1717 1002/1718/1718
f 1003/1729/1729 1002/1718/1718 1102/1730/1730
f 1102/1730/1730 1002/1718/1718 1101/1719/1719
f 1102/1730/1730 1101/1719/1719 1201/1731/1731
f 1201/1731/1731 1101/1719/1719 1200/1720/1720
f 1201/1731/1731 1200/1720/1720 1300/1732/1732
f 1300/1732/1732 1200/1720/1720 1299/1721/1721
f 1300/1732/1732 1299/1721/1721 1399/1733/1733
f 1399/1733/1733 1299/1721/1721 1398/1722/1722
f 1399/1733/1733 1398/1722/1722 1498/1734/1734
f 1498/1734/1734 1398/1722/1722 1497/1723/1723
f 1498/1734/1734 1497/1723/1723 1595/1735/1735
f 1595/1735/1735 1497/1723/1723 1594/1724/1724
f 1595/1735/1735 1594/1724/1724 1738/1736/1736
f 1738/1736/1736 1594/1724/1724 1737/1725/1725
f 1738/1736/1736 1737/1725/1725 1812/1737/1737
f 1812/1737/1737 1737/1725/1725 1811/1726/1726
f 1812/1737/1737 1811/1726/1726 1884/1738/1738
f 1884/1738/1738 1811/1726/1726 1883/1727/1727
f 1884/1738/1738 1883/1727/1727 1956/88/88
f 1956/88/88 1883/1727/1727 1955/90/90
f 612/263/263 611/265/265 905/1739/1739
f 905/1739/1739 611/265/265 904/1728/1728
f 905/1739/1739 904/1728/1728 1004/1740/1740
f 1004/1740/1740 904/1728/1728 1003/1729/1729
f 1004/1740/1740 1003/1729/1729 1103/1741/1741
f 1103/1741/1741 1003/1729/1729 1102/1730/1730
f 1103/1741/1741 1102/1730/1730 1202/1742/1742
f 1202/1742/1742 1102/1730/1730 1201/1731/1731
f 1202/1742/1742 1201/1731/1731 1301/1743/1743
f 1301/1743/1743 1201/1731/1731 1300/1732/1732
f 1301/1743/1743 1300/1732/1732 1400/1744/1744
f 1400/1744/1744 1300/1732/1732 1399/1733/1733
f 1400/1744/1744 1399/1733/1733 1499/1745/1745
f 1499/1745/1745 1399/1733/1733 1498/1734/1734
f 1499/1745/1745 1498/1734/1734 1596/1746/1746
f 1596/1746/1746 1498/1734/1734 1595/1735/1735
f 1596/1746/1746 1595/1735/1735 1739/1747/1747
f 1739/1747/1747 1595/1735/1735 1738/1736/1736
f 1739/1747/1747 1738/1736/1736 1813/1748/1748
f 1813/1748/1748 1738/1736/1736 1812/1737/1737
f 1813/1748/1748 1812/1737/1737 1885/1749/1749
f 1885/1749/1749 1812/1737/1737 1884/1738/1738
f 1885/1749/1749 1884/1738/1738 1957/86/86
f 1957/86/86 1884/1738/1738 1956/88/88
f 613/261/261 612/263/263 906/1750/1750
f 906/1750/1750 612/263/263 905/1739/1739
f 906/1750/1750 905/1739/1739 1005/1751/1751
f 1005/1751/1751 905/1739/1739 1004/1740/1740
f 1005/1751/1751 1004/1740/1740 1104/1752/1752
f 1104/1752/1752 1004/1740/1740 1103/1741/1741
f 1104/1752/1752 1103/1741/1741 1203/1753/1753
f 1203/1753/1753 1103/1741/1741 1202/1742/1742
f 1203/1753/1753 1202/1742/1742 1302/1754/1754
f 1302/1754/1754 1202/1742/1742 1301/1743/1743
f 1302/1754/1754 1301/1743/1743 1401/1755/1755
f 1401/1755/1755 1301/1743/1743 1400/1744/1744
f 1401/1755/1755 1400/1744/1744 1500/1756/1756
f 1500/1756/1756 1400/1744/1744 1499/1745/1745
f 1500/1756/1756 1499/1745/1745 1597/1757/1757
f 1597/1757/1757 1499/1745/1745 1596/1746/1746
f 1597/1757/1757 1596/1746/1746 1740/1758/1758
f 1740/1758/1758 1596/1746/1746 1739/1747/1747
f 1740/1758/1758 1739/1747/1747 1814/1759/1759
f 1814/1759/1759 1739/1747/1747 1813/1748/1748
f 1814/1759/1759 1813/1748/1748 1886/1760/1760
f 1886/1760/1760 1813/1748/1748 1885/1749/1749
f 1886/1760/1760 1885/1749/1749 1958/84/84
f 1958/84/84 1885/1749/1749 1957/86/86
f 614/259/259 613/261/261 907/1761/1761
f 907/1761/1761 613/261/261 906/1750/1750
f 907/1761/1761 906/1750/1750 1006/1762/1762
f 1006/1762/1762 906/1750/1750 1005/1751/1751
f 1006/1762/1762 1005/1751/1751 1105/1763/1763
f 1105/1763/1763 1005/1751/1751 1104/1752/1752
f 1105/1763/1763 1104/1752/1752 1204/1764/1764
f 1204/1764/1764 1104/1752/1752 1203/1753/1753
f 1204/1764/1764 1203/1753/1753 1303/1765/1765
f 1303/1765/1765 1203/1753/1753 1302/1754/1754
f 1303/1765/1765 1302/1754/1754 1402/1766/1766
f 1402/1766/1766 1302/1754/1754 1401/1755/1755
f 1402/1766/1766 1401/1755/1755 1501/1767/1767
f 1501/1767/1767 1401/1755/1755 1500/1756/1756
f 1501/1767/1767 1500/1756/1756 1598/1768/1768
f 1598/1768/1768 1500/1756/1756 1597/1757/1757
f 1598/1768/1768 1597/1757/1757 1741/1769/1769
f 1741/1769/1769 1597/1757/1757 1740/1758/1758
f 1741/1769/1769 1740/1758/1758 1815/1770/1770
f 1815/1770/1770 1740/1758/1758 1814/1759/1759
f 1815/1770/1770 1814/1759/1759 1887/1771/1771
f 1887/1771/1771 1814/1759/1759 1886/1760/1760
f 1887/1771/1771 1886/1760/1760 1959/82/82
f 1959/82/82 1886/1760/1760 1958/84/84
f 615/257/257 614/259/259 908/1772/1772
f 908/1772/1772 614/259/259 907/1761/1761
f 908/1772/1772 907/1761/1761 1007/1773/1773
f 1007/1773/1773 907/1761/1761 1006/1762/1762
f 1007/1773/1773 1006/1762/1762 1106/1774/1774
f 1106/1774/1774 1006/1762/1762 1105/1763/1763
f 1106/1774/1774 1105/1763/1763 1205/1775/1775
f 1205/1775/1775 1105/1763/1763 1204/1764/1764
f 1205/1775/1775 1204/1764/1764 1304/1776/1776
f 1304/1776/1776 1204/1764/1764 1303/1765/1765
f 1304/1776/1776 1303/1765/1765 1403/1777/1777
f 1403/1777/1777 1303/1765/1765 1402/1766/1766
f 1403/1777/1777 1402/1766/1766 1502/1778/1778
f 1502/1778/1778 1402/1766/1766 1501/1767/1767
f 1502/1778/1778 1501/1767/1767 1599/1779/1779
f 1599/1779/1779 1501/1767/1767 1598/1768/1768
f 1599/1779/1779 1598/1768/1768 1742/1780/1780
f 1742/1780/1780 1598/1768/1768 1741/1769/1769
f 1742/1780/1780 1741/1769/1769 1816/1781/1781
f 1816/1781/1781 1741/1769/1769 1815/1770/1770
f 1816/1781/1781 1815/1770/1770 1888/1782/1782
f 1888/1782/1782 1815/1770/1770 1887/1771/1771
f 1888/1782/1782 1887/1771/1771 1960/80/80
f 1960/80/80 1887/1771/1771 1959/82/82
f 616/255/255 615/257/257 909/1783/1783
f 909/1783/1783 615/257/257 908/1772/1772
f 909/1783/1783 908/1772/1772 1008/1784/1784
f 1008/1784/1784 908/1772/1772 1007/1773/1773
f 1008/1784/1784 1007/1773/1773 1107/1785/1785
f 1107/1785/1785 1007/1773/1773 1106/1774/1774
f 1107/1785/1785 1106/1774/1774 1206/1786/1786
f 1206/1786/1786 1106/1774/1774 1205/1775/1775
f 1206/1786/1786 1205/1775/1775 1305/1787/1787
f 1305/1787/1787 1205/1775/1775 1304/1776/1776
f 1305/1787/1787 1304/1776/1776 1404/1788/1788
f 1404/1788/1788 1304/1776/1776 1403/1777/1777
f 1404/1788/1788 1403/1777/1777 1503/1789/1789
f 1503/1789/1789 1403/1777/1777 1502/1778/1778
f 1503/1789/1789 1502/1778/1778 1600/1790/1790
f 1600/1790/1790 1502/1778/1778 1599/1779/1779
f 1600/1790/1790 1599/1779/1779 1743/1791/1791
f 1743/1791/1791 1599/1779/1779 1742/1780/1780
f 1743/1791/1791 1742/1780/1780 1817/1792/1792
f 1817/1792/1792 1742/1780/1780 1816/1781/1781
f 1817/1792/1792 1816/1781/1781 1889/1793/1793
f 1889/1793/1793 1816/1781/1781 1888/1782/1782
f 1889/1793/1793 1888/1782/1782 1961/78/78
f 1961/78/78 1888/1782/1782 1960/80/80
f 617/253/253 616/255/255 910/1794/1794
f 910/1794/1794 616/255/255 909/1783/1783
f 910/1794/1794 909/1783/1783 1009/1795/1795
f 1009/1795/1795 909/1783/1783 1008/1784/1784
f 1009/1795/1795 1008/1784/1784 1108/1796/1796
f 1108/1796/1796 1008/1784/1784 1107/1785/1785
f 1108/1796/1796 1107/1785/1785 1207/1797/1797
f 1207/1797/1797 1107/1785/1785 1206/1786/1786
f 1207/1797/1797 1206/1786/1786 1306/1798/1798
f 1306/1798/1798 1206/1786/1786 1305/1787/1787
f 1306/1798/1798 1305/1787/1787 1405/1799/1799
f 1405/1799/1799 1305/1787/1787 1404/1788/1788
f 1405/1799/1799 1404/1788/1788 1504/1800/1800
f 1504/1800/1800 1404/1788/1788 1503/1789/1789
f 1504/1800/1800 1503/1789/1789 1601/1801/1801
f 1601/1801/1801 1503/1789/1789 1600/1790/1790
f 1601/1801/1801 1600/1790/1790 1744/1802/1802
f 1744/1802/1802 1600/1790/1790 1743/1791/1791
f 1744/1802/1802 1743/1791/1791 1818/1803/1803
f 1818/1803/1803 1743/1791/1791 1817/1792/1792
f 1818/1803/1803 1817/1792/1792 1890/1804/1804
f 1890/1804/1804 1817/1792/1792 1889/1793/1793
f 1890/1804/1804 1889/1793/1793 1962/76/76
f 1962/76/76 1889/1793/1793 1961/78/78
f 618/251/251 617/253/253 911/1805/1805
f 911/1805/1805 617/253/253 910/1794/1794
f 911/1805/1805 910/1794/1794 1010/1806/1806
f 1010/1806/1806 910/1794/1794 1009/1795/1795
f 1010/1806/1806 1009/1795/1795 1109/1807/1807
f 1109/1807/1807 1009/1795/1795 1108/1796/1796
f 1109/1807/1807 1108/1796/1796 1208/1808/1808
f 1208/1808/1808 1108/1796/1796 1207/1797/1797
f 1208/1808/1808 1207/1797/1797 1307/1809/1809
f 1307/1809/1809 1207/1797/1797 1306/1798/1798
f 1307/1809/1809 1306/1798/1798 1406/1810/1810
f 1406/1810/1810 1306/1798/1798 1405/1799/1799
f 1406/1810/1810 1405/1799/1799 1505/1811/1811
f 1505/1811/1811 1405/1799/1799 1504/1800/1800
f 1505/1811/1811 1504/1800/1800 1602/1812/1812
f 1602/1812/1812 1504/1800/1800 1601/1801/1801
f 1602/1812/1812 1601/1801/1801 1745/1813/1813
f 1745/1813/1813 1601/1801/1801 1744/1802/1802
f 1745/1813/1813 1744/1802/1802 1819/1814/1814
f 1819/1814/1814 1744/1802/1802 1818/1803/1803
f 1819/1814/1814 1818/1803/1803 1891/1815/1815
f 1891/1815/1815 1818/1803/1803 1890/1804/1804
f 1891/1815/1815 1890/1804/1804 1963/74/74
f 1963/74/74 1890/1804/1804 1962/76/76
f 619/249/249 618/251/251 912/1816/1816
f 912/1816/1816 618/251/251 911/1805/1805
f 912/1816/1816 911/1805/1805 1011/1817/1817
f 1011/1817/1817 911/1805/1805 1010/1806/1806
f 1011/1817/1817 1010/1806/1806 1110/1818/1818
f 1110/1818/1818 1010/1806/1806 1109/1807/1807
f 1110/1818/1818 1109/1807/1807 1209/1819/1819
f 1209/1819/1819 1109/1807/1807 1208/1808/1808
f 1209/1819/1819 1208/1808/1808 1308/1820/1820
f 1308/1820/1820 1208/1808/1808 1307/1809/1809
f 1308/1820/1820 1307/1809/1809 1407/1821/1821
f 1407/1821/1821 1307/1809/1809 1406/1810/1810
f 1407/1821/1821 1406/1810/1810 1506/1822/1822
f 1506/1822/1822 1406/1810/1810 1505/1811/1811
f 1506/1822/1822 1505/1811/1811 1603/1823/1823
f 1603/1823/1823 1505/1811/1811 1602/1812/1812
f 1603/1823/1823 1602/1812/1812 1746/1824/1824
f 1746/1824/1824 1602/1812/1812 1745/1813/1813
f 1746/1824/1824 1745/1813/1813 1820/1825/1825
f 1820/1825/1825 1745/1813/1813 1819/1814/1814
f 1820/1825/1825 1819/1814/1814 1892/1826/1826
f 1892/1826/1826 1819/1814/1814 1891/1815/1815
f 1892/1826/1826 1891/1815/1815 1964/72/72
f 1964/72/72 1891/1815/1815 1963/74/74
f 620/247/247 619/249/249 913/1827/1827
f 913/1827/1827 619/249/249 912/1816/1816
f 913/1827/1827 912/1816/1816 1012/1828/1828
f 1012/1828/1828 912/1816/1816 1011/1817/1817
f 1012/1828/1828 1011/1817/1817 1111/1829/1829
f 1111/1829/1829 1011/1817/1817 1110/1818/1818
f 1111/1829/1829 1110/1818/1818 1210/1830/1830
f 1210/1830/1830 1110/1818/1818 1209/1819/1819
f 1210/1830/1830 1209/1819/1819 1309/1831/1831
f 1309/1831/1831 1209/1819/1819 1308/1820/1820
f 1309/1831/1831 1308/1820/1820 1408/1832/1832
f 1408/1832/1832 1308/1820/1820 1407/1821/1821
f 1408/1832/1832 1407/1821/1821 1507/1833/1833
f 1507/1833/1833 1407/1821/1821 1506/1822/1822
f 1507/1833/1833 1506/1822/1822 1604/1834/1834
f 1604/1834/1834 1506/1822/1822 1603/1823/1823
f 1604/1834/1834 1603/1823/1823 1747/1835/1835
f 1747/1835/1835 1603/1823/1823 1746/1824/1824
f 1747/1835/1835 1746/1824/1824 1821/1836/1836
f 1821/1836/1836 1746/1824/1824 1820/1825/1825
f 1821/1836/1836 1820/1825/1825 1893/1837/1837
f 1893/1837/1837 1820/1825/1825 1892/1826/1826
f 1893/1837/1837 1892/1826/1826 1965/70/70
f 1965/70/70 1892/1826/1826 1964/72/72
f 621/245/245 620/247/247 914/1838/1838
f 914/1838/1838 620/247/247 913/1827/1827
f 914/1838/1838 913/1827/1827 1013/1839/1839
f 1013/1839/1839 913/1827/1827 1012/1828/1828
f 1013/1839/1839 1012/1828/1828 1112/1840/1840
f 1112/1840/1840 1012/1828/1828 1111/1829/1829
f 1112/1840/1840 1111/1829/1829 1211/1841/1841
f 1211/1841/1841 1111/1829/1829 1210/1830/1830
f 1211/1841/1841 1210/1830/1830 1310/1842/1842
f 1310/1842/1842 1210/1830/1830 1309/1831/1831
f 1310/1842/1842 1309/1831/1831 1409/1843/1843
f 1409/1843/1843 1309/1831/1831 1408/1832/1832
f 1409/1843/1843 1408/1832/1832 1508/1844/1844
f 1508/1844/1844 1408/1832/1832 1507/1833/1833
f 1508/1844/1844 1507/1833/1833 1605/1845/1845
f 1605/1845/1845 1507/1833/1833 1604/1834/1834
f 1605/1845/1845 1604/1834/1834 1748/1846/1846
f 1748/1846/1846 1604/1834/1834 1747/1835/1835
f 1748/1846/1846 1747/1835/1835 1822/1847/1847
f 1822/1847/1847 1747/1835/1835 1821/1836/1836
f 1822/1847/1847 1821/1836/1836 1894/1848/1848
f 1894/1848/1848 1821/1836/1836 1893/1837/1837
f 1894/1848/1848 1893/1837/1837 1966/68/68
f 1966/68/68 1893/1837/1837 1965/70/70
f 622/243/243 621/245/245 915/1849/1849
f 915/1849/1849 621/245/245 914/1838/1838
f 915/1849/1849 914/1838/1838 1014/1850/1850
f 1014/1850/1850 914/1838/1838 1013/1839/1839
f 1014/1850/1850 1013/1839/1839 1113/1851/1851
f 1113/1851/1851 1013/1839/1839 1112/1840/1840
f 1113/1851/1851 1112/1840/1840 1212/1852/1852
f 1212/1852/1852 1112/1840/1840 1211/1841/1841
f 1212/1852/1852 1211/1841/1841 1311/1853/1853
f 1311/1853/1853 1211/1841/1841 1310/1842/1842
f 1311/1853/1853 1310/1842/1842 1410/1854/1854
f 1410/1854/1854 1310/1842/1842 1409/1843/1843
f 1410/1854/1854 1409/1843/1843 1509/1855/1855
f 1509/1855/1855 1409/1843/1843 1508/1844/1844
f 1509/1855/1855 1508/1844/1844 1606/1856/1856
f 1606/1856/1856 1508/1844/1844 1605/1845/1845
f 1606/1856/1856 1605/1845/1845 1749/1857/1857
f 1749/1857/1857 1605/1845/1845 1748/1846/1846
f 1749/1857/1857 1748/1846/1846 1823/1858/1858
f 1823/1858/1858 1748/1846/1846 1822/1847/1847
f 1823/1858/1858 1822/1847/1847 1895/1859/1859
f 1895/1859/1859 1822/1847/1847 1894/1848/1848
f 1895/1859/1859 1894/1848/1848 1967/66/66
f 1967/66/66 1894/1848/1848 1966/68/68
f 623/241/241 622/243/243 916/1860/1860
f 916/1860/1860 622/243/243 915/1849/1849
f 916/1860/1860 915/1849/1849 1015/1861/1861
f 1015/1861/1861 915/1849/1849 1014/1850/1850
f 1015/1861/1861 1014/1850/1850 1114/1862/1862
f 1114/1862/1862 1014/1850/1850 1113/1851/1851
f 1114/1862/1862 1113/1851/1851 1213/1863/1863
f 1213/1863/1863 1113/1851/1851 1212/1852/1852
f 1213/1863/1863 1212/1852/1852 1312/1864/1864
f 1312/1864/1864 1212/1852/1852 1311/1853/1853
f 1312/1864/1864 1311/1853/1853 1411/1865/1865
f 1411/1865/1865 1311/1853/1853 1410/1854/1854
f 1411/1865/1865 1410/1854/1854 1510/1866/1866
f 1510/1866/1866 1410/1854/1854 1509/1855/1855
f 1510/1866/1866 1509/1855/1855 1607/1867/1867
f 1607/1867/1867 1509/1855/1855 1606/1856/1856
f 1607/1867/1867 1606/1856/1856 1750/1868/1868
f 1750/1868/1868 1606/1856/1856 1749/1857/1857
f 1750/1868/1868 1749/1857/1857 1824/1869/1869
f 1824/1869/1869 1749/1857/1857 1823/1858/1858
f 1824/1869/1869 1823/1858/1858 1896/1870/1870
f 1896/1870/1870 1823/1858/1858 1895/1859/1859
f 1896/1870/1870 1895/1859/1859 1968/64/64
f 1968/64/64 1895/1859/1859 1967/66/66
f 624/239/239 623/241/241 917/1871/1871
f 917/1871/1871 623/241/241 916/1860/1860
f 917/1871/1871 916/1860/1860 1016/1872/1872
f 1016/1872/1872 916/1860/1860 1015/1861/1861
f 1016/1872/1872 1015/1861/1861 1115/1873/1873
f 1115/1873/1873 1015/1861/1861 1114/1862/1862
f 1115/1873/1873 1114/1862/1862 1214/1874/1874
f 1214/1874/1874 1114/1862/1862 1213/1863/1863
f 1214/1874/1874 1213/1863/1863 1313/1875/1875
f 1313/1875/1875 1213/1863/1863 1312/1864/1864
f 1313/1875/1875 1312/1864/1864 1412/1876/1876
f 1412/1876/1876 1312/1864/1864 1411/1865/1865
f 1412/1876/1876 1411/1865/1865 1511/1877/1877
f 1511/1877/1877 1411/1865/1865 1510/1866/1866
f 1511/1877/1877 1510/1866/1866 1608/1878/1878
f 1608/1878/1878 1510/1866/1866 1607/1867/1867
f 1608/1878/1878 1607/1867/1867 1751/1879/1879
f 1751/1879/1879 1607/1867/1867 1750/1868/1868
f 1751/1879/1879 1750/1868/1868 1825/1880/1880
f 1825/1880/1880 1750/1868/1868 1824/1869/1869
f 1825/1880/1880 1824/1869/1869 1897/1881/1881
f 1897/1881/1881 1824/1869/1869 1896/1870/1870
f 1897/1881/1881 1896/1870/1870 1969/62/62
f 1969/62/62 1896/1870/1870 1968/64/64
f 625/237/237 624/239/239 918/1882/1882
f 918/1882/1882 624/239/239 917/1871/1871
f 918/1882/1882 917/1871/1871 1017/1883/1883
f 1017/1883/1883 917/1871/1871 1016/1872/1872
f 1017/1883/1883 1016/1872/1872 1116/1884/1884
f 1116/1884/1884 1016/1872/1872 1115/1873/1873
f 1116/1884/1884 1115/1873/1873 1215/1885/1885
f 1215/1885/1885 1115/1873/1873 1214/1874/1874
f 1215/1885/1885 1214/1874/1874 1314/1886/1886
f 1314/1886/1886 1214/1874/1874 1313/1875/1875
f 1314/1886/1886 1313/1875/1875 1413/1887/1887
f 1413/1887/1887 1313/1875/1875 1412/1876/1876
f 1413/1887/1887 1412/1876/1876 1512/1888/1888
f 1512/1888/1888 1412/1876/1876 1511/1877/1877
f 1512/1888/1888 1511/1877/1877 1609/1889/1889
f 1609/1889/1889 1511/1877/1877 1608/1878/1878
f 1609/1889/1889 1608/1878/1878 1752/1890/1890
f 1752/1890/1890 1608/1878/1878 1751/1879/1879
f 1752/1890/1890 1751/1879/1879 1826/1891/1891
f 1826/1891/1891 1751/1879/1879 1825/1880/1880
f 1826/1891/1891 1825/1880/1880 1898/1892/1892
f 1898/1892/1892 1825/1880/1880 1897/1881/1881
f 1898/1892/1892 1897/1881/1881 1970/60/60
f 1970/60/60 1897/1881/1881 1969/62/62
f 626/235/235 625/237/237 919/1893/1893
f 919/1893/1893 625/237/237 918/1882/1882
f 919/1893/1893 918/1882/1882 1018/1894/1894
f 1018/1894/1894 918/1882/1882 1017/1883/1883
f 1018/1894/1894 1017/1883/1883 1117/1895/1895
f 1117/1895/1895 1017/1883/1883 1116/1884/1884
f 1117/1895/1895 1116/1884/1884 1216/1896/1896
f 1216/1896/1896 1116/1884/1884 1215/1885/1885
f 1216/1896/1896 1215/1885/1885 1315/1897/1897
f 1315/1897/1897 1215/1885/1885 1314/1886/1886
f 1315/1897/1897 1314/1886/1886 1414/1898/1898
f 1414/1898/1898 1314/1886/1886 1413/1887/1887
f 1414/1898/1898 1413/1887/1887 1513/1899/1899
f 1513/1899/1899 1413/1887/1887 1512/1888/1888
f 1513/1899/1899 1512/1888/1888 1610/1900/1900
f 1610/1900/1900 1512/1888/1888 1609/1889/1889
f 1610/1900/1900 1609/1889/1889 1753/1901/1901
f 1753/1901/1901 1609/1889/1889 1752/1890/1890
f 1753/1901/1901 1752/1890/1890 1827/1902/1902
f 1827/1902/1902 1752/1890/1890 1826/1891/1891
f 1827/1902/1902 1826/1891/1891 1899/1903/1903
f 1899/1903/1903 1826/1891/1891 1898/1892/1892
f 1899/1903/1903 1898/1892/1892 1971/58/58
f 1971/58/58 1898/1892/1892 1970/60/60
f 627/233/233 626/235/235 920/1904/1904
f 920/1904/1904 626/235/235 919/1893/1893
f 920/1904/1904 919/1893/1893 1019/1905/1905
f 1019/1905/1905 919/1893/1893 1018/1894/1894
f 1019/1905/1905 1018/1894/1894 1118/1906/1906
f 1118/1906/1906 1018/1894/1894 1117/1895/1895
f 1118/1906/1906 1117/1895/1895 1217/1907/1907
f 1217/1907/1907 1117/1895/1895 1216/1896/1896
f 1217/1907/1907 1216/1896/1896 1316/1908/1908
f 1316/1908/1908 1216/1896/1896 1315/1897/1897
f 1316/1908/1908 1315/1897/1897 1415/1909/1909
f 1415/1909/1909 1315/1897/1897 1414/1898/1898
f 1415/1909/1909 1414/1898/1898 1514/1910/1910
f 1514/1910/1910 1414/1898/1898 1513/1899/1899
f 1514/1910/1910 1513/1899/1899 1611/1911/1911
f 1611/1911/1911 1513/1899/1899 1610/1900/1900
f 1611/1911/1911 1610/1900/1900 1754/1912/1912
f 1754/1912/1912 1610/1900/1900 1753/1901/1901
f 1754/1912/1912 1753/1901/1901 1828/1913/1913
f 1828/1913/1913 1753/1901/1901 1827/1902/1902
f 1828/1913/1913 1827/1902/1902 1900/1914/1914
f 1900/1914/1914 1827/1902/1902 1899/1903/1903
f 1900/1914/1914 1899/1903/1903 1972/56/56
f 1972/56/56 1899/1903/1903 1971/58/58
f 628/231/231 627/233/233 921/1915/1915
f 921/1915/1915 627/233/233 920/1904/1904
f 921/1915/1915 920/1904/1904 1020/1916/1916
f 1020/1916/1916 920/1904/1904 1019/1905/1905
f 1020/1916/1916 1019/1905/1905 1119/1917/1917
f 1119/1917/1917 1019/1905/1905 1118/1906/1906
f 1119/1917/1917 1118/1906/1906 1218/1918/1918
f 1218/1918/1918 1118/1906/1906 1217/1907/1907
f 1218/1918/1918 1217/1907/1907 1317/1919/1919
f 1317/1919/1919 1217/1907/1907 1316/1908/1908
f 1317/1919/1919 1316/1908/1908 1416/1920/1920
f 1416/1920/1920 1316/1908/1908 1415/1909/1909
f 1416/1920/1920 1415/1909/1909 1515/1921/1921
f 1515/1921/1921 1415/1909/1909 1514/1910/1910
f 1515/1921/1921 1514/1910/1910 1612/1922/1922
f 1612/1922/1922 1514/1910/1910 1611/1911/1911
f 1612/1922/1922 1611/1911/1911 1755/1923/1923
f 1755/1923/1923 1611/1911/1911 1754/1912/1912
f 1755/1923/1923 1754/1912/1912 1829/1924/1924
f 1829/1924/1924 1754/1912/1912 1828/1913/1913
f 1829/1924/1924 1828/1913/1913 1901/1925/1925
f 1901/1925/1925 1828/1913/1913 1900/1914/1914
f 1901/1925/1925 1900/1914/1914 1973/54/54
f 1973/54/54 1900/1914/1914 1972/56/56
f 629/229/229 628/231/231 922/1926/1926
f 922/1926/1926 628/231/231 921/1915/1915
f 922/1926/1926 921/1915/1915 1021/1927/1927
f 1021/1927/1927 921/1915/1915 1020/1916/1916
f 1021/1927/1927 1020/1916/1916 1120/1928/1928
f 1120/1928/1928 1020/1916/1916 1119/1917/1917
f 1120/1928/1928 1119/1917/1917 1219/1929/1929
f 1219/1929/1929 1119/1917/1917 1218/1918/1918
f 1219/1929/1929 1218/1918/1918 1318/1930/1930
f 1318/1930/1930 1218/1918/1918 1317/1919/1919
f 1318/1930/1930 1317/1919/1919 1417/1931/1931
f 1417/1931/1931 1317/1919/1919 1416/1920/1920
f 1417/1931/1931 1416/1920/1920 1516/1932/1932
f 1516/1932/1932 1416/1920/1920 1515/1921/1921
f 1516/1932/1932 1515/1921/1921 1613/1933/1933
f 1613/1933/1933 1515/1921/1921 1612/1922/1922
f 1613/1933/1933 1612/1922/1922 1756/1934/1934
f 1756/1934/1934 1612/1922/1922 1755/1923/1923
f 1756/1934/1934 1755/1923/1923 1830/1935/1935
f 1830/1935/1935 1755/1923/1923 1829/1924/1924
f 1830/1935/1935 1829/1924/1924 1902/1936/1936
f 1902/1936/1936 1829/1924/1924 1901/1925/1925
f 1902/1936/1936 1901/1925/1925 1974/52/52
f 1974/52/52 1901/1925/1925 1973/54/54
f 630/227/227 629/229/229 923/1937/1937
f 923/1937/1937 629/229/229 922/1926/1926
f 923/1937/1937 922/1926/1926 1022/1938/1938
f 1022/1938/1938 922/1926/1926 1021/1927/1927
f 1022/1938/1938 1021/1927/1927 1121/1939/1939
f 1121/1939/1939 1021/1927/1927 1120/1928/1928
f 1121/1939/1939 1120/1928/1928 1220/1940/1940
f 1220/1940/1940 1120/1928/1928 1219/1929/1929
f 1220/1940/1940 1219/1929/1929 1319/1941/1941
f 1319/1941/1941 1219/1929/1929 1318/1930/1930
f 1319/1941/1941 1318/1930/1930 1418/1942/1942
f 1418/1942/1942 1318/1930/1930 1417/1931/1931
f 1418/1942/1942 1417/1931/1931 1517/1943/1943
f 1517/1943/1943 1417/1931/1931 1516/1932/1932
f 1517/1943/1943 1516/1932/1932 1614/1944/1944
f 1614/1944/1944 1516/1932/1932 1613/1933/1933
f 1614/1944/1944 1613/1933/1933 1757/1945/1945
f 1757/1945/1945 1613/1933/1933 1756/1934/1934
f 1757/1945/1945 1756/1934/1934 1831/1946/1946
f 1831/1946/1946 1756/1934/1934 1830/1935/1935
f 1831/1946/1946 1830/1935/1935 1903/1947/1947
f 1903/1947/1947 1830/1935/1935 1902/1936/1936
f 1903/1947/1947 1902/1936/1936 1975/50/50
f 1975/50/50 1902/1936/1936 1974/52/52
f 631/225/225 630/227/227 924/1948/1948
f 924/1948/1948 630/227/227 923/1937/1937
f 924/1948/1948 923/1937/1937 1023/1949/1949
f 1023/1949/1949 923/1937/1937 1022/1938/1938
f 1023/1949/1949 1022/1938/1938 1122/1950/1950
f 1122/1950/1950 1022/1938/1938 1121/1939/1939
f 1122/1950/1950 1121/1939/1939 1221/1951/1951
f 1221/1951/1951 1121/1939/1939 1220/1940/1940
f 1221/1951/1951 1220/1940/1940 1320/1952/1952
f 1320/1952/1952 1220/1940/1940 1319/1941/1941
f 1320/1952/1952 1319/1941/1941 1419/1953/1953
f 1419/1953/1953 1319/1941/1941 1418/1942/1942
f 1419/1953/1953 1418/1942/1942 1518/1954/1954
f 1518/1954/1954 1418/1942/1942 1517/1943/1943
f 1518/1954/1954 1517/1943/1943 1615/1955/1955
f 1615/1955/1955 1517/1943/1943 1614/1944/1944
f 1615/1955/1955 1614/1944/1944 1758/1956/1956
f 1758/1956/1956 1614/1944/1944 1757/1945/1945
f 1758/1956/1956 1757/1945/1945 1832/1957/1957
f 1832/1957/1957 1757/1945/1945 1831/1946/1946
f 1832/1957/1957 1831/1946/1946 1904/1958/1958
f 1904/1958/1958 1831/1946/1946 1903/1947/1947
f 1904/1958/1958 1903/1947/1947 1976/48/48
f 1976/48/48 1903/1947/1947 1975/50/50
f 632/223/223 631/225/225 925/1959/1959
f 925/1959/1959 631/225/225 924/1948/1948
f 925/1959/1959 924/1948/1948 1024/1960/1960
f 1024/1960/1960 924/1948/1948 1023/1949/1949
f 1024/1960/1960 1023/1949/1949 1123/1961/1961
f 1123/1961/1961 1023/1949/1949 1122/1950/1950
f 1123/1961/1961 1122/1950/1950 1222/1962/1962
f 1222/1962/1962 1122/1950/1950 1221/1951/1951
f 1222/1962/1962 1221/1951/1951 1321/1963/1963
f 1321/1963/1963 1221/1951/1951 1320/1952/1952
f 1321/1963/1963 1320/1952/1952 1420/1964/1964
f 1420/1964/1964 1320/1952/1952 1419/1953/1953
f 1420/1964/1964 1419/1953/1953 1519/1965/1965
f 1519/1965/1965 1419/1953/1953 1518/1954/1954
f 1519/1965/1965 1518/1954/1954 1616/1966/1966
f 1616/1966/1966 1518/1954/1954 1615/1955/1955
f 1616/1966/1966 1615/1955/1955 1759/1967/1967
f 1759/1967/1967 1615/1955/1955 1758/1956/1956
f 1759/1967/1967 1758/1956/1956 1833/1968/1968
f 1833/1968/1968 1758/1956/1956 1832/1957/1957
f 1833/1968/1968 1832/1957/1957 1905/1969/1969
f 1905/1969/1969 1832/1957/1957 1904/1958/1958
f 1905/1969/1969 1904/1958/1958 1977/46/46
f 1977/46/46 1904/1958/1958 1976/48/48
f 927/206/206 634/205/205 633/221/221
f 633/221/221 632/223/223 926/1970/1970
f 926/1970/1970 632/223/223 925/1959/1959
f 926/1970/1970 925/1959/1959 1025/1971/1971
f 1025/1971/1971 925/1959/1959 1024/1960/1960
f 1025/1971/1971 1024/1960/1960 1124/1972/1972
f 1124/1972/1972 1024/1960/1960 1123/1961/1961
f 1124/1972/1972 1123/1961/1961 1223/1973/1973
f 1223/1973/1973 1123/1961/1961 1222/1962/1962
f 1223/1973/1973 1222/1962/1962 1322/1974/1974
f 1322/1974/1974 1222/1962/1962 1321/1963/1963
f 1322/1974/1974 1321/1963/1963 1421/1975/1975
f 1421/1975/1975 1321/1963/1963 1420/1964/1964
f 1421/1975/1975 1420/1964/1964 1520/1976/1976
f 1520/1976/1976 1420/1964/1964 1519/1965/1965
f 1520/1976/1976 1519/1965/1965 1617/1977/1977
f 1617/1977/1977 1519/1965/1965 1616/1966/1966
f 1617/1977/1977 1616/1966/1966 1760/1978/1978
f 1760/1978/1978 1616/1966/1966 1759/1967/1967
f 1760/1978/1978 1759/1967/1967 1834/1979/1979
f 1834/1979/1979 1759/1967/1967 1833/1968/1968
f 1834/1979/1979 1833/1968/1968 1906/1980/1980
f 1906/1980/1980 1833/1968/1968 1905/1969/1969
f 1906/1980/1980 1905/1969/1969 1978/44/44
f 1978/44/44 1905/1969/1969 1977/46/46
f 832/622/622 738/626/626 737/1099/1099
f 737/1099/1099 738/626/626 538/404/404
f 832/622/622 737/1099/1099 831/620/620
f 941/720/720 842/722/722 841/1167/1167
f 841/1167/1167 842/722/722 548/391/391
f 941/720/720 841/1167/1167 940/1168/1168
f 946/817/817 847/819/819 846/1190/1190
f 846/1190/1190 847/819/819 553/381/381
f 946/817/817 846/1190/1190 945/1191/1191
f 954/935/935 855/937/937 854/1222/1222
f 854/1222/1222 855/937/937 561/365/365
f 954/935/935 854/1222/1222 953/1223/1223
f 1026/207/207 927/206/206 926/1970/1970
f 926/1970/1970 927/206/206 633/221/221
f 1026/207/207 926/1970/1970 1025/1971/1971
f 1040/718/718 941/720/720 940/1168/1168
f 1040/718/718 940/1168/1168 1039/1169/1169
f 1045/815/815 946/817/817 945/1191/1191
f 1045/815/815 945/1191/1191 1044/1192/1192
f 1053/933/933 954/935/935 953/1223/1223
f 1053/933/933 953/1223/1223 1052/1224/1224
f 1125/208/208 1026/207/207 1025/1971/1971
f 1125/208/208 1025/1971/1971 1124/1972/1972
f 1139/716/716 1040/718/718 1039/1169/1169
f 1139/716/716 1039/1169/1169 1138/1170/1170
f 1144/813/813 1045/815/815 1044/1192/1192
f 1144/813/813 1044/1192/1192 1143/1193/1193
f 1152/931/931 1053/933/933 1052/1224/1224
f 1152/931/931 1052/1224/1224 1151/1225/1225
f 1224/209/209 1125/208/208 1124/1972/1972
f 1224/209/209 1124/1972/1972 1223/1973/1973
f 1238/714/714 1139/716/716 1138/1170/1170
f 1238/714/714 1138/1170/1170 1237/1171/1171
f 1243/811/811 1144/813/813 1143/1193/1193
f 1243/811/811 1143/1193/1193 1242/1194/1194
f 1251/929/929 1152/931/931 1151/1225/1225
f 1251/929/929 1151/1225/1225 1250/1226/1226
f 1323/210/210 1224/209/209 1223/1973/1973
f 1323/210/210 1223/1973/1973 1322/1974/1974
f 1337/712/712 1238/714/714 1237/1171/1171
f 1337/712/712 1237/1171/1171 1336/1172/1172
f 1342/809/809 1243/811/811 1242/1194/1194
f 1342/809/809 1242/1194/1194 1341/1195/1195
f 1350/927/927 1251/929/929 1250/1226/1226
f 1350/927/927 1250/1226/1226 1349/1227/1227
f 1422/211/211 1323/210/210 1322/1974/1974
f 1422/211/211 1322/1974/1974 1421/1975/1975
f 1436/710/710 1337/712/712 1336/1172/1172
f 1436/710/710 1336/1172/1172 1435/1173/1173
f 1441/798/798 1342/809/809 1341/1195/1195
f 1441/798/798 1341/1195/1195 1440/799/799
f 1449/925/925 1350/927/927 1349/1227/1227
f 1449/925/925 1349/1227/1227 1448/1228/1228
f 1521/212/212 1422/211/211 1421/1975/1975
f 1521/212/212 1421/1975/1975 1520/1976/1976
f 1534/708/708 1436/710/710 1435/1173/1173
f 1534/708/708 1435/1173/1173 1533/1174/1174
f 1546/913/913 1449/925/925 1448/1228/1228
f 1546/913/913 1448/1228/1228 1545/905/905
f 1618/213/213 1521/212/212 1520/1976/1976
f 1618/213/213 1520/1976/1976 1617/1977/1977
f 1631/706/706 1534/708/708 1533/1174/1174
f 1631/706/706 1533/1174/1174 1630/1175/1175
f 1536/803/803 1535/709/709 1633/1981/1981
f 1633/1981/1981 1535/709/709 1632/707/707
f 1633/1981/1981 1632/707/707 1646/1982/1982
f 1646/1982/1982 1632/707/707 1645/705/705
f 1646/1982/1982 1645/705/705 1658/725/725
f 1658/725/725 1645/705/705 1657/703/703
f 1635/732/732 1538/734/734 1537/801/801
f 1537/801/801 1536/803/803 1634/1983/1983
f 1634/1983/1983 1536/803/803 1633/1981/1981
f 1634/1983/1983 1633/1981/1981 1647/727/727
f 1647/727/727 1633/1981/1981 1646/1982/1982
f 1647/727/727 1646/1982/1982 1658/725/725
f 1761/214/214 1618/213/213 1617/1977/1977
f 1761/214/214 1617/1977/1977 1760/1978/1978
f 1644/704/704 1631/706/706 1630/1175/1175
f 1644/704/704 1630/1175/1175 1643/1176/1176
f 1648/730/730 1635/732/732 1634/1983/1983
f 1634/1983/1983 1635/732/732 1537/801/801
f 1648/730/730 1634/1983/1983 1647/727/727
f 1656/702/702 1644/704/704 1643/1176/1176
f 1656/702/702 1643/1176/1176 1655/1177/1177
f 1666/696/696 1656/702/702 1655/1177/1177
f 1666/696/696 1655/1177/1177 1665/697/697
f 1835/215/215 1761/214/214 1760/1978/1978
f 1835/215/215 1760/1978/1978 1834/1979/1979
f 1907/216/216 1835/215/215 1834/1979/1979
f 1907/216/216 1834/1979/1979 1906/1980/1980
f 1979/42/42 1907/216/216 1906/1980/1980
f 1979/42/42 1906/1980/1980 1978/44/44
f 1984/1984/1984 1985/1985/1985 2/1986/1986
f 2/1986/1986 1985/1985/1985 3/1987/1987
f 3/1987/1987 1985/1985/1985 1986/1988/1988
f 3/1987/1987 1986/1988/1988 4/1989/1989
f 4/1989/1989 1986/1988/1988 1987/1990/1990
f 4/1989/1989 1987/1990/1990 5/1991/1991
f 5/1991/1991 1987/1990/1990 1988/1992/1992
f 5/1991/1991 1988/1992/1992 6/1993/1993
f 6/1993/1993 1988/1992/1992 1989/1994/1994
f 6/1993/1993 1989/1994/1994 7/1995/1995
f 7/1995/1995 1989/1994/1994 1990/1996/1996
f 7/1995/1995 1990/1996/1996 8/1997/1997
f 8/1997/1997 1990/1996/1996 1991/1998/1998
f 8/1997/1997 1991/1998/1998 9/1999/1999
f 1991/2000/2000 1992/2001/2001 9/2002/2002
f 9/2002/2002 1992/2001/2001 10/2003/2003
f 1992/2004/2004 1993/2005/2005 10/2006/2006
f 10/2006/2006 1993/2005/2005 11/2007/2007
f 11/2007/2007 1993/2005/2005 1994/2008/2008
f 11/2007/2007 1994/2008/2008 12/2009/2009
f 12/2009/2009 1994/2008/2008 1995/2010/2010
f 12/2009/2009 1995/2010/2010 13/2011/2011
f 13/2011/2011 1995/2010/2010 1996/2012/2012
f 13/2011/2011 1996/2012/2012 14/2013/2013
f 14/2013/2013 1996/2012/2012 1997/2014/2014
f 14/2013/2013 1997/2014/2014 15/2015/2015
f 15/2015/2015 1997/2014/2014 1998/2016/2016
f 15/2015/2015 1998/2016/2016 16/2017/2017
f 1998/2018/2018 1999/2019/2019 16/2020/2020
f 16/2020/2020 1999/2019/2019 17/2021/2021
f 17/2021/2021 1999/2019/2019 2000/2022/2022
f 17/2021/2021 2000/2022/2022 18/2023/2023
f 2000/2024/2024 2001/2025/2025 18/2026/2026
f 18/2026/2026 2001/2025/2025 19/2027/2027
f 19/2027/2027 2001/2025/2025 2002/2028/2028
f 19/2027/2027 2002/2028/2028 20/2029/2029
f 20/2029/2029 2002/2028/2028 2003/2030/2030
f 20/2029/2029 2003/2030/2030 21/2031/2031
f 21/2031/2031 2003/2030/2030 2004/2032/2032
f 21/2031/2031 2004/2032/2032 22/2033/2033
f 22/2033/2033 2004/2032/2032 2005/2034/2034
f 22/2033/2033 2005/2034/2034 23/2035/2035
f 23/2035/2035 2005/2034/2034 2006/2036/2036
f 23/2035/2035 2006/2036/2036 24/2037/2037
f 24/2037/2037 2006/2036/2036 2007/2038/2038
f 24/2037/2037 2007/2038/2038 25/2039/2039
f 2007/2040/2040 2008/2041/2041 25/2042/2042
f 25/2042/2042 2008/2041/2041 26/2043/2043
f 26/2043/2043 2008/2041/2041 2009/2044/2044
f 26/2043/2043 2009/2044/2044 27/2045/2045
f 2009/2046/2046 2010/2047/2047 27/2048/2048
f 27/2048/2048 2010/2047/2047 28/2049/2049
f 28/2049/2049 2010/2047/2047 2011/2050/2050
f 28/2049/2049 2011/2050/2050 29/2051/2051
f 29/2051/2051 2011/2050/2050 2012/2052/2052
f 29/2051/2051 2012/2052/2052 30/2053/2053
f 2012/2054/2054 2013/2055/2055 30/2056/2056
f 30/2056/2056 2013/2055/2055 31/2057/2057
f 31/2057/2057 2013/2055/2055 2014/2058/2058
f 31/2057/2057 2014/2058/2058 32/2059/2059
f 32/2059/2059 2014/2058/2058 2015/2060/2060
f 32/2059/2059 2015/2060/2060 33/2061/2061
f 33/2061/2061 2015/2060/2060 2016/2062/2062
f 33/2061/2061 2016/2062/2062 34/2063/2063
f 34/2063/2063 2016/2062/2062 2017/2064/2064
f 34/2063/2063 2017/2064/2064 35/2065/2065
f 35/2065/2065 2017/2064/2064 2018/2066/2066
f 35/2065/2065 2018/2066/2066 36/2067/2067
f 36/2067/2067 2018/2066/2066 2019/2068/2068
f 36/2067/2067 2019/2068/2068 37/2069/2069
f 37/2069/2069 2019/2068/2068 2020/2070/2070
f 37/2069/2069 2020/2070/2070 38/2071/2071
f 38/2071/2071 2020/2070/2070 2021/2072/2072
f 38/2071/2071 2021/2072/2072 39/2073/2073
f 39/2073/2073 2021/2072/2072 2022/2074/2074
f 39/2073/2073 2022/2074/2074 40/2075/2075
f 40/2075/2075 2022/2074/2074 2023/2076/2076
f 40/2075/2075 2023/2076/2076 41/2077/2077
f 41/2077/2077 2023/2076/2076 2024/2078/2078
f 41/2077/2077 2024/2078/2078 42/2079/2079
f 42/2079/2079 2024/2078/2078 2025/2080/2080
f 42/2079/2079 2025/2080/2080 43/2081/2081
f 43/2081/2081 2025/2080/2080 2026/2082/2082
f 43/2081/2081 2026/2082/2082 44/2083/2083
f 44/2083/2083 2026/2082/2082 2027/2084/2084
f 44/2083/2083 2027/2084/2084 45/2085/2085
f 45/2085/2085 2027/2084/2084 2028/2086/2086
f 45/2085/2085 2028/2086/2086 46/2087/2087
f 46/2087/2087 2028/2086/2086 2029/2088/2088
f 46/2087/2087 2029/2088/2088 47/2089/2089
f 47/2089/2089 2029/2088/2088 2030/2090/2090
f 47/2089/2089 2030/2090/2090 48/2091/2091
f 48/2091/2091 2030/2090/2090 2031/2092/2092
f 48/2091/2091 2031/2092/2092 49/2093/2093
f 49/2093/2093 2031/2092/2092 2032/2094/2094
f 49/2093/2093 2032/2094/2094 50/2095/2095
f 50/2095/2095 2032/2094/2094 2033/2096/2096
f 50/2095/2095 2033/2096/2096 51/2097/2097
f 51/2097/2097 2033/2096/2096 2034/2098/2098
f 51/2097/2097 2034/2098/2098 52/2099/2099
f 52/2099/2099 2034/2098/2098 2035/2100/2100
f 52/2099/2099 2035/2100/2100 53/2101/2101
f 53/2101/2101 2035/2100/2100 2036/2102/2102
f 53/2101/2101 2036/2102/2102 54/2103/2103
f 54/2103/2103 2036/2102/2102 2037/2104/2104
f 54/2103/2103 2037/2104/2104 55/2105/2105
f 55/2105/2105 2037/2104/2104 2038/2106/2106
f 55/2105/2105 2038/2106/2106 56/2107/2107
f 56/2107/2107 2038/2106/2106 2039/2108/2108
f 56/2107/2107 2039/2108/2108 57/2109/2109
f 57/2109/2109 2039/2108/2108 2040/2110/2110
f 57/2109/2109 2040/2110/2110 58/2111/2111
f 58/2111/2111 2040/2110/2110 2041/2112/2112
f 58/2111/2111 2041/2112/2112 59/2113/2113
f 59/2113/2113 2041/2112/2112 2042/2114/2114
f 59/2113/2113 2042/2114/2114 60/2115/2115
f 60/2115/2115 2042/2114/2114 2043/2116/2116
f 60/2115/2115 2043/2116/2116 61/2117/2117
f 61/2117/2117 2043/2116/2116 2044/2118/2118
f 61/2117/2117 2044/2118/2118 62/2119/2119
f 62/2119/2119 2044/2118/2118 2045/2120/2120
f 62/2119/2119 2045/2120/2120 63/2121/2121
f 63/2121/2121 2045/2120/2120 2046/2122/2122
f 63/2121/2121 2046/2122/2122 64/2123/2123
f 64/2123/2123 2046/2122/2122 2047/2124/2124
f 64/2123/2123 2047/2124/2124 65/2125/2125
f 65/2125/2125 2047/2124/2124 2048/2126/2126
f 65/2125/2125 2048/2126/2126 66/2127/2127
f 66/2127/2127 2048/2126/2126 2049/2128/2128
f 66/2127/2127 2049/2128/2128 67/2129/2129
f 67/2129/2129 2049/2128/2128 2050/2130/2130
f 67/2129/2129 2050/2130/2130 68/2131/2131
f 68/2131/2131 2050/2130/2130 2051/2132/2132
f 68/2131/2131 2051/2132/2132 69/2133/2133
f 69/2133/2133 2051/2132/2132 2052/2134/2134
f 69/2133/2133 2052/2134/2134 70/2135/2135
f 70/2135/2135 2052/2134/2134 2053/2136/2136
f 70/2135/2135 2053/2136/2136 71/2137/2137
f 71/2137/2137 2053/2136/2136 2054/2138/2138
f 71/2137/2137 2054/2138/2138 72/2139/2139
f 72/2139/2139 2054/2138/2138 2055/2140/2140
f 72/2139/2139 2055/2140/2140 73/2141/2141
f 73/2141/2141 2055/2140/2140 2056/2142/2142
f 73/2141/2141 2056/2142/2142 74/2143/2143
f 74/2143/2143 2056/2142/2142 2057/2144/2144
f 74/2143/2143 2057/2144/2144 75/2145/2145
f 75/2145/2145 2057/2144/2144 2058/2146/2146
f 75/2145/2145 2058/2146/2146 76/2147/2147
f 76/2147/2147 2058/2146/2146 2059/2148/2148
f 76/2147/2147 2059/2148/2148 77/2149/2149
f 77/2149/2149 2059/2148/2148 2060/2150/2150
f 77/2149/2149 2060/2150/2150 78/2151/2151
f 78/2151/2151 2060/2150/2150 2061/2152/2152
f 78/2151/2151 2061/2152/2152 79/2153/2153
f 79/2153/2153 2061/2152/2152 2062/2154/2154
f 79/2153/2153 2062/2154/2154 80/2155/2155
f 80/2155/2155 2062/2154/2154 2063/2156/2156
f 80/2155/2155 2063/2156/2156 81/2157/2157
f 81/2157/2157 2063/2156/2156 2064/2158/2158
f 81/2157/2157 2064/2158/2158 82/2159/2159
f 82/2159/2159 2064/2158/2158 2065/2160/2160
f 82/2159/2159 2065/2160/2160 83/2161/2161
f 83/2161/2161 2065/2160/2160 2066/2162/2162
f 83/2161/2161 2066/2162/2162 84/2163/2163
f 84/2163/2163 2066/2162/2162 2067/2164/2164
f 84/2163/2163 2067/2164/2164 85/2165/2165
f 85/2165/2165 2067/2164/2164 2068/2166/2166
f 85/2165/2165 2068/2166/2166 86/2167/2167
f 86/2167/2167 2068/2166/2166 2069/2168/2168
f 86/2167/2167 2069/2168/2168 87/2169/2169
f 87/2169/2169 2069/2168/2168 2070/2170/2170
f 87/2169/2169 2070/2170/2170 88/2171/2171
f 88/2171/2171 2070/2170/2170 2071/2172/2172
f 88/2171/2171 2071/2172/2172 89/2173/2173
f 89/2173/2173 2071/2172/2172 2072/2174/2174
f 89/2173/2173 2072/2174/2174 90/2175/2175
f 90/2175/2175 2072/2174/2174 2073/2176/2176
f 90/2175/2175 2073/2176/2176 91/2177/2177
f 91/2177/2177 2073/2176/2176 2074/2178/2178
f 91/2177/2177 2074/2178/2178 92/2179/2179
f 92/2179/2179 2074/2178/2178 2075/2180/2180
f 92/2179/2179 2075/2180/2180 93/2181/2181
f 93/2181/2181 2075/2180/2180 2076/2182/2182
f 93/2181/2181 2076/2182/2182 94/2183/2183
f 94/2183/2183 2076/2182/2182 2077/2184/2184
f 94/2183/2183 2077/2184/2184 95/2185/2185
f 95/2185/2185 2077/2184/2184 2078/2186/2186
f 95/2185/2185 2078/2186/2186 96/2187/2187
f 96/2187/2187 2078/2186/2186 2079/2188/2188
f 96/2187/2187 2079/2188/2188 97/2189/2189
f 97/2189/2189 2079/2188/2188 2080/2190/2190
f 97/2189/2189 2080/2190/2190 98/2191/2191
f 98/2191/2191 2080/2190/2190 2081/2192/2192
f 98/2191/2191 2081/2192/2192 99/2193/2193
f 99/2193/2193 2081/2192/2192 2082/2194/2194
f 99/2193/2193 2082/2194/2194 100/2195/2195
f 100/2195/2195 2082/2194/2194 2083/2196/2196
f 100/2195/2195 2083/2196/2196 101/2197/2197
f 101/2197/2197 2083/2196/2196 2084/2198/2198
f 101/2197/2197 2084/2198/2198 102/2199/2199
f 102/2199/2199 2084/2198/2198 2085/2200/2200
f 102/2199/2199 2085/2200/2200 103/2201/2201
f 103/2201/2201 2085/2200/2200 2086/2202/2202
f 103/2201/2201 2086/2202/2202 104/2203/2203
f 104/2203/2203 2086/2202/2202 2087/2204/2204
f 104/2203/2203 2087/2204/2204 105/2205/2205
f 105/2205/2205 2087/2204/2204 2088/2206/2206
f 105/2205/2205 2088/2206/2206 106/2207/2207
f 106/2207/2207 2088/2206/2206 2089/2208/2208
f 106/2207/2207 2089/2208/2208 107/2209/2209
f 107/2209/2209 2089/2208/2208 2090/2210/2210
f 107/2209/2209 2090/2210/2210 108/2211/2211
f 108/2211/2211 2090/2210/2210 2091/2212/2212
f 108/2211/2211 2091/2212/2212 109/2213/2213
f 109/2213/2213 2091/2212/2212 2092/2214/2214
f 109/2213/2213 2092/2214/2214 110/2215/2215
f 110/2215/2215 2092/2214/2214 2093/2216/2216
f 110/2215/2215 2093/2216/2216 111/2217/2217
f 111/2217/2217 2093/2216/2216 2094/2218/2218
f 111/2217/2217 2094/2218/2218 112/2219/2219
f 112/2219/2219 2094/2218/2218 2095/2220/2220
f 112/2219/2219 2095/2220/2220 113/2221/2221
f 113/2221/2221 2095/2220/2220 2096/2222/2222
f 113/2221/2221 2096/2222/2222 114/2223/2223
f 114/2223/2223 2096/2222/2222 2097/2224/2224
f 114/2223/2223 2097/2224/2224 115/2225/2225
f 115/2225/2225 2097/2224/2224 2098/2226/2226
f 115/2225/2225 2098/2226/2226 116/2227/2227
f 116/2227/2227 2098/2226/2226 2099/2228/2228
f 116/2227/2227 2099/2228/2228 117/2229/2229
f 117/2229/2229 2099/2228/2228 2100/2230/2230
f 117/2229/2229 2100/2230/2230 118/2231/2231
f 118/2231/2231 2100/2230/2230 2101/2232/2232
f 118/2231/2231 2101/2232/2232 119/2233/2233
f 119/2233/2233 2101/2232/2232 2102/2234/2234
f 119/2233/2233 2102/2234/2234 120/2235/2235
f 120/2235/2235 2102/2234/2234 2103/2236/2236
f 120/2235/2235 2103/2236/2236 121/2237/2237
f 121/2237/2237 2103/2236/2236 2104/2238/2238
f 121/2237/2237 2104/2238/2238 122/2239/2239
f 122/2239/2239 2104/2238/2238 2105/2240/2240
f 122/2239/2239 2105/2240/2240 123/2241/2241
f 123/2241/2241 2105/2240/2240 2106/2242/2242
f 123/2241/2241 2106/2242/2242 124/2243/2243
f 124/2243/2243 2106/2242/2242 2107/2244/2244
f 124/2243/2243 2107/2244/2244 125/2245/2245
f 2107/2246/2246 2108/2247/2247 125/2248/2248
f 125/2248/2248 2108/2247/2247 126/2249/2249
f 126/2249/2249 2108/2247/2247 2109/2250/2250
f 126/2249/2249 2109/2250/2250 127/2251/2251
f 127/2251/2251 2109/2250/2250 2110/2252/2252
f 127/2251/2251 2110/2252/2252 128/2253/2253
f 128/2253/2253 2110/2252/2252 2111/2254/2254
f 128/2253/2253 2111/2254/2254 129/2255/2255
f 129/2255/2255 2111/2254/2254 2112/2256/2256
f 129/2255/2255 2112/2256/2256 130/2257/2257
f 130/2257/2257 2112/2256/2256 2113/2258/2258
f 130/2257/2257 2113/2258/2258 131/2259/2259
f 131/2259/2259 2113/2258/2258 2114/2260/2260
f 131/2259/2259 2114/2260/2260 132/2261/2261
f 132/2261/2261 2114/2260/2260 2115/2262/2262
f 132/2261/2261 2115/2262/2262 133/2263/2263
f 133/2263/2263 2115/2262/2262 2116/2264/2264
f 133/2263/2263 2116/2264/2264 134/2265/2265
f 134/2265/2265 2116/2264/2264 2117/2266/2266
f 134/2265/2265 2117/2266/2266 135/2267/2267
f 135/2267/2267 2117/2266/2266 2118/2268/2268
f 135/2267/2267 2118/2268/2268 136/2269/2269
f 136/2269/2269 2118/2268/2268 2119/2270/2270
f 136/2269/2269 2119/2270/2270 137/2271/2271
f 137/2271/2271 2119/2270/2270 2120/2272/2272
f 137/2271/2271 2120/2272/2272 138/2273/2273
f 138/2273/2273 2120/2272/2272 2121/2274/2274
f 138/2273/2273 2121/2274/2274 139/2275/2275
f 139/2275/2275 2121/2274/2274 2122/2276/2276
f 139/2275/2275 2122/2276/2276 140/2277/2277
f 140/2277/2277 2122/2276/2276 2123/2278/2278
f 140/2277/2277 2123/2278/2278 141/2279/2279
f 141/2279/2279 2123/2278/2278 2124/2280/2280
f 141/2279/2279 2124/2280/2280 142/2281/2281
f 142/2281/2281 2124/2280/2280 2125/2282/2282
f 142/2281/2281 2125/2282/2282 143/2283/2283
f 143/2283/2283 2125/2282/2282 2126/2284/2284
f 143/2283/2283 2126/2284/2284 144/2285/2285
f 144/2285/2285 2126/2284/2284 2127/2286/2286
f 144/2285/2285 2127/2286/2286 145/2287/2287
f 145/2287/2287 2127/2286/2286 2128/2288/2288
f 145/2287/2287 2128/2288/2288 146/2289/2289
f 146/2289/2289 2128/2288/2288 2129/2290/2290
f 146/2289/2289 2129/2290/2290 147/2291/2291
f 2129/2292/2292 2130/2293/2293 147/2294/2294
f 147/2294/2294 2130/2293/2293 148/2295/2295
f 148/2295/2295 2130/2293/2293 2131/2296/2296
f 148/2295/2295 2131/2296/2296 149/2297/2297
f 149/2297/2297 2131/2296/2296 2132/2298/2298
f 149/2297/2297 2132/2298/2298 150/2299/2299
f 150/2299/2299 2132/2298/2298 2133/2300/2300
f 150/2299/2299 2133/2300/2300 151/2301/2301
f 2133/2302/2302 2134/2303/2303 151/2304/2304
f 151/2304/2304 2134/2303/2303 152/2305/2305
f 152/2305/2305 2134/2303/2303 2135/2306/2306
f 152/2305/2305 2135/2306/2306 153/2307/2307
f 153/2307/2307 2135/2306/2306 2136/2308/2308
f 153/2307/2307 2136/2308/2308 154/2309/2309
f 154/2309/2309 2136/2308/2308 2137/2310/2310
f 154/2309/2309 2137/2310/2310 155/2311/2311
f 155/2311/2311 2137/2310/2310 2138/2312/2312
f 155/2311/2311 2138/2312/2312 156/2313/2313
f 2138/2314/2314 2139/2315/2315 156/2316/2316
f 156/2316/2316 2139/2315/2315 157/2317/2317
f 157/2317/2317 2139/2315/2315 2140/2318/2318
f 157/2317/2317 2140/2318/2318 158/2319/2319
f 158/2319/2319 2140/2318/2318 2141/2320/2320
f 158/2319/2319 2141/2320/2320 159/2321/2321
f 159/2321/2321 2141/2320/2320 2142/2322/2322
f 159/2321/2321 2142/2322/2322 160/2323/2323
f 160/2323/2323 2142/2322/2322 2143/2324/2324
f 160/2323/2323 2143/2324/2324 161/2325/2325
f 2143/2326/2326 2144/2327/2327 161/2328/2328
f 161/2328/2328 2144/2327/2327 162/2329/2329
f 162/2329/2329 2144/2327/2327 2145/2330/2330
f 162/2329/2329 2145/2330/2330 163/2331/2331
f 163/2331/2331 2145/2330/2330 2146/2332/2332
f 163/2331/2331 2146/2332/2332 164/2333/2333
f 164/2333/2333 2146/2332/2332 2147/2334/2334
f 164/2333/2333 2147/2334/2334 165/2335/2335
f 165/2335/2335 2147/2334/2334 2148/2336/2336
f 165/2335/2335 2148/2336/2336 166/2337/2337
f 2148/2338/2338 2149/2339/2339 166/2340/2340
f 166/2340/2340 2149/2339/2339 167/2341/2341
f 2149/2342/2342 2150/2343/2343 167/2344/2344
f 167/2344/2344 2150/2343/2343 168/2345/2345
f 2150/2346/2346 2151/2347/2347 168/2348/2348
f 168/2348/2348 2151/2347/2347 169/2349/2349
f 2151/2350/2350 2152/2351/2351 169/2352/2352
f 169/2352/2352 2152/2351/2351 170/2353/2353
f 2152/2354/2354 2153/2355/2355 170/2356/2356
f 170/2356/2356 2153/2355/2355 171/2357/2357
f 2153/2358/2358 2154/2359/2359 171/2360/2360
f 171/2360/2360 2154/2359/2359 172/2361/2361
f 2154/2362/2362 2155/2363/2363 172/2364/2364
f 172/2364/2364 2155/2363/2363 173/2365/2365
f 2155/2366/2366 2156/2367/2367 173/2368/2368
f 173/2368/2368 2156/2367/2367 174/2369/2369
f 2156/2370/2370 2157/2371/2371 174/2372/2372
f 174/2372/2372 2157/2371/2371 175/2373/2373
f 2157/2374/2374 2158/2375/2375 175/2376/2376
f 175/2376/2376 2158/2375/2375 176/2377/2377
f 2158/2378/2378 2159/2379/2379 176/2380/2380
f 176/2380/2380 2159/2379/2379 177/2381/2381
f 2159/2382/2382 2160/2383/2383 177/2384/2384
f 177/2384/2384 2160/2383/2383 178/2385/2385
f 2160/2386/2386 2161/2387/2387 178/2388/2388
f 178/2388/2388 2161/2387/2387 179/2389/2389
f 2161/2390/2390 2162/2391/2391 179/2392/2392
f 179/2392/2392 2162/2391/2391 180/2393/2393
f 2162/2394/2394 2163/2395/2395 180/2396/2396
f 180/2396/2396 2163/2395/2395 181/2397/2397
f 2163/2398/2398 2164/2399/2399 181/2400/2400
f 181/2400/2400 2164/2399/2399 182/2401/2401
f 2164/2402/2402 2165/2403/2403 182/2404/2404
f 182/2404/2404 2165/2403/2403 183/2405/2405
f 2165/2406/2406 2166/2407/2407 183/2408/2408
f 183/2408/2408 2166/2407/2407 184/2409/2409
f 2166/2410/2410 2167/2411/2411 184/2412/2412
f 184/2412/2412 2167/2411/2411 185/2413/2413
f 2167/2414/2414 2168/2415/2415 185/2416/2416
f 185/2416/2416 2168/2415/2415 186/2417/2417
f 2168/2418/2418 2169/2419/2419 186/2420/2420
f 186/2420/2420 2169/2419/2419 187/2421/2421
f 2169/2422/2422 2170/2423/2423 187/2424/2424
f 187/2424/2424 2170/2423/2423 188/2425/2425
f 2170/2426/2426 2171/2427/2427 188/2428/2428
f 188/2428/2428 2171/2427/2427 189/2429/2429
f 2171/2430/2430 2172/2431/2431 189/2432/2432
f 189/2432/2432 2172/2431/2431 190/2433/2433
f 2172/2434/2434 2173/2435/2435 190/2436/2436
f 190/2436/2436 2173/2435/2435 191/2437/2437
f 2173/2438/2438 2174/2439/2439 191/2440/2440
f 191/2440/2440 2174/2439/2439 192/2441/2441
f 2174/2442/2442 2175/2443/2443 192/2444/2444
f 192/2444/2444 2175/2443/2443 193/2445/2445
f 2175/2446/2446 2176/2447/2447 193/2448/2448
f 193/2448/2448 2176/2447/2447 194/2449/2449
f 2176/2450/2450 2177/2451/2451 194/2452/2452
f 194/2452/2452 2177/2451/2451 195/2453/2453
f 2177/2454/2454 2178/2455/2455 195/2456/2456
f 195/2456/2456 2178/2455/2455 196/2457/2457
f 2178/2458/2458 2179/2459/2459 196/2460/2460
f 196/2460/2460 2179/2459/2459 197/2461/2461
f 2179/2462/2462 2180/2463/2463 197/2464/2464
f 197/2464/2464 2180/2463/2463 198/2465/2465
f 2180/2466/2466 2181/2467/2467 198/2468/2468
f 198/2468/2468 2181/2467/2467 199/2469/2469
f 2181/2470/2470 2182/2471/2471 199/2472/2472
f 199/2472/2472 2182/2471/2471 200/2473/2473
f 2182/2474/2474 2183/2475/2475 200/2476/2476
f 200/2476/2476 2183/2475/2475 201/2477/2477
f 2183/2478/2478 2184/2479/2479 201/2480/2480
f 201/2480/2480 2184/2479/2479 202/2481/2481
f 2184/2482/2482 2185/2483/2483 202/2484/2484
f 202/2484/2484 2185/2483/2483 203/2485/2485
f 2185/2486/2486 2186/2487/2487 203/2488/2488
f 203/2488/2488 2186/2487/2487 204/2489/2489
f 2186/2490/2490 2187/2491/2491 204/2492/2492
f 204/2492/2492 2187/2491/2491 205/2493/2493
f 2187/2494/2494 2188/2495/2495 205/2496/2496
f 205/2496/2496 2188/2495/2495 206/2497/2497
f 2188/2498/2498 2189/2499/2499 206/2500/2500
f 206/2500/2500 2189/2499/2499 207/2501/2501
f 2189/2502/2502 2190/2503/2503 207/2504/2504
f 207/2504/2504 2190/2503/2503 208/2505/2505
f 2190/2506/2506 2191/2507/2507 208/2508/2508
f 208/2508/2508 2191/2507/2507 209/2509/2509
f 2191/2510/2510 2192/2511/2511 209/2512/2512
f 209/2512/2512 2192/2511/2511 210/2513/2513
f 2192/2514/2514 2193/2515/2515 210/2516/2516
f 210/2516/2516 2193/2515/2515 211/2517/2517
f 2193/2518/2518 2194/2519/2519 211/2520/2520
f 211/2520/2520 2194/2519/2519 212/2521/2521
f 2194/2522/2522 2195/2523/2523 212/2524/2524
f 212/2524/2524 2195/2523/2523 213/2525/2525
f 2195/2526/2526 2196/2527/2527 213/2528/2528
f 213/2528/2528 2196/2527/2527 214/2529/2529
f 2196/2530/2530 2197/2531/2531 214/2532/2532
f 214/2532/2532 2197/2531/2531 215/2533/2533
f 2197/2534/2534 2198/2535/2535 215/2536/2536
f 215/2536/2536 2198/2535/2535 216/2537/2537
f 2198/2538/2538 2199/2539/2539 216/2540/2540
f 216/2540/2540 2199/2539/2539 217/2541/2541
f 2199/2542/2542 2200/2543/2543 217/2544/2544
f 217/2544/2544 2200/2543/2543 218/2545/2545
f 2200/2546/2546 2201/2547/2547 218/2548/2548
f 218/2548/2548 2201/2547/2547 219/2549/2549
f 2201/2550/2550 2202/2551/2551 219/2552/2552
f 219/2552/2552 2202/2551/2551 220/2553/2553
f 2202/2554/2554 2203/2555/2555 220/2556/2556
f 220/2556/2556 2203/2555/2555 221/2557/2557
f 2203/2558/2558 2204/2559/2559 221/2560/2560
f 221/2560/2560 2204/2559/2559 222/2561/2561
f 2204/2562/2562 2205/2563/2563 222/2564/2564
f 222/2564/2564 2205/2563/2563 223/2565/2565
f 2205/2566/2566 2206/2567/2567 223/2568/2568
f 223/2568/2568 2206/2567/2567 224/2569/2569
f 2206/2570/2570 2207/2571/2571 224/2572/2572
f 224/2572/2572 2207/2571/2571 225/2573/2573
f 2207/2574/2574 2208/2575/2575 225/2576/2576
f 225/2576/2576 2208/2575/2575 226/2577/2577
f 2208/2578/2578 2209/2579/2579 226/2580/2580
f 226/2580/2580 2209/2579/2579 227/2581/2581
f 2209/2582/2582 2210/2583/2583 227/2584/2584
f 227/2584/2584 2210/2583/2583 228/2585/2585
f 2210/2586/2586 2211/2587/2587 228/2588/2588
f 228/2588/2588 2211/2587/2587 229/2589/2589
f 2211/2590/2590 2212/2591/2591 229/2592/2592
f 229/2592/2592 2212/2591/2591 230/2593/2593
f 2212/2594/2594 2213/2595/2595 230/2596/2596
f 230/2596/2596 2213/2595/2595 231/2597/2597
f 2213/2598/2598 2214/2599/2599 231/2600/2600
f 231/2600/2600 2214/2599/2599 232/2601/2601
f 2214/2602/2602 2215/2603/2603 232/2604/2604
f 232/2604/2604 2215/2603/2603 233/2605/2605
f 2215/2606/2606 2216/2607/2607 233/2608/2608
f 233/2608/2608 2216/2607/2607 234/2609/2609
f 2216/2610/2610 2217/2611/2611 234/2612/2612
f 234/2612/2612 2217/2611/2611 235/2613/2613
f 2217/2614/2614 2218/2615/2615 235/2616/2616
f 235/2616/2616 2218/2615/2615 236/2617/2617
f 2218/2618/2618 2219/2619/2619 236/2620/2620
f 236/2620/2620 2219/2619/2619 237/2621/2621
f 2219/2622/2622 2220/2623/2623 237/2624/2624
f 237/2624/2624 2220/2623/2623 238/2625/2625
f 2220/2626/2626 2221/2627/2627 238/2628/2628
f 238/2628/2628 2221/2627/2627 239/2629/2629
f 2221/2630/2630 2222/2631/2631 239/2632/2632
f 239/2632/2632 2222/2631/2631 240/2633/2633
f 2222/2634/2634 2223/2635/2635 240/2636/2636
f 240/2636/2636 2223/2635/2635 241/2637/2637
f 2223/2638/2638 2224/2639/2639 241/2640/2640
f 241/2640/2640 2224/2639/2639 242/2641/2641
f 2224/2642/2642 2225/2643/2643 242/2644/2644
f 242/2644/2644 2225/2643/2643 243/2645/2645
f 2225/2646/2646 2226/2647/2647 243/2648/2648
f 243/2648/2648 2226/2647/2647 244/2649/2649
f 2226/2650/2650 2227/2651/2651 244/2652/2652
f 244/2652/2652 2227/2651/2651 245/2653/2653
f 2227/2654/2654 2228/2655/2655 245/2656/2656
f 245/2656/2656 2228/2655/2655 246/2657/2657
f 2228/2658/2658 2229/2659/2659 246/2660/2660
f 246/2660/2660 2229/2659/2659 247/2661/2661
f 2229/2662/2662 2230/2663/2663 247/2664/2664
f 247/2664/2664 2230/2663/2663 248/2665/2665
f 2230/2666/2666 2231/2667/2667 248/2668/2668
f 248/2668/2668 2231/2667/2667 249/2669/2669
f 2231/2670/2670 2232/2671/2671 249/2672/2672
f 249/2672/2672 2232/2671/2671 250/2673/2673
f 2232/2674/2674 2233/2675/2675 250/2676/2676
f 250/2676/2676 2233/2675/2675 251/2677/2677
f 2233/2678/2678 2234/2679/2679 251/2680/2680
f 251/2680/2680 2234/2679/2679 252/2681/2681
f 2234/2682/2682 2235/2683/2683 252/2684/2684
f 252/2684/2684 2235/2683/2683 253/2685/2685
f 2235/2686/2686 2236/2687/2687 253/2688/2688
f 253/2688/2688 2236/2687/2687 254/2689/2689
f 2236/2690/2690 2237/2691/2691 254/2692/2692
f 254/2692/2692 2237/2691/2691 255/2693/2693
f 2237/2694/2694 2238/2695/2695 255/2696/2696
f 255/2696/2696 2238/2695/2695 256/2697/2697
f 2238/2698/2698 2239/2699/2699 256/2700/2700
f 256/2700/2700 2239/2699/2699 257/2701/2701
f 2239/2702/2702 2240/2703/2703 257/2704/2704
f 257/2704/2704 2240/2703/2703 258/2705/2705
f 2240/2706/2706 2241/2707/2707 258/2708/2708
f 258/2708/2708 2241/2707/2707 259/2709/2709
f 2241/2710/2710 2242/2711/2711 259/2712/2712
f 259/2712/2712 2242/2711/2711 260/2713/2713
f 2242/2714/2714 2243/2715/2715 260/2716/2716
f 260/2716/2716 2243/2715/2715 261/2717/2717
f 2243/2718/2718 2244/2719/2719 261/2720/2720
f 261/2720/2720 2244/2719/2719 262/2721/2721
f 2244/2722/2722 2245/2723/2723 262/2724/2724
f 262/2724/2724 2245/2723/2723 263/2725/2725
f 2245/2726/2726 2246/2727/2727 263/2728/2728
f 263/2728/2728 2246/2727/2727 264/2729/2729
f 2246/2730/2730 2247/2731/2731 264/2732/2732
f 264/2732/2732 2247/2731/2731 265/2733/2733
f 2247/2734/2734 2248/2735/2735 265/2736/2736
f 265/2736/2736 2248/2735/2735 266/2737/2737
f 2248/2738/2738 2249/2739/2739 266/2740/2740
f 266/2740/2740 2249/2739/2739 267/2741/2741
f 2249/2742/2742 2250/2743/2743 267/2744/2744
f 267/2744/2744 2250/2743/2743 268/2745/2745
f 2250/2746/2746 2251/2747/2747 268/2748/2748
f 268/2748/2748 2251/2747/2747 269/2749/2749
f 2251/2750/2750 2252/2751/2751 269/2752/2752
f 269/2752/2752 2252/2751/2751 270/2753/2753
f 2252/2754/2754 2253/2755/2755 270/2756/2756
f 270/2756/2756 2253/2755/2755 271/2757/2757
f 2253/2758/2758 2254/2759/2759 271/2760/2760
f 271/2760/2760 2254/2759/2759 272/2761/2761
f 2254/2762/2762 2255/2763/2763 272/2764/2764
f 272/2764/2764 2255/2763/2763 273/2765/2765
f 2255/2766/2766 2256/2767/2767 273/2768/2768
f 273/2768/2768 2256/2767/2767 274/2769/2769
f 2256/2770/2770 2257/2771/2771 274/2772/2772
f 274/2772/2772 2257/2771/2771 275/2773/2773
f 2257/2774/2774 2258/2775/2775 275/2776/2776
f 275/2776/2776 2258/2775/2775 276/2777/2777
f 2258/2778/2778 2259/2779/2779 276/2780/2780
f 276/2780/2780 2259/2779/2779 277/2781/2781
f 2259/2782/2782 2260/2783/2783 277/2784/2784
f 277/2784/2784 2260/2783/2783 278/2785/2785
f 2260/2786/2786 2261/2787/2787 278/2788/2788
f 278/2788/2788 2261/2787/2787 279/2789/2789
f 2261/2790/2790 2262/2791/2791 279/2792/2792
f 279/2792/2792 2262/2791/2791 280/2793/2793
f 2262/2794/2794 2263/2795/2795 280/2796/2796
f 280/2796/2796 2263/2795/2795 281/2797/2797
f 2263/2798/2798 2264/2799/2799 281/2800/2800
f 281/2800/2800 2264/2799/2799 282/2801/2801
f 2264/2802/2802 2265/2803/2803 282/2804/2804
f 282/2804/2804 2265/2803/2803 283/2805/2805
f 2265/2806/2806 2266/2807/2807 283/2808/2808
f 283/2808/2808 2266/2807/2807 284/2809/2809
f 2266/2810/2810 2267/2811/2811 284/2812/2812
f 284/2812/2812 2267/2811/2811 285/2813/2813
f 2267/2814/2814 2268/2815/2815 285/2816/2816
f 285/2816/2816 2268/2815/2815 286/2817/2817
f 2268/2818/2818 2269/2819/2819 286/2820/2820
f 286/2820/2820 2269/2819/2819 287/2821/2821
f 2269/2822/2822 2270/2823/2823 287/2824/2824
f 287/2824/2824 2270/2823/2823 288/2825/2825
f 2270/2826/2826 2271/2827/2827 288/2828/2828
f 288/2828/2828 2271/2827/2827 289/2829/2829
f 2271/2830/2830 2272/2831/2831 289/2832/2832
f 289/2832/2832 2272/2831/2831 290/2833/2833
f 2272/2834/2834 2273/2835/2835 290/2836/2836
f 290/2836/2836 2273/2835/2835 291/2837/2837
f 2273/2838/2838 2274/2839/2839 291/2840/2840
f 291/2840/2840 2274/2839/2839 292/2841/2841
f 2274/2842/2842 2275/2843/2843 292/2844/2844
f 292/2844/2844 2275/2843/2843 293/2845/2845
f 2275/2846/2846 2276/2847/2847 293/2848/2848
f 293/2848/2848 2276/2847/2847 294/2849/2849
f 2276/2850/2850 2277/2851/2851 294/2852/2852
f 294/2852/2852 2277/2851/2851 295/2853/2853
f 2277/2854/2854 2278/2855/2855 295/2856/2856
f 295/2856/2856 2278/2855/2855 296/2857/2857
f 2278/2858/2858 2279/2859/2859 296/2860/2860
f 296/2860/2860 2279/2859/2859 297/2861/2861
f 2279/2862/2862 2280/2863/2863 297/2864/2864
f 297/2864/2864 2280/2863/2863 298/2865/2865
f 2280/2866/2866 2281/2867/2867 298/2868/2868
f 298/2868/2868 2281/2867/2867 299/2869/2869
f 2281/2870/2870 2282/2871/2871 299/2872/2872
f 299/2872/2872 2282/2871/2871 300/2873/2873
f 2282/2874/2874 2283/2875/2875 300/2876/2876
f 300/2876/2876 2283/2875/2875 301/2877/2877
f 2283/2878/2878 2284/2879/2879 301/2880/2880
f 301/2880/2880 2284/2879/2879 302/2881/2881
f 2284/2882/2882 2285/2883/2883 302/2884/2884
f 302/2884/2884 2285/2883/2883 303/2885/2885
f 2285/2886/2886 2286/2887/2887 303/2888/2888
f 303/2888/2888 2286/2887/2887 304/2889/2889
f 2286/2890/2890 2287/2891/2891 304/2892/2892
f 304/2892/2892 2287/2891/2891 305/2893/2893
f 2287/2894/2894 2288/2895/2895 305/2896/2896
f 305/2896/2896 2288/2895/2895 306/2897/2897
f 2288/2898/2898 2289/2899/2899 306/2900/2900
f 306/2900/2900 2289/2899/2899 307/2901/2901
f 2289/2902/2902 2290/2903/2903 307/2904/2904
f 307/2904/2904 2290/2903/2903 308/2905/2905
f 2290/2906/2906 2291/2907/2907 308/2908/2908
f 308/2908/2908 2291/2907/2907 309/2909/2909
f 2291/2910/2910 2292/2911/2911 309/2912/2912
f 309/2912/2912 2292/2911/2911 310/2913/2913
f 2292/2914/2914 2293/2915/2915 310/2916/2916
f 310/2916/2916 2293/2915/2915 311/2917/2917
f 2293/2918/2918 2294/2919/2919 311/2920/2920
f 311/2920/2920 2294/2919/2919 312/2921/2921
f 2294/2922/2922 2295/2923/2923 312/2924/2924
f 312/2924/2924 2295/2923/2923 313/2925/2925
f 2295/2926/2926 2296/2927/2927 313/2928/2928
f 313/2928/2928 2296/2927/2927 314/2929/2929
f 2296/2930/2930 2297/2931/2931 314/2932/2932
f 314/2932/2932 2297/2931/2931 315/2933/2933
f 2297/2934/2934 2298/2935/2935 315/2936/2936
f 315/2936/2936 2298/2935/2935 316/2937/2937
f 2298/2938/2938 2299/2939/2939 316/2940/2940
f 316/2940/2940 2299/2939/2939 317/2941/2941
f 2299/2942/2942 2300/2943/2943 317/2944/2944
f 317/2944/2944 2300/2943/2943 318/2945/2945
f 2300/2946/2946 2301/2947/2947 318/2948/2948
f 318/2948/2948 2301/2947/2947 319/2949/2949
f 2301/2950/2950 2302/2951/2951 319/2952/2952
f 319/2952/2952 2302/2951/2951 320/2953/2953
f 2302/2954/2954 2303/2955/2955 320/2956/2956
f 320/2956/2956 2303/2955/2955 321/2957/2957
f 2303/2958/2958 2304/2959/2959 321/2960/2960
f 321/2960/2960 2304/2959/2959 322/2961/2961
f 2304/2962/2962 2305/2963/2963 322/2964/2964
f 322/2964/2964 2305/2963/2963 323/2965/2965
f 2305/2966/2966 2306/2967/2967 323/2968/2968
f 323/2968/2968 2306/2967/2967 324/2969/2969
f 2306/2970/2970 2307/2971/2971 324/2972/2972
f 324/2972/2972 2307/2971/2971 325/2973/2973
f 2307/2974/2974 2308/2975/2975 325/2976/2976
f 325/2976/2976 2308/2975/2975 326/2977/2977
f 2308/2978/2978 2309/2979/2979 326/2980/2980
f 326/2980/2980 2309/2979/2979 327/2981/2981
f 2309/2982/2982 2310/2983/2983 327/2984/2984
f 327/2984/2984 2310/2983/2983 328/2985/2985
f 2310/2986/2986 2311/2987/2987 328/2988/2988
f 328/2988/2988 2311/2987/2987 329/2989/2989
f 2311/2990/2990 2312/2991/2991 329/2992/2992
f 329/2992/2992 2312/2991/2991 330/2993/2993
f 2312/2994/2994 2313/2995/2995 330/2996/2996
f 330/2996/2996 2313/2995/2995 331/2997/2997
f 2313/2998/2998 2314/2999/2999 331/3000/3000
f 331/3000/3000 2314/2999/2999 332/3001/3001
f 2314/3002/3002 2315/3003/3003 332/3004/3004
f 332/3004/3004 2315/3003/3003 333/3005/3005
f 2315/3006/3006 2316/3007/3007 333/3008/3008
f 333/3008/3008 2316/3007/3007 334/3009/3009
f 2316/3010/3010 2317/3011/3011 334/3012/3012
f 334/3012/3012 2317/3011/3011 335/3013/3013
f 2317/3014/3014 2318/3015/3015 335/3016/3016
f 335/3016/3016 2318/3015/3015 336/3017/3017
f 2318/3018/3018 2319/3019/3019 336/3020/3020
f 336/3020/3020 2319/3019/3019 337/3021/3021
f 2319/3022/3022 2320/3023/3023 337/3024/3024
f 337/3024/3024 2320/3023/3023 338/3025/3025
f 2320/3026/3026 2321/3027/3027 338/3028/3028
f 338/3028/3028 2321/3027/3027 339/3029/3029
f 2321/3030/3030 2322/3031/3031 339/3032/3032
f 339/3032/3032 2322/3031/3031 340/3033/3033
f 2322/3034/3034 2323/3035/3035 340/3036/3036
f 340/3036/3036 2323/3035/3035 341/3037/3037
f 2323/3038/3038 2324/3039/3039 341/3040/3040
f 341/3040/3040 2324/3039/3039 342/3041/3041
f 2324/3042/3042 2325/3043/3043 342/3044/3044
f 342/3044/3044 2325/3043/3043 343/3045/3045
f 2325/3046/3046 2326/3047/3047 343/3048/3048
f 343/3048/3048 2326/3047/3047 344/3049/3049
f 2326/3050/3050 2327/3051/3051 344/3052/3052
f 344/3052/3052 2327/3051/3051 345/3053/3053
f 2327/3054/3054 2328/3055/3055 345/3056/3056
f 345/3056/3056 2328/3055/3055 346/3057/3057
f 2328/3058/3058 2329/3059/3059 346/3060/3060
f 346/3060/3060 2329/3059/3059 347/3061/3061
f 2329/3062/3062 2330/3063/3063 347/3064/3064
f 347/3064/3064 2330/3063/3063 348/3065/3065
f 2330/3066/3066 2331/3067/3067 348/3068/3068
f 348/3068/3068 2331/3067/3067 349/3069/3069
f 2331/3070/3067 2332/3071/3070 349/3072/3069
f 349/3072/3069 2332/3071/3070 350/3073/3071
f 350/3073/3071 2332/3071/3070 2333/3074/3072
f 350/3073/3071 2333/3074/3072 351/3075/3073
f 2333/3076/3074 2334/3077/3075 351/3078/3076
f 351/3078/3076 2334/3077/3075 352/3079/3077
f 352/3079/3077 2334/3077/3075 2335/3080/3078
f 352/3079/3077 2335/3080/3078 353/3081/3079
f 353/3081/3079 2335/3080/3078 2336/3082/3080
f 353/3081/3079 2336/3082/3080 354/3083/3081
f 354/3083/3081 2336/3082/3080 2337/3084/3082
f 354/3083/3081 2337/3084/3082 355/3085/3083
f 2337/3086/3082 2338/3087/3084 355/3088/3083
f 355/3088/3083 2338/3087/3084 356/3089/3085
f 356/3089/3085 2338/3087/3084 2339/3090/3086
f 356/3089/3085 2339/3090/3086 357/3091/3087
f 357/3091/3087 2339/3090/3086 2340/3092/3088
f 357/3091/3087 2340/3092/3088 358/3093/3089
f 358/3093/3089 2340/3092/3088 2341/3094/3090
f 358/3093/3089 2341/3094/3090 359/3095/3091
f 359/3095/3091 2341/3094/3090 2342/3096/3092
f 359/3095/3091 2342/3096/3092 360/3097/3093
f 360/3097/3093 2342/3096/3092 2343/3098/3094
f 360/3097/3093 2343/3098/3094 361/3099/3095
f 361/3099/3095 2343/3098/3094 2344/3100/3096
f 361/3099/3095 2344/3100/3096 362/3101/3097
f 362/3101/3097 2344/3100/3096 2345/3102/3098
f 362/3101/3097 2345/3102/3098 363/3103/3099
f 363/3103/3099 2345/3102/3098 2346/3104/3100
f 363/3103/3099 2346/3104/3100 364/3105/3101
f 364/3105/3101 2346/3104/3100 2347/3106/3102
f 364/3105/3101 2347/3106/3102 365/3107/3103
f 365/3107/3103 2347/3106/3102 2348/3108/3104
f 365/3107/3103 2348/3108/3104 366/3109/3105
f 366/3109/3105 2348/3108/3104 2349/3110/3106
f 366/3109/3105 2349/3110/3106 367/3111/3107
f 367/3111/3107 2349/3110/3106 2350/3112/3108
f 367/3111/3107 2350/3112/3108 368/3113/3109
f 368/3113/3109 2350/3112/3108 2351/3114/3110
f 368/3113/3109 2351/3114/3110 369/3115/3111
f 369/3115/3111 2351/3114/3110 2352/3116/3112
f 369/3115/3111 2352/3116/3112 370/3117/3113
f 370/3117/3113 2352/3116/3112 2353/3118/3114
f 370/3117/3113 2353/3118/3114 371/3119/3115
f 371/3119/3115 2353/3118/3114 2354/3120/3116
f 371/3119/3115 2354/3120/3116 372/3121/3117
f 372/3121/3117 2354/3120/3116 2355/3122/3118
f 372/3121/3117 2355/3122/3118 373/3123/3119
f 373/3123/3119 2355/3122/3118 2356/3124/3120
f 373/3123/3119 2356/3124/3120 374/3125/3121
f 374/3125/3121 2356/3124/3120 2357/3126/3122
f 374/3125/3121 2357/3126/3122 375/3127/3123
f 375/3127/3123 2357/3126/3122 2358/3128/3124
f 375/3127/3123 2358/3128/3124 376/3129/3125
f 376/3129/3125 2358/3128/3124 2359/3130/3126
f 376/3129/3125 2359/3130/3126 377/3131/3127
f 377/3131/3127 2359/3130/3126 2360/3132/3128
f 377/3131/3127 2360/3132/3128 378/3133/3129
f 378/3133/3129 2360/3132/3128 2361/3134/3130
f 378/3133/3129 2361/3134/3130 379/3135/3131
f 379/3135/3131 2361/3134/3130 2362/3136/3132
f 379/3135/3131 2362/3136/3132 380/3137/3133
f 380/3137/3133 2362/3136/3132 2363/3138/3134
f 380/3137/3133 2363/3138/3134 381/3139/3135
f 381/3139/3135 2363/3138/3134 2364/3140/3136
f 381/3139/3135 2364/3140/3136 382/3141/3137
f 382/3141/3137 2364/3140/3136 2365/3142/3138
f 382/3141/3137 2365/3142/3138 383/3143/3139
f 383/3143/3139 2365/3142/3138 2366/3144/3140
f 383/3143/3139 2366/3144/3140 384/3145/3141
f 384/3145/3141 2366/3144/3140 2367/3146/3142
f 384/3145/3141 2367/3146/3142 385/3147/3143
f 385/3147/3143 2367/3146/3142 2368/3148/3144
f 385/3147/3143 2368/3148/3144 386/3149/3145
f 386/3149/3145 2368/3148/3144 2369/3150/3146
f 386/3149/3145 2369/3150/3146 387/3151/3147
f 387/3151/3147 2369/3150/3146 2370/3152/3148
f 387/3151/3147 2370/3152/3148 388/3153/3149
f 388/3153/3149 2370/3152/3148 2371/3154/3150
f 388/3153/3149 2371/3154/3150 389/3155/3151
f 389/3155/3151 2371/3154/3150 2372/3156/3152
f 389/3155/3151 2372/3156/3152 390/3157/3153
f 390/3157/3153 2372/3156/3152 2373/3158/3154
f 390/3157/3153 2373/3158/3154 391/3159/3155
f 391/3159/3155 2373/3158/3154 2374/3160/3156
f 391/3159/3155 2374/3160/3156 392/3161/3157
f 392/3161/3157 2374/3160/3156 2375/3162/3158
f 392/3161/3157 2375/3162/3158 393/3163/3159
f 393/3163/3159 2375/3162/3158 2376/3164/3160
f 393/3163/3159 2376/3164/3160 394/3165/3161
f 394/3165/3161 2376/3164/3160 2377/3166/3162
f 394/3165/3161 2377/3166/3162 395/3167/3163
f 395/3167/3163 2377/3166/3162 2378/3168/3164
f 395/3167/3163 2378/3168/3164 396/3169/3165
f 396/3169/3165 2378/3168/3164 2379/3170/3166
f 396/3169/3165 2379/3170/3166 397/3171/3167
f 397/3171/3167 2379/3170/3166 2380/3172/3168
f 397/3171/3167 2380/3172/3168 398/3173/3169
f 398/3173/3169 2380/3172/3168 2381/3174/3170
f 398/3173/3169 2381/3174/3170 399/3175/3171
f 399/3175/3171 2381/3174/3170 2382/3176/3172
f 399/3175/3171 2382/3176/3172 400/3177/3173
f 400/3177/3173 2382/3176/3172 2383/3178/3174
f 400/3177/3173 2383/3178/3174 401/3179/3175
f 401/3179/3175 2383/3178/3174 2384/3180/3176
f 401/3179/3175 2384/3180/3176 402/3181/3177
f 402/3181/3177 2384/3180/3176 2385/3182/3178
f 402/3181/3177 2385/3182/3178 403/3183/3179
f 403/3183/3179 2385/3182/3178 2386/3184/3180
f 403/3183/3179 2386/3184/3180 404/3185/3181
f 404/3185/3181 2386/3184/3180 2387/3186/3182
f 404/3185/3181 2387/3186/3182 405/3187/3183
f 405/3187/3183 2387/3186/3182 2388/3188/3184
f 405/3187/3183 2388/3188/3184 406/3189/3185
f 406/3189/3185 2388/3188/3184 2389/3190/3186
f 406/3189/3185 2389/3190/3186 407/3191/3187
f 407/3191/3187 2389/3190/3186 2390/3192/3188
f 407/3191/3187 2390/3192/3188 408/3193/3189
f 408/3193/3189 2390/3192/3188 2391/3194/3190
f 408/3193/3189 2391/3194/3190 409/3195/3191
f 409/3195/3191 2391/3194/3190 2392/3196/3192
f 409/3195/3191 2392/3196/3192 410/3197/3193
f 410/3197/3193 2392/3196/3192 2393/3198/3194
f 410/3197/3193 2393/3198/3194 411/3199/3195
f 411/3199/3195 2393/3198/3194 2394/3200/3196
f 411/3199/3195 2394/3200/3196 412/3201/3197
f 412/3201/3197 2394/3200/3196 2395/3202/3198
f 412/3201/3197 2395/3202/3198 413/3203/3199
f 413/3203/3199 2395/3202/3198 2396/3204/3200
f 413/3203/3199 2396/3204/3200 414/3205/3201
f 414/3205/3201 2396/3204/3200 2397/3206/3202
f 414/3205/3201 2397/3206/3202 415/3207/3203
f 415/3207/3203 2397/3206/3202 2398/3208/3204
f 415/3207/3203 2398/3208/3204 416/3209/3205
f 416/3209/3205 2398/3208/3204 2399/3210/3206
f 416/3209/3205 2399/3210/3206 417/3211/3207
f 417/3211/3207 2399/3210/3206 2400/3212/3208
f 417/3211/3207 2400/3212/3208 418/3213/3209
f 418/3213/3209 2400/3212/3208 2401/3214/3210
f 418/3213/3209 2401/3214/3210 419/3215/3211
f 419/3215/3211 2401/3214/3210 2402/3216/3212
f 419/3215/3211 2402/3216/3212 420/3217/3213
f 420/3217/3213 2402/3216/3212 2403/3218/3214
f 420/3217/3213 2403/3218/3214 421/3219/3215
f 421/3219/3215 2403/3218/3214 2404/3220/3216
f 421/3219/3215 2404/3220/3216 422/3221/3217
f 422/3221/3217 2404/3220/3216 2405/3222/3218
f 422/3221/3217 2405/3222/3218 423/3223/3219
f 423/3223/3219 2405/3222/3218 2406/3224/3220
f 423/3223/3219 2406/3224/3220 424/3225/3221
f 2406/3226/3220 2407/3227/3222 424/3228/3221
f 424/3228/3221 2407/3227/3222 425/3229/3223
f 425/3229/3223 2407/3227/3222 2408/3230/3224
f 425/3229/3223 2408/3230/3224 426/3231/3225
f 426/3231/3225 2408/3230/3224 2409/3232/3226
f 426/3231/3225 2409/3232/3226 427/3233/3227
f 427/3233/3227 2409/3232/3226 2410/3234/3228
f 427/3233/3227 2410/3234/3228 428/3235/3229
f 428/3235/3229 2410/3234/3228 2411/3236/3230
f 428/3235/3229 2411/3236/3230 429/3237/3231
f 429/3237/3231 2411/3236/3230 2412/3238/3232
f 429/3237/3231 2412/3238/3232 430/3239/3233
f 2412/3240/3232 2413/3241/3234 430/3242/3233
f 430/3242/3233 2413/3241/3234 431/3243/3235
f 431/3243/3235 2413/3241/3234 2414/3244/3236
f 431/3243/3235 2414/3244/3236 432/3245/3237
f 432/3245/3237 2414/3244/3236 2415/3246/3238
f 432/3245/3237 2415/3246/3238 433/3247/3239
f 433/3247/3239 2415/3246/3238 2416/3248/3240
f 433/3247/3239 2416/3248/3240 434/3249/3241
f 434/3249/3241 2416/3248/3240 2417/3250/3242
f 434/3249/3241 2417/3250/3242 435/3251/3243
f 435/3251/3243 2417/3250/3242 2418/3252/3244
f 435/3251/3243 2418/3252/3244 436/3253/3245
f 436/3253/3245 2418/3252/3244 2419/3254/3246
f 436/3253/3245 2419/3254/3246 437/3255/3247
f 437/3255/3247 2419/3254/3246 2420/3256/3248
f 437/3255/3247 2420/3256/3248 438/3257/3249
f 438/3257/3249 2420/3256/3248 2421/3258/3250
f 438/3257/3249 2421/3258/3250 439/3259/3251
f 439/3259/3251 2421/3258/3250 2422/3260/3252
f 439/3259/3251 2422/3260/3252 440/3261/3253
f 440/3261/3253 2422/3260/3252 2423/3262/3254
f 440/3261/3253 2423/3262/3254 441/3263/3255
f 2423/3264/3256 2424/3265/3257 441/3266/3258
f 441/3266/3258 2424/3265/3257 442/3267/3259
f 442/3267/3259 2424/3265/3257 2425/3268/3260
f 442/3267/3259 2425/3268/3260 443/3269/3261
f 443/3269/3261 2425/3268/3260 2426/3270/3262
f 443/3269/3261 2426/3270/3262 1/3271/3263
f 2426/3272/3264 1984/3273/3265 1/3274/3266
f 1/3274/3266 1984/3273/3265 2/3275/3267
f 1984/3276/3268 2426/3277/3269 1985/3278/3270
f 1985/3278/3270 2426/3277/3269 2425/3279/3271
f 1985/3278/3270 2425/3279/3271 1986/3280/3272
f 1986/3280/3272 2425/3279/3271 2424/3281/3273
f 1986/3280/3272 2424/3281/3273 1987/3282/3274
f 1987/3282/3274 2424/3281/3273 2423/3283/3275
f 1987/3282/3274 2423/3283/3275 1988/3284/3276
f 1988/3284/3276 2423/3283/3275 2429/3285/3277
f 1988/3284/3276 2429/3285/3277 2430/3286/3278
f 2430/3286/3278 2429/3285/3277 2624/3287/3279
f 2430/3286/3278 2624/3287/3279 2625/3288/3280
f 2625/3288/3280 2624/3287/3279 2724/3289/3281
f 2625/3288/3280 2724/3289/3281 2725/3290/3282
f 2725/3290/3282 2724/3289/3281 2824/3291/3283
f 2725/3290/3282 2824/3291/3283 2825/3292/3284
f 2825/3292/3284 2824/3291/3283 2924/3293/3285
f 2825/3292/3284 2924/3293/3285 2925/3294/3286
f 2925/3294/3286 2924/3293/3285 3024/3295/3287
f 2925/3294/3286 3024/3295/3287 3025/3296/3288
f 3025/3296/3288 3024/3295/3287 3124/3297/3289
f 3025/3296/3288 3124/3297/3289 3125/3298/3290
f 3125/3298/3290 3124/3297/3289 3224/3299/3291
f 3125/3298/3290 3224/3299/3291 3225/3300/3292
f 3225/3300/3292 3224/3299/3291 3323/3301/3293
f 3225/3300/3292 3323/3301/3293 3324/3302/3294
f 3324/3302/3294 3323/3301/3293 3421/3303/3295
f 3324/3302/3294 3421/3303/3295 3422/3304/3296
f 3422/3304/3296 3421/3303/3295 3499/3305/3297
f 3422/3304/3296 3499/3305/3297 3500/3306/3298
f 3500/3306/3298 3499/3305/3297 3630/3307/3299
f 3500/3306/3298 3630/3307/3299 3629/3308/3300
f 3629/3308/3300 3630/3307/3299 3645/3309/3301
f 3629/3308/3300 3645/3309/3301 3646/3310/3302
f 3646/3310/3302 3645/3309/3301 2399/3311/3303
f 3646/3310/3302 2399/3311/3303 2398/3312/3304
f 2423/3283/3275 2422/3313/3305 2429/3285/3277
f 2429/3285/3277 2422/3313/3305 2623/3314/3306
f 2429/3285/3277 2623/3314/3306 2624/3287/3279
f 2624/3287/3279 2623/3314/3306 2723/3315/3307
f 2624/3287/3279 2723/3315/3307 2724/3289/3281
f 2724/3289/3281 2723/3315/3307 2823/3316/3308
f 2724/3289/3281 2823/3316/3308 2824/3291/3283
f 2824/3291/3283 2823/3316/3308 2923/3317/3309
f 2824/3291/3283 2923/3317/3309 2924/3293/3285
f 2924/3293/3285 2923/3317/3309 3023/3318/3310
f 2924/3293/3285 3023/3318/3310 3024/3295/3287
f 3024/3295/3287 3023/3318/3310 3123/3319/3311
f 3024/3295/3287 3123/3319/3311 3124/3297/3289
f 3124/3297/3289 3123/3319/3311 3223/3320/3312
f 3124/3297/3289 3223/3320/3312 3224/3299/3291
f 3224/3299/3291 3223/3320/3312 3322/3321/3313
f 3224/3299/3291 3322/3321/3313 3323/3301/3293
f 3323/3301/3293 3322/3321/3313 3420/3322/3314
f 3323/3301/3293 3420/3322/3314 3421/3303/3295
f 3421/3303/3295 3420/3322/3314 3498/3323/3315
f 3421/3303/3295 3498/3323/3315 3499/3305/3297
f 3499/3305/3297 3498/3323/3315 3631/3324/3316
f 3499/3305/3297 3631/3324/3316 3630/3307/3299
f 3630/3307/3299 3631/3324/3316 3644/3325/3317
f 3630/3307/3299 3644/3325/3317 3645/3309/3301
f 3645/3309/3301 3644/3325/3317 2400/3326/3318
f 3645/3309/3301 2400/3326/3318 2399/3311/3303
f 2422/3313/3305 2421/3327/3319 2623/3314/3306
f 2623/3314/3306 2421/3327/3319 2722/3328/3320
f 2623/3314/3306 2722/3328/3320 2723/3315/3307
f 2723/3315/3307 2722/3328/3320 2822/3329/3321
f 2723/3315/3307 2822/3329/3321 2823/3316/3308
f 2823/3316/3308 2822/3329/3321 2922/3330/3322
f 2823/3316/3308 2922/3330/3322 2923/3317/3309
f 2923/3317/3309 2922/3330/3322 3022/3331/3323
f 2923/3317/3309 3022/3331/3323 3023/3318/3310
f 3023/3318/3310 3022/3331/3323 3122/3332/3324
f 3023/3318/3310 3122/3332/3324 3123/3319/3311
f 3123/3319/3311 3122/3332/3324 3222/3333/3325
f 3123/3319/3311 3222/3333/3325 3223/3320/3312
f 3223/3320/3312 3222/3333/3325 3321/3334/3326
f 3223/3320/3312 3321/3334/3326 3322/3321/3313
f 3322/3321/3313 3321/3334/3326 3419/3335/3327
f 3322/3321/3313 3419/3335/3327 3420/3322/3314
f 3420/3322/3314 3419/3335/3327 3497/3336/3328
f 3420/3322/3314 3497/3336/3328 3498/3323/3315
f 3498/3323/3315 3497/3336/3328 3632/3337/3329
f 3498/3323/3315 3632/3337/3329 3631/3324/3316
f 3631/3324/3316 3632/3337/3329 3643/3338/3330
f 3631/3324/3316 3643/3338/3330 3644/3325/3317
f 3644/3325/3317 3643/3338/3330 2401/3339/3331
f 3644/3325/3317 2401/3339/3331 2400/3326/3318
f 2421/3327/3319 2420/3340/3332 2722/3328/3320
f 2722/3328/3320 2420/3340/3332 2821/3341/3333
f 2722/3328/3320 2821/3341/3333 2822/3329/3321
f 2822/3329/3321 2821/3341/3333 2921/3342/3334
f 2822/3329/3321 2921/3342/3334 2922/3330/3322
f 2922/3330/3322 2921/3342/3334 3021/3343/3335
f 2922/3330/3322 3021/3343/3335 3022/3331/3323
f 3022/3331/3323 3021/3343/3335 3121/3344/3336
f 3022/3331/3323 3121/3344/3336 3122/3332/3324
f 3122/3332/3324 3121/3344/3336 3221/3345/3337
f 3122/3332/3324 3221/3345/3337 3222/3333/3325
f 3222/3333/3325 3221/3345/3337 3320/3346/3338
f 3222/3333/3325 3320/3346/3338 3321/3334/3326
f 3321/3334/3326 3320/3346/3338 3418/3347/3339
f 3321/3334/3326 3418/3347/3339 3419/3335/3327
f 3419/3335/3327 3418/3347/3339 3496/3348/3340
f 3419/3335/3327 3496/3348/3340 3497/3336/3328
f 3497/3336/3328 3496/3348/3340 3633/3349/3341
f 3497/3336/3328 3633/3349/3341 3632/3337/3329
f 3632/3337/3329 3633/3349/3341 3642/3350/3342
f 3632/3337/3329 3642/3350/3342 3643/3338/3330
f 3643/3338/3330 3642/3350/3342 2402/3351/3343
f 3643/3338/3330 2402/3351/3343 2401/3339/3331
f 2420/3340/3332 2419/3352/3344 2821/3341/3333
f 2821/3341/3333 2419/3352/3344 2920/3353/3345
f 2821/3341/3333 2920/3353/3345 2921/3342/3334
f 2921/3342/3334 2920/3353/3345 3020/3354/3346
f 2921/3342/3334 3020/3354/3346 3021/3343/3335
f 3021/3343/3335 3020/3354/3346 3120/3355/3347
f 3021/3343/3335 3120/3355/3347 3121/3344/3336
f 3121/3344/3336 3120/3355/3347 3220/3356/3348
f 3121/3344/3336 3220/3356/3348 3221/3345/3337
f 3221/3345/3337 3220/3356/3348 3319/3357/3349
f 3221/3345/3337 3319/3357/3349 3320/3346/3338
f 3320/3346/3338 3319/3357/3349 3417/3358/3350
f 3320/3346/3338 3417/3358/3350 3418/3347/3339
f 3418/3347/3339 3417/3358/3350 3495/3359/3351
f 3418/3347/3339 3495/3359/3351 3496/3348/3340
f 3496/3348/3340 3495/3359/3351 3634/3360/3352
f 3496/3348/3340 3634/3360/3352 3633/3349/3341
f 3633/3349/3341 3634/3360/3352 3641/3361/3353
f 3633/3349/3341 3641/3361/3353 3642/3350/3342
f 3642/3350/3342 3641/3361/3353 2403/3362/3354
f 3642/3350/3342 2403/3362/3354 2402/3351/3343
f 2419/3352/3344 2418/3363/3355 2920/3353/3345
f 2920/3353/3345 2418/3363/3355 3019/3364/3356
f 2920/3353/3345 3019/3364/3356 3020/3354/3346
f 3020/3354/3346 3019/3364/3356 3119/3365/3357
f 3020/3354/3346 3119/3365/3357 3120/3355/3347
f 3120/3355/3347 3119/3365/3357 3219/3366/3358
f 3120/3355/3347 3219/3366/3358 3220/3356/3348
f 3220/3356/3348 3219/3366/3358 3318/3367/3359
f 3220/3356/3348 3318/3367/3359 3319/3357/3349
f 3319/3357/3349 3318/3367/3359 3416/3368/3360
f 3319/3357/3349 3416/3368/3360 3417/3358/3350
f 3417/3358/3350 3416/3368/3360 3494/3369/3361
f 3417/3358/3350 3494/3369/3361 3495/3359/3351
f 3495/3359/3351 3494/3369/3361 3635/3370/3362
f 3495/3359/3351 3635/3370/3362 3634/3360/3352
f 3634/3360/3352 3635/3370/3362 3640/3371/3363
f 3634/3360/3352 3640/3371/3363 3641/3361/3353
f 3641/3361/3353 3640/3371/3363 2404/3372/3364
f 3641/3361/3353 2404/3372/3364 2403/3362/3354
f 2418/3363/3355 2417/3373/3365 3019/3364/3356
f 3019/3364/3356 2417/3373/3365 3118/3374/3366
f 3019/3364/3356 3118/3374/3366 3119/3365/3357
f 3119/3365/3357 3118/3374/3366 3218/3375/3367
f 3119/3365/3357 3218/3375/3367 3219/3366/3358
f 3219/3366/3358 3218/3375/3367 3317/3376/3368
f 3219/3366/3358 3317/3376/3368 3318/3367/3359
f 3318/3367/3359 3317/3376/3368 3415/3377/3369
f 3318/3367/3359 3415/3377/3369 3416/3368/3360
f 3416/3368/3360 3415/3377/3369 3493/3378/3370
f 3416/3368/3360 3493/3378/3370 3494/3369/3361
f 3494/3369/3361 3493/3378/3370 3636/3379/3371
f 3494/3369/3361 3636/3379/3371 3635/3370/3362
f 3635/3370/3362 3636/3379/3371 3639/3380/3372
f 3635/3370/3362 3639/3380/3372 3640/3371/3363
f 3640/3371/3363 3639/3380/3372 2405/3381/3373
f 3640/3371/3363 2405/3381/3373 2404/3372/3364
f 2417/3373/3365 2416/3382/3374 3118/3374/3366
f 3118/3374/3366 2416/3382/3374 3217/3383/3375
f 3118/3374/3366 3217/3383/3375 3218/3375/3367
f 3218/3375/3367 3217/3383/3375 3316/3384/3376
f 3218/3375/3367 3316/3384/3376 3317/3376/3368
f 3317/3376/3368 3316/3384/3376 3414/3385/3377
f 3317/3376/3368 3414/3385/3377 3415/3377/3369
f 3415/3377/3369 3414/3385/3377 3492/3386/3378
f 3415/3377/3369 3492/3386/3378 3493/3378/3370
f 3493/3378/3370 3492/3386/3378 3637/3387/3379
f 3493/3378/3370 3637/3387/3379 3636/3379/3371
f 3636/3379/3371 3637/3387/3379 2427/3388/3380
f 3636/3379/3371 2427/3388/3380 3639/3380/3372
f 3639/3380/3372 2427/3388/3380 2406/3389/3381
f 3639/3380/3372 2406/3389/3381 2405/3381/3373
f 2416/3382/3374 2415/3390/3382 3217/3383/3375
f 3217/3383/3375 2415/3390/3382 3316/3384/3376
f 2415/3390/3382 2414/3391/3383 3316/3384/3376
f 3316/3384/3376 2414/3391/3383 3414/3385/3377
f 2414/3391/3383 2413/3392/3384 3414/3385/3377
f 3414/3385/3377 2413/3392/3384 3491/3393/3385
f 3414/3385/3377 3491/3393/3385 3492/3386/3378
f 3492/3386/3378 3491/3393/3385 3638/3394/3386
f 3492/3386/3378 3638/3394/3386 3637/3387/3379
f 3637/3387/3379 3638/3394/3386 2411/3395/3387
f 3637/3387/3379 2411/3395/3387 2410/3396/3388
f 2413/3392/3384 2412/3397/3389 3491/3393/3385
f 3491/3393/3385 2412/3397/3389 3638/3394/3386
f 2412/3397/3389 2411/3395/3387 3638/3394/3386
f 3637/3387/3379 2410/3396/3388 2427/3388/3380
f 2427/3388/3380 2410/3396/3388 2409/3398/3390
f 2427/3388/3380 2409/3398/3390 2408/3399/3391
f 2408/3399/3391 2407/3400/3392 2427/3388/3380
f 2427/3388/3380 2407/3400/3392 2406/3389/3381
f 3646/3310/3302 2398/3312/3304 3647/3401/3393
f 3647/3401/3393 2398/3312/3304 2397/3402/3394
f 3647/3401/3393 2397/3402/3394 3648/3403/3395
f 3648/3403/3395 2397/3402/3394 2396/3404/3396
f 3648/3403/3395 2396/3404/3396 3649/3405/3397
f 3649/3405/3397 2396/3404/3396 2395/3406/3398
f 3649/3405/3397 2395/3406/3398 3650/3407/3399
f 3650/3407/3399 2395/3406/3398 2394/3408/3400
f 3650/3407/3399 2394/3408/3400 3651/3409/3401
f 3651/3409/3401 2394/3408/3400 2393/3410/3402
f 3651/3409/3401 2393/3410/3402 3652/3411/3403
f 3652/3411/3403 2393/3410/3402 2392/3412/3404
f 3652/3411/3403 2392/3412/3404 3653/3413/3405
f 3653/3413/3405 2392/3412/3404 2391/3414/3406
f 3653/3413/3405 2391/3414/3406 3654/3415/3407
f 3654/3415/3407 2391/3414/3406 2390/3416/3408
f 3654/3415/3407 2390/3416/3408 3655/3417/3409
f 3655/3417/3409 2390/3416/3408 2389/3418/3410
f 3655/3417/3409 2389/3418/3410 3656/3419/3411
f 3656/3419/3411 2389/3418/3410 2388/3420/3412
f 3656/3419/3411 2388/3420/3412 3657/3421/3413
f 3657/3421/3413 2388/3420/3412 2387/3422/3414
f 3657/3421/3413 2387/3422/3414 3658/3423/3415
f 3658/3423/3415 2387/3422/3414 2386/3424/3416
f 3658/3423/3415 2386/3424/3416 3659/3425/3417
f 3659/3425/3417 2386/3424/3416 2385/3426/3418
f 3659/3425/3417 2385/3426/3418 3660/3427/3419
f 3660/3427/3419 2385/3426/3418 2384/3428/3420
f 3660/3427/3419 2384/3428/3420 3661/3429/3421
f 3661/3429/3421 2384/3428/3420 2383/3430/3422
f 3661/3429/3421 2383/3430/3422 3662/3431/3423
f 3662/3431/3423 2383/3430/3422 2382/3432/3424
f 3662/3431/3423 2382/3432/3424 3663/3433/3425
f 3663/3433/3425 2382/3432/3424 2381/3434/3426
f 3663/3433/3425 2381/3434/3426 3664/3435/3427
f 3664/3435/3427 2381/3434/3426 2380/3436/3428
f 3664/3435/3427 2380/3436/3428 3665/3437/3429
f 3665/3437/3429 2380/3436/3428 2379/3438/3430
f 3665/3437/3429 2379/3438/3430 3666/3439/3431
f 3666/3439/3431 2379/3438/3430 2378/3440/3432
f 3666/3439/3431 2378/3440/3432 3667/3441/3433
f 3667/3441/3433 2378/3440/3432 2377/3442/3434
f 3667/3441/3433 2377/3442/3434 3668/3443/3435
f 3668/3443/3435 2377/3442/3434 2376/3444/3436
f 3668/3443/3435 2376/3444/3436 3669/3445/3437
f 3669/3445/3437 2376/3444/3436 2375/3446/3438
f 3669/3445/3437 2375/3446/3438 3670/3447/3439
f 3670/3447/3439 2375/3446/3438 2374/3448/3440
f 3670/3447/3439 2374/3448/3440 3671/3449/3441
f 3671/3449/3441 2374/3448/3440 2373/3450/3442
f 3671/3449/3441 2373/3450/3442 3672/3451/3443
f 3672/3451/3443 2373/3450/3442 2372/3452/3444
f 3672/3451/3443 2372/3452/3444 3673/3453/3445
f 3673/3453/3445 2372/3452/3444 2371/3454/3446
f 3673/3453/3445 2371/3454/3446 3674/3455/3447
f 3674/3455/3447 2371/3454/3446 2370/3456/3448
f 3674/3455/3447 2370/3456/3448 3675/3457/3449
f 3675/3457/3449 2370/3456/3448 2369/3458/3450
f 3675/3457/3449 2369/3458/3450 3676/3459/3451
f 3676/3459/3451 2369/3458/3450 2368/3460/3452
f 3676/3459/3451 2368/3460/3452 3677/3461/3453
f 3677/3461/3453 2368/3460/3452 2367/3462/3454
f 3677/3461/3453 2367/3462/3454 3678/3463/3455
f 3678/3463/3455 2367/3462/3454 2366/3464/3456
f 3678/3463/3455 2366/3464/3456 3679/3465/3457
f 3679/3465/3457 2366/3464/3456 2365/3466/3458
f 3679/3465/3457 2365/3466/3458 3680/3467/3459
f 3680/3467/3459 2365/3466/3458 2364/3468/3460
f 3680/3467/3459 2364/3468/3460 3681/3469/3461
f 3681/3469/3461 2364/3468/3460 2363/3470/3462
f 3681/3469/3461 2363/3470/3462 3682/3471/3463
f 3682/3471/3463 2363/3470/3462 2362/3472/3464
f 3682/3471/3463 2362/3472/3464 3683/3473/3465
f 3683/3473/3465 2362/3472/3464 2361/3474/3466
f 3683/3473/3465 2361/3474/3466 3684/3475/3467
f 3684/3475/3467 2361/3474/3466 2360/3476/3468
f 3684/3475/3467 2360/3476/3468 3685/3477/3469
f 3685/3477/3469 2360/3476/3468 2359/3478/3470
f 3685/3477/3469 2359/3478/3470 3686/3479/3471
f 3686/3479/3471 2359/3478/3470 2358/3480/3472
f 3686/3479/3471 2358/3480/3472 3687/3481/3473
f 3687/3481/3473 2358/3480/3472 2357/3482/3474
f 3687/3481/3473 2357/3482/3474 3688/3483/3475
f 3688/3483/3475 2357/3482/3474 2356/3484/3476
f 3688/3483/3475 2356/3484/3476 3689/3485/3477
f 3689/3485/3477 2356/3484/3476 2355/3486/3478
f 3689/3485/3477 2355/3486/3478 3690/3487/3479
f 3690/3487/3479 2355/3486/3478 2354/3488/3480
f 3690/3487/3479 2354/3488/3480 3691/3489/3481
f 3691/3489/3481 2354/3488/3480 2353/3490/3482
f 3691/3489/3481 2353/3490/3482 3692/3491/3483
f 3692/3491/3483 2353/3490/3482 2352/3492/3484
f 3692/3491/3483 2352/3492/3484 3693/3493/3485
f 3693/3493/3485 2352/3492/3484 2351/3494/3486
f 3693/3493/3485 2351/3494/3486 3694/3495/3487
f 3694/3495/3487 2351/3494/3486 2350/3496/3488
f 3694/3495/3487 2350/3496/3488 3695/3497/3489
f 3695/3497/3489 2350/3496/3488 2349/3498/3490
f 3695/3497/3489 2349/3498/3490 3696/3499/3491
f 3696/3499/3491 2349/3498/3490 2348/3500/3492
f 3696/3499/3491 2348/3500/3492 3697/3501/3493
f 3697/3501/3493 2348/3500/3492 2347/3502/3494
f 3697/3501/3493 2347/3502/3494 3698/3503/3495
f 3698/3503/3495 2347/3502/3494 2346/3504/3496
f 3698/3503/3495 2346/3504/3496 3699/3505/3497
f 3699/3505/3497 2346/3504/3496 2345/3506/3498
f 3699/3505/3497 2345/3506/3498 3700/3507/3499
f 3700/3507/3499 2345/3506/3498 2344/3508/3500
f 3700/3507/3499 2344/3508/3500 3701/3509/3501
f 3701/3509/3501 2344/3508/3500 2343/3510/3502
f 3701/3509/3501 2343/3510/3502 3702/3511/3503
f 3702/3511/3503 2343/3510/3502 2342/3512/3504
f 3702/3511/3503 2342/3512/3504 3703/3513/3505
f 3703/3513/3505 2342/3512/3504 2341/3514/3506
f 3703/3513/3505 2341/3514/3506 3704/3515/3507
f 3704/3515/3507 2341/3514/3506 2340/3516/3508
f 3704/3515/3507 2340/3516/3508 3705/3517/3509
f 3705/3517/3509 2340/3516/3508 2339/3518/3510
f 3705/3517/3509 2339/3518/3510 3706/3519/3511
f 3706/3519/3511 2339/3518/3510 2338/3520/3512
f 3706/3519/3511 2338/3520/3512 3707/3521/3513
f 3707/3521/3513 2338/3520/3512 2337/3522/3514
f 3707/3521/3513 2337/3522/3514 2333/3523/3515
f 2333/3523/3515 2337/3522/3514 2336/3524/3516
f 2333/3523/3515 2336/3524/3516 2334/3525/3517
f 2334/3525/3517 2336/3524/3516 2335/3526/3518
f 2333/3523/3515 2332/3527/3519 3707/3521/3513
f 3707/3521/3513 2332/3527/3519 3708/3528/3520
f 3707/3521/3513 3708/3528/3520 3567/3529/3521
f 3567/3529/3521 3708/3528/3520 2331/3530/3522
f 3567/3529/3521 2331/3530/3522 2330/3531/3523
f 2332/3527/3519 2331/3530/3522 3708/3528/3520
f 2330/3531/3523 2329/3532/3524 3567/3529/3521
f 3567/3529/3521 2329/3532/3524 2328/3533/3525
f 3567/3529/3521 2328/3533/3525 3566/3534/3526
f 3566/3534/3526 2328/3533/3525 2327/3535/3527
f 3566/3534/3526 2327/3535/3527 2326/3536/3528
f 2326/3536/3528 2325/3537/3529 3566/3534/3526
f 3566/3534/3526 2325/3537/3529 2324/3538/3530
f 3566/3534/3526 2324/3538/3530 2323/3539/3531
f 2323/3539/3531 2322/3540/3532 3566/3534/3526
f 3566/3534/3526 2322/3540/3532 2321/3541/3533
f 3566/3534/3526 2321/3541/3533 3563/3542/3534
f 3563/3542/3534 2321/3541/3533 2320/3543/3535
f 3563/3542/3534 2320/3543/3535 2319/3544/3536
f 3563/3542/3534 2319/3544/3536 3564/3545/3537
f 3564/3545/3537 2319/3544/3536 2318/3546/3538
f 3564/3545/3537 2318/3546/3538 2317/3547/3539
f 2317/3547/3539 2316/3548/3540 3564/3545/3537
f 3564/3545/3537 2316/3548/3540 2315/3549/3541
f 3564/3545/3537 2315/3549/3541 2314/3550/3542
f 2314/3550/3542 2313/3551/3543 3564/3545/3537
f 3564/3545/3537 2313/3551/3543 2312/3552/3544
f 3564/3545/3537 2312/3552/3544 2311/3553/3545
f 3564/3545/3537 2311/3553/3545 3565/3554/3546
f 3565/3554/3546 2311/3553/3545 2310/3555/3547
f 3565/3554/3546 2310/3555/3547 2309/3556/3548
f 2309/3556/3548 2308/3557/3549 3565/3554/3546
f 3565/3554/3546 2308/3557/3549 2307/3558/3550
f 3565/3554/3546 2307/3558/3550 2306/3559/3551
f 3565/3554/3546 2306/3559/3551 3488/3560/3552
f 3488/3560/3552 2306/3559/3551 2305/3561/3553
f 3488/3560/3552 2305/3561/3553 2304/3562/3554
f 2304/3562/3554 2303/3563/3555 3488/3560/3552
f 3488/3560/3552 2303/3563/3555 3489/3564/3556
f 3488/3560/3552 3489/3564/3556 3391/3565/3557
f 3391/3565/3557 3489/3564/3556 3392/3566/3558
f 3391/3565/3557 3392/3566/3558 3293/3567/3559
f 3293/3567/3559 3392/3566/3558 3294/3568/3560
f 3293/3567/3559 3294/3568/3560 3194/3569/3561
f 3194/3569/3561 3294/3568/3560 3195/3570/3562
f 3194/3569/3561 3195/3570/3562 3095/3571/3563
f 3095/3571/3563 3195/3570/3562 3096/3572/3564
f 3095/3571/3563 3096/3572/3564 2996/3573/3565
f 2996/3573/3565 3096/3572/3564 2997/3574/3566
f 2996/3573/3565 2997/3574/3566 2897/3575/3567
f 2897/3575/3567 2997/3574/3566 2898/3576/3568
f 2897/3575/3567 2898/3576/3568 2798/3577/3569
f 2798/3577/3569 2898/3576/3568 2799/3578/3570
f 2798/3577/3569 2799/3578/3570 2699/3579/3571
f 2699/3579/3571 2799/3578/3570 2700/3580/3572
f 2699/3579/3571 2700/3580/3572 2505/3581/3573
f 2505/3581/3573 2700/3580/3572 2506/3582/3574
f 2505/3581/3573 2506/3582/3574 2550/3583/3575
f 2550/3583/3575 2506/3582/3574 2549/3584/3576
f 2550/3583/3575 2549/3584/3576 3796/3585/3577
f 3796/3585/3577 2549/3584/3576 3795/3586/3578
f 3796/3585/3577 3795/3586/3578 3895/3587/3579
f 3895/3587/3579 3795/3586/3578 3894/3588/3580
f 3895/3587/3579 3894/3588/3580 2084/3589/3581
f 2084/3589/3581 3894/3588/3580 2085/3590/3582
f 2085/3590/3582 3894/3588/3580 3893/3591/3583
f 2085/3590/3582 3893/3591/3583 2086/3592/3584
f 2086/3592/3584 3893/3591/3583 3892/3593/3585
f 2086/3592/3584 3892/3593/3585 2087/3594/3586
f 2087/3594/3586 3892/3593/3585 3891/3595/3587
f 2087/3594/3586 3891/3595/3587 2088/3596/3588
f 2088/3596/3588 3891/3595/3587 3890/3597/3589
f 2088/3596/3588 3890/3597/3589 2089/3598/3590
f 2089/3598/3590 3890/3597/3589 3889/3599/3591
f 2089/3598/3590 3889/3599/3591 2090/3600/3592
f 2090/3600/3592 3889/3599/3591 3888/3601/3593
f 2090/3600/3592 3888/3601/3593 2091/3602/3594
f 2091/3602/3594 3888/3601/3593 3887/3603/3595
f 2091/3602/3594 3887/3603/3595 2092/3604/3596
f 2092/3604/3596 3887/3603/3595 3886/3605/3597
f 2092/3604/3596 3886/3605/3597 2093/3606/3598
f 2093/3606/3598 3886/3605/3597 3885/3607/3599
f 2093/3606/3598 3885/3607/3599 2094/3608/3600
f 2094/3608/3600 3885/3607/3599 3884/3609/3601
f 2094/3608/3600 3884/3609/3601 2095/3610/3602
f 2095/3610/3602 3884/3609/3601 3883/3611/3603
f 2095/3610/3602 3883/3611/3603 2096/3612/3604
f 2096/3612/3604 3883/3611/3603 3882/3613/3605
f 2096/3612/3604 3882/3613/3605 2097/3614/3606
f 2097/3614/3606 3882/3613/3605 3881/3615/3607
f 2097/3614/3606 3881/3615/3607 2098/3616/3608
f 2098/3616/3608 3881/3615/3607 3880/3617/3609
f 2098/3616/3608 3880/3617/3609 2099/3618/3610
f 2099/3618/3610 3880/3617/3609 3879/3619/3611
f 2099/3618/3610 3879/3619/3611 2100/3620/3612
f 2100/3620/3612 3879/3619/3611 3878/3621/3613
f 2100/3620/3612 3878/3621/3613 2101/3622/3614
f 2101/3622/3614 3878/3621/3613 3877/3623/3615
f 2101/3622/3614 3877/3623/3615 2102/3624/3616
f 2102/3624/3616 3877/3623/3615 3876/3625/3617
f 2102/3624/3616 3876/3625/3617 2103/3626/3618
f 2103/3626/3618 3876/3625/3617 3875/3627/3619
f 2103/3626/3618 3875/3627/3619 2104/3628/3620
f 2104/3628/3620 3875/3627/3619 3874/3629/3621
f 2104/3628/3620 3874/3629/3621 2105/3630/3622
f 2105/3630/3622 3874/3629/3621 3873/3631/3623
f 2105/3630/3622 3873/3631/3623 2106/3632/3624
f 2106/3632/3624 3873/3631/3623 2108/3633/3625
f 2106/3632/3624 2108/3633/3625 2107/3634/3626
f 2303/3563/3555 2302/3635/3627 3489/3564/3556
f 3489/3564/3556 2302/3635/3627 2301/3636/3628
f 3489/3564/3556 2301/3636/3628 2300/3637/3629
f 2300/3637/3629 2299/3638/3630 3489/3564/3556
f 3489/3564/3556 2299/3638/3630 2298/3639/3631
f 3489/3564/3556 2298/3639/3631 2297/3640/3632
f 2297/3640/3632 2296/3641/3633 3489/3564/3556
f 3489/3564/3556 2296/3641/3633 3490/3642/3634
f 3489/3564/3556 3490/3642/3634 3392/3566/3558
f 3392/3566/3558 3490/3642/3634 2290/3643/3635
f 3392/3566/3558 2290/3643/3635 2289/3644/3636
f 2296/3641/3633 2295/3645/3637 3490/3642/3634
f 3490/3642/3634 2295/3645/3637 2294/3646/3638
f 3490/3642/3634 2294/3646/3638 2293/3647/3639
f 2293/3647/3639 2292/3648/3640 3490/3642/3634
f 3490/3642/3634 2292/3648/3640 2291/3649/3641
f 3490/3642/3634 2291/3649/3641 2290/3643/3635
f 2289/3644/3636 2288/3650/3642 3392/3566/3558
f 3392/3566/3558 2288/3650/3642 3393/3651/3643
f 3392/3566/3558 3393/3651/3643 3294/3568/3560
f 3294/3568/3560 3393/3651/3643 3295/3652/3644
f 3294/3568/3560 3295/3652/3644 3195/3570/3562
f 3195/3570/3562 3295/3652/3644 3196/3653/3645
f 3195/3570/3562 3196/3653/3645 3096/3572/3564
f 3096/3572/3564 3196/3653/3645 3097/3654/3646
f 3096/3572/3564 3097/3654/3646 2997/3574/3566
f 2997/3574/3566 3097/3654/3646 2998/3655/3647
f 2997/3574/3566 2998/3655/3647 2898/3576/3568
f 2898/3576/3568 2998/3655/3647 2899/3656/3648
f 2898/3576/3568 2899/3656/3648 2799/3578/3570
f 2799/3578/3570 2899/3656/3648 2800/3657/3649
f 2799/3578/3570 2800/3657/3649 2700/3580/3572
f 2700/3580/3572 2800/3657/3649 2701/3658/3650
f 2700/3580/3572 2701/3658/3650 2506/3582/3574
f 2506/3582/3574 2701/3658/3650 2507/3659/3651
f 2506/3582/3574 2507/3659/3651 2549/3584/3576
f 2549/3584/3576 2507/3659/3651 2548/3660/3652
f 2549/3584/3576 2548/3660/3652 3795/3586/3578
f 3795/3586/3578 2548/3660/3652 3794/3661/3653
f 3795/3586/3578 3794/3661/3653 3894/3588/3580
f 3894/3588/3580 3794/3661/3653 3893/3591/3583
f 2288/3650/3642 2287/3662/3654 3393/3651/3643
f 3393/3651/3643 2287/3662/3654 2286/3663/3655
f 3393/3651/3643 2286/3663/3655 2285/3664/3656
f 2285/3664/3656 2284/3665/3657 3393/3651/3643
f 3393/3651/3643 2284/3665/3657 2283/3666/3658
f 3393/3651/3643 2283/3666/3658 2282/3667/3659
f 2282/3667/3659 2281/3668/3660 3393/3651/3643
f 3393/3651/3643 2281/3668/3660 3394/3669/3661
f 3393/3651/3643 3394/3669/3661 3295/3652/3644
f 3295/3652/3644 3394/3669/3661 3296/3670/3662
f 3295/3652/3644 3296/3670/3662 3196/3653/3645
f 3196/3653/3645 3296/3670/3662 3197/3671/3663
f 3196/3653/3645 3197/3671/3663 3097/3654/3646
f 3097/3654/3646 3197/3671/3663 3098/3672/3664
f 3097/3654/3646 3098/3672/3664 2998/3655/3647
f 2998/3655/3647 3098/3672/3664 2999/3673/3665
f 2998/3655/3647 2999/3673/3665 2899/3656/3648
f 2899/3656/3648 2999/3673/3665 2900/3674/3666
f 2899/3656/3648 2900/3674/3666 2800/3657/3649
f 2800/3657/3649 2900/3674/3666 2801/3675/3667
f 2800/3657/3649 2801/3675/3667 2701/3658/3650
f 2701/3658/3650 2801/3675/3667 2702/3676/3668
f 2701/3658/3650 2702/3676/3668 2507/3659/3651
f 2507/3659/3651 2702/3676/3668 2508/3677/3669
f 2507/3659/3651 2508/3677/3669 2548/3660/3652
f 2548/3660/3652 2508/3677/3669 2547/3678/3670
f 2548/3660/3652 2547/3678/3670 3794/3661/3653
f 3794/3661/3653 2547/3678/3670 3793/3679/3671
f 3794/3661/3653 3793/3679/3671 3893/3591/3583
f 3893/3591/3583 3793/3679/3671 3892/3593/3585
f 2281/3668/3660 2280/3680/3672 3394/3669/3661
f 3394/3669/3661 2280/3680/3672 2279/3681/3673
f 3394/3669/3661 2279/3681/3673 2278/3682/3674
f 2278/3682/3674 2277/3683/3675 3394/3669/3661
f 3394/3669/3661 2277/3683/3675 2276/3684/3676
f 3394/3669/3661 2276/3684/3676 2275/3685/3677
f 2275/3685/3677 2274/3686/3678 3394/3669/3661
f 3394/3669/3661 2274/3686/3678 3395/3687/3679
f 3394/3669/3661 3395/3687/3679 3296/3670/3662
f 3296/3670/3662 3395/3687/3679 3297/3688/3680
f 3296/3670/3662 3297/3688/3680 3197/3671/3663
f 3197/3671/3663 3297/3688/3680 3198/3689/3681
f 3197/3671/3663 3198/3689/3681 3098/3672/3664
f 3098/3672/3664 3198/3689/3681 3099/3690/3682
f 3098/3672/3664 3099/3690/3682 2999/3673/3665
f 2999/3673/3665 3099/3690/3682 3000/3691/3683
f 2999/3673/3665 3000/3691/3683 2900/3674/3666
f 2900/3674/3666 3000/3691/3683 2901/3692/3684
f 2900/3674/3666 2901/3692/3684 2801/3675/3667
f 2801/3675/3667 2901/3692/3684 2802/3693/3685
f 2801/3675/3667 2802/3693/3685 2702/3676/3668
f 2702/3676/3668 2802/3693/3685 2703/3694/3686
f 2702/3676/3668 2703/3694/3686 2508/3677/3669
f 2508/3677/3669 2703/3694/3686 2509/3695/3687
f 2508/3677/3669 2509/3695/3687 2547/3678/3670
f 2547/3678/3670 2509/3695/3687 2546/3696/3688
f 2547/3678/3670 2546/3696/3688 3793/3679/3671
f 3793/3679/3671 2546/3696/3688 3792/3697/3689
f 3793/3679/3671 3792/3697/3689 3892/3593/3585
f 3892/3593/3585 3792/3697/3689 3891/3595/3587
f 2274/3686/3678 2273/3698/3690 3395/3687/3679
f 3395/3687/3679 2273/3698/3690 2272/3699/3691
f 3395/3687/3679 2272/3699/3691 2271/3700/3692
f 2271/3700/3692 2270/3701/3693 3395/3687/3679
f 3395/3687/3679 2270/3701/3693 2269/3702/3694
f 3395/3687/3679 2269/3702/3694 2268/3703/3695
f 2268/3703/3695 2267/3704/3696 3395/3687/3679
f 3395/3687/3679 2267/3704/3696 3297/3688/3680
f 3297/3688/3680 2267/3704/3696 3413/3705/3697
f 3413/3705/3697 2267/3704/3696 2266/3706/3698
f 3413/3705/3697 2266/3706/3698 2265/3707/3699
f 2265/3707/3699 2264/3708/3700 3413/3705/3697
f 3413/3705/3697 2264/3708/3700 2263/3709/3701
f 3413/3705/3697 2263/3709/3701 2262/3710/3702
f 2262/3710/3702 2261/3711/3703 3413/3705/3697
f 3413/3705/3697 2261/3711/3703 3297/3688/3680
f 2261/3711/3703 2260/3712/3704 3297/3688/3680
f 3297/3688/3680 2260/3712/3704 3298/3713/3705
f 3297/3688/3680 3298/3713/3705 3198/3689/3681
f 3198/3689/3681 3298/3713/3705 3199/3714/3706
f 3198/3689/3681 3199/3714/3706 3099/3690/3682
f 3099/3690/3682 3199/3714/3706 3100/3715/3707
f 3099/3690/3682 3100/3715/3707 3000/3691/3683
f 3000/3691/3683 3100/3715/3707 3001/3716/3708
f 3000/3691/3683 3001/3716/3708 2901/3692/3684
f 2901/3692/3684 3001/3716/3708 2902/3717/3709
f 2901/3692/3684 2902/3717/3709 2802/3693/3685
f 2802/3693/3685 2902/3717/3709 2803/3718/3710
f 2802/3693/3685 2803/3718/3710 2703/3694/3686
f 2703/3694/3686 2803/3718/3710 2704/3719/3711
f 2703/3694/3686 2704/3719/3711 2509/3695/3687
f 2509/3695/3687 2704/3719/3711 2510/3720/3712
f 2509/3695/3687 2510/3720/3712 2546/3696/3688
f 2546/3696/3688 2510/3720/3712 2545/3721/3713
f 2546/3696/3688 2545/3721/3713 3792/3697/3689
f 3792/3697/3689 2545/3721/3713 3791/3722/3714
f 3792/3697/3689 3791/3722/3714 3891/3595/3587
f 3891/3595/3587 3791/3722/3714 3890/3597/3589
f 2260/3712/3704 2259/3723/3715 3298/3713/3705
f 3298/3713/3705 2259/3723/3715 2258/3724/3716
f 3298/3713/3705 2258/3724/3716 3396/3725/3717
f 3396/3725/3717 2258/3724/3716 2257/3726/3718
f 3396/3725/3717 2257/3726/3718 2256/3727/3719
f 2256/3727/3719 2255/3728/3720 3396/3725/3717
f 3396/3725/3717 2255/3728/3720 2254/3729/3721
f 3396/3725/3717 2254/3729/3721 2253/3730/3722
f 2253/3730/3722 2252/3731/3723 3396/3725/3717
f 3396/3725/3717 2252/3731/3723 3298/3713/3705
f 3298/3713/3705 2252/3731/3723 3299/3732/3724
f 3299/3732/3724 2252/3731/3723 2251/3733/3725
f 3299/3732/3724 2251/3733/3725 2250/3734/3726
f 2250/3734/3726 2249/3735/3727 3299/3732/3724
f 3299/3732/3724 2249/3735/3727 2248/3736/3728
f 3299/3732/3724 2248/3736/3728 2247/3737/3729
f 2247/3737/3729 2246/3738/3730 3299/3732/3724
f 3299/3732/3724 2246/3738/3730 2245/3739/3731
f 3299/3732/3724 2245/3739/3731 2244/3740/3732
f 3299/3732/3724 2244/3740/3732 3300/3741/3733
f 3300/3741/3733 2244/3740/3732 2243/3742/3734
f 3300/3741/3733 2243/3742/3734 2242/3743/3735
f 2242/3743/3735 2241/3744/3736 3300/3741/3733
f 3300/3741/3733 2241/3744/3736 2240/3745/3737
f 3300/3741/3733 2240/3745/3737 2239/3746/3738
f 2239/3746/3738 2238/3747/3739 3300/3741/3733
f 3300/3741/3733 2238/3747/3739 2237/3748/3740
f 3300/3741/3733 2237/3748/3740 2236/3749/3741
f 2236/3749/3741 2235/3750/3742 3300/3741/3733
f 3300/3741/3733 2235/3750/3742 2234/3751/3743
f 3300/3741/3733 2234/3751/3743 3397/3752/3744
f 3397/3752/3744 2234/3751/3743 2233/3753/3745
f 3397/3752/3744 2233/3753/3745 2232/3754/3746
f 2232/3754/3746 2231/3755/3747 3397/3752/3744
f 3397/3752/3744 2231/3755/3747 2230/3756/3748
f 3397/3752/3744 2230/3756/3748 2229/3757/3749
f 2229/3757/3749 2228/3758/3750 3397/3752/3744
f 3397/3752/3744 2228/3758/3750 2227/3759/3751
f 3397/3752/3744 2227/3759/3751 2226/3760/3752
f 2226/3760/3752 2225/3761/3753 3397/3752/3744
f 3397/3752/3744 2225/3761/3753 2224/3762/3754
f 3397/3752/3744 2224/3762/3754 2223/3763/3755
f 2223/3763/3755 2222/3764/3756 3397/3752/3744
f 3397/3752/3744 2222/3764/3756 2221/3765/3757
f 3397/3752/3744 2221/3765/3757 2220/3766/3758
f 2220/3766/3758 2219/3767/3759 3397/3752/3744
f 3397/3752/3744 2219/3767/3759 3300/3741/3733
f 2219/3767/3759 2218/3768/3760 3300/3741/3733
f 3300/3741/3733 2218/3768/3760 2217/3769/3761
f 3300/3741/3733 2217/3769/3761 2216/3770/3762
f 2216/3770/3762 2215/3771/3763 3300/3741/3733
f 3300/3741/3733 2215/3771/3763 2214/3772/3764
f 3300/3741/3733 2214/3772/3764 2213/3773/3765
f 2213/3773/3765 2212/3774/3766 3300/3741/3733
f 3300/3741/3733 2212/3774/3766 2211/3775/3767
f 3300/3741/3733 2211/3775/3767 3301/3776/3768
f 3301/3776/3768 2211/3775/3767 2210/3777/3769
f 3301/3776/3768 2210/3777/3769 2209/3778/3770
f 2209/3778/3770 2208/3779/3771 3301/3776/3768
f 3301/3776/3768 2208/3779/3771 2207/3780/3772
f 3301/3776/3768 2207/3780/3772 3398/3781/3773
f 3398/3781/3773 2207/3780/3772 2206/3782/3774
f 3398/3781/3773 2206/3782/3774 2205/3783/3775
f 2205/3783/3775 2204/3784/3776 3398/3781/3773
f 3398/3781/3773 2204/3784/3776 2203/3785/3777
f 3398/3781/3773 2203/3785/3777 2202/3786/3778
f 2202/3786/3778 2201/3787/3779 3398/3781/3773
f 3398/3781/3773 2201/3787/3779 2200/3788/3780
f 3398/3781/3773 2200/3788/3780 2199/3789/3781
f 2199/3789/3781 2198/3790/3782 3398/3781/3773
f 3398/3781/3773 2198/3790/3782 2197/3791/3783
f 3398/3781/3773 2197/3791/3783 2196/3792/3784
f 2196/3792/3784 2195/3793/3785 3398/3781/3773
f 3398/3781/3773 2195/3793/3785 2194/3794/3786
f 3398/3781/3773 2194/3794/3786 2193/3795/3787
f 2193/3795/3787 2192/3796/3788 3398/3781/3773
f 3398/3781/3773 2192/3796/3788 2191/3797/3789
f 3398/3781/3773 2191/3797/3789 2190/3798/3790
f 2190/3798/3790 2189/3799/3791 3398/3781/3773
f 3398/3781/3773 2189/3799/3791 2188/3800/3792
f 3398/3781/3773 2188/3800/3792 2187/3801/3793
f 2187/3801/3793 2186/3802/3794 3398/3781/3773
f 3398/3781/3773 2186/3802/3794 2185/3803/3795
f 3398/3781/3773 2185/3803/3795 2184/3804/3796
f 2184/3804/3796 2183/3805/3797 3398/3781/3773
f 3398/3781/3773 2183/3805/3797 2182/3806/3798
f 3398/3781/3773 2182/3806/3798 2181/3807/3799
f 2181/3807/3799 2180/3808/3800 3398/3781/3773
f 3398/3781/3773 2180/3808/3800 2179/3809/3801
f 3398/3781/3773 2179/3809/3801 2178/3810/3802
f 2178/3810/3802 2177/3811/3803 3398/3781/3773
f 3398/3781/3773 2177/3811/3803 2176/3812/3804
f 3398/3781/3773 2176/3812/3804 2175/3813/3805
f 2175/3813/3805 2174/3814/3806 3398/3781/3773
f 3398/3781/3773 2174/3814/3806 3399/3815/3807
f 3398/3781/3773 3399/3815/3807 3301/3776/3768
f 3301/3776/3768 3399/3815/3807 3302/3816/3808
f 3301/3776/3768 3302/3816/3808 3202/3817/3809
f 3202/3817/3809 3302/3816/3808 3203/3818/3810
f 3202/3817/3809 3203/3818/3810 3103/3819/3811
f 3103/3819/3811 3203/3818/3810 3104/3820/3812
f 3103/3819/3811 3104/3820/3812 3004/3821/3813
f 3004/3821/3813 3104/3820/3812 3005/3822/3814
f 3004/3821/3813 3005/3822/3814 2905/3823/3815
f 2905/3823/3815 3005/3822/3814 2906/3824/3816
f 2905/3823/3815 2906/3824/3816 2806/3825/3817
f 2806/3825/3817 2906/3824/3816 2807/3826/3818
f 2806/3825/3817 2807/3826/3818 2707/3827/3819
f 2707/3827/3819 2807/3826/3818 2708/3828/3820
f 2707/3827/3819 2708/3828/3820 2513/3829/3821
f 2513/3829/3821 2708/3828/3820 2514/3830/3822
f 2513/3829/3821 2514/3830/3822 2542/3831/3823
f 2542/3831/3823 2514/3830/3822 2541/3832/3824
f 2542/3831/3823 2541/3832/3824 3788/3833/3825
f 3788/3833/3825 2541/3832/3824 3787/3834/3826
f 3788/3833/3825 3787/3834/3826 3887/3603/3595
f 3887/3603/3595 3787/3834/3826 3886/3605/3597
f 2174/3814/3806 2173/3835/3827 3399/3815/3807
f 3399/3815/3807 2173/3835/3827 2172/3836/3828
f 3399/3815/3807 2172/3836/3828 2171/3837/3829
f 2171/3837/3829 2170/3838/3830 3399/3815/3807
f 3399/3815/3807 2170/3838/3830 2169/3839/3831
f 3399/3815/3807 2169/3839/3831 2168/3840/3832
f 2168/3840/3832 2167/3841/3833 3399/3815/3807
f 3399/3815/3807 2167/3841/3833 2166/3842/3834
f 3399/3815/3807 2166/3842/3834 2165/3843/3835
f 2165/3843/3835 2164/3844/3836 3399/3815/3807
f 3399/3815/3807 2164/3844/3836 2163/3845/3837
f 3399/3815/3807 2163/3845/3837 2162/3846/3838
f 2162/3846/3838 2161/3847/3839 3399/3815/3807
f 3399/3815/3807 2161/3847/3839 2160/3848/3840
f 3399/3815/3807 2160/3848/3840 2159/3849/3841
f 2159/3849/3841 2158/3850/3842 3399/3815/3807
f 3399/3815/3807 2158/3850/3842 2157/3851/3843
f 3399/3815/3807 2157/3851/3843 2156/3852/3844
f 2156/3852/3844 2155/3853/3845 3399/3815/3807
f 3399/3815/3807 2155/3853/3845 2154/3854/3846
f 3399/3815/3807 2154/3854/3846 2153/3855/3847
f 2153/3855/3847 2152/3856/3848 3399/3815/3807
f 3399/3815/3807 2152/3856/3848 2151/3857/3849
f 3399/3815/3807 2151/3857/3849 2150/3858/3850
f 2150/3858/3850 2149/3859/3851 3399/3815/3807
f 3399/3815/3807 2149/3859/3851 2148/3860/3852
f 3399/3815/3807 2148/3860/3852 3400/3861/3853
f 3400/3861/3853 2148/3860/3852 3709/3862/3854
f 3400/3861/3853 3709/3862/3854 3710/3863/3855
f 3710/3863/3855 3709/3862/3854 2146/3864/3856
f 3710/3863/3855 2146/3864/3856 3722/3865/3857
f 3722/3865/3857 2146/3864/3856 2145/3866/3858
f 3722/3865/3857 2145/3866/3858 3723/3867/3859
f 3723/3867/3859 2145/3866/3858 2144/3868/3860
f 3723/3867/3859 2144/3868/3860 2143/3869/3861
f 2148/3860/3852 2147/3870/3862 3709/3862/3854
f 3709/3862/3854 2147/3870/3862 2146/3864/3856
f 3723/3867/3859 2143/3869/3861 3734/3871/3863
f 3734/3871/3863 2143/3869/3861 2142/3872/3864
f 3734/3871/3863 2142/3872/3864 3735/3873/3865
f 3735/3873/3865 2142/3872/3864 3744/3874/3866
f 3735/3873/3865 3744/3874/3866 3745/3875/3867
f 3745/3875/3867 3744/3874/3866 2141/3876/3868
f 3745/3875/3867 2141/3876/3868 2140/3877/3869
f 2142/3872/3864 2141/3876/3868 3744/3874/3866
f 2140/3877/3869 2139/3878/3870 3745/3875/3867
f 3745/3875/3867 2139/3878/3870 3746/3879/3871
f 3745/3875/3867 3746/3879/3871 3736/3880/3872
f 3736/3880/3872 3746/3879/3871 3737/3881/3873
f 3736/3880/3872 3737/3881/3873 3726/3882/3874
f 3726/3882/3874 3737/3881/3873 3727/3883/3875
f 3726/3882/3874 3727/3883/3875 3714/3884/3876
f 3714/3884/3876 3727/3883/3875 3715/3885/3877
f 3714/3884/3876 3715/3885/3877 3405/3886/3878
f 3405/3886/3878 3715/3885/3877 3406/3887/3879
f 3405/3886/3878 3406/3887/3879 3308/3888/3880
f 3308/3888/3880 3406/3887/3879 3309/3889/3881
f 3308/3888/3880 3309/3889/3881 3209/3890/3882
f 3209/3890/3882 3309/3889/3881 3210/3891/3883
f 3209/3890/3882 3210/3891/3883 3110/3892/3884
f 3110/3892/3884 3210/3891/3883 3111/3893/3885
f 3110/3892/3884 3111/3893/3885 3011/3894/3886
f 3011/3894/3886 3111/3893/3885 3012/3895/3887
f 3011/3894/3886 3012/3895/3887 2912/3896/3888
f 2912/3896/3888 3012/3895/3887 2913/3897/3889
f 2912/3896/3888 2913/3897/3889 2813/3898/3890
f 2813/3898/3890 2913/3897/3889 2814/3899/3891
f 2813/3898/3890 2814/3899/3891 2714/3900/3892
f 2714/3900/3892 2814/3899/3891 2715/3901/3893
f 2714/3900/3892 2715/3901/3893 2520/3902/3894
f 2520/3902/3894 2715/3901/3893 2521/3903/3895
f 2520/3902/3894 2521/3903/3895 2535/3904/3896
f 2535/3904/3896 2521/3903/3895 2534/3905/3897
f 2535/3904/3896 2534/3905/3897 3781/3906/3898
f 3781/3906/3898 2534/3905/3897 3780/3907/3899
f 3781/3906/3898 3780/3907/3899 3880/3617/3609
f 3880/3617/3609 3780/3907/3899 3879/3619/3611
f 3746/3879/3871 2139/3878/3870 3753/3908/3900
f 3753/3908/3900 2139/3878/3870 2138/3909/3901
f 3753/3908/3900 2138/3909/3901 3754/3910/3902
f 3754/3910/3902 2138/3909/3901 3760/3911/3903
f 3754/3910/3902 3760/3911/3903 3761/3912/3904
f 3761/3912/3904 3760/3911/3903 2137/3913/3905
f 3761/3912/3904 2137/3913/3905 2136/3914/3906
f 2138/3909/3901 2137/3913/3905 3760/3911/3903
f 2136/3914/3906 2135/3915/3907 3761/3912/3904
f 3761/3912/3904 2135/3915/3907 3762/3916/3908
f 3761/3912/3904 3762/3916/3908 3755/3917/3909
f 3755/3917/3909 3762/3916/3908 3756/3918/3910
f 3755/3917/3909 3756/3918/3910 3748/3919/3911
f 3748/3919/3911 3756/3918/3910 3749/3920/3912
f 3748/3919/3911 3749/3920/3912 3739/3921/3913
f 3739/3921/3913 3749/3920/3912 3740/3922/3914
f 3739/3921/3913 3740/3922/3914 3729/3923/3915
f 3729/3923/3915 3740/3922/3914 3730/3924/3916
f 3729/3923/3915 3730/3924/3916 3717/3925/3917
f 3717/3925/3917 3730/3924/3916 3718/3926/3918
f 3717/3925/3917 3718/3926/3918 3408/3927/3919
f 3408/3927/3919 3718/3926/3918 3409/3928/3920
f 3408/3927/3919 3409/3928/3920 3311/3929/3921
f 3311/3929/3921 3409/3928/3920 3312/3930/3922
f 3311/3929/3921 3312/3930/3922 3212/3931/3923
f 3212/3931/3923 3312/3930/3922 3213/3932/3924
f 3212/3931/3923 3213/3932/3924 3113/3933/3925
f 3113/3933/3925 3213/3932/3924 3114/3934/3926
f 3113/3933/3925 3114/3934/3926 3014/3935/3927
f 3014/3935/3927 3114/3934/3926 3015/3936/3928
f 3014/3935/3927 3015/3936/3928 2915/3937/3929
f 2915/3937/3929 3015/3936/3928 2916/3938/3930
f 2915/3937/3929 2916/3938/3930 2816/3939/3931
f 2816/3939/3931 2916/3938/3930 2817/3940/3932
f 2816/3939/3931 2817/3940/3932 2717/3941/3933
f 2717/3941/3933 2817/3940/3932 2718/3942/3934
f 2717/3941/3933 2718/3942/3934 2523/3943/3935
f 2523/3943/3935 2718/3942/3934 2524/3944/3936
f 2523/3943/3935 2524/3944/3936 2532/3945/3937
f 2532/3945/3937 2524/3944/3936 2531/3946/3938
f 2532/3945/3937 2531/3946/3938 3778/3947/3939
f 3778/3947/3939 2531/3946/3938 3777/3948/3940
f 3778/3947/3939 3777/3948/3940 3877/3623/3615
f 3877/3623/3615 3777/3948/3940 3876/3625/3617
f 3762/3916/3908 2135/3915/3907 3766/3949/3941
f 3766/3949/3941 2135/3915/3907 2134/3950/3942
f 3766/3949/3941 2134/3950/3942 3767/3951/3943
f 3767/3951/3943 2134/3950/3942 3770/3952/3944
f 3767/3951/3943 3770/3952/3944 3771/3953/3945
f 3771/3953/3945 3770/3952/3944 2133/3954/3946
f 3771/3953/3945 2133/3954/3946 2132/3955/3947
f 2134/3950/3942 2133/3954/3946 3770/3952/3944
f 2132/3955/3947 2131/3956/3948 3771/3953/3945
f 3771/3953/3945 2131/3956/3948 3772/3957/3949
f 3771/3953/3945 3772/3957/3949 3768/3958/3950
f 3768/3958/3950 3772/3957/3949 3769/3959/3951
f 3768/3958/3950 3769/3959/3951 3764/3960/3952
f 3764/3960/3952 3769/3959/3951 3765/3961/3953
f 3764/3960/3952 3765/3961/3953 3758/3962/3954
f 3758/3962/3954 3765/3961/3953 3759/3963/3955
f 3758/3962/3954 3759/3963/3955 3751/3964/3956
f 3751/3964/3956 3759/3963/3955 3752/3965/3957
f 3751/3964/3956 3752/3965/3957 3742/3966/3958
f 3742/3966/3958 3752/3965/3957 3743/3967/3959
f 3742/3966/3958 3743/3967/3959 3732/3968/3960
f 3732/3968/3960 3743/3967/3959 3733/3969/3961
f 3732/3968/3960 3733/3969/3961 3720/3970/3962
f 3720/3970/3962 3733/3969/3961 3721/3971/3963
f 3720/3970/3962 3721/3971/3963 3411/3972/3964
f 3411/3972/3964 3721/3971/3963 3412/3973/3965
f 3411/3972/3964 3412/3973/3965 3314/3974/3966
f 3314/3974/3966 3412/3973/3965 3315/3975/3967
f 3314/3974/3966 3315/3975/3967 3215/3976/3968
f 3215/3976/3968 3315/3975/3967 3216/3977/3969
f 3215/3976/3968 3216/3977/3969 3116/3978/3970
f 3116/3978/3970 3216/3977/3969 3117/3979/3971
f 3116/3978/3970 3117/3979/3971 3017/3980/3972
f 3017/3980/3972 3117/3979/3971 3018/3981/3973
f 3017/3980/3972 3018/3981/3973 2918/3982/3974
f 2918/3982/3974 3018/3981/3973 2919/3983/3975
f 2918/3982/3974 2919/3983/3975 2819/3984/3976
f 2819/3984/3976 2919/3983/3975 2820/3985/3977
f 2819/3984/3976 2820/3985/3977 2720/3986/3978
f 2720/3986/3978 2820/3985/3977 2721/3987/3979
f 2720/3986/3978 2721/3987/3979 2526/3988/3980
f 2526/3988/3980 2721/3987/3979 2527/3989/3981
f 2526/3988/3980 2527/3989/3981 2529/3990/3982
f 2529/3990/3982 2527/3989/3981 2528/3991/3983
f 2529/3990/3982 2528/3991/3983 3775/3992/3984
f 3775/3992/3984 2528/3991/3983 3774/3993/3985
f 3775/3992/3984 3774/3993/3985 3874/3629/3621
f 3874/3629/3621 3774/3993/3985 3873/3631/3623
f 3772/3957/3949 2131/3956/3948 3773/3994/3986
f 3773/3994/3986 2131/3956/3948 2130/3995/3987
f 3773/3994/3986 2130/3995/3987 2128/3996/3988
f 2128/3996/3988 2130/3995/3987 2129/3997/3989
f 3773/3994/3986 2128/3996/3988 3772/3957/3949
f 3772/3957/3949 2128/3996/3988 2127/3998/3990
f 3772/3957/3949 2127/3998/3990 3769/3959/3951
f 3769/3959/3951 2127/3998/3990 2126/3999/3991
f 3769/3959/3951 2126/3999/3991 3765/3961/3953
f 3765/3961/3953 2126/3999/3991 2125/4000/3992
f 3765/3961/3953 2125/4000/3992 3759/3963/3955
f 3759/3963/3955 2125/4000/3992 2124/4001/3993
f 3759/3963/3955 2124/4001/3993 3752/3965/3957
f 3752/3965/3957 2124/4001/3993 2123/4002/3994
f 3752/3965/3957 2123/4002/3994 3743/3967/3959
f 3743/3967/3959 2123/4002/3994 2122/4003/3995
f 3743/3967/3959 2122/4003/3995 3733/3969/3961
f 3733/3969/3961 2122/4003/3995 2121/4004/3996
f 3733/3969/3961 2121/4004/3996 3721/3971/3963
f 3721/3971/3963 2121/4004/3996 2120/4005/3997
f 3721/3971/3963 2120/4005/3997 3412/3973/3965
f 3412/3973/3965 2120/4005/3997 2119/4006/3998
f 3412/3973/3965 2119/4006/3998 3315/3975/3967
f 3315/3975/3967 2119/4006/3998 2118/4007/3999
f 3315/3975/3967 2118/4007/3999 3216/3977/3969
f 3216/3977/3969 2118/4007/3999 2117/4008/4000
f 3216/3977/3969 2117/4008/4000 3117/3979/3971
f 3117/3979/3971 2117/4008/4000 2116/4009/4001
f 3117/3979/3971 2116/4009/4001 3018/3981/3973
f 3018/3981/3973 2116/4009/4001 2115/4010/4002
f 3018/3981/3973 2115/4010/4002 2919/3983/3975
f 2919/3983/3975 2115/4010/4002 2114/4011/4003
f 2919/3983/3975 2114/4011/4003 2820/3985/3977
f 2820/3985/3977 2114/4011/4003 2113/4012/4004
f 2820/3985/3977 2113/4012/4004 2721/3987/3979
f 2721/3987/3979 2113/4012/4004 2112/4013/4005
f 2721/3987/3979 2112/4013/4005 2527/3989/3981
f 2527/3989/3981 2112/4013/4005 2111/4014/4006
f 2527/3989/3981 2111/4014/4006 2528/3991/3983
f 2528/3991/3983 2111/4014/4006 2110/4015/4007
f 2528/3991/3983 2110/4015/4007 3774/3993/3985
f 3774/3993/3985 2110/4015/4007 2109/4016/4008
f 3774/3993/3985 2109/4016/4008 3873/3631/3623
f 3873/3631/3623 2109/4016/4008 2108/3633/3625
f 2084/3589/3581 2083/4017/4009 3895/3587/3579
f 3895/3587/3579 2083/4017/4009 3896/4018/4010
f 3895/3587/3579 3896/4018/4010 3796/3585/3577
f 3796/3585/3577 3896/4018/4010 3797/4019/4011
f 3796/3585/3577 3797/4019/4011 2550/3583/3575
f 2550/3583/3575 3797/4019/4011 2551/4020/4012
f 2550/3583/3575 2551/4020/4012 2505/3581/3573
f 2505/3581/3573 2551/4020/4012 2504/4021/4013
f 2505/3581/3573 2504/4021/4013 2699/3579/3571
f 2699/3579/3571 2504/4021/4013 2698/4022/4014
f 2699/3579/3571 2698/4022/4014 2798/3577/3569
f 2798/3577/3569 2698/4022/4014 2797/4023/4015
f 2798/3577/3569 2797/4023/4015 2897/3575/3567
f 2897/3575/3567 2797/4023/4015 2896/4024/4016
f 2897/3575/3567 2896/4024/4016 2996/3573/3565
f 2996/3573/3565 2896/4024/4016 2995/4025/4017
f 2996/3573/3565 2995/4025/4017 3095/3571/3563
f 3095/3571/3563 2995/4025/4017 3094/4026/4018
f 3095/3571/3563 3094/4026/4018 3194/3569/3561
f 3194/3569/3561 3094/4026/4018 3193/4027/4019
f 3194/3569/3561 3193/4027/4019 3293/3567/3559
f 3293/3567/3559 3193/4027/4019 3292/4028/4020
f 3293/3567/3559 3292/4028/4020 3391/3565/3557
f 3391/3565/3557 3292/4028/4020 3390/4029/4021
f 3391/3565/3557 3390/4029/4021 3488/3560/3552
f 3488/3560/3552 3390/4029/4021 3487/4030/4022
f 3488/3560/3552 3487/4030/4022 3565/3554/3546
f 3565/3554/3546 3487/4030/4022 3564/3545/3537
f 2083/4017/4009 2082/4031/4023 3896/4018/4010
f 3896/4018/4010 2082/4031/4023 3897/4032/4024
f 3896/4018/4010 3897/4032/4024 3797/4019/4011
f 3797/4019/4011 3897/4032/4024 3798/4033/4025
f 3797/4019/4011 3798/4033/4025 2551/4020/4012
f 2551/4020/4012 3798/4033/4025 2552/4034/4026
f 2551/4020/4012 2552/4034/4026 2504/4021/4013
f 2504/4021/4013 2552/4034/4026 2503/4035/4027
f 2504/4021/4013 2503/4035/4027 2698/4022/4014
f 2698/4022/4014 2503/4035/4027 2697/4036/4028
f 2698/4022/4014 2697/4036/4028 2797/4023/4015
f 2797/4023/4015 2697/4036/4028 2796/4037/4029
f 2797/4023/4015 2796/4037/4029 2896/4024/4016
f 2896/4024/4016 2796/4037/4029 2895/4038/4030
f 2896/4024/4016 2895/4038/4030 2995/4025/4017
f 2995/4025/4017 2895/4038/4030 2994/4039/4031
f 2995/4025/4017 2994/4039/4031 3094/4026/4018
f 3094/4026/4018 2994/4039/4031 3093/4040/4032
f 3094/4026/4018 3093/4040/4032 3193/4027/4019
f 3193/4027/4019 3093/4040/4032 3192/4041/4033
f 3193/4027/4019 3192/4041/4033 3292/4028/4020
f 3292/4028/4020 3192/4041/4033 3291/4042/4034
f 3292/4028/4020 3291/4042/4034 3390/4029/4021
f 3390/4029/4021 3291/4042/4034 3389/4043/4035
f 3390/4029/4021 3389/4043/4035 3487/4030/4022
f 3487/4030/4022 3389/4043/4035 3486/4044/4036
f 3487/4030/4022 3486/4044/4036 3564/3545/3537
f 3564/3545/3537 3486/4044/4036 3563/3542/3534
f 2082/4031/4023 2081/4045/4037 3897/4032/4024
f 3897/4032/4024 2081/4045/4037 3898/4046/4038
f 3897/4032/4024 3898/4046/4038 3798/4033/4025
f 3798/4033/4025 3898/4046/4038 3799/4047/4039
f 3798/4033/4025 3799/4047/4039 2552/4034/4026
f 2552/4034/4026 3799/4047/4039 2553/4048/4040
f 2552/4034/4026 2553/4048/4040 2503/4035/4027
f 2503/4035/4027 2553/4048/4040 2502/4049/4041
f 2503/4035/4027 2502/4049/4041 2697/4036/4028
f 2697/4036/4028 2502/4049/4041 2696/4050/4042
f 2697/4036/4028 2696/4050/4042 2796/4037/4029
f 2796/4037/4029 2696/4050/4042 2795/4051/4043
f 2796/4037/4029 2795/4051/4043 2895/4038/4030
f 2895/4038/4030 2795/4051/4043 2894/4052/4044
f 2895/4038/4030 2894/4052/4044 2994/4039/4031
f 2994/4039/4031 2894/4052/4044 2993/4053/4045
f 2994/4039/4031 2993/4053/4045 3093/4040/4032
f 3093/4040/4032 2993/4053/4045 3092/4054/4046
f 3093/4040/4032 3092/4054/4046 3192/4041/4033
f 3192/4041/4033 3092/4054/4046 3191/4055/4047
f 3192/4041/4033 3191/4055/4047 3291/4042/4034
f 3291/4042/4034 3191/4055/4047 3290/4056/4048
f 3291/4042/4034 3290/4056/4048 3389/4043/4035
f 3389/4043/4035 3290/4056/4048 3388/4057/4049
f 3389/4043/4035 3388/4057/4049 3486/4044/4036
f 3486/4044/4036 3388/4057/4049 3485/4058/4050
f 3486/4044/4036 3485/4058/4050 3563/3542/3534
f 3563/3542/3534 3485/4058/4050 3562/4059/4051
f 3563/3542/3534 3562/4059/4051 3567/3529/3521
f 3567/3529/3521 3562/4059/4051 3568/4060/4052
f 3567/3529/3521 3568/4060/4052 3707/3521/3513
f 3707/3521/3513 3568/4060/4052 3706/3519/3511
f 2081/4045/4037 2080/4061/4053 3898/4046/4038
f 3898/4046/4038 2080/4061/4053 3899/4062/4054
f 3898/4046/4038 3899/4062/4054 3799/4047/4039
f 3799/4047/4039 3899/4062/4054 3800/4063/4055
f 3799/4047/4039 3800/4063/4055 2553/4048/4040
f 2553/4048/4040 3800/4063/4055 2554/4064/4056
f 2553/4048/4040 2554/4064/4056 2502/4049/4041
f 2502/4049/4041 2554/4064/4056 2501/4065/4057
f 2502/4049/4041 2501/4065/4057 2696/4050/4042
f 2696/4050/4042 2501/4065/4057 2695/4066/4058
f 2696/4050/4042 2695/4066/4058 2795/4051/4043
f 2795/4051/4043 2695/4066/4058 2794/4067/4059
f 2795/4051/4043 2794/4067/4059 2894/4052/4044
f 2894/4052/4044 2794/4067/4059 2893/4068/4060
f 2894/4052/4044 2893/4068/4060 2993/4053/4045
f 2993/4053/4045 2893/4068/4060 2992/4069/4061
f 2993/4053/4045 2992/4069/4061 3092/4054/4046
f 3092/4054/4046 2992/4069/4061 3091/4070/4062
f 3092/4054/4046 3091/4070/4062 3191/4055/4047
f 3191/4055/4047 3091/4070/4062 3190/4071/4063
f 3191/4055/4047 3190/4071/4063 3290/4056/4048
f 3290/4056/4048 3190/4071/4063 3289/4072/4064
f 3290/4056/4048 3289/4072/4064 3388/4057/4049
f 3388/4057/4049 3289/4072/4064 3387/4073/4065
f 3388/4057/4049 3387/4073/4065 3485/4058/4050
f 3485/4058/4050 3387/4073/4065 3484/4074/4066
f 3485/4058/4050 3484/4074/4066 3562/4059/4051
f 3562/4059/4051 3484/4074/4066 3561/4075/4067
f 3562/4059/4051 3561/4075/4067 3568/4060/4052
f 3568/4060/4052 3561/4075/4067 3569/4076/4068
f 3568/4060/4052 3569/4076/4068 3706/3519/3511
f 3706/3519/3511 3569/4076/4068 3705/3517/3509
f 2080/4061/4053 2079/4077/4069 3899/4062/4054
f 3899/4062/4054 2079/4077/4069 3900/4078/4070
f 3899/4062/4054 3900/4078/4070 3800/4063/4055
f 3800/4063/4055 3900/4078/4070 3801/4079/4071
f 3800/4063/4055 3801/4079/4071 2554/4064/4056
f 2554/4064/4056 3801/4079/4071 2555/4080/4072
f 2554/4064/4056 2555/4080/4072 2501/4065/4057
f 2501/4065/4057 2555/4080/4072 2500/4081/4073
f 2501/4065/4057 2500/4081/4073 2695/4066/4058
f 2695/4066/4058 2500/4081/4073 2694/4082/4074
f 2695/4066/4058 2694/4082/4074 2794/4067/4059
f 2794/4067/4059 2694/4082/4074 2793/4083/4075
f 2794/4067/4059 2793/4083/4075 2893/4068/4060
f 2893/4068/4060 2793/4083/4075 2892/4084/4076
f 2893/4068/4060 2892/4084/4076 2992/4069/4061
f 2992/4069/4061 2892/4084/4076 2991/4085/4077
f 2992/4069/4061 2991/4085/4077 3091/4070/4062
f 3091/4070/4062 2991/4085/4077 3090/4086/4078
f 3091/4070/4062 3090/4086/4078 3190/4071/4063
f 3190/4071/4063 3090/4086/4078 3189/4087/4079
f 3190/4071/4063 3189/4087/4079 3289/4072/4064
f 3289/4072/4064 3189/4087/4079 3288/4088/4080
f 3289/4072/4064 3288/4088/4080 3387/4073/4065
f 3387/4073/4065 3288/4088/4080 3386/4089/4081
f 3387/4073/4065 3386/4089/4081 3484/4074/4066
f 3484/4074/4066 3386/4089/4081 3483/4090/4082
f 3484/4074/4066 3483/4090/4082 3561/4075/4067
f 3561/4075/4067 3483/4090/4082 3560/4091/4083
f 3561/4075/4067 3560/4091/4083 3569/4076/4068
f 3569/4076/4068 3560/4091/4083 3570/4092/4084
f 3569/4076/4068 3570/4092/4084 3705/3517/3509
f 3705/3517/3509 3570/4092/4084 3704/3515/3507
f 2079/4077/4069 2078/4093/4085 3900/4078/4070
f 3900/4078/4070 2078/4093/4085 3901/4094/4086
f 3900/4078/4070 3901/4094/4086 3801/4079/4071
f 3801/4079/4071 3901/4094/4086 3802/4095/4087
f 3801/4079/4071 3802/4095/4087 2555/4080/4072
f 2555/4080/4072 3802/4095/4087 2556/4096/4088
f 2555/4080/4072 2556/4096/4088 2500/4081/4073
f 2500/4081/4073 2556/4096/4088 2499/4097/4089
f 2500/4081/4073 2499/4097/4089 2694/4082/4074
f 2694/4082/4074 2499/4097/4089 2693/4098/4090
f 2694/4082/4074 2693/4098/4090 2793/4083/4075
f 2793/4083/4075 2693/4098/4090 2792/4099/4091
f 2793/4083/4075 2792/4099/4091 2892/4084/4076
f 2892/4084/4076 2792/4099/4091 2891/4100/4092
f 2892/4084/4076 2891/4100/4092 2991/4085/4077
f 2991/4085/4077 2891/4100/4092 2990/4101/4093
f 2991/4085/4077 2990/4101/4093 3090/4086/4078
f 3090/4086/4078 2990/4101/4093 3089/4102/4094
f 3090/4086/4078 3089/4102/4094 3189/4087/4079
f 3189/4087/4079 3089/4102/4094 3188/4103/4095
f 3189/4087/4079 3188/4103/4095 3288/4088/4080
f 3288/4088/4080 3188/4103/4095 3287/4104/4096
f 3288/4088/4080 3287/4104/4096 3386/4089/4081
f 3386/4089/4081 3287/4104/4096 3385/4105/4097
f 3386/4089/4081 3385/4105/4097 3483/4090/4082
f 3483/4090/4082 3385/4105/4097 3482/4106/4098
f 3483/4090/4082 3482/4106/4098 3560/4091/4083
f 3560/4091/4083 3482/4106/4098 3559/4107/4099
f 3560/4091/4083 3559/4107/4099 3570/4092/4084
f 3570/4092/4084 3559/4107/4099 3571/4108/4100
f 3570/4092/4084 3571/4108/4100 3704/3515/3507
f 3704/3515/3507 3571/4108/4100 3703/3513/3505
f 2078/4093/4085 2077/4109/4101 3901/4094/4086
f 3901/4094/4086 2077/4109/4101 3902/4110/4102
f 3901/4094/4086 3902/4110/4102 3802/4095/4087
f 3802/4095/4087 3902/4110/4102 3803/4111/4103
f 3802/4095/4087 3803/4111/4103 2556/4096/4088
f 2556/4096/4088 3803/4111/4103 2557/4112/4104
f 2556/4096/4088 2557/4112/4104 2499/4097/4089
f 2499/4097/4089 2557/4112/4104 2498/4113/4105
f 2499/4097/4089 2498/4113/4105 2693/4098/4090
f 2693/4098/4090 2498/4113/4105 2692/4114/4106
f 2693/4098/4090 2692/4114/4106 2792/4099/4091
f 2792/4099/4091 2692/4114/4106 2791/4115/4107
f 2792/4099/4091 2791/4115/4107 2891/4100/4092
f 2891/4100/4092 2791/4115/4107 2890/4116/4108
f 2891/4100/4092 2890/4116/4108 2990/4101/4093
f 2990/4101/4093 2890/4116/4108 2989/4117/4109
f 2990/4101/4093 2989/4117/4109 3089/4102/4094
f 3089/4102/4094 2989/4117/4109 3088/4118/4110
f 3089/4102/4094 3088/4118/4110 3188/4103/4095
f 3188/4103/4095 3088/4118/4110 3187/4119/4111
f 3188/4103/4095 3187/4119/4111 3287/4104/4096
f 3287/4104/4096 3187/4119/4111 3286/4120/4112
f 3287/4104/4096 3286/4120/4112 3385/4105/4097
f 3385/4105/4097 3286/4120/4112 3384/4121/4113
f 3385/4105/4097 3384/4121/4113 3482/4106/4098
f 3482/4106/4098 3384/4121/4113 3481/4122/4114
f 3482/4106/4098 3481/4122/4114 3559/4107/4099
f 3559/4107/4099 3481/4122/4114 3558/4123/4115
f 3559/4107/4099 3558/4123/4115 3571/4108/4100
f 3571/4108/4100 3558/4123/4115 3572/4124/4116
f 3571/4108/4100 3572/4124/4116 3703/3513/3505
f 3703/3513/3505 3572/4124/4116 3702/3511/3503
f 2077/4109/4101 2076/4125/4117 3902/4110/4102
f 3902/4110/4102 2076/4125/4117 3903/4126/4118
f 3902/4110/4102 3903/4126/4118 3803/4111/4103
f 3803/4111/4103 3903/4126/4118 3804/4127/4119
f 3803/4111/4103 3804/4127/4119 2557/4112/4104
f 2557/4112/4104 3804/4127/4119 2558/4128/4120
f 2557/4112/4104 2558/4128/4120 2498/4113/4105
f 2498/4113/4105 2558/4128/4120 2497/4129/4121
f 2498/4113/4105 2497/4129/4121 2692/4114/4106
f 2692/4114/4106 2497/4129/4121 2691/4130/4122
f 2692/4114/4106 2691/4130/4122 2791/4115/4107
f 2791/4115/4107 2691/4130/4122 2790/4131/4123
f 2791/4115/4107 2790/4131/4123 2890/4116/4108
f 2890/4116/4108 2790/4131/4123 2889/4132/4124
f 2890/4116/4108 2889/4132/4124 2989/4117/4109
f 2989/4117/4109 2889/4132/4124 2988/4133/4125
f 2989/4117/4109 2988/4133/4125 3088/4118/4110
f 3088/4118/4110 2988/4133/4125 3087/4134/4126
f 3088/4118/4110 3087/4134/4126 3187/4119/4111
f 3187/4119/4111 3087/4134/4126 3186/4135/4127
f 3187/4119/4111 3186/4135/4127 3286/4120/4112
f 3286/4120/4112 3186/4135/4127 3285/4136/4128
f 3286/4120/4112 3285/4136/4128 3384/4121/4113
f 3384/4121/4113 3285/4136/4128 3383/4137/4129
f 3384/4121/4113 3383/4137/4129 3481/4122/4114
f 3481/4122/4114 3383/4137/4129 3480/4138/4130
f 3481/4122/4114 3480/4138/4130 3558/4123/4115
f 3558/4123/4115 3480/4138/4130 3557/4139/4131
f 3558/4123/4115 3557/4139/4131 3572/4124/4116
f 3572/4124/4116 3557/4139/4131 3573/4140/4132
f 3572/4124/4116 3573/4140/4132 3702/3511/3503
f 3702/3511/3503 3573/4140/4132 3701/3509/3501
f 2076/4125/4117 2075/4141/4133 3903/4126/4118
f 3903/4126/4118 2075/4141/4133 3904/4142/4134
f 3903/4126/4118 3904/4142/4134 3804/4127/4119
f 3804/4127/4119 3904/4142/4134 3805/4143/4135
f 3804/4127/4119 3805/4143/4135 2558/4128/4120
f 2558/4128/4120 3805/4143/4135 2559/4144/4136
f 2558/4128/4120 2559/4144/4136 2497/4129/4121
f 2497/4129/4121 2559/4144/4136 2496/4145/4137
f 2497/4129/4121 2496/4145/4137 2691/4130/4122
f 2691/4130/4122 2496/4145/4137 2690/4146/4138
f 2691/4130/4122 2690/4146/4138 2790/4131/4123
f 2790/4131/4123 2690/4146/4138 2789/4147/4139
f 2790/4131/4123 2789/4147/4139 2889/4132/4124
f 2889/4132/4124 2789/4147/4139 2888/4148/4140
f 2889/4132/4124 2888/4148/4140 2988/4133/4125
f 2988/4133/4125 2888/4148/4140 2987/4149/4141
f 2988/4133/4125 2987/4149/4141 3087/4134/4126
f 3087/4134/4126 2987/4149/4141 3086/4150/4142
f 3087/4134/4126 3086/4150/4142 3186/4135/4127
f 3186/4135/4127 3086/4150/4142 3185/4151/4143
f 3186/4135/4127 3185/4151/4143 3285/4136/4128
f 3285/4136/4128 3185/4151/4143 3284/4152/4144
f 3285/4136/4128 3284/4152/4144 3383/4137/4129
f 3383/4137/4129 3284/4152/4144 3382/4153/4145
f 3383/4137/4129 3382/4153/4145 3480/4138/4130
f 3480/4138/4130 3382/4153/4145 3479/4154/4146
f 3480/4138/4130 3479/4154/4146 3557/4139/4131
f 3557/4139/4131 3479/4154/4146 3556/4155/4147
f 3557/4139/4131 3556/4155/4147 3573/4140/4132
f 3573/4140/4132 3556/4155/4147 3574/4156/4148
f 3573/4140/4132 3574/4156/4148 3701/3509/3501
f 3701/3509/3501 3574/4156/4148 3700/3507/3499
f 2075/4141/4133 2074/4157/4149 3904/4142/4134
f 3904/4142/4134 2074/4157/4149 3905/4158/4150
f 3904/4142/4134 3905/4158/4150 3805/4143/4135
f 3805/4143/4135 3905/4158/4150 3806/4159/4151
f 3805/4143/4135 3806/4159/4151 2559/4144/4136
f 2559/4144/4136 3806/4159/4151 2560/4160/4152
f 2559/4144/4136 2560/4160/4152 2496/4145/4137
f 2496/4145/4137 2560/4160/4152 2495/4161/4153
f 2496/4145/4137 2495/4161/4153 2690/4146/4138
f 2690/4146/4138 2495/4161/4153 2689/4162/4154
f 2690/4146/4138 2689/4162/4154 2789/4147/4139
f 2789/4147/4139 2689/4162/4154 2788/4163/4155
f 2789/4147/4139 2788/4163/4155 2888/4148/4140
f 2888/4148/4140 2788/4163/4155 2887/4164/4156
f 2888/4148/4140 2887/4164/4156 2987/4149/4141
f 2987/4149/4141 2887/4164/4156 2986/4165/4157
f 2987/4149/4141 2986/4165/4157 3086/4150/4142
f 3086/4150/4142 2986/4165/4157 3085/4166/4158
f 3086/4150/4142 3085/4166/4158 3185/4151/4143
f 3185/4151/4143 3085/4166/4158 3184/4167/4159
f 3185/4151/4143 3184/4167/4159 3284/4152/4144
f 3284/4152/4144 3184/4167/4159 3283/4168/4160
f 3284/4152/4144 3283/4168/4160 3382/4153/4145
f 3382/4153/4145 3283/4168/4160 3381/4169/4161
f 3382/4153/4145 3381/4169/4161 3479/4154/4146
f 3479/4154/4146 3381/4169/4161 3478/4170/4162
f 3479/4154/4146 3478/4170/4162 3556/4155/4147
f 3556/4155/4147 3478/4170/4162 3555/4171/4163
f 3556/4155/4147 3555/4171/4163 3574/4156/4148
f 3574/4156/4148 3555/4171/4163 3575/4172/4164
f 3574/4156/4148 3575/4172/4164 3700/3507/3499
f 3700/3507/3499 3575/4172/4164 3699/3505/3497
f 2074/4157/4149 2073/4173/4165 3905/4158/4150
f 3905/4158/4150 2073/4173/4165 3906/4174/4166
f 3905/4158/4150 3906/4174/4166 3806/4159/4151
f 3806/4159/4151 3906/4174/4166 3807/4175/4167
f 3806/4159/4151 3807/4175/4167 2560/4160/4152
f 2560/4160/4152 3807/4175/4167 2561/4176/4168
f 2560/4160/4152 2561/4176/4168 2495/4161/4153
f 2495/4161/4153 2561/4176/4168 2494/4177/4169
f 2495/4161/4153 2494/4177/4169 2689/4162/4154
f 2689/4162/4154 2494/4177/4169 2688/4178/4170
f 2689/4162/4154 2688/4178/4170 2788/4163/4155
f 2788/4163/4155 2688/4178/4170 2787/4179/4171
f 2788/4163/4155 2787/4179/4171 2887/4164/4156
f 2887/4164/4156 2787/4179/4171 2886/4180/4172
f 2887/4164/4156 2886/4180/4172 2986/4165/4157
f 2986/4165/4157 2886/4180/4172 2985/4181/4173
f 2986/4165/4157 2985/4181/4173 3085/4166/4158
f 3085/4166/4158 2985/4181/4173 3084/4182/4174
f 3085/4166/4158 3084/4182/4174 3184/4167/4159
f 3184/4167/4159 3084/4182/4174 3183/4183/4175
f 3184/4167/4159 3183/4183/4175 3283/4168/4160
f 3283/4168/4160 3183/4183/4175 3282/4184/4176
f 3283/4168/4160 3282/4184/4176 3381/4169/4161
f 3381/4169/4161 3282/4184/4176 3380/4185/4177
f 3381/4169/4161 3380/4185/4177 3478/4170/4162
f 3478/4170/4162 3380/4185/4177 3477/4186/4178
f 3478/4170/4162 3477/4186/4178 3555/4171/4163
f 3555/4171/4163 3477/4186/4178 3554/4187/4179
f 3555/4171/4163 3554/4187/4179 3575/4172/4164
f 3575/4172/4164 3554/4187/4179 3576/4188/4180
f 3575/4172/4164 3576/4188/4180 3699/3505/3497
f 3699/3505/3497 3576/4188/4180 3698/3503/3495
f 2073/4173/4165 2072/4189/4181 3906/4174/4166
f 3906/4174/4166 2072/4189/4181 3907/4190/4182
f 3906/4174/4166 3907/4190/4182 3807/4175/4167
f 3807/4175/4167 3907/4190/4182 3808/4191/4183
f 3807/4175/4167 3808/4191/4183 2561/4176/4168
f 2561/4176/4168 3808/4191/4183 2562/4192/4184
f 2561/4176/4168 2562/4192/4184 2494/4177/4169
f 2494/4177/4169 2562/4192/4184 2493/4193/4185
f 2494/4177/4169 2493/4193/4185 2688/4178/4170
f 2688/4178/4170 2493/4193/4185 2687/4194/4186
f 2688/4178/4170 2687/4194/4186 2787/4179/4171
f 2787/4179/4171 2687/4194/4186 2786/4195/4187
f 2787/4179/4171 2786/4195/4187 2886/4180/4172
f 2886/4180/4172 2786/4195/4187 2885/4196/4188
f 2886/4180/4172 2885/4196/4188 2985/4181/4173
f 2985/4181/4173 2885/4196/4188 2984/4197/4189
f 2985/4181/4173 2984/4197/4189 3084/4182/4174
f 3084/4182/4174 2984/4197/4189 3083/4198/4190
f 3084/4182/4174 3083/4198/4190 3183/4183/4175
f 3183/4183/4175 3083/4198/4190 3182/4199/4191
f 3183/4183/4175 3182/4199/4191 3282/4184/4176
f 3282/4184/4176 3182/4199/4191 3281/4200/4192
f 3282/4184/4176 3281/4200/4192 3380/4185/4177
f 3380/4185/4177 3281/4200/4192 3379/4201/4193
f 3380/4185/4177 3379/4201/4193 3477/4186/4178
f 3477/4186/4178 3379/4201/4193 3476/4202/4194
f 3477/4186/4178 3476/4202/4194 3554/4187/4179
f 3554/4187/4179 3476/4202/4194 3553/4203/4195
f 3554/4187/4179 3553/4203/4195 3576/4188/4180
f 3576/4188/4180 3553/4203/4195 3577/4204/4196
f 3576/4188/4180 3577/4204/4196 3698/3503/3495
f 3698/3503/3495 3577/4204/4196 3697/3501/3493
f 2072/4189/4181 2071/4205/4197 3907/4190/4182
f 3907/4190/4182 2071/4205/4197 3908/4206/4198
f 3907/4190/4182 3908/4206/4198 3808/4191/4183
f 3808/4191/4183 3908/4206/4198 3809/4207/4199
f 3808/4191/4183 3809/4207/4199 2562/4192/4184
f 2562/4192/4184 3809/4207/4199 2563/4208/4200
f 2562/4192/4184 2563/4208/4200 2493/4193/4185
f 2493/4193/4185 2563/4208/4200 2492/4209/4201
f 2493/4193/4185 2492/4209/4201 2687/4194/4186
f 2687/4194/4186 2492/4209/4201 2686/4210/4202
f 2687/4194/4186 2686/4210/4202 2786/4195/4187
f 2786/4195/4187 2686/4210/4202 2785/4211/4203
f 2786/4195/4187 2785/4211/4203 2885/4196/4188
f 2885/4196/4188 2785/4211/4203 2884/4212/4204
f 2885/4196/4188 2884/4212/4204 2984/4197/4189
f 2984/4197/4189 2884/4212/4204 2983/4213/4205
f 2984/4197/4189 2983/4213/4205 3083/4198/4190
f 3083/4198/4190 2983/4213/4205 3082/4214/4206
f 3083/4198/4190 3082/4214/4206 3182/4199/4191
f 3182/4199/4191 3082/4214/4206 3181/4215/4207
f 3182/4199/4191 3181/4215/4207 3281/4200/4192
f 3281/4200/4192 3181/4215/4207 3280/4216/4208
f 3281/4200/4192 3280/4216/4208 3379/4201/4193
f 3379/4201/4193 3280/4216/4208 3378/4217/4209
f 3379/4201/4193 3378/4217/4209 3476/4202/4194
f 3476/4202/4194 3378/4217/4209 3475/4218/4210
f 3476/4202/4194 3475/4218/4210 3553/4203/4195
f 3553/4203/4195 3475/4218/4210 3552/4219/4211
f 3553/4203/4195 3552/4219/4211 3577/4204/4196
f 3577/4204/4196 3552/4219/4211 3578/4220/4212
f 3577/4204/4196 3578/4220/4212 3697/3501/3493
f 3697/3501/3493 3578/4220/4212 3696/3499/3491
f 2071/4205/4197 2070/4221/4213 3908/4206/4198
f 3908/4206/4198 2070/4221/4213 3909/4222/4214
f 3908/4206/4198 3909/4222/4214 3809/4207/4199
f 3809/4207/4199 3909/4222/4214 3810/4223/4215
f 3809/4207/4199 3810/4223/4215 2563/4208/4200
f 2563/4208/4200 3810/4223/4215 2564/4224/4216
f 2563/4208/4200 2564/4224/4216 2492/4209/4201
f 2492/4209/4201 2564/4224/4216 2491/4225/4217
f 2492/4209/4201 2491/4225/4217 2686/4210/4202
f 2686/4210/4202 2491/4225/4217 2685/4226/4218
f 2686/4210/4202 2685/4226/4218 2785/4211/4203
f 2785/4211/4203 2685/4226/4218 2784/4227/4219
f 2785/4211/4203 2784/4227/4219 2884/4212/4204
f 2884/4212/4204 2784/4227/4219 2883/4228/4220
f 2884/4212/4204 2883/4228/4220 2983/4213/4205
f 2983/4213/4205 2883/4228/4220 2982/4229/4221
f 2983/4213/4205 2982/4229/4221 3082/4214/4206
f 3082/4214/4206 2982/4229/4221 3081/4230/4222
f 3082/4214/4206 3081/4230/4222 3181/4215/4207
f 3181/4215/4207 3081/4230/4222 3180/4231/4223
f 3181/4215/4207 3180/4231/4223 3280/4216/4208
f 3280/4216/4208 3180/4231/4223 3279/4232/4224
f 3280/4216/4208 3279/4232/4224 3378/4217/4209
f 3378/4217/4209 3279/4232/4224 3377/4233/4225
f 3378/4217/4209 3377/4233/4225 3475/4218/4210
f 3475/4218/4210 3377/4233/4225 3474/4234/4226
f 3475/4218/4210 3474/4234/4226 3552/4219/4211
f 3552/4219/4211 3474/4234/4226 3551/4235/4227
f 3552/4219/4211 3551/4235/4227 3578/4220/4212
f 3578/4220/4212 3551/4235/4227 3579/4236/4228
f 3578/4220/4212 3579/4236/4228 3696/3499/3491
f 3696/3499/3491 3579/4236/4228 3695/3497/3489
f 2070/4221/4213 2069/4237/4229 3909/4222/4214
f 3909/4222/4214 2069/4237/4229 3910/4238/4230
f 3909/4222/4214 3910/4238/4230 3810/4223/4215
f 3810/4223/4215 3910/4238/4230 3811/4239/4231
f 3810/4223/4215 3811/4239/4231 2564/4224/4216
f 2564/4224/4216 3811/4239/4231 2565/4240/4232
f 2564/4224/4216 2565/4240/4232 2491/4225/4217
f 2491/4225/4217 2565/4240/4232 2490/4241/4233
f 2491/4225/4217 2490/4241/4233 2685/4226/4218
f 2685/4226/4218 2490/4241/4233 2684/4242/4234
f 2685/4226/4218 2684/4242/4234 2784/4227/4219
f 2784/4227/4219 2684/4242/4234 2783/4243/4235
f 2784/4227/4219 2783/4243/4235 2883/4228/4220
f 2883/4228/4220 2783/4243/4235 2882/4244/4236
f 2883/4228/4220 2882/4244/4236 2982/4229/4221
f 2982/4229/4221 2882/4244/4236 2981/4245/4237
f 2982/4229/4221 2981/4245/4237 3081/4230/4222
f 3081/4230/4222 2981/4245/4237 3080/4246/4238
f 3081/4230/4222 3080/4246/4238 3180/4231/4223
f 3180/4231/4223 3080/4246/4238 3179/4247/4239
f 3180/4231/4223 3179/4247/4239 3279/4232/4224
f 3279/4232/4224 3179/4247/4239 3278/4248/4240
f 3279/4232/4224 3278/4248/4240 3377/4233/4225
f 3377/4233/4225 3278/4248/4240 3376/4249/4241
f 3377/4233/4225 3376/4249/4241 3474/4234/4226
f 3474/4234/4226 3376/4249/4241 3473/4250/4242
f 3474/4234/4226 3473/4250/4242 3551/4235/4227
f 3551/4235/4227 3473/4250/4242 3550/4251/4243
f 3551/4235/4227 3550/4251/4243 3579/4236/4228
f 3579/4236/4228 3550/4251/4243 3580/4252/4244
f 3579/4236/4228 3580/4252/4244 3695/3497/3489
f 3695/3497/3489 3580/4252/4244 3694/3495/3487
f 2069/4237/4229 2068/4253/4245 3910/4238/4230
f 3910/4238/4230 2068/4253/4245 3911/4254/4246
f 3910/4238/4230 3911/4254/4246 3811/4239/4231
f 3811/4239/4231 3911/4254/4246 3812/4255/4247
f 3811/4239/4231 3812/4255/4247 2565/4240/4232
f 2565/4240/4232 3812/4255/4247 2566/4256/4248
f 2565/4240/4232 2566/4256/4248 2490/4241/4233
f 2490/4241/4233 2566/4256/4248 2489/4257/4249
f 2490/4241/4233 2489/4257/4249 2684/4242/4234
f 2684/4242/4234 2489/4257/4249 2683/4258/4250
f 2684/4242/4234 2683/4258/4250 2783/4243/4235
f 2783/4243/4235 2683/4258/4250 2782/4259/4251
f 2783/4243/4235 2782/4259/4251 2882/4244/4236
f 2882/4244/4236 2782/4259/4251 2881/4260/4252
f 2882/4244/4236 2881/4260/4252 2981/4245/4237
f 2981/4245/4237 2881/4260/4252 2980/4261/4253
f 2981/4245/4237 2980/4261/4253 3080/4246/4238
f 3080/4246/4238 2980/4261/4253 3079/4262/4254
f 3080/4246/4238 3079/4262/4254 3179/4247/4239
f 3179/4247/4239 3079/4262/4254 3178/4263/4255
f 3179/4247/4239 3178/4263/4255 3278/4248/4240
f 3278/4248/4240 3178/4263/4255 3277/4264/4256
f 3278/4248/4240 3277/4264/4256 3376/4249/4241
f 3376/4249/4241 3277/4264/4256 3375/4265/4257
f 3376/4249/4241 3375/4265/4257 3473/4250/4242
f 3473/4250/4242 3375/4265/4257 3472/4266/4258
f 3473/4250/4242 3472/4266/4258 3550/4251/4243
f 3550/4251/4243 3472/4266/4258 3549/4267/4259
f 3550/4251/4243 3549/4267/4259 3580/4252/4244
f 3580/4252/4244 3549/4267/4259 3581/4268/4260
f 3580/4252/4244 3581/4268/4260 3694/3495/3487
f 3694/3495/3487 3581/4268/4260 3693/3493/3485
f 2068/4253/4245 2067/4269/4261 3911/4254/4246
f 3911/4254/4246 2067/4269/4261 3912/4270/4262
f 3911/4254/4246 3912/4270/4262 3812/4255/4247
f 3812/4255/4247 3912/4270/4262 3813/4271/4263
f 3812/4255/4247 3813/4271/4263 2566/4256/4248
f 2566/4256/4248 3813/4271/4263 2567/4272/4264
f 2566/4256/4248 2567/4272/4264 2489/4257/4249
f 2489/4257/4249 2567/4272/4264 2488/4273/4265
f 2489/4257/4249 2488/4273/4265 2683/4258/4250
f 2683/4258/4250 2488/4273/4265 2682/4274/4266
f 2683/4258/4250 2682/4274/4266 2782/4259/4251
f 2782/4259/4251 2682/4274/4266 2781/4275/4267
f 2782/4259/4251 2781/4275/4267 2881/4260/4252
f 2881/4260/4252 2781/4275/4267 2880/4276/4268
f 2881/4260/4252 2880/4276/4268 2980/4261/4253
f 2980/4261/4253 2880/4276/4268 2979/4277/4269
f 2980/4261/4253 2979/4277/4269 3079/4262/4254
f 3079/4262/4254 2979/4277/4269 3078/4278/4270
f 3079/4262/4254 3078/4278/4270 3178/4263/4255
f 3178/4263/4255 3078/4278/4270 3177/4279/4271
f 3178/4263/4255 3177/4279/4271 3277/4264/4256
f 3277/4264/4256 3177/4279/4271 3276/4280/4272
f 3277/4264/4256 3276/4280/4272 3375/4265/4257
f 3375/4265/4257 3276/4280/4272 3374/4281/4273
f 3375/4265/4257 3374/4281/4273 3472/4266/4258
f 3472/4266/4258 3374/4281/4273 3471/4282/4274
f 3472/4266/4258 3471/4282/4274 3549/4267/4259
f 3549/4267/4259 3471/4282/4274 3548/4283/4275
f 3549/4267/4259 3548/4283/4275 3581/4268/4260
f 3581/4268/4260 3548/4283/4275 3582/4284/4276
f 3581/4268/4260 3582/4284/4276 3693/3493/3485
f 3693/3493/3485 3582/4284/4276 3692/3491/3483
f 2067/4269/4261 2066/4285/4277 3912/4270/4262
f 3912/4270/4262 2066/4285/4277 3913/4286/4278
f 3912/4270/4262 3913/4286/4278 3813/4271/4263
f 3813/4271/4263 3913/4286/4278 3814/4287/4279
f 3813/4271/4263 3814/4287/4279 2567/4272/4264
f 2567/4272/4264 3814/4287/4279 2568/4288/4280
f 2567/4272/4264 2568/4288/4280 2488/4273/4265
f 2488/4273/4265 2568/4288/4280 2487/4289/4281
f 2488/4273/4265 2487/4289/4281 2682/4274/4266
f 2682/4274/4266 2487/4289/4281 2681/4290/4282
f 2682/4274/4266 2681/4290/4282 2781/4275/4267
f 2781/4275/4267 2681/4290/4282 2780/4291/4283
f 2781/4275/4267 2780/4291/4283 2880/4276/4268
f 2880/4276/4268 2780/4291/4283 2879/4292/4284
f 2880/4276/4268 2879/4292/4284 2979/4277/4269
f 2979/4277/4269 2879/4292/4284 2978/4293/4285
f 2979/4277/4269 2978/4293/4285 3078/4278/4270
f 3078/4278/4270 2978/4293/4285 3077/4294/4286
f 3078/4278/4270 3077/4294/4286 3177/4279/4271
f 3177/4279/4271 3077/4294/4286 3176/4295/4287
f 3177/4279/4271 3176/4295/4287 3276/4280/4272
f 3276/4280/4272 3176/4295/4287 3275/4296/4288
f 3276/4280/4272 3275/4296/4288 3374/4281/4273
f 3374/4281/4273 3275/4296/4288 3373/4297/4289
f 3374/4281/4273 3373/4297/4289 3471/4282/4274
f 3471/4282/4274 3373/4297/4289 3470/4298/4290
f 3471/4282/4274 3470/4298/4290 3548/4283/4275
f 3548/4283/4275 3470/4298/4290 3547/4299/4291
f 3548/4283/4275 3547/4299/4291 3582/4284/4276
f 3582/4284/4276 3547/4299/4291 3583/4300/4292
f 3582/4284/4276 3583/4300/4292 3692/3491/3483
f 3692/3491/3483 3583/4300/4292 3691/3489/3481
f 2066/4285/4277 2065/4301/4293 3913/4286/4278
f 3913/4286/4278 2065/4301/4293 3914/4302/4294
f 3913/4286/4278 3914/4302/4294 3814/4287/4279
f 3814/4287/4279 3914/4302/4294 3815/4303/4295
f 3814/4287/4279 3815/4303/4295 2568/4288/4280
f 2568/4288/4280 3815/4303/4295 2569/4304/4296
f 2568/4288/4280 2569/4304/4296 2487/4289/4281
f 2487/4289/4281 2569/4304/4296 2486/4305/4297
f 2487/4289/4281 2486/4305/4297 2681/4290/4282
f 2681/4290/4282 2486/4305/4297 2680/4306/4298
f 2681/4290/4282 2680/4306/4298 2780/4291/4283
f 2780/4291/4283 2680/4306/4298 2779/4307/4299
f 2780/4291/4283 2779/4307/4299 2879/4292/4284
f 2879/4292/4284 2779/4307/4299 2878/4308/4300
f 2879/4292/4284 2878/4308/4300 2978/4293/4285
f 2978/4293/4285 2878/4308/4300 2977/4309/4301
f 2978/4293/4285 2977/4309/4301 3077/4294/4286
f 3077/4294/4286 2977/4309/4301 3076/4310/4302
f 3077/4294/4286 3076/4310/4302 3176/4295/4287
f 3176/4295/4287 3076/4310/4302 3175/4311/4303
f 3176/4295/4287 3175/4311/4303 3275/4296/4288
f 3275/4296/4288 3175/4311/4303 3274/4312/4304
f 3275/4296/4288 3274/4312/4304 3373/4297/4289
f 3373/4297/4289 3274/4312/4304 3372/4313/4305
f 3373/4297/4289 3372/4313/4305 3470/4298/4290
f 3470/4298/4290 3372/4313/4305 3469/4314/4306
f 3470/4298/4290 3469/4314/4306 3547/4299/4291
f 3547/4299/4291 3469/4314/4306 3546/4315/4307
f 3547/4299/4291 3546/4315/4307 3583/4300/4292
f 3583/4300/4292 3546/4315/4307 3584/4316/4308
f 3583/4300/4292 3584/4316/4308 3691/3489/3481
f 3691/3489/3481 3584/4316/4308 3690/3487/3479
f 2065/4301/4293 2064/4317/4309 3914/4302/4294
f 3914/4302/4294 2064/4317/4309 3915/4318/4310
f 3914/4302/4294 3915/4318/4310 3815/4303/4295
f 3815/4303/4295 3915/4318/4310 3816/4319/4311
f 3815/4303/4295 3816/4319/4311 2569/4304/4296
f 2569/4304/4296 3816/4319/4311 2570/4320/4312
f 2569/4304/4296 2570/4320/4312 2486/4305/4297
f 2486/4305/4297 2570/4320/4312 2485/4321/4313
f 2486/4305/4297 2485/4321/4313 2680/4306/4298
f 2680/4306/4298 2485/4321/4313 2679/4322/4314
f 2680/4306/4298 2679/4322/4314 2779/4307/4299
f 2779/4307/4299 2679/4322/4314 2778/4323/4315
f 2779/4307/4299 2778/4323/4315 2878/4308/4300
f 2878/4308/4300 2778/4323/4315 2877/4324/4316
f 2878/4308/4300 2877/4324/4316 2977/4309/4301
f 2977/4309/4301 2877/4324/4316 2976/4325/4317
f 2977/4309/4301 2976/4325/4317 3076/4310/4302
f 3076/4310/4302 2976/4325/4317 3075/4326/4318
f 3076/4310/4302 3075/4326/4318 3175/4311/4303
f 3175/4311/4303 3075/4326/4318 3174/4327/4319
f 3175/4311/4303 3174/4327/4319 3274/4312/4304
f 3274/4312/4304 3174/4327/4319 3273/4328/4320
f 3274/4312/4304 3273/4328/4320 3372/4313/4305
f 3372/4313/4305 3273/4328/4320 3371/4329/4321
f 3372/4313/4305 3371/4329/4321 3469/4314/4306
f 3469/4314/4306 3371/4329/4321 3468/4330/4322
f 3469/4314/4306 3468/4330/4322 3546/4315/4307
f 3546/4315/4307 3468/4330/4322 3545/4331/4323
f 3546/4315/4307 3545/4331/4323 3584/4316/4308
f 3584/4316/4308 3545/4331/4323 3585/4332/4324
f 3584/4316/4308 3585/4332/4324 3690/3487/3479
f 3690/3487/3479 3585/4332/4324 3689/3485/3477
f 2064/4317/4309 2063/4333/4325 3915/4318/4310
f 3915/4318/4310 2063/4333/4325 3916/4334/4326
f 3915/4318/4310 3916/4334/4326 3816/4319/4311
f 3816/4319/4311 3916/4334/4326 3817/4335/4327
f 3816/4319/4311 3817/4335/4327 2570/4320/4312
f 2570/4320/4312 3817/4335/4327 2571/4336/4328
f 2570/4320/4312 2571/4336/4328 2485/4321/4313
f 2485/4321/4313 2571/4336/4328 2484/4337/4329
f 2485/4321/4313 2484/4337/4329 2679/4322/4314
f 2679/4322/4314 2484/4337/4329 2678/4338/4330
f 2679/4322/4314 2678/4338/4330 2778/4323/4315
f 2778/4323/4315 2678/4338/4330 2777/4339/4331
f 2778/4323/4315 2777/4339/4331 2877/4324/4316
f 2877/4324/4316 2777/4339/4331 2876/4340/4332
f 2877/4324/4316 2876/4340/4332 2976/4325/4317
f 2976/4325/4317 2876/4340/4332 2975/4341/4333
f 2976/4325/4317 2975/4341/4333 3075/4326/4318
f 3075/4326/4318 2975/4341/4333 3074/4342/4334
f 3075/4326/4318 3074/4342/4334 3174/4327/4319
f 3174/4327/4319 3074/4342/4334 3173/4343/4335
f 3174/4327/4319 3173/4343/4335 3273/4328/4320
f 3273/4328/4320 3173/4343/4335 3272/4344/4336
f 3273/4328/4320 3272/4344/4336 3371/4329/4321
f 3371/4329/4321 3272/4344/4336 3370/4345/4337
f 3371/4329/4321 3370/4345/4337 3468/4330/4322
f 3468/4330/4322 3370/4345/4337 3467/4346/4338
f 3468/4330/4322 3467/4346/4338 3545/4331/4323
f 3545/4331/4323 3467/4346/4338 3544/4347/4339
f 3545/4331/4323 3544/4347/4339 3585/4332/4324
f 3585/4332/4324 3544/4347/4339 3586/4348/4340
f 3585/4332/4324 3586/4348/4340 3689/3485/3477
f 3689/3485/3477 3586/4348/4340 3688/3483/3475
f 2063/4333/4325 2062/4349/4341 3916/4334/4326
f 3916/4334/4326 2062/4349/4341 3917/4350/4342
f 3916/4334/4326 3917/4350/4342 3817/4335/4327
f 3817/4335/4327 3917/4350/4342 3818/4351/4343
f 3817/4335/4327 3818/4351/4343 2571/4336/4328
f 2571/4336/4328 3818/4351/4343 2572/4352/4344
f 2571/4336/4328 2572/4352/4344 2484/4337/4329
f 2484/4337/4329 2572/4352/4344 2483/4353/4345
f 2484/4337/4329 2483/4353/4345 2678/4338/4330
f 2678/4338/4330 2483/4353/4345 2677/4354/4346
f 2678/4338/4330 2677/4354/4346 2777/4339/4331
f 2777/4339/4331 2677/4354/4346 2776/4355/4347
f 2777/4339/4331 2776/4355/4347 2876/4340/4332
f 2876/4340/4332 2776/4355/4347 2875/4356/4348
f 2876/4340/4332 2875/4356/4348 2975/4341/4333
f 2975/4341/4333 2875/4356/4348 2974/4357/4349
f 2975/4341/4333 2974/4357/4349 3074/4342/4334
f 3074/4342/4334 2974/4357/4349 3073/4358/4350
f 3074/4342/4334 3073/4358/4350 3173/4343/4335
f 3173/4343/4335 3073/4358/4350 3172/4359/4351
f 3173/4343/4335 3172/4359/4351 3272/4344/4336
f 3272/4344/4336 3172/4359/4351 3271/4360/4352
f 3272/4344/4336 3271/4360/4352 3370/4345/4337
f 3370/4345/4337 3271/4360/4352 3369/4361/4353
f 3370/4345/4337 3369/4361/4353 3467/4346/4338
f 3467/4346/4338 3369/4361/4353 3466/4362/4354
f 3467/4346/4338 3466/4362/4354 3544/4347/4339
f 3544/4347/4339 3466/4362/4354 3543/4363/4355
f 3544/4347/4339 3543/4363/4355 3586/4348/4340
f 3586/4348/4340 3543/4363/4355 3587/4364/4356
f 3586/4348/4340 3587/4364/4356 3688/3483/3475
f 3688/3483/3475 3587/4364/4356 3687/3481/3473
f 2062/4349/4341 2061/4365/4357 3917/4350/4342
f 3917/4350/4342 2061/4365/4357 3918/4366/4358
f 3917/4350/4342 3918/4366/4358 3818/4351/4343
f 3818/4351/4343 3918/4366/4358 3819/4367/4359
f 3818/4351/4343 3819/4367/4359 2572/4352/4344
f 2572/4352/4344 3819/4367/4359 2573/4368/4360
f 2572/4352/4344 2573/4368/4360 2483/4353/4345
f 2483/4353/4345 2573/4368/4360 2482/4369/4361
f 2483/4353/4345 2482/4369/4361 2677/4354/4346
f 2677/4354/4346 2482/4369/4361 2676/4370/4362
f 2677/4354/4346 2676/4370/4362 2776/4355/4347
f 2776/4355/4347 2676/4370/4362 2775/4371/4363
f 2776/4355/4347 2775/4371/4363 2875/4356/4348
f 2875/4356/4348 2775/4371/4363 2874/4372/4364
f 2875/4356/4348 2874/4372/4364 2974/4357/4349
f 2974/4357/4349 2874/4372/4364 2973/4373/4365
f 2974/4357/4349 2973/4373/4365 3073/4358/4350
f 3073/4358/4350 2973/4373/4365 3072/4374/4366
f 3073/4358/4350 3072/4374/4366 3172/4359/4351
f 3172/4359/4351 3072/4374/4366 3171/4375/4367
f 3172/4359/4351 3171/4375/4367 3271/4360/4352
f 3271/4360/4352 3171/4375/4367 3270/4376/4368
f 3271/4360/4352 3270/4376/4368 3369/4361/4353
f 3369/4361/4353 3270/4376/4368 3368/4377/4369
f 3369/4361/4353 3368/4377/4369 3466/4362/4354
f 3466/4362/4354 3368/4377/4369 3465/4378/4370
f 3466/4362/4354 3465/4378/4370 3543/4363/4355
f 3543/4363/4355 3465/4378/4370 3542/4379/4371
f 3543/4363/4355 3542/4379/4371 3587/4364/4356
f 3587/4364/4356 3542/4379/4371 3588/4380/4372
f 3587/4364/4356 3588/4380/4372 3687/3481/3473
f 3687/3481/3473 3588/4380/4372 3686/3479/3471
f 2061/4365/4357 2060/4381/4373 3918/4366/4358
f 3918/4366/4358 2060/4381/4373 3919/4382/4374
f 3918/4366/4358 3919/4382/4374 3819/4367/4359
f 3819/4367/4359 3919/4382/4374 3820/4383/4375
f 3819/4367/4359 3820/4383/4375 2573/4368/4360
f 2573/4368/4360 3820/4383/4375 2574/4384/4376
f 2573/4368/4360 2574/4384/4376 2482/4369/4361
f 2482/4369/4361 2574/4384/4376 2481/4385/4377
f 2482/4369/4361 2481/4385/4377 2676/4370/4362
f 2676/4370/4362 2481/4385/4377 2675/4386/4378
f 2676/4370/4362 2675/4386/4378 2775/4371/4363
f 2775/4371/4363 2675/4386/4378 2774/4387/4379
f 2775/4371/4363 2774/4387/4379 2874/4372/4364
f 2874/4372/4364 2774/4387/4379 2873/4388/4380
f 2874/4372/4364 2873/4388/4380 2973/4373/4365
f 2973/4373/4365 2873/4388/4380 2972/4389/4381
f 2973/4373/4365 2972/4389/4381 3072/4374/4366
f 3072/4374/4366 2972/4389/4381 3071/4390/4382
f 3072/4374/4366 3071/4390/4382 3171/4375/4367
f 3171/4375/4367 3071/4390/4382 3170/4391/4383
f 3171/4375/4367 3170/4391/4383 3270/4376/4368
f 3270/4376/4368 3170/4391/4383 3269/4392/4384
f 3270/4376/4368 3269/4392/4384 3368/4377/4369
f 3368/4377/4369 3269/4392/4384 3367/4393/4385
f 3368/4377/4369 3367/4393/4385 3465/4378/4370
f 3465/4378/4370 3367/4393/4385 3464/4394/4386
f 3465/4378/4370 3464/4394/4386 3542/4379/4371
f 3542/4379/4371 3464/4394/4386 3541/4395/4387
f 3542/4379/4371 3541/4395/4387 3588/4380/4372
f 3588/4380/4372 3541/4395/4387 3589/4396/4388
f 3588/4380/4372 3589/4396/4388 3686/3479/3471
f 3686/3479/3471 3589/4396/4388 3685/3477/3469
f 2060/4381/4373 2059/4397/4389 3919/4382/4374
f 3919/4382/4374 2059/4397/4389 3920/4398/4390
f 3919/4382/4374 3920/4398/4390 3820/4383/4375
f 3820/4383/4375 3920/4398/4390 3821/4399/4391
f 3820/4383/4375 3821/4399/4391 2574/4384/4376
f 2574/4384/4376 3821/4399/4391 2575/4400/4392
f 2574/4384/4376 2575/4400/4392 2481/4385/4377
f 2481/4385/4377 2575/4400/4392 2480/4401/4393
f 2481/4385/4377 2480/4401/4393 2675/4386/4378
f 2675/4386/4378 2480/4401/4393 2674/4402/4394
f 2675/4386/4378 2674/4402/4394 2774/4387/4379
f 2774/4387/4379 2674/4402/4394 2773/4403/4395
f 2774/4387/4379 2773/4403/4395 2873/4388/4380
f 2873/4388/4380 2773/4403/4395 2872/4404/4396
f 2873/4388/4380 2872/4404/4396 2972/4389/4381
f 2972/4389/4381 2872/4404/4396 2971/4405/4397
f 2972/4389/4381 2971/4405/4397 3071/4390/4382
f 3071/4390/4382 2971/4405/4397 3070/4406/4398
f 3071/4390/4382 3070/4406/4398 3170/4391/4383
f 3170/4391/4383 3070/4406/4398 3169/4407/4399
f 3170/4391/4383 3169/4407/4399 3269/4392/4384
f 3269/4392/4384 3169/4407/4399 3268/4408/4400
f 3269/4392/4384 3268/4408/4400 3367/4393/4385
f 3367/4393/4385 3268/4408/4400 3366/4409/4401
f 3367/4393/4385 3366/4409/4401 3464/4394/4386
f 3464/4394/4386 3366/4409/4401 3463/4410/4402
f 3464/4394/4386 3463/4410/4402 3541/4395/4387
f 3541/4395/4387 3463/4410/4402 3540/4411/4403
f 3541/4395/4387 3540/4411/4403 3589/4396/4388
f 3589/4396/4388 3540/4411/4403 3590/4412/4404
f 3589/4396/4388 3590/4412/4404 3685/3477/3469
f 3685/3477/3469 3590/4412/4404 3684/3475/3467
f 2059/4397/4389 2058/4413/4405 3920/4398/4390
f 3920/4398/4390 2058/4413/4405 3921/4414/4406
f 3920/4398/4390 3921/4414/4406 3821/4399/4391
f 3821/4399/4391 3921/4414/4406 3822/4415/4407
f 3821/4399/4391 3822/4415/4407 2575/4400/4392
f 2575/4400/4392 3822/4415/4407 2576/4416/4408
f 2575/4400/4392 2576/4416/4408 2480/4401/4393
f 2480/4401/4393 2576/4416/4408 2479/4417/4409
f 2480/4401/4393 2479/4417/4409 2674/4402/4394
f 2674/4402/4394 2479/4417/4409 2673/4418/4410
f 2674/4402/4394 2673/4418/4410 2773/4403/4395
f 2773/4403/4395 2673/4418/4410 2772/4419/4411
f 2773/4403/4395 2772/4419/4411 2872/4404/4396
f 2872/4404/4396 2772/4419/4411 2871/4420/4412
f 2872/4404/4396 2871/4420/4412 2971/4405/4397
f 2971/4405/4397 2871/4420/4412 2970/4421/4413
f 2971/4405/4397 2970/4421/4413 3070/4406/4398
f 3070/4406/4398 2970/4421/4413 3069/4422/4414
f 3070/4406/4398 3069/4422/4414 3169/4407/4399
f 3169/4407/4399 3069/4422/4414 3168/4423/4415
f 3169/4407/4399 3168/4423/4415 3268/4408/4400
f 3268/4408/4400 3168/4423/4415 3267/4424/4416
f 3268/4408/4400 3267/4424/4416 3366/4409/4401
f 3366/4409/4401 3267/4424/4416 3365/4425/4417
f 3366/4409/4401 3365/4425/4417 3463/4410/4402
f 3463/4410/4402 3365/4425/4417 3462/4426/4418
f 3463/4410/4402 3462/4426/4418 3540/4411/4403
f 3540/4411/4403 3462/4426/4418 3539/4427/4419
f 3540/4411/4403 3539/4427/4419 3590/4412/4404
f 3590/4412/4404 3539/4427/4419 3591/4428/4420
f 3590/4412/4404 3591/4428/4420 3684/3475/3467
f 3684/3475/3467 3591/4428/4420 3683/3473/3465
f 2058/4413/4405 2057/4429/4421 3921/4414/4406
f 3921/4414/4406 2057/4429/4421 3922/4430/4422
f 3921/4414/4406 3922/4430/4422 3822/4415/4407
f 3822/4415/4407 3922/4430/4422 3823/4431/4423
f 3822/4415/4407 3823/4431/4423 2576/4416/4408
f 2576/4416/4408 3823/4431/4423 2577/4432/4424
f 2576/4416/4408 2577/4432/4424 2479/4417/4409
f 2479/4417/4409 2577/4432/4424 2478/4433/4425
f 2479/4417/4409 2478/4433/4425 2673/4418/4410
f 2673/4418/4410 2478/4433/4425 2672/4434/4426
f 2673/4418/4410 2672/4434/4426 2772/4419/4411
f 2772/4419/4411 2672/4434/4426 2771/4435/4427
f 2772/4419/4411 2771/4435/4427 2871/4420/4412
f 2871/4420/4412 2771/4435/4427 2870/4436/4428
f 2871/4420/4412 2870/4436/4428 2970/4421/4413
f 2970/4421/4413 2870/4436/4428 2969/4437/4429
f 2970/4421/4413 2969/4437/4429 3069/4422/4414
f 3069/4422/4414 2969/4437/4429 3068/4438/4430
f 3069/4422/4414 3068/4438/4430 3168/4423/4415
f 3168/4423/4415 3068/4438/4430 3167/4439/4431
f 3168/4423/4415 3167/4439/4431 3267/4424/4416
f 3267/4424/4416 3167/4439/4431 3266/4440/4432
f 3267/4424/4416 3266/4440/4432 3365/4425/4417
f 3365/4425/4417 3266/4440/4432 3364/4441/4433
f 3365/4425/4417 3364/4441/4433 3462/4426/4418
f 3462/4426/4418 3364/4441/4433 3461/4442/4434
f 3462/4426/4418 3461/4442/4434 3539/4427/4419
f 3539/4427/4419 3461/4442/4434 3538/4443/4435
f 3539/4427/4419 3538/4443/4435 3591/4428/4420
f 3591/4428/4420 3538/4443/4435 3592/4444/4436
f 3591/4428/4420 3592/4444/4436 3683/3473/3465
f 3683/3473/3465 3592/4444/4436 3682/3471/3463
f 2057/4429/4421 2056/4445/4437 3922/4430/4422
f 3922/4430/4422 2056/4445/4437 3923/4446/4438
f 3922/4430/4422 3923/4446/4438 3823/4431/4423
f 3823/4431/4423 3923/4446/4438 3824/4447/4439
f 3823/4431/4423 3824/4447/4439 2577/4432/4424
f 2577/4432/4424 3824/4447/4439 2578/4448/4440
f 2577/4432/4424 2578/4448/4440 2478/4433/4425
f 2478/4433/4425 2578/4448/4440 2477/4449/4441
f 2478/4433/4425 2477/4449/4441 2672/4434/4426
f 2672/4434/4426 2477/4449/4441 2671/4450/4442
f 2672/4434/4426 2671/4450/4442 2771/4435/4427
f 2771/4435/4427 2671/4450/4442 2770/4451/4443
f 2771/4435/4427 2770/4451/4443 2870/4436/4428
f 2870/4436/4428 2770/4451/4443 2869/4452/4444
f 2870/4436/4428 2869/4452/4444 2969/4437/4429
f 2969/4437/4429 2869/4452/4444 2968/4453/4445
f 2969/4437/4429 2968/4453/4445 3068/4438/4430
f 3068/4438/4430 2968/4453/4445 3067/4454/4446
f 3068/4438/4430 3067/4454/4446 3167/4439/4431
f 3167/4439/4431 3067/4454/4446 3166/4455/4447
f 3167/4439/4431 3166/4455/4447 3266/4440/4432
f 3266/4440/4432 3166/4455/4447 3265/4456/4448
f 3266/4440/4432 3265/4456/4448 3364/4441/4433
f 3364/4441/4433 3265/4456/4448 3363/4457/4449
f 3364/4441/4433 3363/4457/4449 3461/4442/4434
f 3461/4442/4434 3363/4457/4449 3460/4458/4450
f 3461/4442/4434 3460/4458/4450 3538/4443/4435
f 3538/4443/4435 3460/4458/4450 3537/4459/4451
f 3538/4443/4435 3537/4459/4451 3592/4444/4436
f 3592/4444/4436 3537/4459/4451 3593/4460/4452
f 3592/4444/4436 3593/4460/4452 3682/3471/3463
f 3682/3471/3463 3593/4460/4452 3681/3469/3461
f 2056/4445/4437 2055/4461/4453 3923/4446/4438
f 3923/4446/4438 2055/4461/4453 3924/4462/4454
f 3923/4446/4438 3924/4462/4454 3824/4447/4439
f 3824/4447/4439 3924/4462/4454 3825/4463/4455
f 3824/4447/4439 3825/4463/4455 2578/4448/4440
f 2578/4448/4440 3825/4463/4455 2579/4464/4456
f 2578/4448/4440 2579/4464/4456 2477/4449/4441
f 2477/4449/4441 2579/4464/4456 2476/4465/4457
f 2477/4449/4441 2476/4465/4457 2671/4450/4442
f 2671/4450/4442 2476/4465/4457 2670/4466/4458
f 2671/4450/4442 2670/4466/4458 2770/4451/4443
f 2770/4451/4443 2670/4466/4458 2769/4467/4459
f 2770/4451/4443 2769/4467/4459 2869/4452/4444
f 2869/4452/4444 2769/4467/4459 2868/4468/4460
f 2869/4452/4444 2868/4468/4460 2968/4453/4445
f 2968/4453/4445 2868/4468/4460 2967/4469/4461
f 2968/4453/4445 2967/4469/4461 3067/4454/4446
f 3067/4454/4446 2967/4469/4461 3066/4470/4462
f 3067/4454/4446 3066/4470/4462 3166/4455/4447
f 3166/4455/4447 3066/4470/4462 3165/4471/4463
f 3166/4455/4447 3165/4471/4463 3265/4456/4448
f 3265/4456/4448 3165/4471/4463 3264/4472/4464
f 3265/4456/4448 3264/4472/4464 3363/4457/4449
f 3363/4457/4449 3264/4472/4464 3362/4473/4465
f 3363/4457/4449 3362/4473/4465 3460/4458/4450
f 3460/4458/4450 3362/4473/4465 3459/4474/4466
f 3460/4458/4450 3459/4474/4466 3537/4459/4451
f 3537/4459/4451 3459/4474/4466 3536/4475/4467
f 3537/4459/4451 3536/4475/4467 3593/4460/4452
f 3593/4460/4452 3536/4475/4467 3594/4476/4468
f 3593/4460/4452 3594/4476/4468 3681/3469/3461
f 3681/3469/3461 3594/4476/4468 3680/3467/3459
f 2055/4461/4453 2054/4477/4469 3924/4462/4454
f 3924/4462/4454 2054/4477/4469 3925/4478/4470
f 3924/4462/4454 3925/4478/4470 3825/4463/4455
f 3825/4463/4455 3925/4478/4470 3826/4479/4471
f 3825/4463/4455 3826/4479/4471 2579/4464/4456
f 2579/4464/4456 3826/4479/4471 2580/4480/4472
f 2579/4464/4456 2580/4480/4472 2476/4465/4457
f 2476/4465/4457 2580/4480/4472 2475/4481/4473
f 2476/4465/4457 2475/4481/4473 2670/4466/4458
f 2670/4466/4458 2475/4481/4473 2669/4482/4474
f 2670/4466/4458 2669/4482/4474 2769/4467/4459
f 2769/4467/4459 2669/4482/4474 2768/4483/4475
f 2769/4467/4459 2768/4483/4475 2868/4468/4460
f 2868/4468/4460 2768/4483/4475 2867/4484/4476
f 2868/4468/4460 2867/4484/4476 2967/4469/4461
f 2967/4469/4461 2867/4484/4476 2966/4485/4477
f 2967/4469/4461 2966/4485/4477 3066/4470/4462
f 3066/4470/4462 2966/4485/4477 3065/4486/4478
f 3066/4470/4462 3065/4486/4478 3165/4471/4463
f 3165/4471/4463 3065/4486/4478 3164/4487/4479
f 3165/4471/4463 3164/4487/4479 3264/4472/4464
f 3264/4472/4464 3164/4487/4479 3263/4488/4480
f 3264/4472/4464 3263/4488/4480 3362/4473/4465
f 3362/4473/4465 3263/4488/4480 3361/4489/4481
f 3362/4473/4465 3361/4489/4481 3459/4474/4466
f 3459/4474/4466 3361/4489/4481 3458/4490/4482
f 3459/4474/4466 3458/4490/4482 3536/4475/4467
f 3536/4475/4467 3458/4490/4482 3535/4491/4483
f 3536/4475/4467 3535/4491/4483 3594/4476/4468
f 3594/4476/4468 3535/4491/4483 3595/4492/4484
f 3594/4476/4468 3595/4492/4484 3680/3467/3459
f 3680/3467/3459 3595/4492/4484 3679/3465/3457
f 2054/4477/4469 2053/4493/4485 3925/4478/4470
f 3925/4478/4470 2053/4493/4485 3926/4494/4486
f 3925/4478/4470 3926/4494/4486 3826/4479/4471
f 3826/4479/4471 3926/4494/4486 3827/4495/4487
f 3826/4479/4471 3827/4495/4487 2580/4480/4472
f 2580/4480/4472 3827/4495/4487 2581/4496/4488
f 2580/4480/4472 2581/4496/4488 2475/4481/4473
f 2475/4481/4473 2581/4496/4488 2474/4497/4489
f 2475/4481/4473 2474/4497/4489 2669/4482/4474
f 2669/4482/4474 2474/4497/4489 2668/4498/4490
f 2669/4482/4474 2668/4498/4490 2768/4483/4475
f 2768/4483/4475 2668/4498/4490 2767/4499/4491
f 2768/4483/4475 2767/4499/4491 2867/4484/4476
f 2867/4484/4476 2767/4499/4491 2866/4500/4492
f 2867/4484/4476 2866/4500/4492 2966/4485/4477
f 2966/4485/4477 2866/4500/4492 2965/4501/4493
f 2966/4485/4477 2965/4501/4493 3065/4486/4478
f 3065/4486/4478 2965/4501/4493 3064/4502/4494
f 3065/4486/4478 3064/4502/4494 3164/4487/4479
f 3164/4487/4479 3064/4502/4494 3163/4503/4495
f 3164/4487/4479 3163/4503/4495 3263/4488/4480
f 3263/4488/4480 3163/4503/4495 3262/4504/4496
f 3263/4488/4480 3262/4504/4496 3361/4489/4481
f 3361/4489/4481 3262/4504/4496 3360/4505/4497
f 3361/4489/4481 3360/4505/4497 3458/4490/4482
f 3458/4490/4482 3360/4505/4497 3457/4506/4498
f 3458/4490/4482 3457/4506/4498 3535/4491/4483
f 3535/4491/4483 3457/4506/4498 3534/4507/4499
f 3535/4491/4483 3534/4507/4499 3595/4492/4484
f 3595/4492/4484 3534/4507/4499 3596/4508/4500
f 3595/4492/4484 3596/4508/4500 3679/3465/3457
f 3679/3465/3457 3596/4508/4500 3678/3463/3455
f 2053/4493/4485 2052/4509/4501 3926/4494/4486
f 3926/4494/4486 2052/4509/4501 3927/4510/4502
f 3926/4494/4486 3927/4510/4502 3827/4495/4487
f 3827/4495/4487 3927/4510/4502 3828/4511/4503
f 3827/4495/4487 3828/4511/4503 2581/4496/4488
f 2581/4496/4488 3828/4511/4503 2582/4512/4504
f 2581/4496/4488 2582/4512/4504 2474/4497/4489
f 2474/4497/4489 2582/4512/4504 2473/4513/4505
f 2474/4497/4489 2473/4513/4505 2668/4498/4490
f 2668/4498/4490 2473/4513/4505 2667/4514/4506
f 2668/4498/4490 2667/4514/4506 2767/4499/4491
f 2767/4499/4491 2667/4514/4506 2766/4515/4507
f 2767/4499/4491 2766/4515/4507 2866/4500/4492
f 2866/4500/4492 2766/4515/4507 2865/4516/4508
f 2866/4500/4492 2865/4516/4508 2965/4501/4493
f 2965/4501/4493 2865/4516/4508 2964/4517/4509
f 2965/4501/4493 2964/4517/4509 3064/4502/4494
f 3064/4502/4494 2964/4517/4509 3063/4518/4510
f 3064/4502/4494 3063/4518/4510 3163/4503/4495
f 3163/4503/4495 3063/4518/4510 3162/4519/4511
f 3163/4503/4495 3162/4519/4511 3262/4504/4496
f 3262/4504/4496 3162/4519/4511 3261/4520/4512
f 3262/4504/4496 3261/4520/4512 3360/4505/4497
f 3360/4505/4497 3261/4520/4512 3359/4521/4513
f 3360/4505/4497 3359/4521/4513 3457/4506/4498
f 3457/4506/4498 3359/4521/4513 3456/4522/4514
f 3457/4506/4498 3456/4522/4514 3534/4507/4499
f 3534/4507/4499 3456/4522/4514 3533/4523/4515
f 3534/4507/4499 3533/4523/4515 3596/4508/4500
f 3596/4508/4500 3533/4523/4515 3597/4524/4516
f 3596/4508/4500 3597/4524/4516 3678/3463/3455
f 3678/3463/3455 3597/4524/4516 3677/3461/3453
f 2052/4509/4501 2051/4525/4517 3927/4510/4502
f 3927/4510/4502 2051/4525/4517 3928/4526/4518
f 3927/4510/4502 3928/4526/4518 3828/4511/4503
f 3828/4511/4503 3928/4526/4518 3829/4527/4519
f 3828/4511/4503 3829/4527/4519 2582/4512/4504
f 2582/4512/4504 3829/4527/4519 2583/4528/4520
f 2582/4512/4504 2583/4528/4520 2473/4513/4505
f 2473/4513/4505 2583/4528/4520 2472/4529/4521
f 2473/4513/4505 2472/4529/4521 2667/4514/4506
f 2667/4514/4506 2472/4529/4521 2666/4530/4522
f 2667/4514/4506 2666/4530/4522 2766/4515/4507
f 2766/4515/4507 2666/4530/4522 2765/4531/4523
f 2766/4515/4507 2765/4531/4523 2865/4516/4508
f 2865/4516/4508 2765/4531/4523 2864/4532/4524
f 2865/4516/4508 2864/4532/4524 2964/4517/4509
f 2964/4517/4509 2864/4532/4524 2963/4533/4525
f 2964/4517/4509 2963/4533/4525 3063/4518/4510
f 3063/4518/4510 2963/4533/4525 3062/4534/4526
f 3063/4518/4510 3062/4534/4526 3162/4519/4511
f 3162/4519/4511 3062/4534/4526 3161/4535/4527
f 3162/4519/4511 3161/4535/4527 3261/4520/4512
f 3261/4520/4512 3161/4535/4527 3260/4536/4528
f 3261/4520/4512 3260/4536/4528 3359/4521/4513
f 3359/4521/4513 3260/4536/4528 3358/4537/4529
f 3359/4521/4513 3358/4537/4529 3456/4522/4514
f 3456/4522/4514 3358/4537/4529 3455/4538/4530
f 3456/4522/4514 3455/4538/4530 3533/4523/4515
f 3533/4523/4515 3455/4538/4530 3532/4539/4531
f 3533/4523/4515 3532/4539/4531 3597/4524/4516
f 3597/4524/4516 3532/4539/4531 3598/4540/4532
f 3597/4524/4516 3598/4540/4532 3677/3461/3453
f 3677/3461/3453 3598/4540/4532 3676/3459/3451
f 2051/4525/4517 2050/4541/4533 3928/4526/4518
f 3928/4526/4518 2050/4541/4533 3929/4542/4534
f 3928/4526/4518 3929/4542/4534 3829/4527/4519
f 3829/4527/4519 3929/4542/4534 3830/4543/4535
f 3829/4527/4519 3830/4543/4535 2583/4528/4520
f 2583/4528/4520 3830/4543/4535 2584/4544/4536
f 2583/4528/4520 2584/4544/4536 2472/4529/4521
f 2472/4529/4521 2584/4544/4536 2471/4545/4537
f 2472/4529/4521 2471/4545/4537 2666/4530/4522
f 2666/4530/4522 2471/4545/4537 2665/4546/4538
f 2666/4530/4522 2665/4546/4538 2765/4531/4523
f 2765/4531/4523 2665/4546/4538 2764/4547/4539
f 2765/4531/4523 2764/4547/4539 2864/4532/4524
f 2864/4532/4524 2764/4547/4539 2863/4548/4540
f 2864/4532/4524 2863/4548/4540 2963/4533/4525
f 2963/4533/4525 2863/4548/4540 2962/4549/4541
f 2963/4533/4525 2962/4549/4541 3062/4534/4526
f 3062/4534/4526 2962/4549/4541 3061/4550/4542
f 3062/4534/4526 3061/4550/4542 3161/4535/4527
f 3161/4535/4527 3061/4550/4542 3160/4551/4543
f 3161/4535/4527 3160/4551/4543 3260/4536/4528
f 3260/4536/4528 3160/4551/4543 3259/4552/4544
f 3260/4536/4528 3259/4552/4544 3358/4537/4529
f 3358/4537/4529 3259/4552/4544 3357/4553/4545
f 3358/4537/4529 3357/4553/4545 3455/4538/4530
f 3455/4538/4530 3357/4553/4545 3454/4554/4546
f 3455/4538/4530 3454/4554/4546 3532/4539/4531
f 3532/4539/4531 3454/4554/4546 3531/4555/4547
f 3532/4539/4531 3531/4555/4547 3598/4540/4532
f 3598/4540/4532 3531/4555/4547 3599/4556/4548
f 3598/4540/4532 3599/4556/4548 3676/3459/3451
f 3676/3459/3451 3599/4556/4548 3675/3457/3449
f 2050/4541/4533 2049/4557/4549 3929/4542/4534
f 3929/4542/4534 2049/4557/4549 3930/4558/4550
f 3929/4542/4534 3930/4558/4550 3830/4543/4535
f 3830/4543/4535 3930/4558/4550 3831/4559/4551
f 3830/4543/4535 3831/4559/4551 2584/4544/4536
f 2584/4544/4536 3831/4559/4551 2585/4560/4552
f 2584/4544/4536 2585/4560/4552 2471/4545/4537
f 2471/4545/4537 2585/4560/4552 2470/4561/4553
f 2471/4545/4537 2470/4561/4553 2665/4546/4538
f 2665/4546/4538 2470/4561/4553 2664/4562/4554
f 2665/4546/4538 2664/4562/4554 2764/4547/4539
f 2764/4547/4539 2664/4562/4554 2763/4563/4555
f 2764/4547/4539 2763/4563/4555 2863/4548/4540
f 2863/4548/4540 2763/4563/4555 2862/4564/4556
f 2863/4548/4540 2862/4564/4556 2962/4549/4541
f 2962/4549/4541 2862/4564/4556 2961/4565/4557
f 2962/4549/4541 2961/4565/4557 3061/4550/4542
f 3061/4550/4542 2961/4565/4557 3060/4566/4558
f 3061/4550/4542 3060/4566/4558 3160/4551/4543
f 3160/4551/4543 3060/4566/4558 3159/4567/4559
f 3160/4551/4543 3159/4567/4559 3259/4552/4544
f 3259/4552/4544 3159/4567/4559 3258/4568/4560
f 3259/4552/4544 3258/4568/4560 3357/4553/4545
f 3357/4553/4545 3258/4568/4560 3356/4569/4561
f 3357/4553/4545 3356/4569/4561 3454/4554/4546
f 3454/4554/4546 3356/4569/4561 3453/4570/4562
f 3454/4554/4546 3453/4570/4562 3531/4555/4547
f 3531/4555/4547 3453/4570/4562 3530/4571/4563
f 3531/4555/4547 3530/4571/4563 3599/4556/4548
f 3599/4556/4548 3530/4571/4563 3600/4572/4564
f 3599/4556/4548 3600/4572/4564 3675/3457/3449
f 3675/3457/3449 3600/4572/4564 3674/3455/3447
f 2049/4557/4549 2048/4573/4565 3930/4558/4550
f 3930/4558/4550 2048/4573/4565 3931/4574/4566
f 3930/4558/4550 3931/4574/4566 3831/4559/4551
f 3831/4559/4551 3931/4574/4566 3832/4575/4567
f 3831/4559/4551 3832/4575/4567 2585/4560/4552
f 2585/4560/4552 3832/4575/4567 2586/4576/4568
f 2585/4560/4552 2586/4576/4568 2470/4561/4553
f 2470/4561/4553 2586/4576/4568 2469/4577/4569
f 2470/4561/4553 2469/4577/4569 2664/4562/4554
f 2664/4562/4554 2469/4577/4569 2663/4578/4570
f 2664/4562/4554 2663/4578/4570 2763/4563/4555
f 2763/4563/4555 2663/4578/4570 2762/4579/4571
f 2763/4563/4555 2762/4579/4571 2862/4564/4556
f 2862/4564/4556 2762/4579/4571 2861/4580/4572
f 2862/4564/4556 2861/4580/4572 2961/4565/4557
f 2961/4565/4557 2861/4580/4572 2960/4581/4573
f 2961/4565/4557 2960/4581/4573 3060/4566/4558
f 3060/4566/4558 2960/4581/4573 3059/4582/4574
f 3060/4566/4558 3059/4582/4574 3159/4567/4559
f 3159/4567/4559 3059/4582/4574 3158/4583/4575
f 3159/4567/4559 3158/4583/4575 3258/4568/4560
f 3258/4568/4560 3158/4583/4575 3257/4584/4576
f 3258/4568/4560 3257/4584/4576 3356/4569/4561
f 3356/4569/4561 3257/4584/4576 3355/4585/4577
f 3356/4569/4561 3355/4585/4577 3453/4570/4562
f 3453/4570/4562 3355/4585/4577 3452/4586/4578
f 3453/4570/4562 3452/4586/4578 3530/4571/4563
f 3530/4571/4563 3452/4586/4578 3529/4587/4579
f 3530/4571/4563 3529/4587/4579 3600/4572/4564
f 3600/4572/4564 3529/4587/4579 3601/4588/4580
f 3600/4572/4564 3601/4588/4580 3674/3455/3447
f 3674/3455/3447 3601/4588/4580 3673/3453/3445
f 2048/4573/4565 2047/4589/4581 3931/4574/4566
f 3931/4574/4566 2047/4589/4581 3932/4590/4582
f 3931/4574/4566 3932/4590/4582 3832/4575/4567
f 3832/4575/4567 3932/4590/4582 3833/4591/4583
f 3832/4575/4567 3833/4591/4583 2586/4576/4568
f 2586/4576/4568 3833/4591/4583 2587/4592/4584
f 2586/4576/4568 2587/4592/4584 2469/4577/4569
f 2469/4577/4569 2587/4592/4584 2468/4593/4585
f 2469/4577/4569 2468/4593/4585 2663/4578/4570
f 2663/4578/4570 2468/4593/4585 2662/4594/4586
f 2663/4578/4570 2662/4594/4586 2762/4579/4571
f 2762/4579/4571 2662/4594/4586 2761/4595/4587
f 2762/4579/4571 2761/4595/4587 2861/4580/4572
f 2861/4580/4572 2761/4595/4587 2860/4596/4588
f 2861/4580/4572 2860/4596/4588 2960/4581/4573
f 2960/4581/4573 2860/4596/4588 2959/4597/4589
f 2960/4581/4573 2959/4597/4589 3059/4582/4574
f 3059/4582/4574 2959/4597/4589 3058/4598/4590
f 3059/4582/4574 3058/4598/4590 3158/4583/4575
f 3158/4583/4575 3058/4598/4590 3157/4599/4591
f 3158/4583/4575 3157/4599/4591 3257/4584/4576
f 3257/4584/4576 3157/4599/4591 3256/4600/4592
f 3257/4584/4576 3256/4600/4592 3355/4585/4577
f 3355/4585/4577 3256/4600/4592 3354/4601/4593
f 3355/4585/4577 3354/4601/4593 3452/4586/4578
f 3452/4586/4578 3354/4601/4593 3451/4602/4594
f 3452/4586/4578 3451/4602/4594 3529/4587/4579
f 3529/4587/4579 3451/4602/4594 3528/4603/4595
f 3529/4587/4579 3528/4603/4595 3601/4588/4580
f 3601/4588/4580 3528/4603/4595 3602/4604/4596
f 3601/4588/4580 3602/4604/4596 3673/3453/3445
f 3673/3453/3445 3602/4604/4596 3672/3451/3443
f 2047/4589/4581 2046/4605/4597 3932/4590/4582
f 3932/4590/4582 2046/4605/4597 3933/4606/4598
f 3932/4590/4582 3933/4606/4598 3833/4591/4583
f 3833/4591/4583 3933/4606/4598 3834/4607/4599
f 3833/4591/4583 3834/4607/4599 2587/4592/4584
f 2587/4592/4584 3834/4607/4599 2588/4608/4600
f 2587/4592/4584 2588/4608/4600 2468/4593/4585
f 2468/4593/4585 2588/4608/4600 2467/4609/4601
f 2468/4593/4585 2467/4609/4601 2662/4594/4586
f 2662/4594/4586 2467/4609/4601 2661/4610/4602
f 2662/4594/4586 2661/4610/4602 2761/4595/4587
f 2761/4595/4587 2661/4610/4602 2760/4611/4603
f 2761/4595/4587 2760/4611/4603 2860/4596/4588
f 2860/4596/4588 2760/4611/4603 2859/4612/4604
f 2860/4596/4588 2859/4612/4604 2959/4597/4589
f 2959/4597/4589 2859/4612/4604 2958/4613/4605
f 2959/4597/4589 2958/4613/4605 3058/4598/4590
f 3058/4598/4590 2958/4613/4605 3057/4614/4606
f 3058/4598/4590 3057/4614/4606 3157/4599/4591
f 3157/4599/4591 3057/4614/4606 3156/4615/4607
f 3157/4599/4591 3156/4615/4607 3256/4600/4592
f 3256/4600/4592 3156/4615/4607 3255/4616/4608
f 3256/4600/4592 3255/4616/4608 3354/4601/4593
f 3354/4601/4593 3255/4616/4608 3353/4617/4609
f 3354/4601/4593 3353/4617/4609 3451/4602/4594
f 3451/4602/4594 3353/4617/4609 3450/4618/4610
f 3451/4602/4594 3450/4618/4610 3528/4603/4595
f 3528/4603/4595 3450/4618/4610 3527/4619/4611
f 3528/4603/4595 3527/4619/4611 3602/4604/4596
f 3602/4604/4596 3527/4619/4611 3603/4620/4612
f 3602/4604/4596 3603/4620/4612 3672/3451/3443
f 3672/3451/3443 3603/4620/4612 3671/3449/3441
f 2046/4605/4597 2045/4621/4613 3933/4606/4598
f 3933/4606/4598 2045/4621/4613 3934/4622/4614
f 3933/4606/4598 3934/4622/4614 3834/4607/4599
f 3834/4607/4599 3934/4622/4614 3835/4623/4615
f 3834/4607/4599 3835/4623/4615 2588/4608/4600
f 2588/4608/4600 3835/4623/4615 2589/4624/4616
f 2588/4608/4600 2589/4624/4616 2467/4609/4601
f 2467/4609/4601 2589/4624/4616 2466/4625/4617
f 2467/4609/4601 2466/4625/4617 2661/4610/4602
f 2661/4610/4602 2466/4625/4617 2660/4626/4618
f 2661/4610/4602 2660/4626/4618 2760/4611/4603
f 2760/4611/4603 2660/4626/4618 2759/4627/4619
f 2760/4611/4603 2759/4627/4619 2859/4612/4604
f 2859/4612/4604 2759/4627/4619 2858/4628/4620
f 2859/4612/4604 2858/4628/4620 2958/4613/4605
f 2958/4613/4605 2858/4628/4620 2957/4629/4621
f 2958/4613/4605 2957/4629/4621 3057/4614/4606
f 3057/4614/4606 2957/4629/4621 3056/4630/4622
f 3057/4614/4606 3056/4630/4622 3156/4615/4607
f 3156/4615/4607 3056/4630/4622 3155/4631/4623
f 3156/4615/4607 3155/4631/4623 3255/4616/4608
f 3255/4616/4608 3155/4631/4623 3254/4632/4624
f 3255/4616/4608 3254/4632/4624 3353/4617/4609
f 3353/4617/4609 3254/4632/4624 3352/4633/4625
f 3353/4617/4609 3352/4633/4625 3450/4618/4610
f 3450/4618/4610 3352/4633/4625 3449/4634/4626
f 3450/4618/4610 3449/4634/4626 3527/4619/4611
f 3527/4619/4611 3449/4634/4626 3526/4635/4627
f 3527/4619/4611 3526/4635/4627 3603/4620/4612
f 3603/4620/4612 3526/4635/4627 3604/4636/4628
f 3603/4620/4612 3604/4636/4628 3671/3449/3441
f 3671/3449/3441 3604/4636/4628 3670/3447/3439
f 2045/4621/4613 2044/4637/4629 3934/4622/4614
f 3934/4622/4614 2044/4637/4629 3935/4638/4630
f 3934/4622/4614 3935/4638/4630 3835/4623/4615
f 3835/4623/4615 3935/4638/4630 3836/4639/4631
f 3835/4623/4615 3836/4639/4631 2589/4624/4616
f 2589/4624/4616 3836/4639/4631 2590/4640/4632
f 2589/4624/4616 2590/4640/4632 2466/4625/4617
f 2466/4625/4617 2590/4640/4632 2465/4641/4633
f 2466/4625/4617 2465/4641/4633 2660/4626/4618
f 2660/4626/4618 2465/4641/4633 2659/4642/4634
f 2660/4626/4618 2659/4642/4634 2759/4627/4619
f 2759/4627/4619 2659/4642/4634 2758/4643/4635
f 2759/4627/4619 2758/4643/4635 2858/4628/4620
f 2858/4628/4620 2758/4643/4635 2857/4644/4636
f 2858/4628/4620 2857/4644/4636 2957/4629/4621
f 2957/4629/4621 2857/4644/4636 2956/4645/4637
f 2957/4629/4621 2956/4645/4637 3056/4630/4622
f 3056/4630/4622 2956/4645/4637 3055/4646/4638
f 3056/4630/4622 3055/4646/4638 3155/4631/4623
f 3155/4631/4623 3055/4646/4638 3154/4647/4639
f 3155/4631/4623 3154/4647/4639 3254/4632/4624
f 3254/4632/4624 3154/4647/4639 3253/4648/4640
f 3254/4632/4624 3253/4648/4640 3352/4633/4625
f 3352/4633/4625 3253/4648/4640 3351/4649/4641
f 3352/4633/4625 3351/4649/4641 3449/4634/4626
f 3449/4634/4626 3351/4649/4641 3448/4650/4642
f 3449/4634/4626 3448/4650/4642 3526/4635/4627
f 3526/4635/4627 3448/4650/4642 3525/4651/4643
f 3526/4635/4627 3525/4651/4643 3604/4636/4628
f 3604/4636/4628 3525/4651/4643 3605/4652/4644
f 3604/4636/4628 3605/4652/4644 3670/3447/3439
f 3670/3447/3439 3605/4652/4644 3669/3445/3437
f 2044/4637/4629 2043/4653/4645 3935/4638/4630
f 3935/4638/4630 2043/4653/4645 3936/4654/4646
f 3935/4638/4630 3936/4654/4646 3836/4639/4631
f 3836/4639/4631 3936/4654/4646 3837/4655/4647
f 3836/4639/4631 3837/4655/4647 2590/4640/4632
f 2590/4640/4632 3837/4655/4647 2591/4656/4648
f 2590/4640/4632 2591/4656/4648 2465/4641/4633
f 2465/4641/4633 2591/4656/4648 2464/4657/4649
f 2465/4641/4633 2464/4657/4649 2659/4642/4634
f 2659/4642/4634 2464/4657/4649 2658/4658/4650
f 2659/4642/4634 2658/4658/4650 2758/4643/4635
f 2758/4643/4635 2658/4658/4650 2757/4659/4651
f 2758/4643/4635 2757/4659/4651 2857/4644/4636
f 2857/4644/4636 2757/4659/4651 2856/4660/4652
f 2857/4644/4636 2856/4660/4652 2956/4645/4637
f 2956/4645/4637 2856/4660/4652 2955/4661/4653
f 2956/4645/4637 2955/4661/4653 3055/4646/4638
f 3055/4646/4638 2955/4661/4653 3054/4662/4654
f 3055/4646/4638 3054/4662/4654 3154/4647/4639
f 3154/4647/4639 3054/4662/4654 3153/4663/4655
f 3154/4647/4639 3153/4663/4655 3253/4648/4640
f 3253/4648/4640 3153/4663/4655 3252/4664/4656
f 3253/4648/4640 3252/4664/4656 3351/4649/4641
f 3351/4649/4641 3252/4664/4656 3350/4665/4657
f 3351/4649/4641 3350/4665/4657 3448/4650/4642
f 3448/4650/4642 3350/4665/4657 3447/4666/4658
f 3448/4650/4642 3447/4666/4658 3525/4651/4643
f 3525/4651/4643 3447/4666/4658 3524/4667/4659
f 3525/4651/4643 3524/4667/4659 3605/4652/4644
f 3605/4652/4644 3524/4667/4659 3606/4668/4660
f 3605/4652/4644 3606/4668/4660 3669/3445/3437
f 3669/3445/3437 3606/4668/4660 3668/3443/3435
f 2043/4653/4645 2042/4669/4661 3936/4654/4646
f 3936/4654/4646 2042/4669/4661 3937/4670/4662
f 3936/4654/4646 3937/4670/4662 3837/4655/4647
f 3837/4655/4647 3937/4670/4662 3838/4671/4663
f 3837/4655/4647 3838/4671/4663 2591/4656/4648
f 2591/4656/4648 3838/4671/4663 2592/4672/4664
f 2591/4656/4648 2592/4672/4664 2464/4657/4649
f 2464/4657/4649 2592/4672/4664 2463/4673/4665
f 2464/4657/4649 2463/4673/4665 2658/4658/4650
f 2658/4658/4650 2463/4673/4665 2657/4674/4666
f 2658/4658/4650 2657/4674/4666 2757/4659/4651
f 2757/4659/4651 2657/4674/4666 2756/4675/4667
f 2757/4659/4651 2756/4675/4667 2856/4660/4652
f 2856/4660/4652 2756/4675/4667 2855/4676/4668
f 2856/4660/4652 2855/4676/4668 2955/4661/4653
f 2955/4661/4653 2855/4676/4668 2954/4677/4669
f 2955/4661/4653 2954/4677/4669 3054/4662/4654
f 3054/4662/4654 2954/4677/4669 3053/4678/4670
f 3054/4662/4654 3053/4678/4670 3153/4663/4655
f 3153/4663/4655 3053/4678/4670 3152/4679/4671
f 3153/4663/4655 3152/4679/4671 3252/4664/4656
f 3252/4664/4656 3152/4679/4671 3251/4680/4672
f 3252/4664/4656 3251/4680/4672 3350/4665/4657
f 3350/4665/4657 3251/4680/4672 3349/4681/4673
f 3350/4665/4657 3349/4681/4673 3447/4666/4658
f 3447/4666/4658 3349/4681/4673 3446/4682/4674
f 3447/4666/4658 3446/4682/4674 3524/4667/4659
f 3524/4667/4659 3446/4682/4674 3523/4683/4675
f 3524/4667/4659 3523/4683/4675 3606/4668/4660
f 3606/4668/4660 3523/4683/4675 3607/4684/4676
f 3606/4668/4660 3607/4684/4676 3668/3443/3435
f 3668/3443/3435 3607/4684/4676 3667/3441/3433
f 2042/4669/4661 2041/4685/4677 3937/4670/4662
f 3937/4670/4662 2041/4685/4677 3938/4686/4678
f 3937/4670/4662 3938/4686/4678 3838/4671/4663
f 3838/4671/4663 3938/4686/4678 3839/4687/4679
f 3838/4671/4663 3839/4687/4679 2592/4672/4664
f 2592/4672/4664 3839/4687/4679 2593/4688/4680
f 2592/4672/4664 2593/4688/4680 2463/4673/4665
f 2463/4673/4665 2593/4688/4680 2462/4689/4681
f 2463/4673/4665 2462/4689/4681 2657/4674/4666
f 2657/4674/4666 2462/4689/4681 2656/4690/4682
f 2657/4674/4666 2656/4690/4682 2756/4675/4667
f 2756/4675/4667 2656/4690/4682 2755/4691/4683
f 2756/4675/4667 2755/4691/4683 2855/4676/4668
f 2855/4676/4668 2755/4691/4683 2854/4692/4684
f 2855/4676/4668 2854/4692/4684 2954/4677/4669
f 2954/4677/4669 2854/4692/4684 2953/4693/4685
f 2954/4677/4669 2953/4693/4685 3053/4678/4670
f 3053/4678/4670 2953/4693/4685 3052/4694/4686
f 3053/4678/4670 3052/4694/4686 3152/4679/4671
f 3152/4679/4671 3052/4694/4686 3151/4695/4687
f 3152/4679/4671 3151/4695/4687 3251/4680/4672
f 3251/4680/4672 3151/4695/4687 3250/4696/4688
f 3251/4680/4672 3250/4696/4688 3349/4681/4673
f 3349/4681/4673 3250/4696/4688 3348/4697/4689
f 3349/4681/4673 3348/4697/4689 3446/4682/4674
f 3446/4682/4674 3348/4697/4689 3445/4698/4690
f 3446/4682/4674 3445/4698/4690 3523/4683/4675
f 3523/4683/4675 3445/4698/4690 3522/4699/4691
f 3523/4683/4675 3522/4699/4691 3607/4684/4676
f 3607/4684/4676 3522/4699/4691 3608/4700/4692
f 3607/4684/4676 3608/4700/4692 3667/3441/3433
f 3667/3441/3433 3608/4700/4692 3666/3439/3431
f 2041/4685/4677 2040/4701/4693 3938/4686/4678
f 3938/4686/4678 2040/4701/4693 3939/4702/4694
f 3938/4686/4678 3939/4702/4694 3839/4687/4679
f 3839/4687/4679 3939/4702/4694 3840/4703/4695
f 3839/4687/4679 3840/4703/4695 2593/4688/4680
f 2593/4688/4680 3840/4703/4695 2594/4704/4696
f 2593/4688/4680 2594/4704/4696 2462/4689/4681
f 2462/4689/4681 2594/4704/4696 2461/4705/4697
f 2462/4689/4681 2461/4705/4697 2656/4690/4682
f 2656/4690/4682 2461/4705/4697 2655/4706/4698
f 2656/4690/4682 2655/4706/4698 2755/4691/4683
f 2755/4691/4683 2655/4706/4698 2754/4707/4699
f 2755/4691/4683 2754/4707/4699 2854/4692/4684
f 2854/4692/4684 2754/4707/4699 2853/4708/4700
f 2854/4692/4684 2853/4708/4700 2953/4693/4685
f 2953/4693/4685 2853/4708/4700 2952/4709/4701
f 2953/4693/4685 2952/4709/4701 3052/4694/4686
f 3052/4694/4686 2952/4709/4701 3051/4710/4702
f 3052/4694/4686 3051/4710/4702 3151/4695/4687
f 3151/4695/4687 3051/4710/4702 3150/4711/4703
f 3151/4695/4687 3150/4711/4703 3250/4696/4688
f 3250/4696/4688 3150/4711/4703 3249/4712/4704
f 3250/4696/4688 3249/4712/4704 3348/4697/4689
f 3348/4697/4689 3249/4712/4704 3347/4713/4705
f 3348/4697/4689 3347/4713/4705 3445/4698/4690
f 3445/4698/4690 3347/4713/4705 3444/4714/4706
f 3445/4698/4690 3444/4714/4706 3522/4699/4691
f 3522/4699/4691 3444/4714/4706 3521/4715/4707
f 3522/4699/4691 3521/4715/4707 3608/4700/4692
f 3608/4700/4692 3521/4715/4707 3609/4716/4708
f 3608/4700/4692 3609/4716/4708 3666/3439/3431
f 3666/3439/3431 3609/4716/4708 3665/3437/3429
f 2040/4701/4693 2039/4717/4709 3939/4702/4694
f 3939/4702/4694 2039/4717/4709 3940/4718/4710
f 3939/4702/4694 3940/4718/4710 3840/4703/4695
f 3840/4703/4695 3940/4718/4710 3841/4719/4711
f 3840/4703/4695 3841/4719/4711 2594/4704/4696
f 2594/4704/4696 3841/4719/4711 2595/4720/4712
f 2594/4704/4696 2595/4720/4712 2461/4705/4697
f 2461/4705/4697 2595/4720/4712 2460/4721/4713
f 2461/4705/4697 2460/4721/4713 2655/4706/4698
f 2655/4706/4698 2460/4721/4713 2654/4722/4714
f 2655/4706/4698 2654/4722/4714 2754/4707/4699
f 2754/4707/4699 2654/4722/4714 2753/4723/4715
f 2754/4707/4699 2753/4723/4715 2853/4708/4700
f 2853/4708/4700 2753/4723/4715 2852/4724/4716
f 2853/4708/4700 2852/4724/4716 2952/4709/4701
f 2952/4709/4701 2852/4724/4716 2951/4725/4717
f 2952/4709/4701 2951/4725/4717 3051/4710/4702
f 3051/4710/4702 2951/4725/4717 3050/4726/4718
f 3051/4710/4702 3050/4726/4718 3150/4711/4703
f 3150/4711/4703 3050/4726/4718 3149/4727/4719
f 3150/4711/4703 3149/4727/4719 3249/4712/4704
f 3249/4712/4704 3149/4727/4719 3248/4728/4720
f 3249/4712/4704 3248/4728/4720 3347/4713/4705
f 3347/4713/4705 3248/4728/4720 3346/4729/4721
f 3347/4713/4705 3346/4729/4721 3444/4714/4706
f 3444/4714/4706 3346/4729/4721 3443/4730/4722
f 3444/4714/4706 3443/4730/4722 3521/4715/4707
f 3521/4715/4707 3443/4730/4722 3520/4731/4723
f 3521/4715/4707 3520/4731/4723 3609/4716/4708
f 3609/4716/4708 3520/4731/4723 3610/4732/4724
f 3609/4716/4708 3610/4732/4724 3665/3437/3429
f 3665/3437/3429 3610/4732/4724 3664/3435/3427
f 2039/4717/4709 2038/4733/4725 3940/4718/4710
f 3940/4718/4710 2038/4733/4725 3941/4734/4726
f 3940/4718/4710 3941/4734/4726 3841/4719/4711
f 3841/4719/4711 3941/4734/4726 3842/4735/4727
f 3841/4719/4711 3842/4735/4727 2595/4720/4712
f 2595/4720/4712 3842/4735/4727 2596/4736/4728
f 2595/4720/4712 2596/4736/4728 2460/4721/4713
f 2460/4721/4713 2596/4736/4728 2459/4737/4729
f 2460/4721/4713 2459/4737/4729 2654/4722/4714
f 2654/4722/4714 2459/4737/4729 2653/4738/4730
f 2654/4722/4714 2653/4738/4730 2753/4723/4715
f 2753/4723/4715 2653/4738/4730 2752/4739/4731
f 2753/4723/4715 2752/4739/4731 2852/4724/4716
f 2852/4724/4716 2752/4739/4731 2851/4740/4732
f 2852/4724/4716 2851/4740/4732 2951/4725/4717
f 2951/4725/4717 2851/4740/4732 2950/4741/4733
f 2951/4725/4717 2950/4741/4733 3050/4726/4718
f 3050/4726/4718 2950/4741/4733 3049/4742/4734
f 3050/4726/4718 3049/4742/4734 3149/4727/4719
f 3149/4727/4719 3049/4742/4734 3148/4743/4735
f 3149/4727/4719 3148/4743/4735 3248/4728/4720
f 3248/4728/4720 3148/4743/4735 3247/4744/4736
f 3248/4728/4720 3247/4744/4736 3346/4729/4721
f 3346/4729/4721 3247/4744/4736 3345/4745/4737
f 3346/4729/4721 3345/4745/4737 3443/4730/4722
f 3443/4730/4722 3345/4745/4737 3442/4746/4738
f 3443/4730/4722 3442/4746/4738 3520/4731/4723
f 3520/4731/4723 3442/4746/4738 3519/4747/4739
f 3520/4731/4723 3519/4747/4739 3610/4732/4724
f 3610/4732/4724 3519/4747/4739 3611/4748/4740
f 3610/4732/4724 3611/4748/4740 3664/3435/3427
f 3664/3435/3427 3611/4748/4740 3663/3433/3425
f 2038/4733/4725 2037/4749/4741 3941/4734/4726
f 3941/4734/4726 2037/4749/4741 3942/4750/4742
f 3941/4734/4726 3942/4750/4742 3842/4735/4727
f 3842/4735/4727 3942/4750/4742 3843/4751/4743
f 3842/4735/4727 3843/4751/4743 2596/4736/4728
f 2596/4736/4728 3843/4751/4743 2597/4752/4744
f 2596/4736/4728 2597/4752/4744 2459/4737/4729
f 2459/4737/4729 2597/4752/4744 2458/4753/4745
f 2459/4737/4729 2458/4753/4745 2653/4738/4730
f 2653/4738/4730 2458/4753/4745 2652/4754/4746
f 2653/4738/4730 2652/4754/4746 2752/4739/4731
f 2752/4739/4731 2652/4754/4746 2751/4755/4747
f 2752/4739/4731 2751/4755/4747 2851/4740/4732
f 2851/4740/4732 2751/4755/4747 2850/4756/4748
f 2851/4740/4732 2850/4756/4748 2950/4741/4733
f 2950/4741/4733 2850/4756/4748 2949/4757/4749
f 2950/4741/4733 2949/4757/4749 3049/4742/4734
f 3049/4742/4734 2949/4757/4749 3048/4758/4750
f 3049/4742/4734 3048/4758/4750 3148/4743/4735
f 3148/4743/4735 3048/4758/4750 3147/4759/4751
f 3148/4743/4735 3147/4759/4751 3247/4744/4736
f 3247/4744/4736 3147/4759/4751 3246/4760/4752
f 3247/4744/4736 3246/4760/4752 3345/4745/4737
f 3345/4745/4737 3246/4760/4752 3344/4761/4753
f 3345/4745/4737 3344/4761/4753 3442/4746/4738
f 3442/4746/4738 3344/4761/4753 3441/4762/4754
f 3442/4746/4738 3441/4762/4754 3519/4747/4739
f 3519/4747/4739 3441/4762/4754 3518/4763/4755
f 3519/4747/4739 3518/4763/4755 3611/4748/4740
f 3611/4748/4740 3518/4763/4755 3612/4764/4756
f 3611/4748/4740 3612/4764/4756 3663/3433/3425
f 3663/3433/3425 3612/4764/4756 3662/3431/3423
f 2037/4749/4741 2036/4765/4757 3942/4750/4742
f 3942/4750/4742 2036/4765/4757 3943/4766/4758
f 3942/4750/4742 3943/4766/4758 3843/4751/4743
f 3843/4751/4743 3943/4766/4758 3844/4767/4759
f 3843/4751/4743 3844/4767/4759 2597/4752/4744
f 2597/4752/4744 3844/4767/4759 2598/4768/4760
f 2597/4752/4744 2598/4768/4760 2458/4753/4745
f 2458/4753/4745 2598/4768/4760 2457/4769/4761
f 2458/4753/4745 2457/4769/4761 2652/4754/4746
f 2652/4754/4746 2457/4769/4761 2651/4770/4762
f 2652/4754/4746 2651/4770/4762 2751/4755/4747
f 2751/4755/4747 2651/4770/4762 2750/4771/4763
f 2751/4755/4747 2750/4771/4763 2850/4756/4748
f 2850/4756/4748 2750/4771/4763 2849/4772/4764
f 2850/4756/4748 2849/4772/4764 2949/4757/4749
f 2949/4757/4749 2849/4772/4764 2948/4773/4765
f 2949/4757/4749 2948/4773/4765 3048/4758/4750
f 3048/4758/4750 2948/4773/4765 3047/4774/4766
f 3048/4758/4750 3047/4774/4766 3147/4759/4751
f 3147/4759/4751 3047/4774/4766 3146/4775/4767
f 3147/4759/4751 3146/4775/4767 3246/4760/4752
f 3246/4760/4752 3146/4775/4767 3245/4776/4768
f 3246/4760/4752 3245/4776/4768 3344/4761/4753
f 3344/4761/4753 3245/4776/4768 3343/4777/4769
f 3344/4761/4753 3343/4777/4769 3441/4762/4754
f 3441/4762/4754 3343/4777/4769 3440/4778/4770
f 3441/4762/4754 3440/4778/4770 3518/4763/4755
f 3518/4763/4755 3440/4778/4770 3517/4779/4771
f 3518/4763/4755 3517/4779/4771 3612/4764/4756
f 3612/4764/4756 3517/4779/4771 3613/4780/4772
f 3612/4764/4756 3613/4780/4772 3662/3431/3423
f 3662/3431/3423 3613/4780/4772 3661/3429/3421
f 2036/4765/4757 2035/4781/4773 3943/4766/4758
f 3943/4766/4758 2035/4781/4773 3944/4782/4774
f 3943/4766/4758 3944/4782/4774 3844/4767/4759
f 3844/4767/4759 3944/4782/4774 3845/4783/4775
f 3844/4767/4759 3845/4783/4775 2598/4768/4760
f 2598/4768/4760 3845/4783/4775 2599/4784/4776
f 2598/4768/4760 2599/4784/4776 2457/4769/4761
f 2457/4769/4761 2599/4784/4776 2456/4785/4777
f 2457/4769/4761 2456/4785/4777 2651/4770/4762
f 2651/4770/4762 2456/4785/4777 2650/4786/4778
f 2651/4770/4762 2650/4786/4778 2750/4771/4763
f 2750/4771/4763 2650/4786/4778 2749/4787/4779
f 2750/4771/4763 2749/4787/4779 2849/4772/4764
f 2849/4772/4764 2749/4787/4779 2848/4788/4780
f 2849/4772/4764 2848/4788/4780 2948/4773/4765
f 2948/4773/4765 2848/4788/4780 2947/4789/4781
f 2948/4773/4765 2947/4789/4781 3047/4774/4766
f 3047/4774/4766 2947/4789/4781 3046/4790/4782
f 3047/4774/4766 3046/4790/4782 3146/4775/4767
f 3146/4775/4767 3046/4790/4782 3145/4791/4783
f 3146/4775/4767 3145/4791/4783 3245/4776/4768
f 3245/4776/4768 3145/4791/4783 3244/4792/4784
f 3245/4776/4768 3244/4792/4784 3343/4777/4769
f 3343/4777/4769 3244/4792/4784 3342/4793/4785
f 3343/4777/4769 3342/4793/4785 3440/4778/4770
f 3440/4778/4770 3342/4793/4785 3439/4794/4786
f 3440/4778/4770 3439/4794/4786 3517/4779/4771
f 3517/4779/4771 3439/4794/4786 3516/4795/4787
f 3517/4779/4771 3516/4795/4787 3613/4780/4772
f 3613/4780/4772 3516/4795/4787 3614/4796/4788
f 3613/4780/4772 3614/4796/4788 3661/3429/3421
f 3661/3429/3421 3614/4796/4788 3660/3427/3419
f 2035/4781/4773 2034/4797/4789 3944/4782/4774
f 3944/4782/4774 2034/4797/4789 3945/4798/4790
f 3944/4782/4774 3945/4798/4790 3845/4783/4775
f 3845/4783/4775 3945/4798/4790 3846/4799/4791
f 3845/4783/4775 3846/4799/4791 2599/4784/4776
f 2599/4784/4776 3846/4799/4791 2600/4800/4792
f 2599/4784/4776 2600/4800/4792 2456/4785/4777
f 2456/4785/4777 2600/4800/4792 2455/4801/4793
f 2456/4785/4777 2455/4801/4793 2650/4786/4778
f 2650/4786/4778 2455/4801/4793 2649/4802/4794
f 2650/4786/4778 2649/4802/4794 2749/4787/4779
f 2749/4787/4779 2649/4802/4794 2748/4803/4795
f 2749/4787/4779 2748/4803/4795 2848/4788/4780
f 2848/4788/4780 2748/4803/4795 2847/4804/4796
f 2848/4788/4780 2847/4804/4796 2947/4789/4781
f 2947/4789/4781 2847/4804/4796 2946/4805/4797
f 2947/4789/4781 2946/4805/4797 3046/4790/4782
f 3046/4790/4782 2946/4805/4797 3045/4806/4798
f 3046/4790/4782 3045/4806/4798 3145/4791/4783
f 3145/4791/4783 3045/4806/4798 3144/4807/4799
f 3145/4791/4783 3144/4807/4799 3244/4792/4784
f 3244/4792/4784 3144/4807/4799 3243/4808/4800
f 3244/4792/4784 3243/4808/4800 3342/4793/4785
f 3342/4793/4785 3243/4808/4800 3341/4809/4801
f 3342/4793/4785 3341/4809/4801 3439/4794/4786
f 3439/4794/4786 3341/4809/4801 3438/4810/4802
f 3439/4794/4786 3438/4810/4802 3516/4795/4787
f 3516/4795/4787 3438/4810/4802 3515/4811/4803
f 3516/4795/4787 3515/4811/4803 3614/4796/4788
f 3614/4796/4788 3515/4811/4803 3615/4812/4804
f 3614/4796/4788 3615/4812/4804 3660/3427/3419
f 3660/3427/3419 3615/4812/4804 3659/3425/3417
f 2034/4797/4789 2033/4813/4805 3945/4798/4790
f 3945/4798/4790 2033/4813/4805 3946/4814/4806
f 3945/4798/4790 3946/4814/4806 3846/4799/4791
f 3846/4799/4791 3946/4814/4806 3847/4815/4807
f 3846/4799/4791 3847/4815/4807 2600/4800/4792
f 2600/4800/4792 3847/4815/4807 2601/4816/4808
f 2600/4800/4792 2601/4816/4808 2455/4801/4793
f 2455/4801/4793 2601/4816/4808 2454/4817/4809
f 2455/4801/4793 2454/4817/4809 2649/4802/4794
f 2649/4802/4794 2454/4817/4809 2648/4818/4810
f 2649/4802/4794 2648/4818/4810 2748/4803/4795
f 2748/4803/4795 2648/4818/4810 2747/4819/4811
f 2748/4803/4795 2747/4819/4811 2847/4804/4796
f 2847/4804/4796 2747/4819/4811 2846/4820/4812
f 2847/4804/4796 2846/4820/4812 2946/4805/4797
f 2946/4805/4797 2846/4820/4812 2945/4821/4813
f 2946/4805/4797 2945/4821/4813 3045/4806/4798
f 3045/4806/4798 2945/4821/4813 3044/4822/4814
f 3045/4806/4798 3044/4822/4814 3144/4807/4799
f 3144/4807/4799 3044/4822/4814 3143/4823/4815
f 3144/4807/4799 3143/4823/4815 3243/4808/4800
f 3243/4808/4800 3143/4823/4815 3242/4824/4816
f 3243/4808/4800 3242/4824/4816 3341/4809/4801
f 3341/4809/4801 3242/4824/4816 3340/4825/4817
f 3341/4809/4801 3340/4825/4817 3438/4810/4802
f 3438/4810/4802 3340/4825/4817 3437/4826/4818
f 3438/4810/4802 3437/4826/4818 3515/4811/4803
f 3515/4811/4803 3437/4826/4818 3514/4827/4819
f 3515/4811/4803 3514/4827/4819 3615/4812/4804
f 3615/4812/4804 3514/4827/4819 3616/4828/4820
f 3615/4812/4804 3616/4828/4820 3659/3425/3417
f 3659/3425/3417 3616/4828/4820 3658/3423/3415
f 2033/4813/4805 2032/4829/4821 3946/4814/4806
f 3946/4814/4806 2032/4829/4821 3947/4830/4822
f 3946/4814/4806 3947/4830/4822 3847/4815/4807
f 3847/4815/4807 3947/4830/4822 3848/4831/4823
f 3847/4815/4807 3848/4831/4823 2601/4816/4808
f 2601/4816/4808 3848/4831/4823 2602/4832/4824
f 2601/4816/4808 2602/4832/4824 2454/4817/4809
f 2454/4817/4809 2602/4832/4824 2453/4833/4825
f 2454/4817/4809 2453/4833/4825 2648/4818/4810
f 2648/4818/4810 2453/4833/4825 2647/4834/4826
f 2648/4818/4810 2647/4834/4826 2747/4819/4811
f 2747/4819/4811 2647/4834/4826 2746/4835/4827
f 2747/4819/4811 2746/4835/4827 2846/4820/4812
f 2846/4820/4812 2746/4835/4827 2845/4836/4828
f 2846/4820/4812 2845/4836/4828 2945/4821/4813
f 2945/4821/4813 2845/4836/4828 2944/4837/4829
f 2945/4821/4813 2944/4837/4829 3044/4822/4814
f 3044/4822/4814 2944/4837/4829 3043/4838/4830
f 3044/4822/4814 3043/4838/4830 3143/4823/4815
f 3143/4823/4815 3043/4838/4830 3142/4839/4831
f 3143/4823/4815 3142/4839/4831 3242/4824/4816
f 3242/4824/4816 3142/4839/4831 3241/4840/4832
f 3242/4824/4816 3241/4840/4832 3340/4825/4817
f 3340/4825/4817 3241/4840/4832 3339/4841/4833
f 3340/4825/4817 3339/4841/4833 3437/4826/4818
f 3437/4826/4818 3339/4841/4833 3436/4842/4834
f 3437/4826/4818 3436/4842/4834 3514/4827/4819
f 3514/4827/4819 3436/4842/4834 3513/4843/4835
f 3514/4827/4819 3513/4843/4835 3616/4828/4820
f 3616/4828/4820 3513/4843/4835 3617/4844/4836
f 3616/4828/4820 3617/4844/4836 3658/3423/3415
f 3658/3423/3415 3617/4844/4836 3657/3421/3413
f 2032/4829/4821 2031/4845/4837 3947/4830/4822
f 3947/4830/4822 2031/4845/4837 3948/4846/4838
f 3947/4830/4822 3948/4846/4838 3848/4831/4823
f 3848/4831/4823 3948/4846/4838 3849/4847/4839
f 3848/4831/4823 3849/4847/4839 2602/4832/4824
f 2602/4832/4824 3849/4847/4839 2603/4848/4840
f 2602/4832/4824 2603/4848/4840 2453/4833/4825
f 2453/4833/4825 2603/4848/4840 2452/4849/4841
f 2453/4833/4825 2452/4849/4841 2647/4834/4826
f 2647/4834/4826 2452/4849/4841 2646/4850/4842
f 2647/4834/4826 2646/4850/4842 2746/4835/4827
f 2746/4835/4827 2646/4850/4842 2745/4851/4843
f 2746/4835/4827 2745/4851/4843 2845/4836/4828
f 2845/4836/4828 2745/4851/4843 2844/4852/4844
f 2845/4836/4828 2844/4852/4844 2944/4837/4829
f 2944/4837/4829 2844/4852/4844 2943/4853/4845
f 2944/4837/4829 2943/4853/4845 3043/4838/4830
f 3043/4838/4830 2943/4853/4845 3042/4854/4846
f 3043/4838/4830 3042/4854/4846 3142/4839/4831
f 3142/4839/4831 3042/4854/4846 3141/4855/4847
f 3142/4839/4831 3141/4855/4847 3241/4840/4832
f 3241/4840/4832 3141/4855/4847 3240/4856/4848
f 3241/4840/4832 3240/4856/4848 3339/4841/4833
f 3339/4841/4833 3240/4856/4848 3338/4857/4849
f 3339/4841/4833 3338/4857/4849 3436/4842/4834
f 3436/4842/4834 3338/4857/4849 3435/4858/4850
f 3436/4842/4834 3435/4858/4850 3513/4843/4835
f 3513/4843/4835 3435/4858/4850 3512/4859/4851
f 3513/4843/4835 3512/4859/4851 3617/4844/4836
f 3617/4844/4836 3512/4859/4851 3618/4860/4852
f 3617/4844/4836 3618/4860/4852 3657/3421/3413
f 3657/3421/3413 3618/4860/4852 3656/3419/3411
f 2031/4845/4837 2030/4861/4853 3948/4846/4838
f 3948/4846/4838 2030/4861/4853 3949/4862/4854
f 3948/4846/4838 3949/4862/4854 3849/4847/4839
f 3849/4847/4839 3949/4862/4854 3850/4863/4855
f 3849/4847/4839 3850/4863/4855 2603/4848/4840
f 2603/4848/4840 3850/4863/4855 2604/4864/4856
f 2603/4848/4840 2604/4864/4856 2452/4849/4841
f 2452/4849/4841 2604/4864/4856 2451/4865/4857
f 2452/4849/4841 2451/4865/4857 2646/4850/4842
f 2646/4850/4842 2451/4865/4857 2645/4866/4858
f 2646/4850/4842 2645/4866/4858 2745/4851/4843
f 2745/4851/4843 2645/4866/4858 2744/4867/4859
f 2745/4851/4843 2744/4867/4859 2844/4852/4844
f 2844/4852/4844 2744/4867/4859 2843/4868/4860
f 2844/4852/4844 2843/4868/4860 2943/4853/4845
f 2943/4853/4845 2843/4868/4860 2942/4869/4861
f 2943/4853/4845 2942/4869/4861 3042/4854/4846
f 3042/4854/4846 2942/4869/4861 3041/4870/4862
f 3042/4854/4846 3041/4870/4862 3141/4855/4847
f 3141/4855/4847 3041/4870/4862 3140/4871/4863
f 3141/4855/4847 3140/4871/4863 3240/4856/4848
f 3240/4856/4848 3140/4871/4863 3239/4872/4864
f 3240/4856/4848 3239/4872/4864 3338/4857/4849
f 3338/4857/4849 3239/4872/4864 3337/4873/4865
f 3338/4857/4849 3337/4873/4865 3435/4858/4850
f 3435/4858/4850 3337/4873/4865 3434/4874/4866
f 3435/4858/4850 3434/4874/4866 3512/4859/4851
f 3512/4859/4851 3434/4874/4866 3511/4875/4867
f 3512/4859/4851 3511/4875/4867 3618/4860/4852
f 3618/4860/4852 3511/4875/4867 3619/4876/4868
f 3618/4860/4852 3619/4876/4868 3656/3419/3411
f 3656/3419/3411 3619/4876/4868 3655/3417/3409
f 2030/4861/4853 2029/4877/4869 3949/4862/4854
f 3949/4862/4854 2029/4877/4869 3950/4878/4870
f 3949/4862/4854 3950/4878/4870 3850/4863/4855
f 3850/4863/4855 3950/4878/4870 3851/4879/4871
f 3850/4863/4855 3851/4879/4871 2604/4864/4856
f 2604/4864/4856 3851/4879/4871 2605/4880/4872
f 2604/4864/4856 2605/4880/4872 2451/4865/4857
f 2451/4865/4857 2605/4880/4872 2450/4881/4873
f 2451/4865/4857 2450/4881/4873 2645/4866/4858
f 2645/4866/4858 2450/4881/4873 2644/4882/4874
f 2645/4866/4858 2644/4882/4874 2744/4867/4859
f 2744/4867/4859 2644/4882/4874 2743/4883/4875
f 2744/4867/4859 2743/4883/4875 2843/4868/4860
f 2843/4868/4860 2743/4883/4875 2842/4884/4876
f 2843/4868/4860 2842/4884/4876 2942/4869/4861
f 2942/4869/4861 2842/4884/4876 2941/4885/4877
f 2942/4869/4861 2941/4885/4877 3041/4870/4862
f 3041/4870/4862 2941/4885/4877 3040/4886/4878
f 3041/4870/4862 3040/4886/4878 3140/4871/4863
f 3140/4871/4863 3040/4886/4878 3139/4887/4879
f 3140/4871/4863 3139/4887/4879 3239/4872/4864
f 3239/4872/4864 3139/4887/4879 3238/4888/4880
f 3239/4872/4864 3238/4888/4880 3337/4873/4865
f 3337/4873/4865 3238/4888/4880 3336/4889/4881
f 3337/4873/4865 3336/4889/4881 3434/4874/4866
f 3434/4874/4866 3336/4889/4881 3433/4890/4882
f 3434/4874/4866 3433/4890/4882 3511/4875/4867
f 3511/4875/4867 3433/4890/4882 3510/4891/4883
f 3511/4875/4867 3510/4891/4883 3619/4876/4868
f 3619/4876/4868 3510/4891/4883 3620/4892/4884
f 3619/4876/4868 3620/4892/4884 3655/3417/3409
f 3655/3417/3409 3620/4892/4884 3654/3415/3407
f 2029/4877/4869 2028/4893/4885 3950/4878/4870
f 3950/4878/4870 2028/4893/4885 3951/4894/4886
f 3950/4878/4870 3951/4894/4886 3851/4879/4871
f 3851/4879/4871 3951/4894/4886 3852/4895/4887
f 3851/4879/4871 3852/4895/4887 2605/4880/4872
f 2605/4880/4872 3852/4895/4887 2606/4896/4888
f 2605/4880/4872 2606/4896/4888 2450/4881/4873
f 2450/4881/4873 2606/4896/4888 2449/4897/4889
f 2450/4881/4873 2449/4897/4889 2644/4882/4874
f 2644/4882/4874 2449/4897/4889 2643/4898/4890
f 2644/4882/4874 2643/4898/4890 2743/4883/4875
f 2743/4883/4875 2643/4898/4890 2742/4899/4891
f 2743/4883/4875 2742/4899/4891 2842/4884/4876
f 2842/4884/4876 2742/4899/4891 2841/4900/4892
f 2842/4884/4876 2841/4900/4892 2941/4885/4877
f 2941/4885/4877 2841/4900/4892 2940/4901/4893
f 2941/4885/4877 2940/4901/4893 3040/4886/4878
f 3040/4886/4878 2940/4901/4893 3039/4902/4894
f 3040/4886/4878 3039/4902/4894 3139/4887/4879
f 3139/4887/4879 3039/4902/4894 3138/4903/4895
f 3139/4887/4879 3138/4903/4895 3238/4888/4880
f 3238/4888/4880 3138/4903/4895 3237/4904/4896
f 3238/4888/4880 3237/4904/4896 3336/4889/4881
f 3336/4889/4881 3237/4904/4896 3335/4905/4897
f 3336/4889/4881 3335/4905/4897 3433/4890/4882
f 3433/4890/4882 3335/4905/4897 3432/4906/4898
f 3433/4890/4882 3432/4906/4898 3510/4891/4883
f 3510/4891/4883 3432/4906/4898 3509/4907/4899
f 3510/4891/4883 3509/4907/4899 3620/4892/4884
f 3620/4892/4884 3509/4907/4899 3621/4908/4900
f 3620/4892/4884 3621/4908/4900 3654/3415/3407
f 3654/3415/3407 3621/4908/4900 3653/3413/3405
f 2028/4893/4885 2027/4909/4901 3951/4894/4886
f 3951/4894/4886 2027/4909/4901 3952/4910/4902
f 3951/4894/4886 3952/4910/4902 3852/4895/4887
f 3852/4895/4887 3952/4910/4902 3853/4911/4903
f 3852/4895/4887 3853/4911/4903 2606/4896/4888
f 2606/4896/4888 3853/4911/4903 2607/4912/4904
f 2606/4896/4888 2607/4912/4904 2449/4897/4889
f 2449/4897/4889 2607/4912/4904 2448/4913/4905
f 2449/4897/4889 2448/4913/4905 2643/4898/4890
f 2643/4898/4890 2448/4913/4905 2642/4914/4906
f 2643/4898/4890 2642/4914/4906 2742/4899/4891
f 2742/4899/4891 2642/4914/4906 2741/4915/4907
f 2742/4899/4891 2741/4915/4907 2841/4900/4892
f 2841/4900/4892 2741/4915/4907 2840/4916/4908
f 2841/4900/4892 2840/4916/4908 2940/4901/4893
f 2940/4901/4893 2840/4916/4908 2939/4917/4909
f 2940/4901/4893 2939/4917/4909 3039/4902/4894
f 3039/4902/4894 2939/4917/4909 3038/4918/4910
f 3039/4902/4894 3038/4918/4910 3138/4903/4895
f 3138/4903/4895 3038/4918/4910 3137/4919/4911
f 3138/4903/4895 3137/4919/4911 3237/4904/4896
f 3237/4904/4896 3137/4919/4911 3236/4920/4912
f 3237/4904/4896 3236/4920/4912 3335/4905/4897
f 3335/4905/4897 3236/4920/4912 3334/4921/4913
f 3335/4905/4897 3334/4921/4913 3432/4906/4898
f 3432/4906/4898 3334/4921/4913 3431/4922/4914
f 3432/4906/4898 3431/4922/4914 3509/4907/4899
f 3509/4907/4899 3431/4922/4914 3508/4923/4915
f 3509/4907/4899 3508/4923/4915 3621/4908/4900
f 3621/4908/4900 3508/4923/4915 3622/4924/4916
f 3621/4908/4900 3622/4924/4916 3653/3413/3405
f 3653/3413/3405 3622/4924/4916 3652/3411/3403
f 2027/4909/4901 2026/4925/4917 3952/4910/4902
f 3952/4910/4902 2026/4925/4917 3953/4926/4918
f 3952/4910/4902 3953/4926/4918 3853/4911/4903
f 3853/4911/4903 3953/4926/4918 3854/4927/4919
f 3853/4911/4903 3854/4927/4919 2607/4912/4904
f 2607/4912/4904 3854/4927/4919 2608/4928/4920
f 2607/4912/4904 2608/4928/4920 2448/4913/4905
f 2448/4913/4905 2608/4928/4920 2447/4929/4921
f 2448/4913/4905 2447/4929/4921 2642/4914/4906
f 2642/4914/4906 2447/4929/4921 2641/4930/4922
f 2642/4914/4906 2641/4930/4922 2741/4915/4907
f 2741/4915/4907 2641/4930/4922 2740/4931/4923
f 2741/4915/4907 2740/4931/4923 2840/4916/4908
f 2840/4916/4908 2740/4931/4923 2839/4932/4924
f 2840/4916/4908 2839/4932/4924 2939/4917/4909
f 2939/4917/4909 2839/4932/4924 2938/4933/4925
f 2939/4917/4909 2938/4933/4925 3038/4918/4910
f 3038/4918/4910 2938/4933/4925 3037/4934/4926
f 3038/4918/4910 3037/4934/4926 3137/4919/4911
f 3137/4919/4911 3037/4934/4926 3136/4935/4927
f 3137/4919/4911 3136/4935/4927 3236/4920/4912
f 3236/4920/4912 3136/4935/4927 3235/4936/4928
f 3236/4920/4912 3235/4936/4928 3334/4921/4913
f 3334/4921/4913 3235/4936/4928 3333/4937/4929
f 3334/4921/4913 3333/4937/4929 3431/4922/4914
f 3431/4922/4914 3333/4937/4929 3430/4938/4930
f 3431/4922/4914 3430/4938/4930 3508/4923/4915
f 3508/4923/4915 3430/4938/4930 3507/4939/4931
f 3508/4923/4915 3507/4939/4931 3622/4924/4916
f 3622/4924/4916 3507/4939/4931 3623/4940/4932
f 3622/4924/4916 3623/4940/4932 3652/3411/3403
f 3652/3411/3403 3623/4940/4932 3651/3409/3401
f 2026/4925/4917 2025/4941/4933 3953/4926/4918
f 3953/4926/4918 2025/4941/4933 3954/4942/4934
f 3953/4926/4918 3954/4942/4934 3854/4927/4919
f 3854/4927/4919 3954/4942/4934 3855/4943/4935
f 3854/4927/4919 3855/4943/4935 2608/4928/4920
f 2608/4928/4920 3855/4943/4935 2609/4944/4936
f 2608/4928/4920 2609/4944/4936 2447/4929/4921
f 2447/4929/4921 2609/4944/4936 2446/4945/4937
f 2447/4929/4921 2446/4945/4937 2641/4930/4922
f 2641/4930/4922 2446/4945/4937 2640/4946/4938
f 2641/4930/4922 2640/4946/4938 2740/4931/4923
f 2740/4931/4923 2640/4946/4938 2739/4947/4939
f 2740/4931/4923 2739/4947/4939 2839/4932/4924
f 2839/4932/4924 2739/4947/4939 2838/4948/4940
f 2839/4932/4924 2838/4948/4940 2938/4933/4925
f 2938/4933/4925 2838/4948/4940 2937/4949/4941
f 2938/4933/4925 2937/4949/4941 3037/4934/4926
f 3037/4934/4926 2937/4949/4941 3036/4950/4942
f 3037/4934/4926 3036/4950/4942 3136/4935/4927
f 3136/4935/4927 3036/4950/4942 3135/4951/4943
f 3136/4935/4927 3135/4951/4943 3235/4936/4928
f 3235/4936/4928 3135/4951/4943 3234/4952/4944
f 3235/4936/4928 3234/4952/4944 3333/4937/4929
f 3333/4937/4929 3234/4952/4944 3332/4953/4945
f 3333/4937/4929 3332/4953/4945 3430/4938/4930
f 3430/4938/4930 3332/4953/4945 3429/4954/4946
f 3430/4938/4930 3429/4954/4946 3507/4939/4931
f 3507/4939/4931 3429/4954/4946 3506/4955/4947
f 3507/4939/4931 3506/4955/4947 3623/4940/4932
f 3623/4940/4932 3506/4955/4947 3624/4956/4948
f 3623/4940/4932 3624/4956/4948 3651/3409/3401
f 3651/3409/3401 3624/4956/4948 3650/3407/3399
f 2025/4941/4933 2024/4957/4949 3954/4942/4934
f 3954/4942/4934 2024/4957/4949 3955/4958/4950
f 3954/4942/4934 3955/4958/4950 3855/4943/4935
f 3855/4943/4935 3955/4958/4950 3856/4959/4951
f 3855/4943/4935 3856/4959/4951 2609/4944/4936
f 2609/4944/4936 3856/4959/4951 2610/4960/4952
f 2609/4944/4936 2610/4960/4952 2446/4945/4937
f 2446/4945/4937 2610/4960/4952 2445/4961/4953
f 2446/4945/4937 2445/4961/4953 2640/4946/4938
f 2640/4946/4938 2445/4961/4953 2639/4962/4954
f 2640/4946/4938 2639/4962/4954 2739/4947/4939
f 2739/4947/4939 2639/4962/4954 2738/4963/4955
f 2739/4947/4939 2738/4963/4955 2838/4948/4940
f 2838/4948/4940 2738/4963/4955 2837/4964/4956
f 2838/4948/4940 2837/4964/4956 2937/4949/4941
f 2937/4949/4941 2837/4964/4956 2936/4965/4957
f 2937/4949/4941 2936/4965/4957 3036/4950/4942
f 3036/4950/4942 2936/4965/4957 3035/4966/4958
f 3036/4950/4942 3035/4966/4958 3135/4951/4943
f 3135/4951/4943 3035/4966/4958 3134/4967/4959
f 3135/4951/4943 3134/4967/4959 3234/4952/4944
f 3234/4952/4944 3134/4967/4959 3233/4968/4960
f 3234/4952/4944 3233/4968/4960 3332/4953/4945
f 3332/4953/4945 3233/4968/4960 3331/4969/4961
f 3332/4953/4945 3331/4969/4961 3429/4954/4946
f 3429/4954/4946 3331/4969/4961 3428/4970/4962
f 3429/4954/4946 3428/4970/4962 3506/4955/4947
f 3506/4955/4947 3428/4970/4962 3505/4971/4963
f 3506/4955/4947 3505/4971/4963 3624/4956/4948
f 3624/4956/4948 3505/4971/4963 3625/4972/4964
f 3624/4956/4948 3625/4972/4964 3650/3407/3399
f 3650/3407/3399 3625/4972/4964 3649/3405/3397
f 2024/4957/4949 2023/4973/4965 3955/4958/4950
f 3955/4958/4950 2023/4973/4965 3956/4974/4966
f 3955/4958/4950 3956/4974/4966 3856/4959/4951
f 3856/4959/4951 3956/4974/4966 3857/4975/4967
f 3856/4959/4951 3857/4975/4967 2610/4960/4952
f 2610/4960/4952 3857/4975/4967 2611/4976/4968
f 2610/4960/4952 2611/4976/4968 2445/4961/4953
f 2445/4961/4953 2611/4976/4968 2444/4977/4969
f 2445/4961/4953 2444/4977/4969 2639/4962/4954
f 2639/4962/4954 2444/4977/4969 2638/4978/4970
f 2639/4962/4954 2638/4978/4970 2738/4963/4955
f 2738/4963/4955 2638/4978/4970 2737/4979/4971
f 2738/4963/4955 2737/4979/4971 2837/4964/4956
f 2837/4964/4956 2737/4979/4971 2836/4980/4972
f 2837/4964/4956 2836/4980/4972 2936/4965/4957
f 2936/4965/4957 2836/4980/4972 2935/4981/4973
f 2936/4965/4957 2935/4981/4973 3035/4966/4958
f 3035/4966/4958 2935/4981/4973 3034/4982/4974
f 3035/4966/4958 3034/4982/4974 3134/4967/4959
f 3134/4967/4959 3034/4982/4974 3133/4983/4975
f 3134/4967/4959 3133/4983/4975 3233/4968/4960
f 3233/4968/4960 3133/4983/4975 3232/4984/4976
f 3233/4968/4960 3232/4984/4976 3331/4969/4961
f 3331/4969/4961 3232/4984/4976 3330/4985/4977
f 3331/4969/4961 3330/4985/4977 3428/4970/4962
f 3428/4970/4962 3330/4985/4977 3427/4986/4978
f 3428/4970/4962 3427/4986/4978 3505/4971/4963
f 3505/4971/4963 3427/4986/4978 3504/4987/4979
f 3505/4971/4963 3504/4987/4979 3625/4972/4964
f 3625/4972/4964 3504/4987/4979 3626/4988/4980
f 3625/4972/4964 3626/4988/4980 3649/3405/3397
f 3649/3405/3397 3626/4988/4980 3648/3403/3395
f 2023/4973/4965 2022/4989/4981 3956/4974/4966
f 3956/4974/4966 2022/4989/4981 3957/4990/4982
f 3956/4974/4966 3957/4990/4982 3857/4975/4967
f 3857/4975/4967 3957/4990/4982 3858/4991/4983
f 3857/4975/4967 3858/4991/4983 2611/4976/4968
f 2611/4976/4968 3858/4991/4983 2612/4992/4984
f 2611/4976/4968 2612/4992/4984 2444/4977/4969
f 2444/4977/4969 2612/4992/4984 2443/4993/4985
f 2444/4977/4969 2443/4993/4985 2638/4978/4970
f 2638/4978/4970 2443/4993/4985 2637/4994/4986
f 2638/4978/4970 2637/4994/4986 2737/4979/4971
f 2737/4979/4971 2637/4994/4986 2736/4995/4987
f 2737/4979/4971 2736/4995/4987 2836/4980/4972
f 2836/4980/4972 2736/4995/4987 2835/4996/4988
f 2836/4980/4972 2835/4996/4988 2935/4981/4973
f 2935/4981/4973 2835/4996/4988 2934/4997/4989
f 2935/4981/4973 2934/4997/4989 3034/4982/4974
f 3034/4982/4974 2934/4997/4989 3033/4998/4990
f 3034/4982/4974 3033/4998/4990 3133/4983/4975
f 3133/4983/4975 3033/4998/4990 3132/4999/4991
f 3133/4983/4975 3132/4999/4991 3232/4984/4976
f 3232/4984/4976 3132/4999/4991 3231/5000/4992
f 3232/4984/4976 3231/5000/4992 3330/4985/4977
f 3330/4985/4977 3231/5000/4992 3329/5001/4993
f 3330/4985/4977 3329/5001/4993 3427/4986/4978
f 3427/4986/4978 3329/5001/4993 3426/5002/4994
f 3427/4986/4978 3426/5002/4994 3504/4987/4979
f 3504/4987/4979 3426/5002/4994 3503/5003/4995
f 3504/4987/4979 3503/5003/4995 3626/4988/4980
f 3626/4988/4980 3503/5003/4995 3627/5004/4996
f 3626/4988/4980 3627/5004/4996 3648/3403/3395
f 3648/3403/3395 3627/5004/4996 3647/3401/3393
f 2022/4989/4981 2021/5005/4997 3957/4990/4982
f 3957/4990/4982 2021/5005/4997 3958/5006/4998
f 3957/4990/4982 3958/5006/4998 3858/4991/4983
f 3858/4991/4983 3958/5006/4998 3859/5007/4999
f 3858/4991/4983 3859/5007/4999 2612/4992/4984
f 2612/4992/4984 3859/5007/4999 2613/5008/5000
f 2612/4992/4984 2613/5008/5000 2443/4993/4985
f 2443/4993/4985 2613/5008/5000 2442/5009/5001
f 2443/4993/4985 2442/5009/5001 2637/4994/4986
f 2637/4994/4986 2442/5009/5001 2636/5010/5002
f 2637/4994/4986 2636/5010/5002 2736/4995/4987
f 2736/4995/4987 2636/5010/5002 2735/5011/5003
f 2736/4995/4987 2735/5011/5003 2835/4996/4988
f 2835/4996/4988 2735/5011/5003 2834/5012/5004
f 2835/4996/4988 2834/5012/5004 2934/4997/4989
f 2934/4997/4989 2834/5012/5004 2933/5013/5005
f 2934/4997/4989 2933/5013/5005 3033/4998/4990
f 3033/4998/4990 2933/5013/5005 3032/5014/5006
f 3033/4998/4990 3032/5014/5006 3132/4999/4991
f 3132/4999/4991 3032/5014/5006 3131/5015/5007
f 3132/4999/4991 3131/5015/5007 3231/5000/4992
f 3231/5000/4992 3131/5015/5007 3230/5016/5008
f 3231/5000/4992 3230/5016/5008 3329/5001/4993
f 3329/5001/4993 3230/5016/5008 3328/5017/5009
f 3329/5001/4993 3328/5017/5009 3426/5002/4994
f 3426/5002/4994 3328/5017/5009 3425/5018/5010
f 3426/5002/4994 3425/5018/5010 3503/5003/4995
f 3503/5003/4995 3425/5018/5010 3502/5019/5011
f 3503/5003/4995 3502/5019/5011 3627/5004/4996
f 3627/5004/4996 3502/5019/5011 3628/5020/5012
f 3627/5004/4996 3628/5020/5012 3647/3401/3393
f 3647/3401/3393 3628/5020/5012 3646/3310/3302
f 2021/5005/4997 2020/5021/5013 3958/5006/4998
f 3958/5006/4998 2020/5021/5013 3959/5022/5014
f 3958/5006/4998 3959/5022/5014 3859/5007/4999
f 3859/5007/4999 3959/5022/5014 3860/5023/5015
f 3859/5007/4999 3860/5023/5015 2613/5008/5000
f 2613/5008/5000 3860/5023/5015 2614/5024/5016
f 2613/5008/5000 2614/5024/5016 2442/5009/5001
f 2442/5009/5001 2614/5024/5016 2441/5025/5017
f 2442/5009/5001 2441/5025/5017 2636/5010/5002
f 2636/5010/5002 2441/5025/5017 2635/5026/5018
f 2636/5010/5002 2635/5026/5018 2735/5011/5003
f 2735/5011/5003 2635/5026/5018 2734/5027/5019
f 2735/5011/5003 2734/5027/5019 2834/5012/5004
f 2834/5012/5004 2734/5027/5019 2833/5028/5020
f 2834/5012/5004 2833/5028/5020 2933/5013/5005
f 2933/5013/5005 2833/5028/5020 2932/5029/5021
f 2933/5013/5005 2932/5029/5021 3032/5014/5006
f 3032/5014/5006 2932/5029/5021 3031/5030/5022
f 3032/5014/5006 3031/5030/5022 3131/5015/5007
f 3131/5015/5007 3031/5030/5022 3130/5031/5023
f 3131/5015/5007 3130/5031/5023 3230/5016/5008
f 3230/5016/5008 3130/5031/5023 3229/5032/5024
f 3230/5016/5008 3229/5032/5024 3328/5017/5009
f 3328/5017/5009 3229/5032/5024 3327/5033/5025
f 3328/5017/5009 3327/5033/5025 3425/5018/5010
f 3425/5018/5010 3327/5033/5025 3424/5034/5026
f 3425/5018/5010 3424/5034/5026 3502/5019/5011
f 3502/5019/5011 3424/5034/5026 3501/5035/5027
f 3502/5019/5011 3501/5035/5027 3628/5020/5012
f 3628/5020/5012 3501/5035/5027 3629/3308/3300
f 3628/5020/5012 3629/3308/3300 3646/3310/3302
f 2020/5021/5013 2019/5036/5028 3959/5022/5014
f 3959/5022/5014 2019/5036/5028 3960/5037/5029
f 3959/5022/5014 3960/5037/5029 3860/5023/5015
f 3860/5023/5015 3960/5037/5029 3861/5038/5030
f 3860/5023/5015 3861/5038/5030 2614/5024/5016
f 2614/5024/5016 3861/5038/5030 2615/5039/5031
f 2614/5024/5016 2615/5039/5031 2441/5025/5017
f 2441/5025/5017 2615/5039/5031 2440/5040/5032
f 2441/5025/5017 2440/5040/5032 2635/5026/5018
f 2635/5026/5018 2440/5040/5032 2634/5041/5033
f 2635/5026/5018 2634/5041/5033 2734/5027/5019
f 2734/5027/5019 2634/5041/5033 2733/5042/5034
f 2734/5027/5019 2733/5042/5034 2833/5028/5020
f 2833/5028/5020 2733/5042/5034 2832/5043/5035
f 2833/5028/5020 2832/5043/5035 2932/5029/5021
f 2932/5029/5021 2832/5043/5035 2931/5044/5036
f 2932/5029/5021 2931/5044/5036 3031/5030/5022
f 3031/5030/5022 2931/5044/5036 3030/5045/5037
f 3031/5030/5022 3030/5045/5037 3130/5031/5023
f 3130/5031/5023 3030/5045/5037 3129/5046/5038
f 3130/5031/5023 3129/5046/5038 3229/5032/5024
f 3229/5032/5024 3129/5046/5038 3228/5047/5039
f 3229/5032/5024 3228/5047/5039 3327/5033/5025
f 3327/5033/5025 3228/5047/5039 3326/5048/5040
f 3327/5033/5025 3326/5048/5040 3424/5034/5026
f 3424/5034/5026 3326/5048/5040 3423/5049/5041
f 3424/5034/5026 3423/5049/5041 3501/5035/5027
f 3501/5035/5027 3423/5049/5041 3500/3306/3298
f 3501/5035/5027 3500/3306/3298 3629/3308/3300
f 2019/5036/5028 2018/5050/5042 3960/5037/5029
f 3960/5037/5029 2018/5050/5042 3961/5051/5043
f 3960/5037/5029 3961/5051/5043 3861/5038/5030
f 3861/5038/5030 3961/5051/5043 3862/5052/5044
f 3861/5038/5030 3862/5052/5044 2615/5039/5031
f 2615/5039/5031 3862/5052/5044 2616/5053/5045
f 2615/5039/5031 2616/5053/5045 2440/5040/5032
f 2440/5040/5032 2616/5053/5045 2439/5054/5046
f 2440/5040/5032 2439/5054/5046 2634/5041/5033
f 2634/5041/5033 2439/5054/5046 2633/5055/5047
f 2634/5041/5033 2633/5055/5047 2733/5042/5034
f 2733/5042/5034 2633/5055/5047 2732/5056/5048
f 2733/5042/5034 2732/5056/5048 2832/5043/5035
f 2832/5043/5035 2732/5056/5048 2831/5057/5049
f 2832/5043/5035 2831/5057/5049 2931/5044/5036
f 2931/5044/5036 2831/5057/5049 2930/5058/5050
f 2931/5044/5036 2930/5058/5050 3030/5045/5037
f 3030/5045/5037 2930/5058/5050 3029/5059/5051
f 3030/5045/5037 3029/5059/5051 3129/5046/5038
f 3129/5046/5038 3029/5059/5051 3128/5060/5052
f 3129/5046/5038 3128/5060/5052 3228/5047/5039
f 3228/5047/5039 3128/5060/5052 3227/5061/5053
f 3228/5047/5039 3227/5061/5053 3326/5048/5040
f 3326/5048/5040 3227/5061/5053 3325/5062/5054
f 3326/5048/5040 3325/5062/5054 3423/5049/5041
f 3423/5049/5041 3325/5062/5054 3422/3304/3296
f 3423/5049/5041 3422/3304/3296 3500/3306/3298
f 2018/5050/5042 2017/5063/5055 3961/5051/5043
f 3961/5051/5043 2017/5063/5055 3962/5064/5056
f 3961/5051/5043 3962/5064/5056 3862/5052/5044
f 3862/5052/5044 3962/5064/5056 3863/5065/5057
f 3862/5052/5044 3863/5065/5057 2616/5053/5045
f 2616/5053/5045 3863/5065/5057 2617/5066/5058
f 2616/5053/5045 2617/5066/5058 2439/5054/5046
f 2439/5054/5046 2617/5066/5058 2438/5067/5059
f 2439/5054/5046 2438/5067/5059 2633/5055/5047
f 2633/5055/5047 2438/5067/5059 2632/5068/5060
f 2633/5055/5047 2632/5068/5060 2732/5056/5048
f 2732/5056/5048 2632/5068/5060 2731/5069/5061
f 2732/5056/5048 2731/5069/5061 2831/5057/5049
f 2831/5057/5049 2731/5069/5061 2830/5070/5062
f 2831/5057/5049 2830/5070/5062 2930/5058/5050
f 2930/5058/5050 2830/5070/5062 2929/5071/5063
f 2930/5058/5050 2929/5071/5063 3029/5059/5051
f 3029/5059/5051 2929/5071/5063 3028/5072/5064
f 3029/5059/5051 3028/5072/5064 3128/5060/5052
f 3128/5060/5052 3028/5072/5064 3127/5073/5065
f 3128/5060/5052 3127/5073/5065 3227/5061/5053
f 3227/5061/5053 3127/5073/5065 3226/5074/5066
f 3227/5061/5053 3226/5074/5066 3325/5062/5054
f 3325/5062/5054 3226/5074/5066 3324/3302/3294
f 3325/5062/5054 3324/3302/3294 3422/3304/3296
f 2017/5063/5055 2016/5075/5067 3962/5064/5056
f 3962/5064/5056 2016/5075/5067 3963/5076/5068
f 3962/5064/5056 3963/5076/5068 3863/5065/5057
f 3863/5065/5057 3963/5076/5068 3864/5077/5069
f 3863/5065/5057 3864/5077/5069 2617/5066/5058
f 2617/5066/5058 3864/5077/5069 2618/5078/5070
f 2617/5066/5058 2618/5078/5070 2438/5067/5059
f 2438/5067/5059 2618/5078/5070 2437/5079/5071
f 2438/5067/5059 2437/5079/5071 2632/5068/5060
f 2632/5068/5060 2437/5079/5071 2631/5080/5072
f 2632/5068/5060 2631/5080/5072 2731/5069/5061
f 2731/5069/5061 2631/5080/5072 2730/5081/5073
f 2731/5069/5061 2730/5081/5073 2830/5070/5062
f 2830/5070/5062 2730/5081/5073 2829/5082/5074
f 2830/5070/5062 2829/5082/5074 2929/5071/5063
f 2929/5071/5063 2829/5082/5074 2928/5083/5075
f 2929/5071/5063 2928/5083/5075 3028/5072/5064
f 3028/5072/5064 2928/5083/5075 3027/5084/5076
f 3028/5072/5064 3027/5084/5076 3127/5073/5065
f 3127/5073/5065 3027/5084/5076 3126/5085/5077
f 3127/5073/5065 3126/5085/5077 3226/5074/5066
f 3226/5074/5066 3126/5085/5077 3225/3300/3292
f 3226/5074/5066 3225/3300/3292 3324/3302/3294
f 2016/5075/5067 2015/5086/5078 3963/5076/5068
f 3963/5076/5068 2015/5086/5078 3964/5087/5079
f 3963/5076/5068 3964/5087/5079 3864/5077/5069
f 3864/5077/5069 3964/5087/5079 3865/5088/5080
f 3864/5077/5069 3865/5088/5080 2618/5078/5070
f 2618/5078/5070 3865/5088/5080 2619/5089/5081
f 2618/5078/5070 2619/5089/5081 2437/5079/5071
f 2437/5079/5071 2619/5089/5081 2436/5090/5082
f 2437/5079/5071 2436/5090/5082 2631/5080/5072
f 2631/5080/5072 2436/5090/5082 2630/5091/5083
f 2631/5080/5072 2630/5091/5083 2730/5081/5073
f 2730/5081/5073 2630/5091/5083 2729/5092/5084
f 2730/5081/5073 2729/5092/5084 2829/5082/5074
f 2829/5082/5074 2729/5092/5084 2828/5093/5085
f 2829/5082/5074 2828/5093/5085 2928/5083/5075
f 2928/5083/5075 2828/5093/5085 2927/5094/5086
f 2928/5083/5075 2927/5094/5086 3027/5084/5076
f 3027/5084/5076 2927/5094/5086 3026/5095/5087
f 3027/5084/5076 3026/5095/5087 3126/5085/5077
f 3126/5085/5077 3026/5095/5087 3125/3298/3290
f 3126/5085/5077 3125/3298/3290 3225/3300/3292
f 2015/5086/5078 2014/5096/5088 3964/5087/5079
f 3964/5087/5079 2014/5096/5088 3965/5097/5089
f 3964/5087/5079 3965/5097/5089 3865/5088/5080
f 3865/5088/5080 3965/5097/5089 3866/5098/5090
f 3865/5088/5080 3866/5098/5090 2619/5089/5081
f 2619/5089/5081 3866/5098/5090 2620/5099/5091
f 2619/5089/5081 2620/5099/5091 2436/5090/5082
f 2436/5090/5082 2620/5099/5091 2435/5100/5092
f 2436/5090/5082 2435/5100/5092 2630/5091/5083
f 2630/5091/5083 2435/5100/5092 2629/5101/5093
f 2630/5091/5083 2629/5101/5093 2729/5092/5084
f 2729/5092/5084 2629/5101/5093 2728/5102/5094
f 2729/5092/5084 2728/5102/5094 2828/5093/5085
f 2828/5093/5085 2728/5102/5094 2827/5103/5095
f 2828/5093/5085 2827/5103/5095 2927/5094/5086
f 2927/5094/5086 2827/5103/5095 2926/5104/5096
f 2927/5094/5086 2926/5104/5096 3026/5095/5087
f 3026/5095/5087 2926/5104/5096 3025/3296/3288
f 3026/5095/5087 3025/3296/3288 3125/3298/3290
f 2014/5096/5088 2013/5105/5097 3965/5097/5089
f 3965/5097/5089 2013/5105/5097 3966/5106/5098
f 3965/5097/5089 3966/5106/5098 3866/5098/5090
f 3866/5098/5090 3966/5106/5098 3867/5107/5099
f 3866/5098/5090 3867/5107/5099 2620/5099/5091
f 2620/5099/5091 3867/5107/5099 2621/5108/5100
f 2620/5099/5091 2621/5108/5100 2435/5100/5092
f 2435/5100/5092 2621/5108/5100 2434/5109/5101
f 2435/5100/5092 2434/5109/5101 2629/5101/5093
f 2629/5101/5093 2434/5109/5101 2628/5110/5102
f 2629/5101/5093 2628/5110/5102 2728/5102/5094
f 2728/5102/5094 2628/5110/5102 2727/5111/5103
f 2728/5102/5094 2727/5111/5103 2827/5103/5095
f 2827/5103/5095 2727/5111/5103 2826/5112/5104
f 2827/5103/5095 2826/5112/5104 2926/5104/5096
f 2926/5104/5096 2826/5112/5104 2925/3294/3286
f 2926/5104/5096 2925/3294/3286 3025/3296/3288
f 2012/5113/5105 2011/5114/5106 2013/5105/5097
f 2013/5105/5097 2011/5114/5106 3966/5106/5098
f 2011/5114/5106 2010/5115/5107 3966/5106/5098
f 3966/5106/5098 2010/5115/5107 3867/5107/5099
f 2010/5115/5107 2009/5116/5108 3867/5107/5099
f 3867/5107/5099 2009/5116/5108 2621/5108/5100
f 2008/5117/5109 1992/5118/5110 2009/5116/5108
f 2009/5116/5108 1992/5118/5110 1991/5119/5111
f 2009/5116/5108 1991/5119/5111 2622/5120/5112
f 2622/5120/5112 1991/5119/5111 2433/5121/5113
f 2622/5120/5112 2433/5121/5113 2434/5109/5101
f 2434/5109/5101 2433/5121/5113 2628/5110/5102
f 1992/5118/5110 2008/5117/5109 3868/5122/5114
f 3868/5122/5114 2008/5117/5109 2007/5123/5115
f 3868/5122/5114 2007/5123/5115 2006/5124/5116
f 3868/5122/5114 2006/5124/5116 3869/5125/5117
f 3869/5125/5117 2006/5124/5116 2005/5126/5118
f 3869/5125/5117 2005/5126/5118 3870/5127/5119
f 3870/5127/5119 2005/5126/5118 2004/5128/5120
f 3870/5127/5119 2004/5128/5120 3871/5129/5121
f 3871/5129/5121 2004/5128/5120 2003/5130/5122
f 3871/5129/5121 2003/5130/5122 3872/5131/5123
f 3872/5131/5123 2003/5130/5122 2002/5132/5124
f 3872/5131/5123 2002/5132/5124 2428/5133/5125
f 2428/5133/5125 2002/5132/5124 2001/5134/5126
f 2428/5133/5125 2001/5134/5126 1999/5135/5127
f 1999/5135/5127 2001/5134/5126 2000/5136/5128
f 1999/5135/5127 1998/5137/5129 2428/5133/5125
f 2428/5133/5125 1998/5137/5129 1997/5138/5130
f 2428/5133/5125 1997/5138/5130 1996/5139/5131
f 2428/5133/5125 1996/5139/5131 3872/5131/5123
f 3872/5131/5123 1996/5139/5131 1995/5140/5132
f 3872/5131/5123 1995/5140/5132 3871/5129/5121
f 3871/5129/5121 1995/5140/5132 1994/5141/5133
f 3871/5129/5121 1994/5141/5133 3870/5127/5119
f 3870/5127/5119 1994/5141/5133 1993/5142/5134
f 3870/5127/5119 1993/5142/5134 3869/5125/5117
f 3869/5125/5117 1993/5142/5134 1992/5118/5110
f 3869/5125/5117 1992/5118/5110 3868/5122/5114
f 2433/5121/5113 1991/5119/5111 2432/5143/5135
f 2432/5143/5135 1991/5119/5111 1990/5144/5136
f 2432/5143/5135 1990/5144/5136 2431/5145/5137
f 2431/5145/5137 1990/5144/5136 1989/5146/5138
f 2431/5145/5137 1989/5146/5138 2430/3286/3278
f 2430/3286/3278 1989/5146/5138 1988/3284/3276
f 2430/3286/3278 2625/3288/3280 2431/5145/5137
f 2431/5145/5137 2625/3288/3280 2626/5147/5139
f 2431/5145/5137 2626/5147/5139 2432/5143/5135
f 2432/5143/5135 2626/5147/5139 2627/5148/5140
f 2432/5143/5135 2627/5148/5140 2433/5121/5113
f 2433/5121/5113 2627/5148/5140 2628/5110/5102
f 2622/5120/5112 2434/5109/5101 2621/5108/5100
f 2510/3720/3712 2511/5149/5141 2545/3721/3713
f 2545/3721/3713 2511/5149/5141 2544/5150/5142
f 2545/3721/3713 2544/5150/5142 3791/3722/3714
f 3791/3722/3714 2544/5150/5142 3790/5151/5143
f 3791/3722/3714 3790/5151/5143 3890/3597/3589
f 3890/3597/3589 3790/5151/5143 3889/3599/3591
f 2511/5149/5141 2512/5152/5144 2544/5150/5142
f 2544/5150/5142 2512/5152/5144 2543/5153/5145
f 2544/5150/5142 2543/5153/5145 3790/5151/5143
f 3790/5151/5143 2543/5153/5145 3789/5154/5146
f 3790/5151/5143 3789/5154/5146 3889/3599/3591
f 3889/3599/3591 3789/5154/5146 3888/3601/3593
f 2511/5149/5141 2510/3720/3712 2705/5155/5147
f 2705/5155/5147 2510/3720/3712 2704/3719/3711
f 2705/5155/5147 2704/3719/3711 2804/5156/5148
f 2804/5156/5148 2704/3719/3711 2803/3718/3710
f 2804/5156/5148 2803/3718/3710 2903/5157/5149
f 2903/5157/5149 2803/3718/3710 2902/3717/3709
f 2903/5157/5149 2902/3717/3709 3002/5158/5150
f 3002/5158/5150 2902/3717/3709 3001/3716/3708
f 3002/5158/5150 3001/3716/3708 3101/5159/5151
f 3101/5159/5151 3001/3716/3708 3100/3715/3707
f 3101/5159/5151 3100/3715/3707 3200/5160/5152
f 3200/5160/5152 3100/3715/3707 3199/3714/3706
f 3200/5160/5152 3199/3714/3706 3299/3732/3724
f 3299/3732/3724 3199/3714/3706 3298/3713/3705
f 2512/5152/5144 2513/3829/3821 2543/5153/5145
f 2543/5153/5145 2513/3829/3821 2542/3831/3823
f 2543/5153/5145 2542/3831/3823 3789/5154/5146
f 3789/5154/5146 2542/3831/3823 3788/3833/3825
f 3789/5154/5146 3788/3833/3825 3888/3601/3593
f 3888/3601/3593 3788/3833/3825 3887/3603/3595
f 2512/5152/5144 2511/5149/5141 2706/5161/5153
f 2706/5161/5153 2511/5149/5141 2705/5155/5147
f 2706/5161/5153 2705/5155/5147 2805/5162/5154
f 2805/5162/5154 2705/5155/5147 2804/5156/5148
f 2805/5162/5154 2804/5156/5148 2904/5163/5155
f 2904/5163/5155 2804/5156/5148 2903/5157/5149
f 2904/5163/5155 2903/5157/5149 3003/5164/5156
f 3003/5164/5156 2903/5157/5149 3002/5158/5150
f 3003/5164/5156 3002/5158/5150 3102/5165/5157
f 3102/5165/5157 3002/5158/5150 3101/5159/5151
f 3102/5165/5157 3101/5159/5151 3201/5166/5158
f 3201/5166/5158 3101/5159/5151 3200/5160/5152
f 3201/5166/5158 3200/5160/5152 3300/3741/3733
f 3300/3741/3733 3200/5160/5152 3299/3732/3724
f 2513/3829/3821 2512/5152/5144 2707/3827/3819
f 2707/3827/3819 2512/5152/5144 2706/5161/5153
f 2707/3827/3819 2706/5161/5153 2806/3825/3817
f 2806/3825/3817 2706/5161/5153 2805/5162/5154
f 2806/3825/3817 2805/5162/5154 2905/3823/3815
f 2905/3823/3815 2805/5162/5154 2904/5163/5155
f 2905/3823/3815 2904/5163/5155 3004/3821/3813
f 3004/3821/3813 2904/5163/5155 3003/5164/5156
f 3004/3821/3813 3003/5164/5156 3103/3819/3811
f 3103/3819/3811 3003/5164/5156 3102/5165/5157
f 3103/3819/3811 3102/5165/5157 3202/3817/3809
f 3202/3817/3809 3102/5165/5157 3201/5166/5158
f 3202/3817/3809 3201/5166/5158 3301/3776/3768
f 3301/3776/3768 3201/5166/5158 3300/3741/3733
f 2514/3830/3822 2515/5167/5159 2541/3832/3824
f 2541/3832/3824 2515/5167/5159 2540/5168/5160
f 2541/3832/3824 2540/5168/5160 3787/3834/3826
f 3787/3834/3826 2540/5168/5160 3786/5169/5161
f 3787/3834/3826 3786/5169/5161 3886/3605/3597
f 3886/3605/3597 3786/5169/5161 3885/3607/3599
f 2515/5167/5159 2516/5170/5162 2540/5168/5160
f 2540/5168/5160 2516/5170/5162 2539/5171/5163
f 2540/5168/5160 2539/5171/5163 3786/5169/5161
f 3786/5169/5161 2539/5171/5163 3785/5172/5164
f 3786/5169/5161 3785/5172/5164 3885/3607/3599
f 3885/3607/3599 3785/5172/5164 3884/3609/3601
f 2515/5167/5159 2514/3830/3822 2709/5173/5165
f 2709/5173/5165 2514/3830/3822 2708/3828/3820
f 2709/5173/5165 2708/3828/3820 2808/5174/5166
f 2808/5174/5166 2708/3828/3820 2807/3826/3818
f 2808/5174/5166 2807/3826/3818 2907/5175/5167
f 2907/5175/5167 2807/3826/3818 2906/3824/3816
f 2907/5175/5167 2906/3824/3816 3006/5176/5168
f 3006/5176/5168 2906/3824/3816 3005/3822/3814
f 3006/5176/5168 3005/3822/3814 3105/5177/5169
f 3105/5177/5169 3005/3822/3814 3104/3820/3812
f 3105/5177/5169 3104/3820/3812 3204/5178/5170
f 3204/5178/5170 3104/3820/3812 3203/3818/3810
f 3204/5178/5170 3203/3818/3810 3303/5179/5171
f 3303/5179/5171 3203/3818/3810 3302/3816/3808
f 3303/5179/5171 3302/3816/3808 3400/3861/3853
f 3400/3861/3853 3302/3816/3808 3399/3815/3807
f 2516/5170/5162 2517/5180/5172 2539/5171/5163
f 2539/5171/5163 2517/5180/5172 2538/5181/5173
f 2539/5171/5163 2538/5181/5173 3785/5172/5164
f 3785/5172/5164 2538/5181/5173 3784/5182/5174
f 3785/5172/5164 3784/5182/5174 3884/3609/3601
f 3884/3609/3601 3784/5182/5174 3883/3611/3603
f 2516/5170/5162 2515/5167/5159 2710/5183/5175
f 2710/5183/5175 2515/5167/5159 2709/5173/5165
f 2710/5183/5175 2709/5173/5165 2809/5184/5176
f 2809/5184/5176 2709/5173/5165 2808/5174/5166
f 2809/5184/5176 2808/5174/5166 2908/5185/5177
f 2908/5185/5177 2808/5174/5166 2907/5175/5167
f 2908/5185/5177 2907/5175/5167 3007/5186/5178
f 3007/5186/5178 2907/5175/5167 3006/5176/5168
f 3007/5186/5178 3006/5176/5168 3106/5187/5179
f 3106/5187/5179 3006/5176/5168 3105/5177/5169
f 3106/5187/5179 3105/5177/5169 3205/5188/5180
f 3205/5188/5180 3105/5177/5169 3204/5178/5170
f 3205/5188/5180 3204/5178/5170 3304/5189/5181
f 3304/5189/5181 3204/5178/5170 3303/5179/5171
f 3304/5189/5181 3303/5179/5171 3401/5190/5182
f 3401/5190/5182 3303/5179/5171 3400/3861/3853
f 3401/5190/5182 3400/3861/3853 3710/3863/3855
f 2517/5180/5172 2518/5191/5183 2538/5181/5173
f 2538/5181/5173 2518/5191/5183 2537/5192/5184
f 2538/5181/5173 2537/5192/5184 3784/5182/5174
f 3784/5182/5174 2537/5192/5184 3783/5193/5185
f 3784/5182/5174 3783/5193/5185 3883/3611/3603
f 3883/3611/3603 3783/5193/5185 3882/3613/3605
f 2517/5180/5172 2516/5170/5162 2711/5194/5186
f 2711/5194/5186 2516/5170/5162 2710/5183/5175
f 2711/5194/5186 2710/5183/5175 2810/5195/5187
f 2810/5195/5187 2710/5183/5175 2809/5184/5176
f 2810/5195/5187 2809/5184/5176 2909/5196/5188
f 2909/5196/5188 2809/5184/5176 2908/5185/5177
f 2909/5196/5188 2908/5185/5177 3008/5197/5189
f 3008/5197/5189 2908/5185/5177 3007/5186/5178
f 3008/5197/5189 3007/5186/5178 3107/5198/5190
f 3107/5198/5190 3007/5186/5178 3106/5187/5179
f 3107/5198/5190 3106/5187/5179 3206/5199/5191
f 3206/5199/5191 3106/5187/5179 3205/5188/5180
f 3206/5199/5191 3205/5188/5180 3305/5200/5192
f 3305/5200/5192 3205/5188/5180 3304/5189/5181
f 3305/5200/5192 3304/5189/5181 3402/5201/5193
f 3402/5201/5193 3304/5189/5181 3401/5190/5182
f 3402/5201/5193 3401/5190/5182 3711/5202/5194
f 3711/5202/5194 3401/5190/5182 3710/3863/3855
f 3711/5202/5194 3710/3863/3855 3723/3867/3859
f 3723/3867/3859 3710/3863/3855 3722/3865/3857
f 2518/5191/5183 2519/5203/5195 2537/5192/5184
f 2537/5192/5184 2519/5203/5195 2536/5204/5196
f 2537/5192/5184 2536/5204/5196 3783/5193/5185
f 3783/5193/5185 2536/5204/5196 3782/5205/5197
f 3783/5193/5185 3782/5205/5197 3882/3613/3605
f 3882/3613/3605 3782/5205/5197 3881/3615/3607
f 2518/5191/5183 2517/5180/5172 2712/5206/5198
f 2712/5206/5198 2517/5180/5172 2711/5194/5186
f 2712/5206/5198 2711/5194/5186 2811/5207/5199
f 2811/5207/5199 2711/5194/5186 2810/5195/5187
f 2811/5207/5199 2810/5195/5187 2910/5208/5200
f 2910/5208/5200 2810/5195/5187 2909/5196/5188
f 2910/5208/5200 2909/5196/5188 3009/5209/5201
f 3009/5209/5201 2909/5196/5188 3008/5197/5189
f 3009/5209/5201 3008/5197/5189 3108/5210/5202
f 3108/5210/5202 3008/5197/5189 3107/5198/5190
f 3108/5210/5202 3107/5198/5190 3207/5211/5203
f 3207/5211/5203 3107/5198/5190 3206/5199/5191
f 3207/5211/5203 3206/5199/5191 3306/5212/5204
f 3306/5212/5204 3206/5199/5191 3305/5200/5192
f 3306/5212/5204 3305/5200/5192 3403/5213/5205
f 3403/5213/5205 3305/5200/5192 3402/5201/5193
f 3403/5213/5205 3402/5201/5193 3712/5214/5206
f 3712/5214/5206 3402/5201/5193 3711/5202/5194
f 3712/5214/5206 3711/5202/5194 3724/5215/5207
f 3724/5215/5207 3711/5202/5194 3723/3867/3859
f 3724/5215/5207 3723/3867/3859 3734/3871/3863
f 2519/5203/5195 2520/3902/3894 2536/5204/5196
f 2536/5204/5196 2520/3902/3894 2535/3904/3896
f 2536/5204/5196 2535/3904/3896 3782/5205/5197
f 3782/5205/5197 2535/3904/3896 3781/3906/3898
f 3782/5205/5197 3781/3906/3898 3881/3615/3607
f 3881/3615/3607 3781/3906/3898 3880/3617/3609
f 2519/5203/5195 2518/5191/5183 2713/5216/5208
f 2713/5216/5208 2518/5191/5183 2712/5206/5198
f 2713/5216/5208 2712/5206/5198 2812/5217/5209
f 2812/5217/5209 2712/5206/5198 2811/5207/5199
f 2812/5217/5209 2811/5207/5199 2911/5218/5210
f 2911/5218/5210 2811/5207/5199 2910/5208/5200
f 2911/5218/5210 2910/5208/5200 3010/5219/5211
f 3010/5219/5211 2910/5208/5200 3009/5209/5201
f 3010/5219/5211 3009/5209/5201 3109/5220/5212
f 3109/5220/5212 3009/5209/5201 3108/5210/5202
f 3109/5220/5212 3108/5210/5202 3208/5221/5213
f 3208/5221/5213 3108/5210/5202 3207/5211/5203
f 3208/5221/5213 3207/5211/5203 3307/5222/5214
f 3307/5222/5214 3207/5211/5203 3306/5212/5204
f 3307/5222/5214 3306/5212/5204 3404/5223/5215
f 3404/5223/5215 3306/5212/5204 3403/5213/5205
f 3404/5223/5215 3403/5213/5205 3713/5224/5216
f 3713/5224/5216 3403/5213/5205 3712/5214/5206
f 3713/5224/5216 3712/5214/5206 3725/5225/5217
f 3725/5225/5217 3712/5214/5206 3724/5215/5207
f 3725/5225/5217 3724/5215/5207 3735/3873/3865
f 3735/3873/3865 3724/5215/5207 3734/3871/3863
f 2520/3902/3894 2519/5203/5195 2714/3900/3892
f 2714/3900/3892 2519/5203/5195 2713/5216/5208
f 2714/3900/3892 2713/5216/5208 2813/3898/3890
f 2813/3898/3890 2713/5216/5208 2812/5217/5209
f 2813/3898/3890 2812/5217/5209 2912/3896/3888
f 2912/3896/3888 2812/5217/5209 2911/5218/5210
f 2912/3896/3888 2911/5218/5210 3011/3894/3886
f 3011/3894/3886 2911/5218/5210 3010/5219/5211
f 3011/3894/3886 3010/5219/5211 3110/3892/3884
f 3110/3892/3884 3010/5219/5211 3109/5220/5212
f 3110/3892/3884 3109/5220/5212 3209/3890/3882
f 3209/3890/3882 3109/5220/5212 3208/5221/5213
f 3209/3890/3882 3208/5221/5213 3308/3888/3880
f 3308/3888/3880 3208/5221/5213 3307/5222/5214
f 3308/3888/3880 3307/5222/5214 3405/3886/3878
f 3405/3886/3878 3307/5222/5214 3404/5223/5215
f 3405/3886/3878 3404/5223/5215 3714/3884/3876
f 3714/3884/3876 3404/5223/5215 3713/5224/5216
f 3714/3884/3876 3713/5224/5216 3726/3882/3874
f 3726/3882/3874 3713/5224/5216 3725/5225/5217
f 3726/3882/3874 3725/5225/5217 3736/3880/3872
f 3736/3880/3872 3725/5225/5217 3735/3873/3865
f 3736/3880/3872 3735/3873/3865 3745/3875/3867
f 2521/3903/3895 2522/5226/5218 2534/3905/3897
f 2534/3905/3897 2522/5226/5218 2533/5227/5219
f 2534/3905/3897 2533/5227/5219 3780/3907/3899
f 3780/3907/3899 2533/5227/5219 3779/5228/5220
f 3780/3907/3899 3779/5228/5220 3879/3619/3611
f 3879/3619/3611 3779/5228/5220 3878/3621/3613
f 2522/5226/5218 2523/3943/3935 2533/5227/5219
f 2533/5227/5219 2523/3943/3935 2532/3945/3937
f 2533/5227/5219 2532/3945/3937 3779/5228/5220
f 3779/5228/5220 2532/3945/3937 3778/3947/3939
f 3779/5228/5220 3778/3947/3939 3878/3621/3613
f 3878/3621/3613 3778/3947/3939 3877/3623/3615
f 2522/5226/5218 2521/3903/3895 2716/5229/5221
f 2716/5229/5221 2521/3903/3895 2715/3901/3893
f 2716/5229/5221 2715/3901/3893 2815/5230/5222
f 2815/5230/5222 2715/3901/3893 2814/3899/3891
f 2815/5230/5222 2814/3899/3891 2914/5231/5223
f 2914/5231/5223 2814/3899/3891 2913/3897/3889
f 2914/5231/5223 2913/3897/3889 3013/5232/5224
f 3013/5232/5224 2913/3897/3889 3012/3895/3887
f 3013/5232/5224 3012/3895/3887 3112/5233/5225
f 3112/5233/5225 3012/3895/3887 3111/3893/3885
f 3112/5233/5225 3111/3893/3885 3211/5234/5226
f 3211/5234/5226 3111/3893/3885 3210/3891/3883
f 3211/5234/5226 3210/3891/3883 3310/5235/5227
f 3310/5235/5227 3210/3891/3883 3309/3889/3881
f 3310/5235/5227 3309/3889/3881 3407/5236/5228
f 3407/5236/5228 3309/3889/3881 3406/3887/3879
f 3407/5236/5228 3406/3887/3879 3716/5237/5229
f 3716/5237/5229 3406/3887/3879 3715/3885/3877
f 3716/5237/5229 3715/3885/3877 3728/5238/5230
f 3728/5238/5230 3715/3885/3877 3727/3883/3875
f 3728/5238/5230 3727/3883/3875 3738/5239/5231
f 3738/5239/5231 3727/3883/3875 3737/3881/3873
f 3738/5239/5231 3737/3881/3873 3747/5240/5232
f 3747/5240/5232 3737/3881/3873 3746/3879/3871
f 3747/5240/5232 3746/3879/3871 3754/3910/3902
f 3754/3910/3902 3746/3879/3871 3753/3908/3900
f 2523/3943/3935 2522/5226/5218 2717/3941/3933
f 2717/3941/3933 2522/5226/5218 2716/5229/5221
f 2717/3941/3933 2716/5229/5221 2816/3939/3931
f 2816/3939/3931 2716/5229/5221 2815/5230/5222
f 2816/3939/3931 2815/5230/5222 2915/3937/3929
f 2915/3937/3929 2815/5230/5222 2914/5231/5223
f 2915/3937/3929 2914/5231/5223 3014/3935/3927
f 3014/3935/3927 2914/5231/5223 3013/5232/5224
f 3014/3935/3927 3013/5232/5224 3113/3933/3925
f 3113/3933/3925 3013/5232/5224 3112/5233/5225
f 3113/3933/3925 3112/5233/5225 3212/3931/3923
f 3212/3931/3923 3112/5233/5225 3211/5234/5226
f 3212/3931/3923 3211/5234/5226 3311/3929/3921
f 3311/3929/3921 3211/5234/5226 3310/5235/5227
f 3311/3929/3921 3310/5235/5227 3408/3927/3919
f 3408/3927/3919 3310/5235/5227 3407/5236/5228
f 3408/3927/3919 3407/5236/5228 3717/3925/3917
f 3717/3925/3917 3407/5236/5228 3716/5237/5229
f 3717/3925/3917 3716/5237/5229 3729/3923/3915
f 3729/3923/3915 3716/5237/5229 3728/5238/5230
f 3729/3923/3915 3728/5238/5230 3739/3921/3913
f 3739/3921/3913 3728/5238/5230 3738/5239/5231
f 3739/3921/3913 3738/5239/5231 3748/3919/3911
f 3748/3919/3911 3738/5239/5231 3747/5240/5232
f 3748/3919/3911 3747/5240/5232 3755/3917/3909
f 3755/3917/3909 3747/5240/5232 3754/3910/3902
f 3755/3917/3909 3754/3910/3902 3761/3912/3904
f 2524/3944/3936 2525/5241/5233 2531/3946/3938
f 2531/3946/3938 2525/5241/5233 2530/5242/5234
f 2531/3946/3938 2530/5242/5234 3777/3948/3940
f 3777/3948/3940 2530/5242/5234 3776/5243/5235
f 3777/3948/3940 3776/5243/5235 3876/3625/3617
f 3876/3625/3617 3776/5243/5235 3875/3627/3619
f 2525/5241/5233 2526/3988/3980 2530/5242/5234
f 2530/5242/5234 2526/3988/3980 2529/3990/3982
f 2530/5242/5234 2529/3990/3982 3776/5243/5235
f 3776/5243/5235 2529/3990/3982 3775/3992/3984
f 3776/5243/5235 3775/3992/3984 3875/3627/3619
f 3875/3627/3619 3775/3992/3984 3874/3629/3621
f 2525/5241/5233 2524/3944/3936 2719/5244/5236
f 2719/5244/5236 2524/3944/3936 2718/3942/3934
f 2719/5244/5236 2718/3942/3934 2818/5245/5237
f 2818/5245/5237 2718/3942/3934 2817/3940/3932
f 2818/5245/5237 2817/3940/3932 2917/5246/5238
f 2917/5246/5238 2817/3940/3932 2916/3938/3930
f 2917/5246/5238 2916/3938/3930 3016/5247/5239
f 3016/5247/5239 2916/3938/3930 3015/3936/3928
f 3016/5247/5239 3015/3936/3928 3115/5248/5240
f 3115/5248/5240 3015/3936/3928 3114/3934/3926
f 3115/5248/5240 3114/3934/3926 3214/5249/5241
f 3214/5249/5241 3114/3934/3926 3213/3932/3924
f 3214/5249/5241 3213/3932/3924 3313/5250/5242
f 3313/5250/5242 3213/3932/3924 3312/3930/3922
f 3313/5250/5242 3312/3930/3922 3410/5251/5243
f 3410/5251/5243 3312/3930/3922 3409/3928/3920
f 3410/5251/5243 3409/3928/3920 3719/5252/5244
f 3719/5252/5244 3409/3928/3920 3718/3926/3918
f 3719/5252/5244 3718/3926/3918 3731/5253/5245
f 3731/5253/5245 3718/3926/3918 3730/3924/3916
f 3731/5253/5245 3730/3924/3916 3741/5254/5246
f 3741/5254/5246 3730/3924/3916 3740/3922/3914
f 3741/5254/5246 3740/3922/3914 3750/5255/5247
f 3750/5255/5247 3740/3922/3914 3749/3920/3912
f 3750/5255/5247 3749/3920/3912 3757/5256/5248
f 3757/5256/5248 3749/3920/3912 3756/3918/3910
f 3757/5256/5248 3756/3918/3910 3763/5257/5249
f 3763/5257/5249 3756/3918/3910 3762/3916/3908
f 3763/5257/5249 3762/3916/3908 3767/3951/3943
f 3767/3951/3943 3762/3916/3908 3766/3949/3941
f 2526/3988/3980 2525/5241/5233 2720/3986/3978
f 2720/3986/3978 2525/5241/5233 2719/5244/5236
f 2720/3986/3978 2719/5244/5236 2819/3984/3976
f 2819/3984/3976 2719/5244/5236 2818/5245/5237
f 2819/3984/3976 2818/5245/5237 2918/3982/3974
f 2918/3982/3974 2818/5245/5237 2917/5246/5238
f 2918/3982/3974 2917/5246/5238 3017/3980/3972
f 3017/3980/3972 2917/5246/5238 3016/5247/5239
f 3017/3980/3972 3016/5247/5239 3116/3978/3970
f 3116/3978/3970 3016/5247/5239 3115/5248/5240
f 3116/3978/3970 3115/5248/5240 3215/3976/3968
f 3215/3976/3968 3115/5248/5240 3214/5249/5241
f 3215/3976/3968 3214/5249/5241 3314/3974/3966
f 3314/3974/3966 3214/5249/5241 3313/5250/5242
f 3314/3974/3966 3313/5250/5242 3411/3972/3964
f 3411/3972/3964 3313/5250/5242 3410/5251/5243
f 3411/3972/3964 3410/5251/5243 3720/3970/3962
f 3720/3970/3962 3410/5251/5243 3719/5252/5244
f 3720/3970/3962 3719/5252/5244 3732/3968/3960
f 3732/3968/3960 3719/5252/5244 3731/5253/5245
f 3732/3968/3960 3731/5253/5245 3742/3966/3958
f 3742/3966/3958 3731/5253/5245 3741/5254/5246
f 3742/3966/3958 3741/5254/5246 3751/3964/3956
f 3751/3964/3956 3741/5254/5246 3750/5255/5247
f 3751/3964/3956 3750/5255/5247 3758/3962/3954
f 3758/3962/3954 3750/5255/5247 3757/5256/5248
f 3758/3962/3954 3757/5256/5248 3764/3960/3952
f 3764/3960/3952 3757/5256/5248 3763/5257/5249
f 3764/3960/3952 3763/5257/5249 3768/3958/3950
f 3768/3958/3950 3763/5257/5249 3767/3951/3943
f 3768/3958/3950 3767/3951/3943 3771/3953/3945
f 2009/5116/5108 2622/5120/5112 2621/5108/5100
f 2625/3288/3280 2725/3290/3282 2626/5147/5139
f 2626/5147/5139 2725/3290/3282 2726/5258/5250
f 2626/5147/5139 2726/5258/5250 2627/5148/5140
f 2627/5148/5140 2726/5258/5250 2727/5111/5103
f 2627/5148/5140 2727/5111/5103 2628/5110/5102
f 2826/5112/5104 2727/5111/5103 2726/5258/5250
f 2826/5112/5104 2726/5258/5250 2825/3292/3284
f 2825/3292/3284 2726/5258/5250 2725/3290/3282
f 2925/3294/3286 2826/5112/5104 2825/3292/3284
f 3566/3534/3526 3563/3542/3534 3567/3529/3521
# 3966 vertices
# 5258 texture params
# 5250 normals
# 7928 facets

# 1 groups
