# Blender 3.6.23
# www.blender.org
mtllib watertight.mtl
o watertight_non_intersecting
v -0.920513 -0.388826 -0.015550
v -0.821858 -0.506568 -0.036304
v -0.798401 -0.387690 -0.015349
v -0.817677 -0.306482 -0.001048
v -0.917876 -0.506568 -0.082240
v -1.061904 -0.505242 -0.066891
v -1.013894 -0.506568 -0.082240
v -0.813207 -0.460362 -0.059267
v -0.902461 -0.297012 -0.119265
v -0.920513 -0.388826 -0.102994
v -0.902461 -0.297012 0.000605
v -1.590002 -0.506568 -0.036304
v -1.590002 -0.388826 -0.015550
v -1.590002 -0.388826 -0.102994
v -1.590002 -0.506568 -0.082240
v -1.103394 -0.201629 0.017400
v -1.189943 -0.132587 0.029578
v -1.200320 -0.228498 0.012662
v 6.775023 1.118645 0.250237
v 6.808057 1.107606 0.136919
v 6.718181 1.179325 0.145483
v 6.681809 1.198041 0.264240
v 6.711329 1.195352 -0.073370
v 6.590672 1.227782 -0.075431
v 6.657386 1.214916 0.036849
v 6.762719 1.153263 0.032646
v 6.810530 1.116511 -0.073095
v -0.841600 -0.201345 0.017452
v 8.334739 0.069197 0.065203
v 8.386121 -0.013592 0.050604
v 8.430666 0.092915 0.069384
v 9.186724 0.769899 0.188766
v 9.111841 0.864686 0.205472
v 9.072913 0.752792 0.185723
v -0.790583 -0.636786 -0.059243
v -0.790583 -0.492425 -0.033803
v -0.790583 -0.492425 -0.084712
v 9.823798 1.716901 0.355759
v 9.908297 1.769578 0.365044
v 9.818175 1.724601 0.278711
v 9.814310 1.736511 0.155519
v 9.908297 1.802577 0.082761
v 9.801738 1.737012 0.015482
v 9.817363 1.747199 -0.124063
v 9.908297 1.802577 -0.201420
v 9.818999 1.741426 -0.251747
v 9.303870 1.405947 0.193061
v 9.408103 1.470794 0.208194
v 9.358933 1.450227 0.094843
v 9.485178 1.532187 -0.211848
v 9.550102 1.576573 -0.159041
v 9.558041 1.574203 -0.266662
v 9.150961 1.294008 -0.399766
v 9.225800 1.354685 -0.314168
v 9.255796 1.360224 -0.411436
v 9.042997 1.245783 -0.223999
v 9.112420 1.295784 -0.149834
v 9.134940 1.301819 -0.267146
v 8.630145 0.960126 0.222235
v 8.733860 1.027305 0.234078
v 8.650734 0.985630 0.132431
v 8.368726 0.810755 0.003139
v 8.397412 0.821659 0.106132
v 8.473486 0.878092 0.027616
v 8.266684 0.750645 -0.026838
v 8.289466 0.755371 0.082948
v 8.347654 0.797768 -0.103318
v 8.250812 0.741399 -0.132387
v 8.311236 0.753654 0.185880
v 8.224653 0.710196 0.178212
v 8.231714 0.723262 -0.231854
v 8.329676 0.778701 -0.211418
v 8.295273 0.744027 -0.302803
v 8.225965 0.710683 -0.296864
v 8.160927 0.707784 0.048657
v 8.148087 0.705587 -0.160690
v 8.133310 0.684201 -0.292221
v 8.072371 0.676445 0.172267
v 8.076843 0.697150 -0.059930
v 8.008308 0.690115 0.056560
v 7.945916 0.696343 -0.055574
v 7.875167 0.696178 0.061041
v 7.917862 0.678905 0.172697
v 7.817876 0.707101 -0.044928
v 7.873752 0.697931 -0.158791
v 8.033510 0.675317 -0.290647
v 7.909319 0.679439 -0.291366
v 8.017368 0.689697 -0.186749
v 7.793740 0.698518 -0.233379
v 7.786504 0.690922 -0.293385
v 7.695429 0.724176 -0.035769
v 7.756410 0.708977 0.066419
v 7.751290 0.713177 -0.140582
v 7.620132 0.736357 -0.143744
v 7.700829 0.714073 -0.222591
v 7.702700 0.703211 0.177041
v 7.797830 0.689561 0.174573
v 7.737993 0.697534 -0.294614
v 7.644864 0.727727 0.077548
v 7.599117 0.723283 -0.299138
v 7.515724 0.755686 0.100135
v 7.529971 0.739932 0.183438
v 7.615931 0.719719 0.179877
v 7.514200 0.764765 -0.092160
v 7.576319 0.749203 -0.016991
v 7.460389 0.759297 -0.305455
v 7.497341 0.763423 -0.192715
v 7.405609 0.776490 0.189879
v 7.375911 0.800359 0.092986
v 7.456501 0.781062 -0.005259
v 7.412571 0.795008 -0.105119
v 7.373007 0.801520 -0.210113
v 7.336228 0.822039 -0.012832
v 7.325362 0.804699 -0.313433
v 7.282516 0.821354 0.197863
v 7.256073 0.847419 0.086746
v 7.248293 0.848992 -0.224073
v 7.293919 0.837915 -0.119763
v 7.220372 0.869686 -0.029215
v 7.194037 0.859466 -0.323086
v 7.170070 0.870653 0.206519
v 7.149388 0.898182 0.062316
v 7.129282 0.902910 -0.238883
v 7.177328 0.888533 -0.138383
v 7.052014 0.952137 0.035296
v 7.112933 0.921389 -0.052786
v 7.066868 0.923295 -0.334392
v 6.991455 0.980367 0.127059
v 7.044765 0.935592 0.217944
v 7.082025 0.927048 0.129468
v 6.954344 1.011621 0.026571
v 7.013024 0.978029 -0.067485
v 6.917598 1.013657 0.231742
v 6.856680 1.079204 0.027716
v 6.894997 1.043785 0.130111
v 6.883254 1.037172 -0.354445
v 6.918593 1.026328 -0.257739
v 6.973034 0.978069 -0.344014
v 6.839936 1.068163 0.241321
v 6.911211 1.042962 -0.071990
v 6.862379 1.073408 -0.168877
v 6.764987 1.149503 -0.174124
v 6.819609 1.097376 -0.267458
v 6.664134 1.214739 -0.178291
v 6.723741 1.174265 -0.277055
v 6.777707 1.116483 -0.368420
v 6.679948 1.198950 -0.383061
v 1.401957 1.227275 -0.043311
v 1.448188 1.224425 -0.165763
v 1.345745 1.226729 -0.127830
v -0.854603 1.213829 -0.286834
v -0.985578 1.215618 -0.275862
v -0.904243 1.224721 -0.173842
v -0.797390 1.215462 0.156167
v -0.936403 1.215707 0.158056
v -0.846004 1.200124 0.264606
v 2.958828 1.224818 -0.156556
v 3.047935 1.227124 -0.061581
v 3.088629 1.223663 -0.173868
v -1.002370 1.191623 0.263109
v -1.080642 1.212793 0.157148
v -1.013323 1.224756 0.055491
v -1.131249 1.212025 0.061988
v -1.216798 1.165154 -0.006033
v -1.095597 1.224485 -0.039140
v -1.175847 1.196440 -0.141616
v -1.233739 1.143267 -0.252986
v -1.189933 1.169911 -0.377872
v -1.274316 1.068641 -0.360071
v -0.959960 1.228364 -0.056019
v -1.116289 1.209916 -0.267055
v -1.040005 1.225448 -0.159409
v -1.060960 1.181235 -0.379925
v -1.283949 1.047418 -0.242734
v -1.288459 1.003273 -0.348483
v -1.288459 0.936466 -0.232401
v -1.288437 0.991952 -0.136410
v -1.271046 1.075475 0.072556
v -1.279768 1.054657 0.158558
v -1.216403 1.153413 0.137277
v -1.265958 1.102718 -0.131873
v -1.266828 1.086377 0.244532
v -1.158736 1.183120 0.261617
v -1.288459 -0.214051 -0.133867
v -1.288459 -0.101229 -0.059788
v -1.288459 -0.061886 -0.160694
v 3.137879 -0.636786 -0.059243
v 3.056673 -0.559471 -0.045632
v 3.012506 -0.636786 -0.059243
v 3.504182 0.805316 0.194968
v 3.397172 0.839357 0.200966
v 3.414871 0.719515 0.179857
v 2.439961 0.986301 0.226856
v 2.383609 1.094302 0.245954
v 2.319980 0.992234 0.227895
v 6.492542 -0.312198 -0.002025
v 6.361635 -0.320428 -0.003473
v 6.418013 -0.425319 -0.021968
v 1.709931 -0.266190 0.006071
v 1.751784 -0.378270 -0.013680
v 1.837018 -0.290269 0.001825
v 0.877797 -0.226069 -0.131731
v 0.792430 -0.333363 -0.112774
v 0.753558 -0.203520 -0.135717
v 5.842859 0.771739 -0.307675
v 5.770499 0.708534 -0.296530
v 5.733573 0.799727 -0.312612
v 1.336948 1.200124 -0.383265
v 1.215669 1.200124 -0.383265
v 1.233333 1.215752 -0.270551
v 5.028904 1.102119 0.247325
v 5.086203 1.007925 0.230742
v 5.149681 1.104010 0.247652
v 0.213931 0.996563 -0.347274
v 0.293939 1.107869 -0.366934
v 0.359093 1.016819 -0.350855
v 5.312942 -0.008301 0.051562
v 5.364156 -0.133697 0.029442
v 5.445979 -0.038727 0.046194
v -0.349630 -0.430571 -0.022907
v -0.379827 -0.319822 -0.003387
v -0.467940 -0.408916 -0.019090
v 8.357209 -0.533706 -0.077437
v 8.403758 -0.636786 -0.059243
v 8.320172 -0.636786 -0.059243
v 5.470413 -0.355470 -0.009659
v 5.400901 -0.445497 -0.025533
v 5.521678 -0.455233 -0.027246
v 2.772910 -0.228353 0.012729
v 2.720567 -0.341215 -0.007159
v 2.865538 -0.332612 -0.005645
v 1.707439 1.225519 -0.145751
v 1.638262 1.227094 -0.039467
v 1.767137 1.226884 -0.012795
v 3.788065 1.213971 0.165483
v 3.883727 1.200124 0.264606
v 3.913823 1.217757 0.138437
v -0.745728 1.224368 0.044745
v -0.823318 1.228181 -0.067069
v -0.879968 1.225215 0.048601
v 8.449230 -0.117049 0.032361
v 8.506866 -0.004535 0.052200
v 9.433631 -0.366597 -0.106891
v 9.446104 -0.461013 -0.090243
v 9.343345 -0.441313 -0.093718
v 9.908297 -0.636786 -0.059243
v 9.908297 -0.486389 -0.085761
v 9.908297 -0.486389 -0.032726
v 4.902890 0.012421 0.055206
v 4.933523 0.145020 0.078589
v 4.814374 0.088512 0.068618
v 1.902815 -0.216213 -0.133472
v 1.948888 -0.105534 -0.152995
v 2.009012 -0.187124 -0.138598
v 7.054088 0.532991 0.146993
v 6.950740 0.607756 0.160200
v 6.944283 0.481543 0.137922
v 3.709988 0.216356 0.091175
v 3.610557 0.245757 0.096354
v 3.644829 0.138511 0.077376
v 0.392392 0.816020 -0.315453
v 0.274697 0.785201 -0.310019
v 0.309885 0.903551 -0.330889
v -0.618506 -0.256198 0.007814
v -0.733027 -0.227649 0.012831
v -0.708068 -0.333207 -0.005750
v 3.269975 0.989282 0.227405
v 3.199436 0.908773 0.213203
v 3.292794 0.878571 0.207880
v -0.581073 0.787504 -0.310429
v -0.718807 0.727536 -0.299855
v -0.708976 0.846967 -0.320916
v 0.897627 0.708440 -0.296499
v 1.000525 0.810305 -0.314454
v 1.037286 0.682229 -0.291878
v 4.870852 0.743436 -0.302694
v 4.943347 0.651357 -0.286471
v 4.821499 0.631112 -0.282900
v 0.238740 0.084630 0.067890
v 0.357940 0.103278 0.071174
v 0.284871 0.194926 0.087334
v 4.263586 0.837409 -0.319245
v 4.392449 0.822277 -0.316577
v 4.304912 0.725805 -0.299556
v 1.654749 0.699737 0.176367
v 1.569069 0.625667 0.163297
v 1.679351 0.598444 0.158493
v 2.307145 1.200124 -0.383265
v 2.384577 1.107049 -0.366812
v 2.260897 1.107130 -0.366802
v 1.177520 1.111678 -0.367630
v 1.277362 1.028344 -0.352909
v 1.141536 1.010070 -0.349676
v 6.274760 1.120368 -0.369130
v 6.187907 1.200124 -0.383265
v 6.310917 1.199831 -0.383211
v 0.419446 1.115911 -0.368359
v 0.366750 1.200124 -0.383265
v 0.488021 1.200124 -0.383265
v 3.398621 1.200124 0.264606
v 3.307662 1.200124 0.264606
v 3.344464 1.091666 0.245461
v -1.013894 -0.506568 -0.036304
v -1.109912 -0.506568 -0.036304
v -1.301948 -0.506568 -0.036304
v -1.397966 -0.506568 -0.082240
v -1.301948 -0.506568 -0.082240
v -0.821858 -0.506568 -0.082240
v -0.798401 -0.387690 -0.103196
v -1.029251 -0.296997 0.000605
v -1.149412 -0.296976 0.000605
v -1.269573 -0.296954 0.000605
v -1.288459 -0.214051 0.015208
v -1.389734 -0.296933 0.000605
v -0.970182 -0.170639 0.022866
v -1.109359 -0.296983 -0.119265
v -1.489493 -0.208433 -0.059571
v -1.590002 -0.214051 0.015208
v -1.439230 -0.214051 0.015208
v -1.388977 -0.208437 -0.059097
v -1.439230 -0.214051 -0.133867
v -1.590002 -0.214051 -0.133867
v -1.469841 -0.296918 -0.119265
v -1.349680 -0.296940 -0.119265
v -1.229519 -0.296961 -0.119265
v 8.727153 -0.074944 0.039782
v 8.768973 0.048623 0.061571
v 8.637157 0.017376 0.056063
v 9.579801 1.425377 0.304367
v 9.465468 1.492655 0.316233
v 9.475067 1.356455 0.292219
v 9.908297 1.619180 0.338526
v 9.814388 1.584723 0.332454
v 1.463541 -0.461203 -0.028305
v 1.586485 -0.527272 -0.039958
v 1.566283 -0.398930 -0.017327
v 9.908297 1.109411 -0.032437
v 9.908297 1.227689 -0.069265
v 9.908297 1.211254 0.059856
v 9.509628 1.534948 0.221198
v 9.570304 1.558871 0.327904
v 9.608130 1.597805 0.227323
v 9.716210 1.667253 0.225164
v 9.820499 1.729497 -0.374107
v 9.731430 1.682225 -0.292197
v 9.908297 1.769578 -0.483531
v 9.823798 1.716901 -0.474260
v 9.255796 1.360224 0.292892
v 9.360633 1.426440 0.304563
v 9.459380 1.513428 0.116278
v 9.304748 1.401150 -0.347620
v 9.654802 1.611548 -0.455719
v 9.560459 1.563173 -0.373600
v 9.645717 1.623550 -0.334347
v 9.150961 1.294008 0.281221
v 9.095168 1.272670 0.175276
v 9.046686 1.227332 0.269435
v 8.849482 1.119289 0.112569
v 8.941023 1.180910 0.088817
v 8.875134 1.142921 0.006888
v 9.072361 1.254794 -0.314989
v 9.046686 1.227332 -0.388009
v 8.422716 0.825768 0.198548
v 8.445474 0.862310 -0.072913
v 8.530496 0.918010 -0.045352
v 8.431979 0.848418 -0.182730
v 8.422716 0.825768 -0.317208
v 8.733860 1.027305 -0.352737
v 8.689837 1.010855 -0.259364
v 8.784322 1.072160 -0.265597
v 4.004998 1.200124 0.264606
v 4.126269 1.200124 0.264606
v 4.014924 1.209192 0.199806
v 1.523092 1.214860 -0.273144
v 1.421735 1.213215 -0.287284
v -1.288459 -0.061886 0.042049
v -1.288459 0.617091 -0.095771
v -1.288459 0.520782 -0.158435
v -1.288459 0.523629 -0.061294
v -1.288459 0.698942 0.176256
v -1.288459 0.851108 0.203097
v -1.288459 0.787541 0.087623
v -0.960443 -0.188134 -0.138437
v -1.075058 -0.185015 -0.138987
v -1.017901 -0.071085 -0.159072
v 5.235686 -0.286678 -0.121006
v 5.219786 -0.170082 -0.141569
v 5.322396 -0.209891 -0.134546
v 8.421854 0.701474 -0.295293
v 8.542991 0.770459 -0.307454
v 3.757833 -0.056696 0.042965
v 3.704505 0.033649 0.058887
v 3.636354 -0.075914 0.039580
v 6.456068 0.136852 -0.195699
v 6.463625 0.030151 -0.176884
v 6.357024 0.094573 -0.188245
v 7.240019 0.408830 -0.243648
v 7.261110 0.310738 -0.226351
v 7.152448 0.362114 -0.235411
v 0.932496 -0.335910 -0.112328
v 1.053741 -0.335253 -0.112449
v 1.006020 -0.436597 -0.094576
v 1.137899 -0.539537 -0.042127
v 1.048297 -0.636786 -0.059243
v 1.173675 -0.636786 -0.059243
v 7.419273 -0.428362 -0.022521
v 7.283168 -0.405456 -0.018481
v 7.343941 -0.528358 -0.040153
v 2.090896 -0.546186 -0.043294
v 2.176683 -0.636786 -0.059243
v 2.210957 -0.537539 -0.041770
v 6.523056 -0.636786 -0.059243
v 6.445055 -0.548841 -0.074791
v 6.569246 -0.534149 -0.077384
v 4.282802 -0.201598 0.017435
v 4.388700 -0.279766 0.003657
v 4.400036 -0.165926 0.023730
v 2.733153 -0.125067 -0.149533
v 2.677452 -0.012785 -0.169339
v 2.817532 -0.023867 -0.167383
v 3.769492 0.133406 0.076483
v 3.845859 0.018389 0.056203
v 3.895098 0.139251 0.077520
v 2.141382 0.090351 -0.187489
v 2.168665 -0.021813 -0.167757
v 2.079588 0.014103 -0.174111
v 3.188863 0.806844 0.195243
v 0.832560 0.586329 -0.274971
v 0.889790 0.474304 -0.255225
v 0.743661 0.484528 -0.257022
v 5.933143 0.841331 -0.319942
v 5.818922 0.882072 -0.327109
v 2.958109 1.097134 -0.365059
v 3.083836 1.098384 -0.365284
v 3.016188 1.012254 -0.350082
v 2.549693 1.200124 0.264606
v 2.428420 1.200124 0.264606
v 2.498118 1.091802 0.245514
v 1.935627 1.213795 0.167311
v 2.003968 1.200124 0.264606
v 2.073731 1.215897 0.151373
v 7.738972 0.275431 -0.220120
v 7.805614 0.364535 -0.235831
v 7.840128 0.267778 -0.218769
v 4.939915 -0.479911 -0.086929
v 4.948729 -0.567185 -0.071526
v 4.854300 -0.545187 -0.075406
v 6.874359 -0.430971 -0.022974
v 6.824272 -0.298384 0.000405
v 6.741848 -0.388457 -0.015475
v 2.239211 -0.431362 -0.023039
v 2.121218 -0.446557 -0.025719
v 4.384201 -0.410800 -0.019445
v 4.244716 -0.436721 -0.024011
v 4.332596 -0.532565 -0.040903
v 2.943580 -0.085310 -0.156544
v 2.924822 0.016313 -0.174470
v 3.030565 -0.009559 -0.169906
v 4.833008 0.222703 -0.210859
v 4.775909 0.103988 -0.189918
v 4.703906 0.215100 -0.209518
v 5.317158 0.237272 -0.213427
v 5.242404 0.175703 -0.202566
v 5.208533 0.262935 -0.217954
v 4.664284 -0.119209 -0.150547
v 4.607156 -0.227319 -0.131476
v 4.534046 -0.122977 -0.149883
v 1.698454 -0.043649 0.045305
v 1.649256 -0.160456 0.024699
v 1.799006 -0.148846 0.026741
v 1.225362 -0.234981 0.011562
v 1.210060 -0.132947 0.029548
v 1.121854 -0.184561 0.020446
v 1.089319 0.666932 0.170580
v 1.150283 0.775507 0.189739
v 1.028953 0.767147 0.188264
v 2.386479 0.570797 -0.272229
v 2.512075 0.539587 -0.266731
v 2.418761 0.449821 -0.250898
v 1.793994 0.580739 0.155369
v 1.713906 0.498462 0.140853
v 4.300143 1.215397 -0.273748
v 4.430628 1.215767 -0.270224
v 4.368812 1.200124 -0.383265
v 4.004998 1.200124 -0.383265
v 4.126269 1.200124 -0.383265
v 4.070431 1.101295 -0.365766
v 6.938456 0.396026 -0.241393
v 6.968586 0.517978 -0.262890
v 7.058141 0.433877 -0.248066
v 6.770892 0.220025 -0.210361
v 6.778225 0.083425 -0.186274
v 6.684703 0.131705 -0.194788
v 5.810055 -0.141806 -0.146564
v 5.883065 -0.023403 -0.167440
v 5.919787 -0.133585 -0.148016
v 5.781774 0.026441 0.057687
v 5.703786 -0.075096 0.039777
v 5.839755 -0.086281 0.037809
v 0.711996 -0.511375 -0.037163
v 0.858725 -0.517814 -0.038297
v 0.802887 -0.399107 -0.017375
v 5.208342 -0.534469 -0.041238
v 5.275691 -0.436761 -0.023997
v 5.147069 -0.427266 -0.022328
v 6.764690 -0.505199 -0.036060
v 6.686083 -0.557648 -0.045312
v 6.773823 -0.636786 -0.059243
v 8.110748 -0.203212 0.017172
v 8.071949 -0.340492 -0.007034
v 8.195507 -0.320678 -0.003542
v 7.739852 0.262626 0.099317
v 7.815143 0.194267 0.087263
v 7.827104 0.307080 0.107155
v 9.208311 -0.434363 -0.023575
v 9.257074 -0.527668 -0.040025
v 9.315283 -0.422910 -0.021553
v 8.803085 -0.259647 -0.125757
v 8.711453 -0.190655 -0.137924
v 8.813609 -0.129105 -0.148775
v 9.074847 -0.418870 -0.097678
v 9.016053 -0.297404 -0.119097
v 9.161437 -0.311089 -0.116682
v 6.104000 -0.314061 -0.002346
v 6.163947 -0.422057 -0.021389
v 6.236933 -0.317533 -0.002961
v 5.821663 -0.302989 -0.000396
v 5.679734 -0.287010 0.002416
v 5.733407 -0.416527 -0.020416
v 6.056480 0.020507 0.056642
v 5.971966 0.101972 0.071009
v 5.915281 0.014776 0.055628
v 5.289819 -0.231812 0.012136
v 5.165363 -0.216788 0.014786
v 5.218838 -0.329066 -0.005012
v 5.667351 -0.494000 -0.084469
v 5.779770 -0.465418 -0.089511
v 5.740845 -0.556297 -0.073468
v 0.914428 -0.417479 -0.020606
v 1.012649 -0.365326 -0.011420
v 0.898993 -0.295517 0.000882
v 0.996021 -0.238714 -0.129498
v 1.093253 -0.246877 -0.128060
v 4.217428 -0.540362 -0.076258
v 4.145202 -0.460203 -0.090400
v 4.264817 -0.435949 -0.094678
v 3.095743 -0.230255 0.012389
v 2.996251 -0.184258 0.020497
v 2.990453 -0.282375 0.003206
v 3.387062 -0.007715 0.051602
v 3.276339 0.048280 0.061472
v 3.289913 -0.077394 0.039324
v 3.495814 -0.522500 -0.039103
v 3.395713 -0.556317 -0.045080
v 3.472206 -0.636786 -0.059243
v 2.427432 -0.636786 -0.059243
v 2.349832 -0.536609 -0.076942
v 2.470290 -0.528040 -0.078451
v 2.887134 -0.636786 -0.059243
v 2.943283 -0.529049 -0.078288
v 0.672163 -0.636786 -0.059243
v 0.614563 -0.570182 -0.071006
v 0.716923 -0.552757 -0.074080
v -0.755393 1.222848 -0.196045
v 4.538673 1.215022 0.157147
v 4.580575 1.224497 0.047186
v 4.463501 1.223690 0.056621
v 6.313431 1.223108 0.074792
v 6.198753 1.223903 0.059205
v 6.250654 1.214496 0.165113
v 0.082313 1.223992 0.056845
v 0.196073 1.223945 0.059273
v 0.111974 1.227666 -0.042475
v 2.436706 1.220793 0.097489
v 2.425457 1.227232 -0.022743
v 2.319420 1.223986 0.048013
v 4.679082 1.216431 0.148859
v 4.791903 1.210246 0.191160
v 4.804681 1.221091 0.096958
v 0.474248 1.227306 -0.083146
v 0.569106 1.226893 0.002246
v 0.596051 1.226577 -0.109738
v -0.109970 1.224518 0.050056
v -0.183884 1.227277 -0.063826
v -0.241209 1.224506 0.047766
v 6.008045 1.223007 -0.191542
v 5.891819 1.221025 -0.215045
v 5.926473 1.226864 -0.111260
v 0.508059 1.222921 -0.188572
v -0.365909 1.225011 0.047473
v -0.294258 1.215658 0.157038
v 1.289962 1.214784 0.160746
v 1.407615 1.214469 0.162745
v 1.345976 1.223362 0.058932
v 8.813266 -0.157496 0.025227
v 8.881894 -0.243655 0.010039
v 8.928539 -0.141322 0.028083
v 8.942680 -0.107978 -0.152500
v 8.914336 -0.218497 -0.133012
v 8.619397 -0.175633 -0.140573
v 8.527001 -0.062093 -0.160595
v 8.637722 -0.028813 -0.166462
v 8.254060 0.193760 -0.205713
v 8.375265 0.219733 -0.210292
v 8.344921 0.106261 -0.190283
v 9.908297 1.144428 -0.142098
v 9.908297 1.027861 -0.120231
v 9.792893 -0.382821 -0.014464
v 9.772098 -0.515085 -0.037786
v 9.762497 1.014596 -0.350446
v 9.807179 1.124060 -0.369735
v 9.908297 1.017589 -0.350941
v 9.807807 1.578149 -0.449799
v 9.908297 1.619180 -0.457013
v 8.185564 0.510909 -0.261706
v 8.263611 0.594660 -0.276457
v 8.310451 0.492614 -0.258437
v 4.379852 0.151606 0.079719
v 4.458555 0.049369 0.061696
v 4.512765 0.155068 0.080336
v 4.399527 0.081445 -0.185944
v 4.276509 0.135926 -0.195556
v 4.354553 0.197573 -0.206430
v 4.358628 -0.235999 -0.129948
v 4.288552 -0.122010 -0.150056
v 4.418025 -0.139288 -0.147007
v 2.192170 -0.237190 0.011171
v 2.271174 -0.322450 -0.003846
v 2.306868 -0.213338 0.015376
v 3.495243 -0.011895 -0.169490
v 3.423523 -0.104960 -0.153074
v 3.392399 -0.014513 -0.169029
v 6.369644 0.084785 0.067974
v 6.472601 0.035203 0.059230
v 6.456132 0.144896 0.078573
v 7.161160 0.352744 0.115214
v 7.268480 0.302058 0.106276
v 7.257271 0.406712 0.124730
v 6.535985 0.448336 -0.250610
v 6.460916 0.344446 -0.232296
v 6.415987 0.465073 -0.253567
v 2.569138 0.072268 0.065783
v 2.574336 -0.038883 0.046105
v 2.678710 0.021293 0.056714
v 1.565621 -0.042614 -0.164049
v 1.468381 -0.104298 -0.153247
v 1.457692 0.019006 -0.174915
v 0.409298 -0.181805 0.020950
v 0.400386 -0.300823 -0.000048
v 0.510259 -0.212219 0.015580
v 2.067348 -0.251465 0.008654
v 2.134444 -0.161780 0.024452
v 2.043372 -0.125947 0.030767
v 6.056925 0.430163 -0.247429
v 6.149330 0.355166 -0.234200
v 6.033979 0.313779 -0.226907
v 0.124288 0.071198 -0.184173
v -0.009328 0.102245 -0.189654
v 0.088656 0.197118 -0.206365
v -0.171342 0.837497 -0.319243
v -0.118027 0.924623 -0.334607
v -0.056908 0.812039 -0.314753
v 9.292278 0.296912 -0.223948
v 9.333001 0.155946 -0.199090
v 9.201676 0.215714 -0.209632
v 8.534395 0.752618 0.185656
v 8.431370 0.689678 0.174561
v 4.466402 0.697607 0.175971
v 4.586249 0.716143 0.179241
v 4.517901 0.789471 0.192152
v 0.003332 0.494847 0.140226
v 0.115381 0.559829 0.151691
v 0.016045 0.620194 0.162343
v 1.517927 0.870124 0.206434
v 1.412762 0.760164 0.187031
v 1.540141 0.734994 0.182589
v 1.532608 0.820094 -0.316177
v 1.410769 0.810373 -0.314464
v 1.468245 0.911478 -0.332285
v 0.876636 0.846756 -0.320880
v 0.964993 0.935215 -0.336472
v 0.512539 0.841129 -0.319881
v 0.435574 0.929564 -0.335476
v 3.789411 0.706766 -0.296216
v 3.701653 0.755465 -0.304811
v 3.805679 0.803714 -0.313317
v 5.246832 0.793268 -0.311479
v 5.122896 0.779867 -0.309119
v 5.176419 0.889991 -0.328523
v 9.273591 0.631114 -0.282875
v 9.255171 0.751491 -0.304102
v 9.343552 0.700830 -0.295168
v 9.064544 1.098245 -0.365246
v 9.144628 1.187722 -0.381024
v 9.761228 -0.026402 -0.166907
v 9.718792 0.081708 -0.185975
v 9.821224 0.057411 -0.181676
v 6.382198 0.988831 0.227343
v 6.338369 0.864383 0.205397
v 6.459713 0.884376 0.208930
v 3.577447 0.893284 0.210461
v 3.691027 0.880255 0.208164
v 3.646346 0.989828 0.227494
v 1.870346 0.723943 -0.299261
v 1.998219 0.722300 -0.298982
v 1.934320 0.619762 -0.280906
v 2.377988 0.473079 0.136408
v 2.444750 0.404284 0.124297
v 2.482855 0.530497 0.146531
v 9.410563 0.056294 -0.181510
v 9.314330 0.023931 -0.175807
v 9.352945 0.129246 0.075788
v 9.411835 0.045540 0.061034
v 9.470001 0.124911 0.075042
v 9.050592 0.637303 0.165345
v 8.948120 0.723203 0.180482
v 1.706796 0.995567 0.228586
v 1.758412 0.884897 0.209040
v 1.833316 0.992206 0.227965
v -0.216273 -0.019828 0.049472
v -0.183553 -0.137611 0.028712
v -0.095169 -0.044987 0.045040
v 5.262906 0.811428 0.196030
v 5.279598 0.715956 0.179207
v 5.394040 0.768149 0.188409
v 5.269043 0.591967 -0.275971
v 5.318118 0.699517 -0.294959
v 5.391696 0.607778 -0.278738
v 1.840728 0.200603 -0.206943
v 1.896232 0.306908 -0.225685
v 1.966410 0.205048 -0.207736
v 2.078462 0.995157 0.228468
v 2.200051 0.996463 0.228737
v 2.153903 1.097998 0.246602
v 0.561910 0.202665 0.088693
v 0.654773 0.288063 0.103745
v 0.537931 0.317548 0.108945
v 4.527535 0.814075 -0.315128
v 4.595670 0.921917 -0.334142
v 4.664425 0.819065 -0.316008
v 4.744240 0.881434 0.208358
v 4.831809 0.775067 0.189621
v 4.893381 0.889944 0.209857
v 1.531057 0.477059 -0.255720
v 1.621367 0.525843 -0.264334
v 1.636046 0.429291 -0.247269
v 2.075141 0.816979 0.197046
v 2.128740 0.899526 0.211607
v 1.999628 0.884941 0.209041
v 2.506575 1.112102 -0.367690
v 2.601524 1.025407 -0.352442
v 2.460674 1.012210 -0.350091
v 0.485669 1.038776 -0.354755
v 3.884692 1.015919 0.232109
v 3.983296 0.989744 0.227489
v 3.939709 1.099394 0.246810
v 1.959674 1.015020 -0.350539
v 1.893276 1.102835 -0.366079
v 2.014275 1.107673 -0.366910
v 2.733224 1.092874 0.245686
v 2.670966 1.200124 0.264606
v 2.617905 1.090971 0.245360
v 3.826308 1.127202 -0.370334
v 3.822536 1.035471 -0.354196
v 3.729147 1.106438 -0.366693
v 5.338981 1.200124 0.264606
v 5.460251 1.200124 0.264606
v 5.387736 1.215736 0.153662
v 2.094921 1.200124 0.264606
v 2.246511 1.200124 0.264606
v 2.186505 1.210848 0.189627
v 1.594664 1.200124 0.264606
v 1.641657 1.215271 0.155751
v 1.523466 1.214470 0.162127
v 2.231848 1.214165 -0.283226
v 2.185874 1.200124 -0.383265
v 2.114475 1.212741 -0.293019
v 6.093535 1.215162 -0.278245
v 5.974122 1.212810 -0.294767
v 3.493751 1.212118 0.177105
v 3.373087 1.211948 0.179811
v 3.398621 1.200124 -0.383265
v 3.326468 1.105522 -0.366547
v 3.277343 1.200124 -0.383265
v 0.124208 1.200124 0.264606
v 0.084669 1.097821 0.246581
v 0.212634 1.107522 0.248292
v 0.006905 1.125908 -0.370122
v -0.118335 1.200124 -0.383265
v 0.002937 1.200124 -0.383265
v 1.094391 1.200124 -0.383265
v 1.060699 1.097273 -0.365074
v 3.935580 1.093158 -0.364363
v 1.943332 1.200124 -0.383265
v 3.779636 0.977326 0.225326
v 3.826939 1.098445 0.246649
v 3.712934 1.094343 0.245925
v 1.867537 1.200124 0.264606
v 1.783916 1.096043 0.246236
v 1.913011 1.095465 0.246146
v -1.397966 -0.506568 -0.036304
v -1.109912 -0.506568 -0.082240
v -1.489868 -0.296915 0.000605
v 6.603743 1.214437 0.152250
v -1.153019 0.118909 0.073941
v -1.124411 0.235612 0.094526
v -1.212284 0.198766 0.088027
v -0.498395 -0.287656 0.002286
v -0.404463 -0.198739 0.017937
v -0.530277 -0.165630 0.023757
v 9.228411 0.884813 0.209048
v 9.145922 0.977837 0.225441
v 9.064836 1.085107 0.244348
v 8.942410 1.160657 0.257650
v 8.943514 1.028852 0.234397
v 9.593538 1.022336 0.233305
v 9.597949 1.148222 0.255500
v 9.479794 1.088554 0.244984
v 9.371093 1.163786 0.258253
v 9.366191 1.037611 0.236007
v 0.011550 -0.400193 -0.017563
v -0.072661 -0.304292 -0.000655
v -0.117089 -0.424505 -0.021840
v -0.425417 -0.525962 -0.039716
v -0.562187 -0.509508 -0.036816
v 6.648319 0.942939 0.219238
v 6.561979 0.888897 0.209755
v 6.637631 0.827777 0.198940
v -1.049889 1.107386 0.248276
v 9.908297 1.265659 -0.285594
v 9.908297 1.167987 -0.377459
v 9.908297 1.318384 -0.403977
v 9.739301 1.664224 0.346474
v 9.649544 1.634694 0.122895
v 9.734818 1.690133 0.107376
v 9.692654 1.667808 0.019139
v 9.641249 1.631412 -0.219090
v 9.735623 1.671530 -0.399222
v 9.739301 1.664224 -0.464990
v 9.394652 1.474131 -0.209554
v 9.376934 1.467545 -0.099756
v 9.458424 1.519156 -0.121794
v 9.472760 1.516001 -0.304353
v 9.360633 1.426440 -0.423107
v 9.382252 1.453944 -0.329789
v 8.913395 1.153351 0.175770
v 8.838136 1.093981 0.245864
v 8.988528 1.202301 -0.296288
v 8.887965 1.137821 -0.278792
v 8.942410 1.160657 -0.376252
v 8.838136 1.093981 -0.364495
v 8.526430 0.892947 0.210392
v 8.525252 0.902449 0.134002
v 8.620816 0.977456 -0.069441
v 8.580916 0.948043 0.034702
v 8.645824 0.989987 -0.161351
v 8.534323 0.918170 -0.141292
v 8.526430 0.892947 -0.329051
v 8.521261 0.900352 -0.248054
v 8.180134 0.716542 -0.065351
v 6.538346 1.223733 -0.185388
v 6.419152 1.222663 -0.198273
v 6.464873 1.227644 -0.089748
v 6.609698 1.213378 -0.282246
v 0.448667 1.212808 0.177248
v 0.548660 1.200124 0.264606
v 0.602267 1.212522 0.179268
v 1.122814 1.213446 -0.283361
v 6.276352 1.211308 -0.305763
v 6.203198 1.218314 -0.248122
v 6.308025 1.221021 -0.216676
v -0.709566 1.200124 0.264606
v 2.275602 1.223629 -0.174991
v 2.413149 1.224934 -0.157278
v 2.355101 1.215123 -0.276435
v -0.931986 1.192569 -0.381926
v -1.288459 0.922663 -0.051225
v -1.286096 1.036091 -0.026958
v -1.288459 0.334492 0.003505
v -1.288459 0.195409 -0.020302
v -1.288459 0.242445 0.095732
v 1.438135 0.281004 -0.221103
v 1.315906 0.342378 -0.231945
v 1.428088 0.411120 -0.244075
v 5.396303 -0.123613 -0.149765
v 5.336505 -0.001857 -0.171243
v 5.474514 -0.023873 -0.167358
v 5.216990 -0.055932 -0.161705
v 5.212683 0.071939 -0.184263
v 9.068283 0.553743 -0.269235
v 9.140724 0.676762 -0.290924
v 9.196493 0.539044 -0.266641
v 9.798967 0.906566 -0.331391
v 9.700962 0.830346 -0.317989
v 9.700963 0.930863 -0.335705
v 8.011845 -0.557317 -0.045267
v 8.117561 -0.542513 -0.042657
v 8.033708 -0.459741 -0.028061
v 2.552806 -0.636786 -0.059243
v 2.233698 -0.541978 -0.075997
v 2.302057 -0.636786 -0.059243
v 7.651486 -0.636786 -0.059243
v 7.526107 -0.636786 -0.059243
v 7.658195 -0.561440 -0.072555
v 4.133559 0.165108 0.082090
v 4.196943 0.083533 0.067707
v 4.252902 0.157896 0.080822
v 4.076219 -0.040203 0.045883
v 4.177558 -0.121610 0.031534
v 4.191958 -0.010209 0.051177
v 2.704469 -0.320378 -0.115080
v 2.589716 -0.311830 -0.116589
v 2.660529 -0.216648 -0.133378
v 0.588185 0.752159 -0.304194
v 0.662596 0.667370 -0.289250
v 0.551892 0.646262 -0.285525
v 1.621195 0.132378 0.076352
v 1.607263 0.036527 0.059444
v 1.731590 0.085777 0.068117
v 2.624382 0.358354 0.116213
v 2.636774 0.257488 0.098347
v 2.723442 0.332496 0.111664
v -0.573128 1.200124 0.264606
v -0.661584 1.093279 0.245796
v 3.206877 1.098469 -0.365302
v 3.156065 1.200124 -0.383265
v 3.034786 1.200124 -0.383265
v 2.337465 1.200124 0.264606
v 3.171225 1.200124 0.264606
v 3.082143 1.216247 0.149090
v 3.034786 1.200124 0.264606
v 3.795983 1.215373 -0.272145
v 3.655319 1.210406 -0.311007
v 3.671068 1.222206 -0.194519
v 0.821526 1.200124 0.264606
v 0.841578 1.211368 0.186374
v 0.732133 1.212337 0.180449
v 1.230829 1.200124 0.264606
v 1.367267 1.200124 0.264606
v 6.540211 -0.437883 -0.024186
v 6.468456 -0.535482 -0.041394
v 6.178730 -0.209012 0.016175
v 2.713295 -0.539463 -0.042095
v 2.784781 -0.441915 -0.024907
v 2.662164 -0.443625 -0.025207
v 4.732625 1.200124 0.264606
v 5.087411 0.257477 -0.216992
v 5.038259 0.150938 -0.198199
v 4.962275 0.238724 -0.213684
v 5.942571 0.346142 0.114074
v 5.957656 0.205486 0.089269
v 6.067655 0.270117 0.100662
v 6.066599 0.148331 0.079186
v 6.176476 0.205865 0.089327
v 6.081353 0.394873 0.122660
v 6.108644 0.514571 0.143756
v 5.986611 0.481935 0.138016
v 3.824064 0.614116 -0.279870
v 3.727564 0.515686 -0.262515
v 3.707801 0.645035 -0.285332
v -0.620769 0.200205 -0.206887
v -0.706301 0.304812 -0.225331
v -0.586619 0.329892 -0.229748
v 1.220579 0.903668 0.212353
v 1.279399 0.774070 0.189485
v 1.204094 0.668689 0.170890
v 1.327147 0.655550 0.168571
v 4.831211 0.996508 0.228663
v 4.983111 0.586042 0.156313
v 4.907643 0.679399 0.172763
v 4.864793 0.567725 0.153088
v 0.039547 0.161693 0.081480
v 0.164329 0.171002 0.083120
v 0.101792 0.269597 0.100500
v 5.217710 1.200124 -0.383265
v 5.162131 1.097071 -0.364991
v 5.096438 1.200124 -0.383265
v 5.036278 1.090242 -0.363784
v 4.272574 1.013266 -0.350279
v 4.323515 1.108242 -0.367001
v 4.398175 1.016706 -0.350901
v 4.451840 1.110268 -0.367361
v 6.692990 0.337281 -0.231035
v 6.729731 0.458580 -0.252417
v 6.814262 0.360852 -0.235191
v 6.578517 0.334586 -0.230559
v 5.830497 -0.359902 -0.108115
v 5.897593 -0.453112 -0.091684
v 5.530268 0.048475 0.061576
v 5.572755 -0.060349 0.042379
v 1.355543 -0.533849 -0.041121
v 1.475956 -0.559177 -0.045589
v 1.768691 -0.473019 -0.088158
v 1.637744 -0.514989 -0.080753
v 1.684519 -0.372017 -0.105979
v 1.488664 -0.516422 -0.080499
v 1.343991 -0.504926 -0.082526
v 1.429412 -0.403316 -0.100442
v 7.946071 -0.369687 -0.012181
v 7.867120 -0.270864 0.005245
v 7.818387 -0.382977 -0.014523
v 7.989678 -0.525091 -0.078960
v 7.944038 -0.636786 -0.059243
v 7.870255 -0.566718 -0.071619
v 9.109538 -0.199990 -0.136275
v 8.938040 -0.414569 -0.098438
v 5.545503 -0.265813 0.006149
v 5.416505 -0.247784 0.009324
v 1.174923 -0.192155 -0.137729
v 1.266654 -0.121156 -0.150270
v 1.284050 -0.242417 -0.128855
v 2.979659 -0.377948 -0.013636
v 2.908356 -0.450860 -0.026485
v 2.594840 -0.355221 -0.009626
v 4.140865 -0.636786 -0.059243
v 4.204239 -0.543549 -0.042839
v 4.100325 -0.555947 -0.045023
v 4.422958 -0.636786 -0.059243
v 4.281911 -0.636786 -0.059243
v 3.810635 1.227288 -0.029463
v 3.689415 1.227196 -0.073601
v 3.706169 1.223821 0.054793
v 6.066628 1.200124 0.264606
v 6.187907 1.200124 0.264606
v 6.127938 1.215089 0.155136
v 6.311382 1.199604 0.264513
v 3.438839 1.221504 0.088183
v 5.959778 1.226574 0.001740
v 6.041337 1.227706 -0.080211
v -0.306360 1.227640 -0.062258
v -0.239423 1.224008 -0.170922
v 5.824072 1.200124 0.264606
v 5.864204 1.214350 0.164755
v 5.777071 1.216235 0.144188
v 1.107173 1.224571 0.044113
v 1.176476 1.226626 -0.058289
v 1.061830 1.227159 -0.069712
v -0.431260 1.228106 -0.062159
v -0.556824 1.228159 -0.064727
v -0.490520 1.225207 0.046547
v -0.664523 1.215073 0.155286
v 8.784681 -0.249906 0.008934
v 9.265589 -0.535388 -0.077130
v 9.213796 -0.426030 -0.096414
v 9.569154 -0.444594 -0.025367
v 9.575355 -0.339353 -0.006814
v 9.454618 -0.405779 -0.018528
v 9.908297 1.076184 -0.225484
v 9.908297 0.950155 -0.217426
v 9.908297 -0.185593 0.020310
v 9.908297 -0.335991 -0.006208
v 9.908297 -0.225220 -0.059850
v 9.908297 -0.082658 -0.061803
v 9.811984 0.060957 0.063788
v 9.908297 0.115202 0.073346
v 9.797739 0.167578 0.082587
v 9.908297 1.318384 0.285490
v 9.908297 1.167987 0.258972
v 9.908297 1.259658 0.180052
v 9.908297 -0.185593 -0.138797
v 9.908297 -0.035195 -0.165315
v 9.818142 1.246971 -0.391404
v 9.739602 0.883902 0.208890
v 9.769924 0.761592 0.187324
v 9.827519 0.840551 0.201242
v 9.526572 1.005709 -0.348920
v 9.464157 1.105122 -0.366450
v 9.583157 1.107107 -0.366795
v 4.705328 0.061227 0.063800
v 4.736039 0.144871 0.078551
v 4.975531 -0.062176 0.042057
v 5.021530 0.033902 0.059001
v 3.980279 0.045510 0.060992
v 4.016056 0.153459 0.080030
v 4.385519 -0.044168 -0.163786
v 4.290962 0.014557 -0.174147
v 0.099558 -0.240207 -0.129206
v 0.030895 -0.346403 -0.110472
v -0.012457 -0.263575 -0.125111
v 0.541776 -0.337562 -0.006533
v 2.691684 -0.114899 0.032723
v 2.798043 -0.028417 0.047956
v 2.107556 -0.219030 -0.132962
v 2.069636 -0.095706 -0.154721
v 6.947845 0.356738 0.115921
v 7.053058 0.414138 0.126041
v 6.375883 0.230490 -0.212208
v 6.249775 0.288348 -0.222412
v 6.341289 0.364756 -0.235881
v 7.209214 0.578507 -0.273562
v 7.170791 0.470406 -0.254506
v 7.087765 0.550900 -0.268695
v 1.494230 0.002755 0.053499
v 1.575284 -0.071520 0.040369
v 0.666339 -0.286290 -0.121090
v 0.633514 -0.174990 -0.140762
v -0.679858 0.274754 0.101418
v -0.682656 0.160796 0.081318
v -0.576693 0.218890 0.091561
v 0.536137 0.433004 0.129308
v 0.547097 0.562306 0.152124
v 0.427668 0.491934 0.139708
v 0.776713 0.530728 0.146549
v 0.733845 0.652696 0.168071
v 0.667058 0.575934 0.154527
v 0.504980 0.687272 0.174175
v 0.418650 0.610162 0.160570
v -0.241960 0.056403 -0.181559
v -0.346007 -0.020960 -0.167925
v -0.365650 0.095967 -0.188516
v 0.157916 0.750897 -0.303970
v 0.246077 0.668062 -0.289362
v 3.057306 0.324414 0.110260
v 3.066324 0.187610 0.086115
v 3.172641 0.242032 0.095691
v 7.647895 0.613627 0.161209
v 7.548245 0.650597 0.167733
v 1.677536 -0.233095 -0.130508
v 1.670666 -0.107324 -0.152701
v 1.777351 -0.169162 -0.141782
v 9.479079 -0.184197 -0.139088
v 9.554744 -0.090069 -0.155688
v 9.596625 -0.203342 -0.135707
v 4.190417 0.256745 0.098275
v 4.055511 0.273716 0.101266
v 4.411210 0.806136 0.195090
v 4.370652 0.930399 0.217056
v 4.283732 0.829180 0.199155
v 3.086313 0.883160 0.208689
v 3.070031 0.750486 0.185318
v 3.182683 0.672183 0.171524
v 3.375067 0.830595 -0.318061
v 3.308658 0.725996 -0.299621
v 3.253451 0.828616 -0.317716
v 0.217453 0.723160 0.180510
v 0.215977 0.610955 0.160712
v 0.314936 0.662283 0.169768
v -0.892539 0.994361 0.228374
v -0.988926 0.908218 0.213166
v -0.866826 0.878835 0.207981
v -0.492510 0.890229 -0.328542
v -0.613216 0.913924 -0.332723
v 2.174551 0.805847 0.195076
v 2.293257 0.791491 0.192536
v 2.248036 0.895148 0.210830
v 2.370482 0.885727 0.209156
v 0.111755 0.932303 -0.335961
v 0.073638 1.021939 -0.351745
v 1.143146 0.777167 -0.308612
v 1.211879 0.906373 -0.331387
v 1.285298 0.798646 -0.312398
v 2.806611 0.989066 0.227362
v 2.881557 0.894751 0.210733
v 2.922765 0.998504 0.229063
v 9.593349 -0.206125 0.016670
v 9.674902 -0.106010 0.034343
v 9.548922 -0.088192 0.037464
v 9.157059 0.815497 -0.315388
v 9.083302 0.898312 -0.329991
v 9.173083 0.912473 -0.332488
v 8.947938 1.033764 -0.353876
v 5.422550 0.905831 -0.331323
v 5.547596 0.911610 -0.332377
v 5.491200 0.806238 -0.313763
v 0.517407 -0.144619 -0.146046
v 0.597884 -0.068035 -0.159567
v 1.714032 0.208292 -0.208289
v 1.777738 0.305690 -0.225462
v 2.924236 0.585081 0.156177
v 3.045411 0.629971 0.164091
v 2.945476 0.701905 0.176758
v 1.389881 0.397587 0.123059
v 1.273969 0.324793 0.110226
v 1.406768 0.277619 0.101919
v 1.289656 0.205863 0.089271
v 1.415841 0.161096 0.081391
v 9.515256 0.024710 -0.175934
v 9.638328 -0.002818 -0.171073
v 9.417358 0.231903 0.093906
v 9.493607 0.345950 0.114040
v 9.367629 0.326551 0.110593
v 0.666370 0.000909 -0.171724
v 0.571290 0.036887 -0.178064
v 0.666224 0.101452 -0.189457
v 4.701078 0.597208 -0.276921
v 4.592622 0.689566 -0.293195
v 4.741597 0.719300 -0.298438
v 1.654990 0.313334 0.108223
v 1.548503 0.221861 0.092105
v 1.694492 0.204406 0.089046
v 1.657338 0.121722 -0.193045
v 1.573865 0.217386 -0.209882
v 4.889574 0.544365 -0.267585
v 4.339088 0.923654 -0.334468
v 3.804500 0.497116 0.140663
v 3.693250 0.543301 0.148800
v 3.702848 0.426696 0.128270
v 2.320391 0.804777 -0.313519
v 2.192107 0.814964 -0.315308
v 2.266404 0.911843 -0.332372
v 2.211158 0.704212 0.177142
v 2.332366 0.683455 0.173474
v 4.460531 1.023613 0.233483
v 4.539353 1.109630 0.248597
v 4.436536 1.120664 0.250551
v 2.332006 1.010265 -0.349706
v 6.135335 1.088774 0.244944
v 6.253943 1.032833 0.235095
v 6.247261 1.125493 0.251460
v -0.271896 -0.240681 0.010560
v -0.437523 -0.211577 -0.134270
v -0.327721 -0.256474 -0.126333
v -0.437827 -0.329847 -0.113396
v -0.798703 1.093367 0.245810
v 2.137160 1.108108 -0.366974
v 2.080310 1.014593 -0.350481
v 1.284217 1.104713 0.247768
v 1.221993 1.021005 0.232993
v 1.323792 1.001765 0.229604
v 4.138574 0.992843 -0.346641
v 4.019588 1.015057 -0.350533
v 2.205363 1.012645 -0.350121
v 5.096438 1.200124 0.264606
v 5.217710 1.200124 0.264606
v 4.196953 1.103475 -0.366153
v 0.685093 1.200124 0.264606
v 6.372528 1.212821 -0.296090
v 3.124639 1.214028 -0.283336
v 3.237017 1.211827 -0.301050
v 0.957953 1.200124 -0.383265
v 1.004194 1.214266 -0.281247
v 4.288247 1.214593 0.157941
v 4.247540 1.200124 0.264606
v 4.368812 1.200124 0.264606
v 4.490083 1.200124 0.264606
v 0.625951 1.100912 0.247106
v 0.526053 1.117799 0.250083
v 1.276639 1.130883 -0.371014
v 1.376921 1.112639 -0.367805
v 0.610240 1.200124 -0.383265
v 0.617010 1.083873 -0.362695
v 0.524106 1.127948 -0.370489
v -1.129728 -0.388826 -0.015550
v -1.205930 -0.506568 -0.036304
v -1.004199 -0.388826 -0.015550
v -1.205930 -0.506568 -0.082240
v -1.171571 -0.388826 -0.102994
v -1.255257 -0.388826 -0.015550
v -1.338944 -0.388826 -0.015550
v -1.464473 -0.388826 -0.102994
v -1.464473 -0.388826 -0.015550
v -1.338944 -0.388826 -0.102994
v -1.046042 -0.388826 -0.102994
v -1.590002 -0.296897 0.000605
v -1.590002 -0.296897 -0.119265
v -0.844200 -0.198209 -0.136658
v -1.189029 -0.187519 -0.138546
v -1.029251 -0.296997 -0.119265
v -1.288459 0.090280 0.068891
v -1.177767 -0.005058 0.052074
v -1.288459 0.394611 0.122573
v -1.201609 0.310825 0.107794
v -1.100598 0.358670 0.116233
v -1.020387 0.277839 0.101973
v 7.251709 0.624692 0.163158
v 7.357239 0.560641 0.151870
v 7.349467 0.687897 0.174277
v 7.565024 0.539138 0.148077
v 8.588923 -0.119915 0.031854
v 7.882126 0.572921 0.154030
v 7.758719 0.584767 0.156125
v 8.503852 -0.209434 0.016070
v 8.599265 -0.254277 0.008162
v 8.387918 -0.237157 0.011183
v 8.300529 -0.312460 -0.002094
v 8.387457 -0.372358 -0.012657
v 9.043776 0.391810 0.122064
v 9.047331 0.515142 0.143805
v 8.939379 0.462343 0.134495
v 9.139858 0.194759 0.087331
v 9.036203 0.269312 0.100471
v 9.025501 0.148849 0.079238
v 9.152743 0.320377 0.109475
v 9.321507 0.775613 0.189803
v 9.346247 0.913955 0.214204
v 9.178631 1.070517 0.241799
v 8.783645 0.834333 0.200064
v 8.891940 0.838481 0.200804
v 8.837386 0.952291 0.220868
v 9.266004 1.113099 0.249320
v 9.262463 1.232523 0.270376
v 9.161489 1.170942 0.259511
v 9.654802 1.611548 0.337189
v 9.669454 1.499425 0.317419
v 9.730893 1.566308 0.329210
v 9.697752 1.375348 0.295541
v -0.181977 -0.532401 -0.040853
v -0.067957 -0.526798 -0.039867
v -0.302088 -0.533151 -0.040984
v -0.235630 -0.436363 -0.023928
v -0.187151 -0.333533 -0.005810
v -0.284873 -0.352708 -0.009191
v 1.455279 -0.340604 -0.007049
v 1.346338 -0.408281 -0.018979
v 6.732618 0.756051 0.186301
v 6.841092 0.683571 0.173529
v 6.844918 0.814992 0.196700
v 6.971093 0.746532 0.184574
v 7.047020 0.837350 0.200655
v 6.944017 0.881856 0.208511
v 6.742172 0.880855 0.208299
v 6.839797 0.943502 0.219333
v 6.750955 1.002536 0.229760
v 9.908297 0.744247 0.001187
v 9.908297 0.622160 -0.029303
v 9.908297 0.709766 -0.102141
v 9.908297 1.585083 -0.244616
v 9.908297 1.485859 -0.254548
v 9.908297 1.540585 -0.343854
v 9.908297 0.716793 -0.297905
v 9.908297 0.805749 -0.186302
v 9.908297 0.679155 -0.199130
v 9.908297 1.790217 0.224420
v 9.908297 1.790217 -0.342964
v 9.198882 1.339563 0.181208
v 9.554010 1.573371 0.127751
v 9.594488 1.605445 0.029870
v 9.510743 1.551512 0.044936
v 9.638224 1.634830 -0.088952
v 9.528080 1.565033 -0.049221
v 9.736274 1.697144 -0.070903
v 9.730191 1.690601 -0.174635
v 9.301661 1.409984 -0.257455
v 9.465468 1.492655 -0.434778
v 9.570304 1.558871 -0.446449
v 8.996079 1.207820 0.173959
v 8.714155 1.038478 -0.063493
v 8.684014 1.016031 0.032138
v 9.316648 1.428950 -0.022117
v 9.427434 1.499477 -0.004618
v 9.200448 1.354423 -0.057394
v 9.251550 1.383335 0.076230
v 9.298460 1.416007 -0.141311
v 9.211198 1.356596 -0.198503
v 8.839557 1.116444 -0.178623
v 8.805288 1.098233 -0.076602
v 8.735476 1.048967 -0.164802
v 8.906515 1.164000 -0.096107
v 8.596743 0.951272 -0.237570
v 8.630145 0.960126 -0.340894
v 5.874170 1.223273 0.068789
v 5.987906 1.217748 0.135815
v 4.414673 1.214537 0.159403
v 1.581197 1.225069 -0.155305
v 1.518844 1.227142 -0.046051
v -0.345731 1.200124 -0.383265
v -0.482169 1.200124 -0.383265
v -0.420195 1.215387 -0.277355
v -0.573128 1.200124 -0.383265
v -0.539443 1.215091 -0.280147
v -0.745488 1.210856 -0.307584
v -0.649583 1.213953 -0.288116
v -0.664087 1.200124 -0.383265
v -0.800525 1.200124 -0.383265
v 3.209576 1.222050 -0.198986
v 6.487934 1.214033 -0.288257
v 6.233666 1.226279 -0.137417
v 6.346299 1.227007 -0.112792
v 3.553533 1.227318 -0.114267
v 3.542929 1.218740 -0.246707
v 3.832721 1.222813 0.069778
v 3.941240 1.226081 0.020442
v 1.980663 1.223569 0.058395
v 1.901735 1.227181 -0.029500
v 1.860324 1.221926 0.081489
v 4.018866 1.220025 0.109905
v 3.603128 1.227318 -0.011559
v 3.496670 1.227316 -0.006766
v 3.565374 1.221988 0.081122
v 1.644713 1.216389 -0.267062
v 4.678386 1.214575 -0.281702
v 4.562878 1.215646 -0.273766
v 4.629585 1.223684 -0.177613
v 3.880155 1.222027 -0.198736
v 3.791207 1.225344 -0.145664
v 4.356041 1.224346 -0.160126
v 4.227733 1.224184 -0.167585
v -1.288459 0.242445 -0.214348
v -1.288459 0.394611 -0.241175
v -1.200361 0.351089 -0.233502
v -1.288459 0.090280 -0.187521
v -1.193815 0.030752 -0.177027
v -1.288459 0.851108 -0.321656
v -1.197382 0.906938 -0.331497
v -0.891910 -0.081747 -0.157190
v -0.756202 1.069496 -0.360159
v -0.860941 1.108199 -0.367006
v 5.420519 -0.228488 -0.131270
v 5.246419 -0.410990 -0.099090
v 5.134694 -0.355874 -0.108804
v 5.118599 -0.117860 -0.150782
v 3.401912 -0.425222 -0.096581
v 3.519377 -0.445354 -0.093026
v 3.432790 -0.536376 -0.076991
v 3.346833 -0.636786 -0.059243
v 3.311654 -0.523485 -0.079273
v 3.827721 -0.556962 -0.073333
v 3.775191 -0.636786 -0.059243
v 3.741290 -0.516291 -0.080523
v 8.156149 0.296766 -0.223877
v 8.132579 0.163905 -0.200450
v 8.149343 0.619411 -0.280819
v 8.662353 0.470665 -0.254592
v 8.572325 0.385095 -0.239474
v 8.544753 0.505836 -0.260821
v 8.992245 0.452216 -0.251335
v 8.956742 0.559984 -0.270337
v 9.422941 0.262167 -0.217819
v 9.374142 0.390560 -0.240458
v 9.708289 0.580518 -0.273946
v 9.705798 0.707164 -0.296274
v 9.807446 0.642450 -0.284830
v 9.640963 1.209823 -0.384895
v 9.698023 1.107957 -0.366922
v 9.908297 0.566396 -0.271387
v 3.587128 -0.295970 0.000802
v 3.473826 -0.382814 -0.014500
v 3.593094 -0.439407 -0.024475
v 4.269245 -0.319350 -0.003328
v 4.147498 -0.351667 -0.009021
v 3.536125 -0.164218 0.024020
v 3.500922 -0.046782 0.044716
v 5.696131 -0.538575 -0.041942
v 5.625381 -0.466132 -0.029164
v 5.334511 -0.538921 -0.042020
v 6.247953 0.165019 -0.200667
v 6.240672 0.039915 -0.178608
v 6.512722 0.228587 -0.211873
v 6.570844 0.106502 -0.190346
v 6.573490 -0.027592 -0.166701
v 7.037411 0.312706 -0.226700
v 0.490805 -0.446550 -0.092813
v 0.622428 -0.474760 -0.087840
v 0.514512 -0.549806 -0.074600
v 1.002600 -0.505334 -0.036094
v 0.797541 -0.636786 -0.059243
v 7.670909 -0.511854 -0.037246
v 7.770774 -0.567957 -0.047140
v 7.770449 -0.474784 -0.030711
v 7.149966 -0.636786 -0.059243
v 7.214087 -0.525865 -0.039712
v 7.085340 -0.529051 -0.040271
v 2.761761 -0.636786 -0.059243
v 2.636388 -0.636786 -0.059243
v 1.549810 -0.636786 -0.059243
v 1.424432 -0.636786 -0.059243
v 6.648439 -0.636786 -0.059243
v 6.700324 -0.530115 -0.078093
v 8.244952 -0.536366 -0.076969
v 4.810957 0.196418 0.087644
v 4.704061 0.230487 0.093645
v 4.163764 -0.236154 0.011336
v 3.323402 0.048548 -0.180154
v 3.292568 -0.065574 -0.160023
v 3.169868 0.117741 0.073721
v 2.928212 0.362270 0.116920
v 3.002512 0.425780 0.128119
v 2.914425 0.473157 0.136459
v 0.472693 0.730495 -0.300372
v 0.634624 0.859629 -0.323142
v 0.757109 0.867376 -0.324512
v 0.702188 0.766979 -0.306811
v 0.771371 0.682317 -0.291889
v 3.525756 0.991834 0.227842
v 3.396686 0.970412 0.224093
v 3.479291 0.901001 0.211825
v 1.774535 0.946669 -0.338487
v 1.669055 0.848847 -0.321244
v 1.655680 0.980326 -0.344429
v 2.862943 0.169570 0.082915
v 2.953363 0.243335 0.095864
v 2.837095 0.290172 0.104215
v 2.220708 0.283952 0.103095
v 2.321459 0.372258 0.118651
v 2.193311 0.400043 0.123536
v 2.559011 0.432201 0.129220
v 2.277201 0.487582 0.138956
v 2.159720 0.512187 0.143283
v 3.100457 0.444907 0.131493
v 4.106514 0.525439 -0.264246
v 4.208508 0.628416 -0.282386
v 4.248983 0.506743 -0.260970
v 2.685752 0.981874 0.226109
v 2.850236 1.096564 0.246327
v -0.166352 1.086467 0.244591
v -0.291509 1.093813 0.245879
v -0.236312 0.967800 0.223672
v 2.428416 1.200124 -0.383265
v 2.761921 1.200124 0.264606
v 2.898354 1.200124 0.264606
v 2.891661 0.975352 -0.343587
v 2.825866 1.096740 -0.364987
v 2.871809 1.223454 0.047436
v 2.768447 1.221210 0.086231
v 2.827995 1.213627 0.165099
v 1.731102 1.200124 0.264606
v 1.750317 1.219170 0.121758
v 5.460251 1.200124 -0.383265
v 5.338981 1.200124 -0.383265
v 5.470559 1.211377 -0.305659
v 7.762730 0.476978 -0.255658
v 7.876163 0.455990 -0.251956
v 4.920893 -0.368427 -0.106584
v 5.033926 -0.420342 -0.097435
v 4.736475 -0.413026 -0.098717
v 4.834298 -0.441935 -0.093622
v 4.741952 -0.508517 -0.081875
v 5.958403 -0.528236 -0.040106
v 6.029592 -0.420075 -0.021036
v 5.889277 -0.417707 -0.020619
v 6.089812 -0.528969 -0.040237
v 5.965146 -0.309849 -0.001601
v 6.959203 -0.534069 -0.041153
v 7.017435 -0.422037 -0.021401
v 6.260165 -0.096644 0.035986
v 6.115662 -0.100048 0.035388
v 2.479206 -0.382030 -0.014349
v 2.390367 -0.298028 0.000456
v 2.361468 -0.412070 -0.019641
v 1.338853 -0.285133 0.002725
v 1.231477 -0.354848 -0.009567
v 2.800629 -0.331150 -0.113178
v 2.759362 -0.420441 -0.097428
v 2.853609 -0.158653 -0.143607
v 3.155015 -0.043803 -0.163864
v 3.120963 0.086552 -0.186858
v 0.245479 1.200124 -0.383265
v 0.196913 1.215608 -0.273994
v 0.318106 1.215242 -0.277677
v 4.630021 0.325947 -0.229024
v 4.579272 0.207223 -0.208129
v 5.148481 0.168708 -0.201333
v 5.399307 0.191381 -0.205331
v 5.420930 0.289006 -0.222552
v 4.719948 -0.009276 -0.169938
v 4.794425 -0.117338 -0.150876
v 5.074999 0.153391 0.080073
v 5.146209 0.282706 0.102879
v 5.006929 0.263563 0.099494
v 5.866223 0.462476 0.134585
v 6.298278 0.262282 0.099270
v 6.275045 0.142264 0.078110
v 2.489070 0.017409 0.056018
v 2.460297 -0.074155 0.039890
v 2.254522 -0.022672 0.048955
v 2.341753 -0.101692 0.035037
v 2.376859 0.020193 0.056503
v 0.346055 -0.303181 -0.118108
v 0.433558 -0.222848 -0.132305
v 0.462895 -0.335384 -0.112416
v 0.549975 -0.255128 -0.126600
v 0.580297 -0.364074 -0.107342
v 5.042913 0.380400 0.120048
v 5.155077 0.424447 0.127824
v 5.063234 0.498481 0.140931
v 1.825315 -0.006959 0.051752
v 4.444413 0.711199 -0.296985
v 4.357831 0.599182 -0.277256
v 4.106708 0.653367 -0.286781
v 4.038419 0.609689 -0.279083
v 4.020319 0.697500 -0.294566
v 3.918195 0.852300 -0.321879
v 4.024387 0.792505 -0.311326
v 3.903714 0.721313 -0.298775
v -0.591577 0.063940 -0.182863
v -0.715922 0.101461 -0.189482
v -0.768804 -0.105441 -0.153011
v -0.808454 0.015661 -0.174359
v -0.842702 0.686042 -0.292543
v -0.815705 0.800517 -0.312725
v 1.642145 0.811156 0.196028
v 1.240933 0.561276 0.151936
v 1.380082 0.530496 0.146504
v 0.972920 0.655423 0.168550
v 1.042962 0.559878 0.151690
v 1.122149 0.990213 0.227534
v 1.085239 0.877830 0.207794
v 4.959148 0.788519 0.191988
v 5.036137 0.894446 0.210650
v 1.025218 0.959357 0.222161
v 1.024213 1.075000 0.242526
v 1.518980 0.105456 0.071603
v 0.568301 0.892190 0.210332
v 0.549973 1.016869 0.232329
v 0.443163 0.946930 0.219991
v 4.787100 0.658027 0.169001
v 4.751224 0.543810 0.148863
v 0.803169 0.145921 0.078693
v 0.820755 0.040570 0.060129
v 0.932937 0.116208 0.073460
v 2.262601 0.603266 -0.277951
v 2.359270 0.689975 -0.293256
v 2.643464 0.532676 -0.265518
v 2.730936 0.511490 -0.261786
v 2.678006 0.415204 -0.244804
v 5.028292 0.697122 0.175883
v 5.065423 0.790936 0.192411
v 5.159887 0.726349 0.181032
v 5.150097 0.846048 0.202125
v 0.423272 0.229632 0.093450
v 0.310799 0.310486 0.107704
v 0.426383 0.368746 0.117972
v 0.316574 0.430893 0.128938
v 1.452887 0.643292 0.166408
v 1.596971 0.525975 0.145706
v 1.835348 0.475949 0.136883
v 1.956471 0.453151 0.132872
v 1.916555 0.563960 0.152410
v 1.536026 0.603107 -0.277947
v 1.813700 0.832868 -0.318438
v 1.942457 0.824346 -0.316949
v -0.188259 1.015921 -0.350692
v -0.059041 1.024568 -0.352211
v 3.762456 1.200124 0.264606
v 5.581522 1.200124 0.264606
v 5.637400 1.095435 0.246132
v 5.702794 1.200124 0.264606
v 0.753694 1.091056 -0.363966
v 0.693140 1.200124 -0.383265
v 1.822061 1.200124 -0.383265
v 2.064603 1.200124 -0.383265
v 4.780574 1.101090 0.247110
v 4.853896 1.200124 0.264606
v 4.247540 1.200124 -0.383265
v 2.440090 1.209025 0.203119
v 2.575459 1.214865 0.155770
v 2.712782 1.213317 0.166910
v 4.611354 1.200124 0.264606
v 4.658211 1.104265 0.247653
v 3.883727 1.200124 -0.383265
v 6.762710 0.584795 -0.274679
v 6.848779 0.487923 -0.257590
v 6.884371 0.608329 -0.278806
v 6.634353 0.225420 -0.211314
v 6.910436 0.268107 -0.218838
v 6.675902 0.028789 -0.176641
v 6.680224 -0.084815 -0.156609
v 5.436893 -0.543744 -0.075676
v 5.350183 -0.470013 -0.088687
v 5.463748 -0.430663 -0.095628
v 5.141833 -0.482536 -0.086473
v 4.676764 -0.330978 -0.113191
v 4.800767 -0.336313 -0.112249
v 5.978363 -0.093233 0.036588
v 5.901161 -0.198083 0.018101
v 5.863542 0.123732 0.074849
v 5.720602 0.151066 0.079672
v 5.624404 -0.172453 0.022611
v 0.077830 -0.443393 -0.093370
v 0.174332 -0.446055 -0.092901
v 0.131226 -0.535729 -0.077081
v 7.197367 -0.325728 -0.004421
v 7.083063 -0.300848 -0.000033
v 7.146748 -0.418741 -0.020822
v 6.656362 -0.464627 -0.028904
v 0.495720 -0.543151 -0.042768
v 0.452453 -0.433480 -0.023430
v 0.373408 -0.534685 -0.041269
v 1.994294 -0.457270 -0.027610
v 1.991076 -0.562165 -0.046112
v 1.128094 -0.431995 -0.095388
v 1.089100 -0.535772 -0.077081
v 0.964292 -0.538207 -0.076651
v 0.839541 -0.543303 -0.075750
v 0.880300 -0.440579 -0.093872
v 8.275620 -0.414106 -0.020017
v 7.826762 0.446115 0.131671
v 7.683778 0.489472 0.139318
v 8.605908 -0.513434 -0.037535
v 8.601614 -0.376098 -0.013319
v 8.491405 -0.439874 -0.024563
v 9.016784 -0.417410 -0.020592
v 8.969641 -0.529104 -0.040287
v 9.114686 -0.508486 -0.036647
v 8.849460 -0.538283 -0.041909
v 8.905271 -0.636786 -0.059243
v 9.510977 -0.530130 -0.040451
v 9.573956 -0.636786 -0.059243
v 9.635607 -0.530158 -0.040452
v 7.776866 -0.636786 -0.059243
v 7.771733 -0.508819 -0.081832
v 8.705257 -0.099821 -0.153940
v 8.749215 -0.014482 -0.168988
v 9.310850 -0.315316 -0.115936
v 8.651738 -0.411998 -0.098895
v 8.598748 -0.526100 -0.078776
v 8.527472 -0.419811 -0.097518
v 6.621943 -0.352440 -0.009123
v 6.170411 0.088978 0.068716
v 5.237403 -0.117579 0.032286
v 5.096914 -0.089644 0.037215
v 6.121565 -0.015122 -0.168907
v 6.234759 -0.085078 -0.156570
v 6.619065 -0.407791 -0.099662
v 6.763387 -0.431268 -0.095520
v 1.121628 -0.301685 -0.000199
v 1.123321 -0.423582 -0.021678
v 0.579113 -0.459628 -0.028036
v 0.672417 -0.371927 -0.012593
v 0.133328 -0.341648 -0.007244
v 0.044662 -0.261619 0.006873
v -0.035692 -0.439381 -0.094076
v 0.368313 -0.419389 -0.097594
v 0.391055 -0.533761 -0.077430
v 1.181824 -0.320740 -0.115018
v 1.236717 -0.434375 -0.094968
v 4.015491 -0.636786 -0.059243
v 4.110159 -0.554241 -0.073810
v 2.587469 -0.527200 -0.078601
v 2.520836 -0.415765 -0.098255
v 2.110525 -0.536722 -0.076915
v 2.180907 -0.444019 -0.093273
v 2.223533 -0.254669 -0.126674
v 2.139766 -0.334028 -0.112677
v 3.542617 0.092376 -0.187882
v 3.653613 0.116294 -0.192099
v 3.616029 0.009168 -0.173204
v 4.185566 -0.354758 -0.109001
v 4.306510 -0.335291 -0.112434
v 3.101364 -0.360505 -0.010564
v 3.317687 -0.204540 0.016918
v 3.191706 -0.154605 0.025719
v 2.927051 -0.087566 0.037537
v 2.895934 -0.207542 0.016395
v 3.468968 0.050621 0.061881
v 3.383018 0.107464 0.071899
v 3.278111 0.171530 0.083236
v 2.512578 -0.270539 0.005299
v 2.640918 -0.244356 0.009911
v 2.551454 -0.154951 0.025665
v 3.375455 -0.456305 -0.027450
v 3.346870 -0.331449 -0.005447
v 3.246845 -0.407586 -0.018863
v 3.059473 -0.525591 -0.078900
v 3.183328 -0.501534 -0.083138
v 5.770760 -0.636786 -0.059243
v 5.645381 -0.636786 -0.059243
v 5.394625 -0.636786 -0.059243
v 5.458256 -0.543224 -0.042775
v 5.269247 -0.636786 -0.059243
v 9.388929 -0.541314 -0.076084
v 9.507657 -0.536564 -0.076920
v 3.153602 -0.512325 -0.037306
v 3.221461 -0.636786 -0.059243
v 2.737193 1.226213 -0.131275
v 2.643169 1.227249 -0.053230
v 2.756389 1.226622 -0.011706
v 2.308797 1.227056 -0.063262
v 5.138653 1.214254 0.164005
v 5.262294 1.215070 0.159138
v 5.519268 1.216982 0.146096
v 0.436709 1.214597 -0.281765
v 3.320806 1.220765 0.097318
v 3.204751 1.218857 0.122946
v 3.275691 1.211179 0.185868
v 2.667979 1.223145 0.062043
v 2.929459 1.214309 -0.281472
v 2.828488 1.211347 -0.303856
v 2.835994 1.221663 -0.203761
v 2.154484 1.222428 -0.191612
v 0.917516 1.222971 -0.187134
v 1.033974 1.222991 -0.182474
v 1.141263 1.223236 -0.173568
v -0.489904 1.224712 -0.171695
v -0.614685 1.224119 -0.178144
v 5.702893 1.223620 -0.182040
v 5.727643 1.227738 -0.069474
v 5.813817 1.225896 -0.142135
v 4.837794 1.227377 -0.034292
v 4.702387 1.226548 0.015899
v 4.508016 1.227003 -0.031118
v 6.078082 1.224898 0.037282
v 6.271313 1.227643 -0.028822
v 0.946031 1.227010 -0.081896
v 0.826853 1.226615 -0.107596
v -0.686928 1.228079 -0.069419
v 2.546488 1.225435 0.025151
v 2.204871 1.220945 0.096689
v 4.894355 1.212041 0.177832
v 6.558334 1.198563 0.264328
v 3.026198 1.217747 -0.256143
v 3.324941 1.219582 -0.234775
v 3.314856 1.227312 -0.111478
v 2.549688 1.200124 -0.383265
v 2.593782 1.214569 -0.279634
v 2.670959 1.200124 -0.383265
v -0.209293 1.200124 -0.383265
v -0.170362 1.214271 -0.276654
v 6.385904 1.226900 -0.005173
v 6.513005 1.225335 0.038602
v 0.430225 1.225554 0.036115
v 5.596362 1.227278 -0.107335
v 5.480851 1.223294 -0.189152
v 5.466982 1.227653 -0.075998
v 5.552981 1.226320 0.018901
v 5.431861 1.225505 0.037805
v 5.739435 1.224090 0.059836
v 5.640988 1.216645 0.137818
v 0.541716 1.221189 0.097442
v 6.122112 1.225064 -0.164874
v 5.843775 1.227640 -0.034201
v 5.151014 1.225185 -0.154642
v 5.229938 1.227684 -0.054640
v 5.279934 1.223951 -0.176801
v 0.710039 1.223965 -0.172230
v 0.714868 1.227165 -0.025706
v 0.392836 1.223863 -0.177370
v 0.272591 1.224517 -0.169654
v 0.350752 1.227641 -0.072236
v 5.307658 1.224718 0.048817
v -0.000553 1.219420 0.115655
v 0.103782 1.215288 0.156633
v 0.957958 1.200124 0.264606
v 0.911304 1.219085 0.123495
v 0.986142 1.225344 0.030566
v 1.036443 1.216421 0.148232
v 5.839424 1.210276 -0.312249
v 4.102667 1.223573 -0.175678
v 4.175541 1.215140 -0.277454
v 4.053294 1.214527 -0.281792
v 2.108709 1.226380 0.012714
v 2.227144 1.226810 0.003383
v 2.720793 1.216234 -0.265508
v 2.623833 1.224059 -0.170109
v 3.425151 1.213014 -0.291949
v 3.432919 1.223224 -0.181090
v 2.191910 1.226860 -0.085199
v 2.076516 1.226738 -0.106451
v 3.377183 1.227240 -0.001363
v 2.945013 1.226242 -0.039031
v 9.124052 -0.377292 -0.013516
v 9.125384 -0.248538 0.009185
v 9.042754 -0.321879 -0.003748
v 8.703730 -0.307804 -0.001277
v 8.495378 -0.315563 -0.002643
v 8.819886 -0.349590 -0.008641
v 8.804679 -0.456106 -0.027422
v 8.901760 -0.436890 -0.024030
v 9.672464 -0.417571 -0.020589
v 8.691733 -0.297273 -0.119124
v 8.575979 -0.308473 -0.117150
v 8.407885 -0.426887 -0.096272
v 8.456470 -0.314901 -0.116018
v 8.854076 -0.045993 0.044888
v 8.225861 0.076953 -0.185116
v 8.317083 -0.008641 -0.170023
v 8.435644 0.022375 -0.175490
v 8.464624 0.138811 -0.196022
v 8.553802 0.054070 -0.181078
v 9.009272 -0.186105 -0.138723
v 9.056500 -0.096909 -0.154466
v 8.014568 0.576470 0.154621
v 9.908297 0.488278 -0.167947
v 9.908297 0.594254 -0.138954
v 9.908297 0.498022 -0.066291
v 9.908297 0.392506 0.009919
v 9.908297 0.366615 -0.118116
v 9.908297 0.177021 -0.014170
v 9.908297 0.054732 -0.026263
v 9.908297 0.120489 -0.090813
v 9.707860 0.080408 0.067220
v 9.754891 -0.023938 0.048820
v 9.908297 -0.035195 0.046828
v 9.797042 -0.127536 0.030552
v 9.908297 0.284643 -0.027078
v 9.908297 0.221600 -0.110580
v 9.908297 0.265600 -0.218351
v 9.908297 0.115202 -0.191833
v 9.767126 1.451554 -0.427486
v 9.697492 1.550103 -0.444876
v 8.149179 0.588748 0.156831
v 8.975932 -0.036078 0.046641
v 9.047869 -0.134790 0.029238
v 9.089680 -0.028552 0.047970
v 8.605529 0.279583 -0.220879
v 8.494627 0.274628 -0.219996
v 9.546779 0.218142 0.091504
v 9.674093 0.193009 0.087075
v 9.635132 0.310234 0.107746
v 9.712993 -0.190909 0.019375
v 9.803109 -0.250140 0.008933
v 9.791486 0.496855 0.140646
v 9.796043 0.638395 0.165601
v 9.693844 0.591439 0.157328
v 9.908297 0.566396 0.152900
v 9.908297 0.716793 0.179418
v 9.717951 1.072736 0.242185
v 9.694776 1.196837 0.264067
v 9.398108 1.209383 -0.384836
v 9.261724 1.220654 -0.386828
v 9.347521 1.308361 -0.402289
v 9.785394 0.259025 -0.217235
v 9.667204 0.316785 -0.227440
v 9.805363 0.368313 -0.236501
v 9.908297 0.415998 -0.244869
v 9.908297 -0.335991 -0.112279
v 9.810177 -0.268231 -0.124252
v 8.266893 0.614158 0.161286
v 9.353038 -0.306023 -0.000944
v 9.379339 -0.186411 0.020133
v 9.258861 -0.215927 0.014942
v 9.472962 -0.268116 0.005746
v 9.481769 -0.163195 0.024237
v 9.169270 -0.121975 0.031513
v 9.202605 -0.007087 0.051752
v 8.519174 0.471148 0.136049
v 8.431385 0.565296 0.152698
v 8.411231 0.466469 0.135275
v 4.586744 0.054078 0.062533
v 4.662136 -0.043610 0.045312
v 5.264374 0.366227 0.117613
v 5.281035 0.239603 0.095286
v 5.381133 0.317786 0.109078
v 5.505909 0.156497 0.080632
v 5.601510 0.122013 0.074548
v 4.577709 0.268454 0.100330
v 4.637937 0.151767 0.079761
v 4.308670 0.249865 0.097041
v 4.678510 0.322726 0.109882
v 4.600630 0.395916 0.122793
v 3.747353 0.138812 -0.196071
v 3.692258 0.216983 -0.209846
v 0.255007 -0.384135 -0.103808
v 0.145671 -0.354695 -0.109008
v -0.563369 -0.383171 -0.103989
v -0.489133 -0.433924 -0.095036
v 0.839901 -0.190424 0.019416
v 0.735023 -0.153583 0.025926
v 0.764143 -0.275733 0.004369
v 2.154930 -0.342062 -0.007301
v 1.866853 -0.415057 -0.020166
v 1.958692 -0.330107 -0.005196
v 3.065134 -0.111797 0.033265
v 2.250796 0.062068 -0.182519
v 2.280828 -0.055513 -0.161801
v 1.853891 -0.111877 -0.151886
v 3.583683 0.198226 -0.206533
v 3.473198 0.176567 -0.202733
v 6.425591 0.250120 0.097124
v 6.539801 0.214957 0.090926
v 6.271652 0.030291 0.058367
v 7.059515 0.293666 0.104798
v 6.361897 0.592700 -0.276106
v 6.296862 0.476614 -0.255610
v 6.172508 0.483579 -0.256851
v 7.332290 0.596866 -0.276800
v 7.260930 0.685590 -0.292466
v 8.336774 0.526522 0.145859
v 8.355876 0.629353 0.163942
v 1.769095 -0.050784 -0.162671
v 7.157986 0.576467 0.154657
v 7.066505 0.647902 0.167229
v -0.152758 -0.237092 0.011191
v 1.155987 -0.077613 -0.157878
v 6.225442 0.547997 0.149623
v 6.330200 0.475153 0.136804
v 6.320361 0.583024 0.155777
v 5.867837 0.426853 -0.246855
v 5.778905 0.360363 -0.235134
v 5.758797 0.483562 -0.256864
v 2.861106 0.097728 -0.188811
v 2.489280 0.074872 -0.184771
v 2.606292 0.092306 -0.187846
v 2.558629 -0.011737 -0.169523
v 1.986196 -0.001362 -0.171302
v 2.463178 -0.017413 -0.168522
v 2.393021 -0.086315 -0.156368
v 2.373806 0.038331 -0.178279
v -0.780322 0.096584 0.069995
v -0.678435 0.044224 0.060756
v -0.906222 0.313195 0.108206
v -0.936782 0.197638 0.087824
v -0.869413 0.031774 0.058566
v -0.968237 -0.029545 0.047753
v -0.864010 -0.083764 0.038186
v -0.087463 0.384428 0.120747
v 0.050128 0.375420 0.119155
v 0.401731 0.708170 0.177864
v 0.451616 0.808609 0.195585
v 0.023260 -0.036001 -0.165247
v -0.043547 0.222463 -0.210822
v -0.730179 -0.214030 -0.133855
v -0.564721 -0.056053 -0.161727
v -0.684381 -0.019357 -0.168182
v -0.139497 0.136641 -0.195700
v -0.264067 0.170933 -0.201728
v -0.168075 0.248478 -0.215393
v -0.488984 0.140642 -0.196382
v -0.383952 0.209354 -0.208492
v 0.074298 0.836006 -0.318979
v 0.038070 0.718378 -0.298236
v 6.020246 0.601341 0.159037
v 3.942901 0.230234 0.093598
v 6.628222 0.551538 -0.268804
v 6.201224 0.437504 0.130170
v 6.488142 0.679327 0.172777
v 6.426662 0.570621 0.153609
v 6.604479 0.549296 0.149843
v 9.107896 0.147281 -0.197566
v 9.215131 0.092554 -0.187915
v 9.112388 0.018235 -0.174788
v 9.286918 -0.089698 -0.155767
v 9.220541 -0.010548 -0.169730
v 8.754535 0.550435 -0.268657
v 8.636547 0.587282 -0.275155
v 9.122064 0.440187 -0.249212
v 9.247437 0.419301 -0.245528
v 9.168525 0.331486 -0.230046
v 9.418499 -0.064919 0.041560
v 8.639864 0.674514 0.171890
v 8.655583 0.821772 0.197848
v 7.523166 0.673167 -0.290274
v 7.384002 0.692372 -0.293693
v 6.832780 0.552273 0.150392
v 7.001463 0.632732 -0.283121
v 6.365615 0.669467 0.171070
v 6.293677 0.757256 0.186504
v 6.253242 0.653381 0.168199
v 6.248419 0.568248 -0.271789
v 1.375536 -0.170416 -0.141576
v 1.360101 -0.049573 -0.162830
v 2.042772 -0.005639 0.052025
v 1.936736 0.045872 0.061105
v 1.931717 -0.073823 0.039955
v 0.139030 -0.080075 0.038873
v 0.171479 -0.206742 0.016540
v 0.248055 -0.098427 0.035633
v 5.442554 0.414024 -0.244616
v 5.302254 0.364948 -0.235948
v 5.348370 0.499331 -0.259642
v 4.503676 0.311163 -0.226436
v 4.547018 0.428857 -0.247211
v 4.433969 0.256875 0.098283
v 4.475290 0.368761 0.118004
v 5.194795 0.684956 -0.292395
v 6.412126 0.774521 0.189548
v 4.615828 0.827197 0.198800
v 4.631529 0.925100 0.216097
v 3.800616 0.730119 0.181712
v 3.719419 0.784056 0.191219
v 3.679100 0.675417 0.172081
v 3.702079 0.870330 -0.325065
v 3.601274 0.808006 -0.314077
v 3.580477 0.939020 -0.337184
v -0.481919 1.003328 0.229940
v -0.603534 0.993429 0.228198
v -0.537823 0.887898 0.209579
v -0.615250 0.652404 -0.286605
v -0.488622 0.689069 -0.293070
v -0.366635 0.691668 -0.293528
v -0.281687 0.790347 -0.310929
v -0.250851 0.664255 -0.288693
v -0.120838 0.510303 -0.261543
v -0.216227 0.448658 -0.250673
v -0.229992 0.552839 -0.269045
v -0.800290 0.896079 -0.329577
v 0.692739 0.973380 -0.343202
v 1.639217 0.911662 0.213764
v 1.581200 0.994580 0.228367
v 1.749465 0.665440 0.170315
v 2.003735 0.650491 0.167675
v 1.867568 0.686120 0.173963
v 2.625914 0.867611 0.205954
v 2.495758 0.875607 0.207364
v 2.546579 0.759154 0.186818
v 1.572076 0.912639 -0.332489
v 1.603065 0.721920 -0.298878
v 1.361773 0.705077 -0.295904
v 1.330271 0.595403 -0.276572
v 1.244346 0.679739 -0.291438
v 2.418043 0.140689 -0.196344
v -0.005604 0.857048 0.204134
v 0.115439 0.786631 0.191709
v 0.129958 0.899147 0.211560
v 3.266851 0.416785 -0.245096
v 3.379935 0.403937 -0.242819
v 3.310169 0.329311 -0.229635
v 3.813660 0.920925 -0.333984
v 1.366791 0.883837 0.208850
v 1.451593 0.992022 0.227937
v 1.893542 0.925866 -0.334824
v 3.919202 0.403632 -0.242746
v 4.041028 0.403152 -0.242614
v 3.978427 0.302325 -0.224892
v 2.014511 0.920105 -0.333816
v 2.528936 0.911560 -0.332334
v 0.000034 -0.166635 -0.142186
v -0.106100 -0.229228 -0.131134
v -0.105957 -0.109509 -0.152269
v 9.275376 0.242124 0.095687
v 9.691774 -0.295709 0.000885
v 9.588277 0.103886 0.071356
v 9.493638 0.478980 0.137503
v 9.605107 0.427340 0.128396
v 9.683224 0.491482 0.139704
v 9.592798 0.544534 0.149060
v 9.508600 0.365620 -0.236059
v 9.444962 0.490321 -0.258048
v 9.321186 0.512508 -0.261961
v 9.387838 0.605421 -0.278344
v 9.438305 0.702399 -0.295444
v 9.041595 0.786045 -0.310195
v 9.614663 0.404606 -0.242931
v 9.554415 0.234046 -0.212853
v 5.050716 0.877188 -0.326267
v 5.105645 0.989288 -0.346048
v 5.357316 0.895577 0.210865
v 5.489643 0.882010 0.208478
v 5.439879 0.993722 0.228190
v 3.103723 0.309842 -0.226190
v 3.047955 0.200244 -0.206874
v 2.989039 0.304110 -0.225239
v 6.982159 0.815381 -0.315350
v 6.925107 0.717728 -0.298143
v 6.859390 0.816017 -0.315461
v 6.731600 0.812753 -0.314864
v 6.606026 0.798168 -0.312299
v 6.646531 0.933440 -0.336193
v 5.299796 0.899162 -0.330138
v 5.353759 1.002232 -0.348322
v 6.925500 0.915924 -0.333046
v 6.794953 0.927252 -0.335088
v 5.901220 0.575324 0.154456
v 5.810826 0.663607 0.170022
v 5.789624 0.548487 0.149698
v 3.710161 0.992706 -0.346624
v 4.032586 0.410487 0.125374
v 4.152713 0.366467 0.117603
v 4.140471 0.506635 0.142339
v 4.029040 0.914636 -0.332865
v 2.060548 0.624043 -0.281646
v 2.164450 0.637249 -0.283965
v 2.147551 0.525465 -0.264225
v 1.449024 0.147622 -0.197580
v 1.324844 0.206636 -0.207979
v 1.560826 0.080895 -0.185867
v 1.661384 0.318969 -0.227793
v 2.245563 0.596705 0.158179
v 2.363011 0.572014 0.153836
v 3.018965 0.519390 0.144611
v 2.696462 0.737415 0.182997
v 2.818804 0.654216 0.168349
v 2.845392 0.778988 0.190331
v 1.623543 0.422867 0.127522
v 1.749289 0.393850 0.122412
v 1.141479 0.372413 0.118615
v 1.157756 0.251949 0.097386
v 1.043987 0.178697 0.084474
v 1.175660 0.135130 0.076800
v 0.208526 -0.009402 0.051309
v 0.304391 -0.001767 0.052657
v 2.330390 0.248471 0.096851
v 2.245212 0.168815 0.082731
v 2.354107 0.139580 0.077607
v 6.002546 1.026091 -0.352523
v 6.092015 1.101450 -0.365789
v 6.115775 0.985954 -0.345441
v 8.959760 0.898705 -0.330061
v 8.915707 0.767654 -0.306954
v 9.471932 0.139272 -0.196142
v 9.597075 0.111013 -0.191151
v 9.317067 0.018993 0.056351
v 9.233570 0.109361 0.072279
v 9.118888 0.077912 0.066735
v 6.339337 0.922287 -0.334231
v 6.228104 0.946916 -0.338516
v 6.304132 1.028519 -0.352935
v 5.068964 0.668811 -0.289549
v 5.141208 0.574634 -0.272916
v 5.012862 0.558830 -0.270106
v -0.365892 1.000667 0.229465
v -0.429134 0.925918 0.216287
v 5.687352 0.920911 -0.333975
v 5.797150 0.993180 -0.346703
v 5.601202 0.671601 0.171399
v 5.547702 0.766927 0.188202
v 5.473510 0.644121 0.166606
v 5.698953 0.754050 0.185941
v 5.696711 0.620085 0.162351
v 2.031286 0.102485 -0.189609
v 1.912757 0.095407 -0.188365
v 0.345603 0.119270 -0.192636
v 0.442235 0.188423 -0.204840
v 0.460805 0.076638 -0.185091
v 0.552654 0.146678 -0.197450
v 0.648737 0.232930 -0.212669
v 0.895817 0.111422 -0.191202
v 1.013002 0.070718 -0.184014
v 0.922476 -0.012381 -0.169382
v 4.578779 0.551216 -0.268811
v 4.458353 0.515336 -0.262484
v 4.486355 0.614067 -0.279888
v 4.997092 0.763473 -0.306228
v 4.923739 0.859043 -0.323064
v 1.784212 0.287203 0.103634
v 1.903857 0.261184 0.099065
v 1.872276 0.368998 0.118045
v 2.290473 0.238469 -0.213641
v 2.218168 0.173188 -0.202139
v 2.205090 0.282794 -0.221452
v 2.319800 0.346144 -0.232620
v 2.189974 0.396693 -0.241525
v 2.286560 0.482665 -0.256683
v 2.806224 0.416900 -0.245109
v 2.734574 0.307596 -0.225839
v 3.038620 0.405868 -0.243174
v 2.909873 0.429569 -0.247348
v 4.322126 0.692661 0.175094
v 4.210779 0.749136 0.185046
v 4.187900 0.642728 0.166296
v 5.844669 0.785180 0.191435
v 5.933486 0.692410 0.175128
v 4.784719 0.534387 -0.265835
v 2.388379 0.235288 -0.213076
v 2.464672 0.329306 -0.229655
v 2.517651 0.199415 -0.206743
v 6.266566 0.815779 -0.315419
v 6.379486 0.831057 -0.318108
v 6.366439 0.728471 -0.300021
v 3.981192 0.500801 -0.259905
v 4.425315 0.406668 -0.243290
v 4.358181 0.485889 -0.257292
v 4.305590 0.395805 -0.241407
v 5.975098 1.132750 -0.371299
v 1.538210 1.002330 -0.348331
v 1.621950 1.093962 -0.364501
v 5.513353 1.095984 0.246228
v 5.390130 1.098901 0.246744
v 0.561922 0.954873 -0.339938
v 4.526415 1.018662 -0.351183
v 0.327667 0.240995 -0.214098
v 0.190704 0.303015 -0.225017
v 0.326403 0.366330 -0.236171
v 0.690975 0.358230 -0.234757
v 0.561146 0.337111 -0.231034
v -0.115432 0.015609 -0.174377
v -0.447825 -0.096525 -0.154588
v -0.332243 -0.139175 -0.147057
v -0.653082 -0.131963 -0.148341
v -0.545100 -0.167277 -0.142102
v 0.113469 0.046136 0.061107
v 0.025738 -0.059075 0.042557
v 0.779014 0.259547 0.098716
v 0.682072 0.177020 0.084170
v -0.436008 -0.073824 0.039947
v -0.309062 -0.109597 0.033642
v -0.337267 0.011850 0.055054
v -0.650572 -0.143243 0.027700
v -0.573675 -0.033800 0.046998
v -0.687250 -0.053098 0.043592
v -0.758825 -0.120526 0.031702
v 3.938861 0.602677 -0.277844
v 3.865333 0.504979 -0.260635
v 4.232717 0.928031 -0.335200
v 4.142973 0.869117 -0.324836
v 4.796396 0.837725 -0.319303
v 3.575460 0.577680 0.154866
v 4.020837 0.851425 0.203074
v 4.159431 0.847860 0.202447
v 4.105572 0.968707 0.223782
v 3.316447 0.525832 0.145743
v 3.408459 0.463424 0.134744
v 3.438726 0.587845 0.156664
v 3.539134 0.691700 0.174956
v 3.131326 0.553383 0.150600
v 4.417532 0.580804 0.155405
v 4.508788 0.486367 0.138756
v 4.546358 0.603704 0.159436
v 4.705017 0.748523 0.184947
v 1.875071 0.512450 -0.261944
v 1.736716 0.500355 -0.259818
v 1.803160 0.616959 -0.280409
v 1.318386 0.474096 -0.255205
v 1.427572 0.532262 -0.265458
v 1.087000 0.374617 -0.237650
v 1.119434 0.474153 -0.255201
v 1.205226 0.413214 -0.244460
v 2.119366 0.721779 -0.298896
v 2.067698 0.820262 -0.316236
v 2.466738 0.789960 -0.310913
v 2.139250 0.916619 -0.333207
v 1.259825 0.444802 0.131383
v 1.001439 0.433123 0.129323
v 1.137460 0.490860 0.139511
v 2.094445 0.727445 0.181247
v 2.125515 0.621566 0.162566
v 2.968964 0.819205 0.197424
v 2.980468 0.917268 0.214707
v 5.822343 0.996776 0.228787
v 5.760715 1.097193 0.246447
v 5.696609 0.990640 0.227641
v 0.169213 1.004651 0.230124
v 0.310686 1.010372 0.231179
v 3.134209 0.984653 -0.345218
v 3.265565 1.007266 -0.349181
v 2.273640 1.096930 0.246411
v 4.653515 1.025509 -0.352441
v 4.581794 1.113231 -0.367885
v 0.339317 1.131620 0.252527
v 3.225122 1.095167 0.246082
v 3.099823 1.097533 0.246498
v -0.747147 0.970913 0.224227
v 6.200744 1.063822 -0.359185
v 0.358976 -0.096257 0.036023
v 0.307493 -0.199716 0.017787
v 0.317039 -0.189241 -0.138176
v 0.199970 -0.157246 -0.143836
v 0.284958 -0.075829 -0.158247
v -0.934825 1.100189 0.247010
v 1.760693 1.077052 -0.361508
v 1.856588 1.013962 -0.350389
v 4.905068 1.100205 0.246969
v 1.162386 1.099431 0.246820
v 0.753154 1.093215 0.245739
v 0.814418 0.985908 0.226845
v 0.883498 1.090207 0.245212
v 0.682564 0.974533 0.224827
v 1.416488 1.011778 -0.349995
v 5.230705 0.997039 -0.347401
v 6.556938 1.199245 -0.383102
v 6.603176 1.077097 -0.361513
v 4.182633 1.080578 0.243524
v 4.328019 1.072268 0.242037
v 3.519899 1.200124 -0.383265
v 3.641178 1.200124 -0.383265
v 3.613438 1.081498 -0.362311
v -0.314621 0.999602 -0.347822
v -0.264611 1.105576 -0.366538
v -0.536937 1.099356 0.246864
v -0.482169 1.200124 0.264606
v -0.118335 1.200124 0.264606
v -0.209293 1.200124 0.264606
v 1.094391 1.200124 0.264606
v 6.433928 1.199539 -0.383156
v 0.218474 1.213074 0.176013
v -0.421073 1.215607 0.156319
v -0.542039 1.215354 0.155616
v 3.332369 1.209434 -0.319302
v 5.945350 1.200124 0.264606
v 0.124208 1.200124 -0.383265
v 5.070540 1.218727 -0.245238
v 5.182793 1.215570 -0.272951
v 4.732625 1.200124 -0.383265
v 4.641672 1.200124 -0.383265
v 2.310701 1.213531 0.167296
v 1.458226 1.200124 0.264606
v 1.576730 1.223126 0.059532
v 1.828718 1.212023 0.180332
v 1.912386 1.216156 -0.259783
v 4.141864 1.215178 0.154541
v 5.278872 1.213223 -0.293389
v 5.703110 1.213274 -0.290074
v 5.581522 1.200124 -0.383265
v 5.588799 1.218854 -0.243712
v 5.789873 1.219882 -0.229921
v 3.671497 1.200124 0.264606
v 0.002937 1.200124 0.264606
v -0.138088 1.114020 -0.368028
v 5.945350 1.200124 -0.383265
v 5.854391 1.200124 -0.383265
v 2.033149 1.097033 0.246433
v 1.401043 1.100191 0.246964
v 5.285224 1.100154 -0.365553
v 3.425880 1.113686 -0.367994
v 3.381529 1.020880 -0.351601
v 0.159859 1.110261 -0.367353
v -0.530885 1.089399 -0.363671
v 3.762456 1.200124 -0.383265
v 6.066628 1.200124 -0.383265
v 5.407450 1.102436 -0.365991
v 1.700782 1.200124 -0.383265
v -0.417976 1.101023 0.247151
v -0.042008 1.089787 0.245169
v 6.366906 1.213871 0.169984
v 6.481091 1.214742 0.162997
v 6.411544 1.221909 0.087898
v 6.434858 1.199083 0.264421
v -0.427481 0.828384 0.199078
v -0.414201 0.707946 0.177827
v -0.321907 0.786049 0.191608
v 8.236770 0.226131 0.092877
v 8.244343 0.107185 0.071903
v 8.341581 0.167572 0.082550
v 8.274450 -0.003905 0.052314
v 8.465130 0.227444 0.093106
v 9.157126 0.448525 0.132067
v 9.000236 0.843230 0.201662
v 9.480954 1.221417 0.268410
v 6.350040 1.107514 0.248279
v 9.908297 1.468782 -0.430495
v 6.964785 1.004526 -0.162726
v 1.290101 1.226931 -0.045147
v 1.251619 1.224985 -0.152860
v 0.072808 1.215822 -0.269897
v -0.051974 1.215575 -0.272015
v 3.126680 1.225502 0.030971
v 3.172474 1.227290 -0.084730
v -1.288459 0.045927 -0.061992
v -1.288459 0.172609 -0.118787
v 5.526555 -0.164466 -0.142560
v 5.606431 -0.035695 -0.165272
v 5.431141 0.096983 -0.188678
v 5.550991 0.084067 -0.186399
v 3.933625 -0.303129 -0.000465
v 3.836560 -0.222833 0.013687
v 3.819103 -0.341384 -0.007205
v 3.741755 -0.151147 0.026321
v 3.721125 -0.262990 0.006612
v 4.896373 -0.450983 -0.026515
v 4.796861 -0.422022 -0.021411
v 4.835129 -0.532016 -0.040801
v 4.701961 -0.512176 -0.037308
v 1.547598 -0.403247 -0.100461
v 8.156204 -0.435059 -0.023710
v 8.239356 -0.529373 -0.040342
v 2.953708 -0.546983 -0.043424
v 1.853935 -0.550011 -0.074572
v 1.747158 -0.562216 -0.072414
v 7.024586 -0.636786 -0.059243
v 7.082522 -0.550463 -0.074498
v 4.097583 0.065902 0.064593
v 4.297051 -0.086294 0.037767
v 4.313339 0.040905 0.060196
v 2.427954 -0.195780 -0.137061
v 2.500981 -0.104441 -0.153172
v 3.298307 0.758303 0.186691
v 0.634306 0.563963 -0.271021
v 2.410012 0.309773 0.107655
v 7.776271 -0.022632 -0.167562
v 7.885676 -0.012311 -0.169380
v 7.844080 -0.119640 -0.150456
v 6.410438 -0.234237 0.011723
v 6.292985 -0.423513 -0.021648
v 2.973614 -0.209800 -0.134584
v 3.067750 -0.131421 -0.148409
v 3.107272 -0.273688 -0.123312
v 6.183584 0.323506 0.110071
v 5.477198 0.509622 0.142806
v 5.359572 0.559873 0.151750
v 5.369886 0.439389 0.130438
v 1.422819 0.066408 0.064714
v 0.928424 0.028527 0.058007
v 0.221775 0.162897 -0.200341
v 0.252284 0.039999 -0.178644
v 6.633334 0.426375 -0.246739
v 5.755141 -0.259729 -0.125773
v 5.896655 -0.244663 -0.128433
v 5.953670 -0.354277 -0.109110
v 5.414534 0.079162 0.066990
v 5.492927 -0.153998 0.025861
v -0.322199 -0.534908 -0.077221
v -0.439906 -0.531804 -0.077768
v -0.395091 -0.434064 -0.095012
v -0.680534 -0.435731 -0.094716
v -0.561986 -0.514473 -0.080824
v 6.961633 -0.521220 -0.079656
v 6.954412 -0.397372 -0.101493
v 7.073145 -0.445993 -0.092918
v 7.687970 -0.145438 0.027364
v 7.730920 -0.271046 0.005215
v 7.807040 -0.166472 0.023654
v 8.194795 -0.636786 -0.059243
v 8.180453 -0.440919 -0.093800
v 8.124793 -0.534611 -0.077278
v 5.595939 -0.374517 -0.013014
v 5.344697 -0.341672 -0.007231
v 5.248580 -0.533550 -0.077469
v 5.143868 -0.636786 -0.059243
v 2.884413 -0.407895 -0.099640
v 2.993198 -0.440832 -0.093829
v 4.516989 -0.636786 -0.059243
v 4.642363 -0.636786 -0.059243
v 4.574083 -0.532437 -0.040875
v 4.083001 1.224913 0.032339
v 4.155688 1.226832 -0.065416
v 4.027427 1.227133 -0.078930
v 8.944446 -0.333445 -0.005791
v 8.553444 0.116668 0.073572
v 7.833641 0.573161 -0.272620
v 9.908297 1.468782 0.312008
v 9.908297 1.580945 0.212012
v 9.521338 1.212479 -0.385377
v 4.786102 -0.024212 0.048740
v 4.175856 -0.031680 -0.165992
v 4.076598 0.068104 -0.183595
v 4.197263 0.072488 -0.184367
v -0.590669 -0.373962 -0.012929
v 2.020104 -0.289904 -0.120461
v 6.834420 0.423105 0.127620
v 6.242616 0.392089 -0.240706
v 0.650304 0.477722 0.137197
v 0.622717 0.663705 0.170015
v 0.190035 0.868733 -0.324750
v 1.571934 -0.165737 -0.142399
v 1.477800 -0.222323 -0.132412
v 3.508383 0.157602 0.080735
v 4.761071 0.334053 -0.230452
v 4.689127 0.459157 -0.252520
v 3.430512 0.736525 -0.301475
v 0.224946 0.832018 0.199716
v -0.540070 0.981075 -0.344556
v 3.923261 0.971810 -0.342942
v 4.962838 0.999074 0.229109
v 9.628192 -0.004617 0.052221
v 9.508991 0.018908 0.056349
v 9.482263 0.599204 0.158701
v 5.440328 0.704982 -0.295918
v 5.368885 0.803177 -0.313224
v 1.040487 1.002359 -0.348326
v 1.083401 0.908102 -0.331692
v 7.106100 0.751764 0.185577
v 7.220788 0.737780 0.183107
v 2.323022 0.148944 -0.197841
v 6.730570 1.048345 -0.356424
v 5.161806 0.527160 0.145979
v 5.104009 0.608429 0.160254
v 2.807884 0.529514 0.146380
v 2.697380 0.591926 0.157367
v 9.095522 0.255476 -0.216645
v 9.028621 0.334119 -0.230512
v 6.055278 0.716503 0.179359
v 5.971913 0.807940 0.195451
v 1.817139 0.181049 0.084946
v 5.237223 0.612874 0.161043
v 2.599831 0.312781 -0.226749
v -0.268352 0.210794 0.090128
v -0.358058 0.130897 0.076039
v -0.243818 0.097320 0.070124
v 3.797227 0.614085 0.161266
v 1.498172 1.103542 -0.366194
v 6.582246 1.111117 0.248920
v 6.662207 1.061709 0.240190
v 4.583588 1.011064 0.231238
v 4.704401 1.003550 0.229962
v 6.483029 1.096579 -0.364925
v 6.521785 0.984028 -0.345081
v -1.255257 -0.388826 -0.102994
v 8.680548 0.139786 0.077670
v 8.137835 0.291788 0.104455
v 8.053511 0.371318 0.118480
v 8.030478 0.260020 0.098855
v 8.324980 -0.114227 0.032860
v 8.253686 -0.214532 0.015174
v 8.922950 0.218371 0.091494
v 8.824602 0.293464 0.104732
v 8.804487 0.172768 0.083461
v 9.399981 0.532098 0.146858
v 9.363338 0.635544 0.165102
v 9.280810 0.521569 0.144977
v 9.255434 1.000528 0.229468
v 9.597504 1.286031 0.279798
v 9.774253 1.474683 0.313053
v -0.688864 -0.440823 -0.024711
v 9.908297 0.660798 0.076026
v 9.908297 0.867191 -0.324423
v 9.038093 1.245085 0.076992
v 8.779505 1.079854 0.025322
v 9.009581 1.230245 -0.118661
v 9.079328 1.276437 -0.032184
v 5.656096 1.226510 0.004932
v 1.579504 1.200124 -0.383265
v 1.961592 1.226648 -0.130491
v 1.837098 1.226064 -0.139900
v 4.215317 1.223921 0.047145
v 1.339319 1.219855 -0.231795
v -1.288459 0.620978 -0.193946
v -1.288459 0.718365 -0.151436
v -1.288459 0.698942 -0.294829
v -1.288459 0.722139 -0.022434
v -1.288459 0.591639 0.012793
v -1.288075 0.941343 0.084296
v -1.042864 0.139687 -0.196232
v -0.948285 0.055724 -0.181427
v -1.085427 0.040456 -0.178737
v 1.826810 0.405319 -0.243026
v 1.727389 0.392483 -0.240764
v 1.183825 0.268083 -0.218837
v 4.465337 0.920026 -0.333815
v 5.740352 -0.033248 -0.165702
v 5.675677 0.077416 -0.185224
v 5.799556 0.079190 -0.185536
v 5.907151 0.093190 -0.188005
v 5.855761 0.182500 -0.203760
v 5.362487 -0.335278 -0.112441
v 5.124415 -0.234753 -0.130162
v 5.298516 -0.112388 -0.151746
v 3.544763 -0.550632 -0.074464
v 3.655230 -0.575110 -0.070132
v 3.555788 -0.636786 -0.059243
v 3.633203 -0.473397 -0.088080
v 7.991863 0.442219 -0.249527
v 8.109735 0.423289 -0.246188
v 8.043400 0.347397 -0.232806
v 8.232304 0.403029 -0.242645
v 8.293931 0.304030 -0.225158
v 8.688974 0.348233 -0.232993
v 8.710868 0.210527 -0.208714
v 8.517564 0.623861 -0.281606
v 8.612169 0.685644 -0.292499
v 9.508712 0.596347 -0.276742
v 9.805124 0.778661 -0.308840
v 3.643556 -0.189459 0.019571
v 3.575618 0.042979 0.060533
v 5.577807 -0.546121 -0.043282
v 6.354138 -0.030713 -0.166153
v 7.336272 0.405897 -0.243129
v 7.099160 -0.000290 -0.171509
v 7.108063 -0.140211 -0.146837
v 6.983207 -0.075120 -0.158316
v 6.397673 -0.636786 -0.059243
v 7.471041 -0.536883 -0.041657
v 7.560243 -0.438784 -0.024360
v 7.575957 -0.552218 -0.044362
v 2.335811 -0.527567 -0.040011
v 6.827977 -0.533901 -0.077423
v 6.899207 -0.636786 -0.059243
v 8.069417 -0.636786 -0.059243
v 3.246021 0.126040 -0.193823
v 3.225993 0.028913 -0.176691
v 2.467418 -0.306600 -0.117512
v 2.544457 -0.206725 -0.135130
v 0.486251 -0.034655 -0.165483
v 3.823352 0.249656 0.097032
v 3.285760 0.293782 0.104803
v 6.156659 0.615660 -0.280172
v 3.390000 0.227755 0.093178
v 3.499451 0.290483 0.104233
v 3.902316 0.788115 0.191925
v 3.799186 0.845637 0.202065
v 3.230661 0.573767 0.154188
v 3.210354 0.479280 0.137546
v 0.729305 0.595794 -0.276635
v 1.776009 0.082457 -0.186083
v 5.599215 1.013665 -0.350325
v 5.701402 1.027544 -0.352779
v 5.650141 1.107711 -0.366918
v 5.476735 1.007017 -0.349148
v 5.529418 1.105076 -0.366457
v 8.128747 -0.360271 -0.108022
v 8.223974 -0.345211 -0.110676
v 8.144315 -0.266509 -0.124555
v 8.258194 -0.238727 -0.129452
v 7.391113 -0.340502 -0.111516
v 7.297296 -0.300630 -0.118548
v 7.405122 -0.229930 -0.131013
v 5.037804 -0.537257 -0.076807
v 4.893112 -0.636786 -0.059243
v 6.949602 -0.313576 -0.002276
v 6.706106 -0.273262 0.004836
v 6.307652 -0.218911 0.014427
v 6.389987 -0.139560 0.028416
v 6.375751 -0.026749 0.048307
v 4.611447 -0.442969 -0.025109
v 4.514192 -0.435145 -0.023734
v 4.457510 -0.530753 -0.040581
v 2.383404 -0.415118 -0.098370
v 2.260076 -0.365023 -0.107208
v 2.344648 -0.287008 -0.120969
v 2.982728 0.098544 -0.188914
v 4.650413 0.099430 -0.189114
v 5.323895 0.129963 -0.194497
v 4.739156 -0.228096 -0.131339
v 4.480993 -0.232188 -0.130619
v 5.588704 0.452875 0.132854
v 5.484494 0.388551 0.121562
v 5.596376 0.337082 0.112487
v 2.228210 -0.133294 0.029469
v 1.939549 -0.202885 0.017216
v 2.735529 0.093416 -0.188056
v 1.250488 -0.042567 0.045514
v 1.377286 -0.024039 0.048785
v 1.303551 0.077801 0.066714
v -0.835245 0.143439 -0.196886
v 0.683670 0.839091 0.200962
v 0.331440 0.882962 0.208705
v 5.141871 0.935409 0.217934
v 5.200318 1.011429 0.231321
v 0.910028 0.221091 0.091941
v 1.671873 0.616271 -0.280278
v 1.737345 0.726977 -0.299783
v 5.269095 1.102641 0.247405
v 4.975167 1.200124 0.264606
v 7.459574 0.610388 -0.279185
v 7.520710 0.507633 -0.261066
v 7.399637 0.505791 -0.260742
v 6.890603 0.139060 -0.196083
v 6.562867 0.099205 0.070515
v 6.669716 0.046712 0.061257
v 6.652142 0.166116 0.082312
v 6.745385 0.232243 0.093971
v 6.630277 0.288222 0.103842
v 7.341607 0.359257 0.116361
v 7.438757 0.371743 0.118561
v 7.353853 0.449149 0.132211
v 7.460499 0.486121 0.138730
v 7.459124 0.602276 0.159209
v 5.650606 0.034764 0.059156
v 5.760983 -0.187618 0.019941
v 5.005487 -0.413019 -0.019820
v 4.886700 -0.349311 -0.008589
v 0.601154 -0.557544 -0.045308
v 1.980444 -0.539039 -0.076510
v 1.900833 -0.452223 -0.091828
v -0.546743 -0.275651 -0.122958
v 6.854260 -0.548765 -0.043742
v 5.339906 -0.564177 -0.072060
v 5.520003 -0.636786 -0.059243
v 6.270179 -0.401399 -0.100796
v 6.231932 -0.525718 -0.078877
v 6.145545 -0.428589 -0.096005
v 6.087768 -0.535680 -0.077121
v 1.779544 -0.494741 -0.034219
v 7.983275 -0.250788 0.008784
v 9.384823 -0.526677 -0.039846
v 7.275346 -0.636786 -0.059243
v 7.203247 -0.511526 -0.081361
v 8.794198 -0.393762 -0.102109
v 8.854851 -0.521598 -0.079567
v 8.724066 -0.521179 -0.079642
v 5.095294 -0.314398 -0.002430
v 6.354411 -0.170284 -0.141544
v 6.724202 -0.315197 -0.115987
v 6.869495 -0.447220 -0.092706
v 1.020367 -0.243402 0.010071
v 0.104324 -0.444829 -0.025423
v 4.361588 -0.518218 -0.080163
v 2.282102 -0.460931 -0.090289
v 2.040014 -0.421697 -0.097213
v 3.566088 -0.115043 -0.151294
v 3.733243 0.045316 -0.179580
v 3.700639 -0.065741 -0.159989
v 3.971843 -0.302818 -0.118165
v 4.009565 -0.186273 -0.138724
v 4.100944 -0.270770 -0.123818
v 4.062263 -0.383022 -0.104016
v 3.411800 -0.125674 0.030815
v 3.155399 -0.014332 0.050441
v 2.426519 -0.185816 0.020226
v 3.604298 -0.548197 -0.043648
v 2.834893 -0.542279 -0.042592
v -0.121899 -0.636786 -0.059243
v -0.038314 -0.636786 -0.059243
v 8.371768 -0.510982 -0.037100
v 8.988499 -0.526454 -0.078708
v 9.128234 -0.530061 -0.078071
v 2.528924 1.226997 -0.094902
v 0.002120 1.226769 -0.006083
v 5.015082 1.213410 0.169473
v 4.930916 1.222587 0.075117
v 5.390468 1.225787 -0.150606
v 0.657586 1.221691 0.089202
v 4.978776 1.221186 -0.214515
v 5.035005 1.226153 -0.137181
v -0.176533 1.215264 0.159416
v -0.081088 1.213606 0.171084
v 1.227558 1.223878 0.053107
v -0.291698 1.215070 -0.277083
v 2.005523 1.227279 -0.037978
v 8.712480 -0.422875 -0.021565
v 8.121963 0.161799 0.081534
v 8.005646 0.163089 0.081763
v 8.508206 -0.192619 -0.137580
v 8.336898 -0.329033 -0.113527
v 8.377455 -0.215211 -0.133597
v 7.929859 0.331543 -0.230012
v 7.922604 0.204205 -0.207558
v 8.033712 0.244756 -0.214707
v 8.702702 -0.193951 0.018798
v 9.171007 -0.097611 -0.154370
v 9.232102 -0.334321 -0.005936
v 8.672625 0.081462 -0.185908
v 8.583727 0.171315 -0.201772
v 9.908297 1.411582 -0.320658
v 9.908297 0.525375 0.045349
v 9.908297 0.415998 0.126382
v 9.908297 0.983814 -0.006000
v 9.908297 0.795798 0.098671
v 9.908297 0.861776 0.010885
v 9.582394 1.321353 -0.404570
v 9.454902 1.319023 -0.404164
v 9.512897 1.426968 -0.423194
v 8.093211 0.478058 0.137300
v 8.148517 0.392075 0.122137
v 8.222933 0.478664 0.137401
v 8.987529 0.001150 -0.171793
v 9.332855 1.082799 -0.362520
v 9.807598 0.160624 -0.199876
v 9.804337 -0.391849 -0.102449
v 9.290512 -0.096732 0.035952
v 5.196075 0.150083 0.079497
v 5.396084 0.197663 0.087895
v 5.494387 0.270236 0.100696
v 4.528443 0.092374 -0.187870
v 4.458928 0.198432 -0.206580
v 4.231516 -0.246009 -0.128184
v 3.823713 -0.024932 -0.167187
v 3.849519 0.101729 -0.189529
v 0.228935 -0.270623 -0.123863
v 3.015932 0.005415 0.053920
v 2.191829 -0.139318 -0.147022
v 1.794765 -0.290617 -0.120350
v 3.430726 0.072599 -0.184396
v 6.606064 0.415728 0.126317
v 6.728621 0.358710 0.116268
v 6.716005 0.490253 0.139455
v 6.364687 0.178058 0.084420
v 7.156601 0.466480 0.135269
v 7.172331 0.237569 0.094906
v 6.134324 0.233894 -0.212816
v 7.501559 0.299524 -0.224371
v 7.572865 0.398491 -0.241821
v 7.621405 0.289184 -0.222546
v -0.629219 -0.223098 -0.132247
v 0.637193 -0.243661 0.010030
v 2.923109 0.200055 -0.206858
v 4.595661 -0.012792 -0.169319
v 5.855891 0.545653 -0.267828
v 5.959066 0.491384 -0.258216
v 8.778996 0.427157 -0.246919
v -0.870944 0.127813 0.075506
v -0.286131 0.278951 -0.220758
v 0.004805 0.927554 -0.335124
v -0.008246 0.588009 -0.275246
v 0.128021 0.629701 -0.282597
v 0.110310 0.506322 -0.260840
v 8.531562 0.614708 0.161346
v 0.604189 -0.106522 0.034215
v 2.462179 0.108277 0.072123
v 2.547495 0.184233 0.085469
v 2.436895 0.216451 0.091151
v 6.493086 0.567877 -0.271689
v 9.417546 -0.063581 -0.160367
v 8.933567 0.341282 0.113156
v 8.833964 0.411176 0.125475
v 2.277737 0.074749 0.066205
v 4.852281 0.379742 0.119931
v 4.827139 0.474419 0.136672
v 4.731421 0.418551 0.126822
v 3.169216 0.211184 -0.208802
v 5.152979 0.364448 -0.235861
v 5.216837 0.477569 -0.255746
v 4.946777 0.351099 0.114904
v 5.082704 0.463719 -0.253346
v 5.892405 0.900532 0.211783
v 6.218782 0.846105 0.202174
v 6.096189 0.829926 0.199322
v 6.175440 0.738214 0.183186
v 3.619279 0.788190 0.191950
v 3.221478 0.918868 -0.333623
v 3.134654 0.855941 -0.322535
v 0.012859 0.729729 0.181669
v -0.088520 0.581622 0.155537
v 0.118405 0.459783 0.134039
v 0.115240 0.672952 0.171651
v -0.320985 0.485110 -0.257103
v -0.335603 0.589177 -0.275454
v 2.562464 0.981606 0.226106
v 1.343259 0.075058 -0.184846
v 6.806410 0.705924 -0.296070
v 2.742948 0.998738 -0.347684
v 2.654473 0.906847 -0.331510
v 9.453354 0.724424 0.180782
v 9.588360 0.680433 0.173023
v 9.536066 0.816736 0.197057
v 8.843703 0.965831 -0.341897
v 9.685758 0.203113 -0.207391
v 9.776936 -0.515716 -0.080604
v 9.730083 -0.324398 -0.114350
v 5.763443 0.885188 0.209042
v 2.865740 0.306227 -0.225571
v 2.795782 0.200455 -0.206925
v 4.724197 0.933255 -0.336160
v 2.779570 0.879233 -0.326644
v 2.684518 0.798480 -0.312394
v 2.814620 0.408974 0.125146
v 3.914925 0.452835 0.132861
v 3.929964 0.333048 0.111713
v 8.791118 0.764250 -0.306356
v 8.848731 0.856232 -0.322572
v 1.849206 0.092049 0.069230
v 1.060060 0.057217 0.063073
v 2.015924 0.312830 -0.226738
v 3.592457 1.095755 0.246169
v 1.958253 0.994132 0.228255
v 6.146645 0.951890 0.220794
v 0.766123 0.274241 -0.219959
v -0.225375 -0.063018 -0.160494
v -0.217791 -0.185204 -0.138916
v 0.480943 0.105788 0.071613
v 0.747853 0.388022 0.121368
v -0.130525 0.072102 0.065683
v -0.156709 0.185364 0.085648
v -0.183815 0.293881 0.104780
v 4.005753 0.530355 0.146512
v 3.900270 0.565069 0.152622
v 3.995569 0.716218 0.179249
v 4.106619 0.738223 0.183123
v 1.205745 0.550295 -0.268621
v 2.236103 0.712136 -0.297189
v -0.660071 1.130929 -0.371022
v -0.636665 1.023991 -0.352112
v -1.017793 1.015360 0.232071
v 4.977446 0.975092 -0.343530
v 4.905816 1.069266 -0.360123
v 6.369790 1.109060 -0.367128
v 2.974328 1.098554 0.246679
v 3.037077 0.997645 0.228894
v 3.932575 1.214055 -0.284538
v 0.245479 1.200124 0.264606
v 1.523043 1.097905 0.246559
v -0.148577 0.862633 0.205120
v -0.093102 0.973885 0.224747
v 8.330704 0.410804 0.125408
v 8.235983 0.346694 0.114133
v 8.340858 0.289256 0.104005
v 9.035025 0.954682 0.221332
v 8.941881 0.923880 0.215878
v 9.141372 0.678280 0.172593
v 9.368152 1.292897 0.281017
v 9.478379 0.946662 0.219967
v 9.622437 0.917343 0.214792
v 9.811053 1.244351 0.272440
v 9.800860 1.130910 0.252438
v 6.528546 0.793493 0.192894
v 6.473694 1.100288 0.247003
v -1.133140 1.050288 0.238219
v 9.908297 1.141465 -0.293494
v 8.974677 1.208206 -0.012515
v 5.183629 1.224111 0.057295
v 5.351083 1.227794 -0.061739
v 6.156530 1.227959 -0.052127
v -0.364872 1.224625 -0.170161
v 5.373429 1.218321 -0.249950
v 3.252628 1.226646 0.008669
v -1.288459 0.839989 0.001378
v -1.288459 0.292352 -0.112968
v -1.288459 0.421336 -0.090662
v -1.288459 0.468063 0.023263
v 1.543573 0.356642 -0.234449
v 5.115398 -0.005375 -0.170625
v 5.619563 0.191375 -0.205328
v 5.497593 0.196650 -0.206259
v 3.832972 -0.460484 -0.090354
v 3.942521 -0.418799 -0.097707
v 3.919949 -0.534480 -0.077305
v 8.064310 0.539442 -0.266682
v 8.388843 0.587590 -0.275168
v 8.319572 0.665341 -0.288897
v 8.670873 0.770356 -0.307434
v 9.368956 0.812086 -0.314786
v 9.497058 0.797453 -0.312203
v 9.589862 0.892694 -0.328991
v 9.645171 1.008659 -0.349429
v 5.079662 -0.530277 -0.040502
v 4.686080 -0.382206 -0.014392
v 4.954711 -0.533315 -0.041035
v 7.894470 -0.510755 -0.037055
v 3.024886 -0.462295 -0.028504
v 6.359507 -0.475931 -0.087653
v 6.341293 -0.564815 -0.071967
v 7.349118 -0.530734 -0.077973
v 7.400727 -0.636786 -0.059243
v 7.455523 -0.548537 -0.074832
v 4.061129 -0.152754 0.026036
v 4.417712 -0.056901 0.042955
v 2.613412 -0.111299 -0.151962
v 2.976892 0.122160 0.074543
v 2.892667 0.046205 0.061102
v 0.359087 0.702466 -0.295428
v 0.441089 0.624102 -0.281615
v 0.516511 0.541502 -0.267057
v 0.415344 0.534199 -0.265765
v 0.801465 0.774102 -0.308071
v 0.455747 0.431125 -0.247597
v 0.600777 0.452578 -0.251384
v 2.659294 0.141345 0.077949
v 2.748319 0.215407 0.090973
v 2.521804 0.309027 0.107527
v 2.476948 1.214747 -0.279074
v 1.163829 1.215359 0.156510
v 7.878775 -0.456034 -0.091139
v 7.778685 -0.387458 -0.103232
v 7.894515 -0.338674 -0.111833
v 7.784646 -0.247675 -0.127880
v 7.928582 -0.216961 -0.133294
v 7.539902 -0.012436 -0.169362
v 7.605776 0.086370 -0.186784
v 7.660789 -0.018293 -0.168328
v 7.723832 0.075697 -0.184901
v 7.908218 0.092497 -0.187861
v 7.995417 0.013861 -0.173994
v 8.017372 0.126919 -0.193929
v 8.109137 0.045341 -0.179544
v 6.597177 -0.238985 0.010882
v 6.041119 -0.204770 0.016925
v 1.449249 -0.219209 0.014348
v 1.573766 -0.270886 0.005243
v 1.541083 -0.164841 0.023930
v 1.461162 -0.103985 0.034653
v 3.182589 -0.375330 -0.105381
v 3.086622 -0.408560 -0.099520
v 2.988307 -0.335844 -0.112349
v 2.879603 -0.278687 -0.122432
v 2.772756 -0.236694 -0.129841
v 3.247061 -0.288054 -0.120777
v 3.200352 -0.166960 -0.142138
v 3.333071 -0.193692 -0.137422
v 5.020485 0.353082 -0.233816
v 4.914416 0.106768 -0.190407
v 5.021150 0.045120 -0.179532
v 5.020400 -0.061017 -0.160810
v 4.941369 -0.004420 -0.170794
v 4.842351 -0.005064 -0.170681
v 5.833396 0.246100 0.096435
v 1.653213 -0.351233 -0.008917
v 0.958321 -0.130894 -0.148535
v 6.139238 0.628136 0.163758
v 0.852958 -0.072351 0.040248
v 0.721849 -0.036715 0.046527
v 5.627662 0.878496 0.207865
v 3.601738 0.580232 -0.273908
v -0.496050 0.257443 -0.216973
v -0.836002 0.280951 -0.221128
v -0.774258 0.394544 -0.241152
v -0.730681 0.484847 -0.257070
v -0.828909 0.484018 -0.256928
v -0.750419 0.592183 -0.275993
v 5.348022 0.660490 0.169437
v 0.532542 -0.000054 0.052964
v 0.630744 0.003899 0.053663
v 0.597688 0.093661 0.069479
v 0.706738 0.070104 0.065331
v 0.211499 0.264818 0.099655
v -0.045482 0.264503 0.099603
v 5.840963 -0.548478 -0.074856
v 5.705290 -0.377108 -0.105078
v 6.006156 -0.274660 -0.123147
v 6.007619 -0.183817 -0.139163
v 5.709455 0.286928 0.103639
v 5.604585 0.220647 0.091947
v 5.230380 0.057206 0.063119
v 5.202498 -0.022465 0.049065
v 1.671936 -0.449110 -0.026168
v 1.211596 -0.529839 -0.078129
v -0.276119 -0.434601 -0.094918
v 7.960408 -0.018822 0.049687
v 7.881395 -0.089198 0.037279
v 7.987795 -0.134765 0.029243
v 7.535284 0.051161 0.062032
v 7.503673 -0.057747 0.042829
v 7.621326 -0.042404 0.045533
v 7.576027 -0.138258 0.028631
v 6.587103 -0.544863 -0.043052
v 6.344652 -0.531290 -0.040651
v 6.069957 -0.344402 -0.110850
v 6.101357 -0.243422 -0.128654
v 6.186258 -0.318856 -0.115352
v 6.304840 -0.289824 -0.120468
v 6.386966 -0.369433 -0.106430
v 6.479543 -0.444554 -0.093183
v 6.497030 -0.330014 -0.113378
v 0.257193 -0.316700 -0.002847
v -0.333144 -0.354669 -0.109017
v 2.822953 -0.526425 -0.078745
v 2.642766 -0.418236 -0.097818
v 2.701777 -0.527638 -0.078528
v 2.560569 -0.445355 -0.025513
v 2.038413 1.220769 -0.213732
v 3.643467 1.211833 0.179220
v -0.080193 1.227290 -0.068757
v -0.118233 1.223942 -0.168337
v 0.786140 1.221275 0.095080
v 2.014125 1.210923 -0.306235
v 0.861173 1.226364 0.008013
v -0.615837 1.224589 0.044815
v 8.996117 -0.236282 0.011342
v 9.359267 -0.187490 -0.138480
v 9.421649 -0.269494 -0.124019
v 9.636053 -0.526474 -0.078699
v 9.553171 -0.416978 -0.098019
v 9.689588 -0.415991 -0.098197
v 8.602735 0.231379 0.093808
v 9.633857 -0.314099 -0.116171
v 8.436538 0.365542 0.117458
v 9.908297 0.034344 -0.107703
v 9.908297 1.328346 -0.010337
v 9.908297 1.144308 0.163498
v 9.737760 1.199355 -0.383027
v 9.642025 1.437903 -0.425104
v 9.717189 1.317521 -0.403864
v 8.716187 0.252898 0.097622
v 8.648555 0.319176 0.109308
v 8.551710 0.337279 0.112485
v 4.474836 -0.031512 -0.166018
v 4.143478 -0.154275 -0.144367
v -0.084566 -0.337994 -0.111956
v -0.215658 -0.318060 -0.115483
v 0.835487 -0.106975 -0.152700
v 1.915678 -0.346027 -0.110565
v 7.256830 0.514207 0.143684
v 6.124485 0.108689 -0.190737
v 0.712266 -0.088614 -0.155927
v 4.891205 0.340223 -0.231586
v 3.966228 0.117327 -0.192279
v 4.033811 0.194224 -0.205843
v 0.850792 0.649499 0.167506
v 0.787835 0.771619 0.189055
v -0.467631 0.020588 -0.175233
v 8.733012 0.361486 0.116730
v 1.874270 -0.015438 -0.168837
v 2.663368 0.201448 -0.207123
v 3.395945 0.348649 0.114503
v 0.939237 -0.169468 0.023114
v 1.034853 -0.139654 0.028384
v 7.459947 0.691325 0.174927
v 7.125235 0.675617 -0.290742
v 6.058406 0.550775 -0.268731
v 6.052129 0.673119 -0.290260
v 5.953725 0.608413 -0.278860
v 3.801851 0.214822 -0.209478
v 3.744563 0.312909 -0.226751
v 3.859366 0.309023 -0.226066
v 8.841987 0.652436 0.168002
v 8.738715 0.599252 0.158625
v 8.837915 0.531160 0.146624
v 8.749342 0.722297 0.180315
v 3.709261 0.312842 0.108171
v 3.601835 0.358317 0.116179
v 4.826881 0.443264 -0.249762
v 7.161040 0.668371 0.170825
v 3.313396 0.638903 0.165660
v -0.968587 0.796995 0.193544
v -1.103072 0.941391 0.219019
v -0.437769 0.989994 -0.346123
v -0.364132 0.891648 -0.328791
v -0.727294 0.957611 -0.340427
v 1.142054 0.651204 -0.286409
v 7.200243 0.763643 -0.306221
v 2.397623 0.907145 -0.331550
v 5.256815 0.489014 0.139263
v 3.323431 0.922755 -0.334310
v 1.344181 0.911423 -0.332277
v -0.854969 0.994964 -0.347008
v 9.426943 0.835779 0.200418
v 9.255500 0.870712 -0.325124
v 5.238256 0.916917 0.214651
v 6.539916 0.881753 -0.327084
v 5.613560 0.808131 -0.314095
v 5.588057 0.568543 0.153291
v 3.299689 0.412470 0.125773
v 3.499951 0.405093 0.124464
v 2.587687 0.729682 -0.300257
v 2.485515 0.656501 -0.287347
v 1.500923 0.462523 0.134511
v 1.521111 0.349191 0.114534
v 3.186639 0.365530 0.117507
v 6.681878 0.690022 -0.293257
v 7.098265 0.793760 -0.311580
v 7.025241 0.726789 -0.299725
v 9.677481 -0.114578 -0.151359
v 9.268929 0.380591 0.120105
v 5.946815 0.726036 -0.299610
v 6.042883 0.793664 -0.311532
v 0.782670 0.024531 -0.175899
v 0.775351 0.165660 -0.200784
v 3.619418 0.318717 -0.227770
v 3.498995 0.373146 -0.237381
v 3.602014 0.451951 -0.251281
v 6.267090 0.936532 0.218118
v 5.316370 1.002794 0.229853
v 4.236830 0.954177 0.221245
v 3.153823 0.994235 0.228296
v 0.040671 0.986540 0.226963
v 6.410916 1.007734 -0.349324
v -0.458169 0.051568 0.062051
v -0.469394 0.173213 0.083502
v 3.896615 0.672725 0.171592
v 3.595923 0.468645 0.135652
v 2.005122 0.518256 -0.262956
v 2.417388 0.775986 0.189793
v 2.455114 0.660255 0.169387
v 0.439346 1.070650 0.241792
v 6.537904 0.996865 0.228789
v 3.465455 1.092690 0.245633
v 0.457705 1.200124 0.264606
v 1.458226 1.200124 -0.383265
v -1.079486 -0.083398 0.038255
v -0.337027 0.896302 0.211060
v -0.160916 0.665683 0.170370
v -0.289747 0.664064 0.170084
v -0.213558 0.557655 0.151309
v 7.969302 0.464731 0.134952
v 8.911001 0.080191 0.067170
v 9.024146 0.049084 0.061649
v 9.241771 0.659205 0.169249
v 8.728055 0.918893 0.214968
v 9.701001 0.693174 0.175265
v 9.815027 1.049284 0.238046
v 9.813472 1.365766 0.293848
v 6.614303 0.706888 0.177640
v 9.908297 1.689398 0.253126
v 9.908297 0.906333 -0.096522
v 9.908297 1.066158 0.087332
v 9.908297 0.806720 -0.070821
v 9.908297 1.695795 -0.228204
v 9.908297 1.714948 -0.102191
v 9.908297 1.667189 -0.350286
v 8.754831 1.055061 0.131187
v 9.143325 1.313213 0.069560
v 8.944181 1.183538 -0.198171
v 4.282979 1.227233 -0.056017
v 4.343981 1.223913 0.053508
v 4.406676 1.227373 -0.047185
v 4.981198 1.227462 -0.033645
v 1.674745 1.223536 0.057745
v 1.462467 1.223216 0.060288
v 0.230710 1.227691 -0.061097
v 0.305610 1.226459 0.015163
v 0.602811 1.221586 -0.205789
v 3.982319 1.222852 -0.186886
v 3.435596 1.227317 -0.083387
v -0.345731 1.200124 0.264606
v 3.904590 1.227116 -0.103109
v -1.288459 0.546777 -0.268002
v -1.288459 0.822010 -0.206172
v -1.288459 0.822277 -0.094936
v -1.288459 0.669905 0.081042
v -1.288459 0.546777 0.149415
v -1.161500 0.152653 -0.198518
v -1.207571 0.799300 -0.312522
v 1.221110 0.123987 -0.193396
v 1.095542 0.155896 -0.199035
v 1.034575 0.262853 -0.217924
v -1.187656 1.024708 -0.352269
v 6.005866 0.045880 -0.179660
v 5.739659 0.179784 -0.203282
v 5.793645 0.261649 -0.217723
v 5.692936 0.287378 -0.222263
v 8.857681 0.639259 -0.284316
v 8.871143 0.501220 -0.259977
v 9.550010 0.480572 -0.256328
v 9.345434 0.946237 -0.338440
v 9.530753 0.701202 -0.295231
v 9.708773 0.451841 -0.251258
v 9.808770 0.504020 -0.260429
v 3.290115 -0.534717 -0.041256
v 3.218330 -0.282559 0.003170
v 3.445037 -0.251037 0.008722
v 4.124987 -0.462496 -0.028552
v 4.047487 -0.268713 0.005599
v 3.949224 -0.184861 0.020377
v 3.851611 -0.108540 0.033829
v 5.824025 -0.529103 -0.040260
v 6.469774 -0.093736 -0.155039
v 6.584569 -0.147837 -0.145498
v 7.145374 0.243083 -0.214422
v 7.281551 0.494062 -0.258676
v 7.382381 0.307264 -0.225737
v 7.012986 -0.212264 -0.134133
v 7.096743 -0.265769 -0.124697
v 7.043005 -0.335712 -0.112365
v 7.289412 -0.016294 -0.168685
v 7.415304 -0.009429 -0.169894
v 7.351451 -0.115579 -0.151177
v 7.294943 -0.202907 -0.135779
v 0.683659 -0.383048 -0.104004
v 0.546785 -0.636786 -0.059243
v 0.922919 -0.636786 -0.059243
v 1.240947 -0.563613 -0.046373
v 1.299054 -0.636786 -0.059243
v 6.272289 -0.636786 -0.059243
v 7.860452 -0.636786 -0.059243
v 2.599841 -0.535484 -0.041397
v 1.800559 -0.636786 -0.059243
v 1.925934 -0.636786 -0.059243
v 1.893029 -0.533803 -0.041107
v 2.051308 -0.636786 -0.059243
v 8.474186 -0.530015 -0.078087
v 3.076189 0.082257 0.067485
v 4.538208 -0.046173 0.044853
v 4.495577 -0.131167 0.029864
v 4.514106 -0.239764 0.010717
v 4.576679 -0.350942 -0.008884
v 4.476609 -0.342974 -0.007484
v 2.309751 -0.173754 -0.140947
v 0.401909 -0.110409 -0.152094
v 6.258545 0.676542 -0.290869
v 0.110195 0.399513 -0.242011
v 0.215444 0.435009 -0.248272
v 0.043056 0.315587 -0.227225
v 0.335537 0.593272 -0.276176
v 0.328968 0.484703 -0.257037
v 0.440335 0.301680 -0.224790
v 0.959555 0.580424 -0.273934
v 6.139596 0.865774 -0.324244
v 2.075070 0.427505 0.128365
v 2.105393 0.314542 0.108478
v 4.173853 0.400045 -0.242142
v 2.761914 1.200124 -0.383265
v 2.702106 1.108356 -0.367032
v 2.606865 1.129063 -0.370682
v 8.292303 -0.435383 -0.094775
v 8.069479 -0.431714 -0.095425
v 8.026882 -0.315827 -0.115860
v 8.053776 -0.186336 -0.138693
v 7.474451 -0.115979 -0.151105
v 7.804252 0.165115 -0.200667
v 7.674248 0.181273 -0.203517
v 7.730992 0.593799 -0.276259
v 4.548297 -0.332800 -0.112870
v 4.472443 -0.429185 -0.095869
v 4.617856 -0.446056 -0.092891
v 5.020072 -0.298436 -0.118929
v 4.767737 -0.636786 -0.059243
v 6.021522 -0.636786 -0.059243
v 6.218443 -0.529895 -0.040403
v 6.175525 -0.011958 0.050919
v 6.485054 -0.077241 0.039403
v 4.016024 -0.500124 -0.035179
v 3.901832 -0.537150 -0.041713
v 4.031710 -0.384955 -0.014886
v 1.238590 -0.471104 -0.030053
v 1.330070 -0.149072 0.026710
v 5.106058 0.086675 -0.186862
v 4.367559 -0.409411 -0.099358
v 4.423986 -0.329413 -0.113469
v 5.803546 0.366469 0.117666
v 6.385867 0.358891 0.116301
v 1.070320 -0.153774 -0.144467
v 1.122167 -0.063085 0.041895
v 4.382918 0.297477 -0.224057
v 4.512192 0.901514 0.211900
v 3.606004 0.698329 -0.294738
v 3.502023 0.651261 -0.286440
v 3.470272 0.515033 -0.262415
v -0.396628 0.315681 -0.227237
v -0.744955 0.206234 -0.207954
v -0.948705 0.198879 -0.206664
v -0.959990 0.325531 -0.228992
v -0.955063 0.460825 -0.252843
v -1.083400 0.376936 -0.238058
v -0.956835 0.659282 -0.287829
v -0.886759 0.573950 -0.272784
v -1.115715 0.825783 -0.317187
v 1.755154 0.761893 0.187335
v 1.142258 0.587240 0.156518
v 0.918223 0.542468 0.148619
v 6.557348 0.678204 -0.291176
v 6.452222 0.670566 -0.289827
v 0.864409 0.877572 0.207750
v 0.768377 0.890665 0.210062
v -0.239093 0.911603 -0.332312
v 6.025962 0.911787 -0.332370
v 5.912381 0.954779 -0.339959
v 0.164579 -0.046364 -0.163398
v 6.478542 0.785091 -0.309996
v 4.939415 0.462537 0.134564
v 3.800916 0.408763 -0.243666
v 3.495828 1.048053 -0.356403
v 1.022438 0.297797 0.105461
v 0.865773 0.444657 0.131360
v 0.886560 0.339385 0.112789
v 1.185372 0.033780 0.058925
v 2.549789 0.426616 -0.246811
v 5.564718 0.692561 -0.293723
v 5.853145 0.662014 -0.288318
v -0.064304 0.153619 0.080055
v 1.498348 0.556356 0.151067
v 2.039838 0.538384 0.147899
v 0.528983 0.242136 -0.214308
v 5.768628 1.099717 -0.365499
v 4.975167 1.200124 -0.383265
v 1.653237 1.097573 0.246502
v 0.953726 1.054684 -0.357539
v 0.821519 1.200124 -0.383265
v 0.864201 1.105931 -0.366600
v 7.453118 0.404770 -0.242929
v 7.430437 0.202015 -0.207178
v 7.552371 0.192792 -0.205550
v 6.776506 -0.031327 -0.166040
v 6.786431 -0.134692 -0.147813
v 5.583875 -0.402132 -0.100662
v 5.622408 -0.277705 -0.122599
v 5.496102 -0.306890 -0.117450
v 5.014439 -0.175544 -0.140607
v 6.115479 -0.133574 -0.148021
v 6.008108 -0.073280 -0.158650
v 5.675299 -0.152680 -0.144643
v 6.509759 0.332278 0.111607
v 7.188004 -0.224454 0.013437
v 7.289554 -0.278078 0.003980
v 7.292998 -0.161267 0.024577
v 7.295259 -0.043548 0.045335
v 7.397801 -0.100180 0.035348
v 7.410367 0.014870 0.055634
v 7.574664 0.398086 0.123205
v 7.508638 0.271192 0.100830
v 7.637610 0.272383 0.101039
v 5.693865 0.401674 0.123873
v 5.769633 0.457637 0.133697
v 0.323395 -0.424592 -0.021864
v 0.251448 -0.533350 -0.041029
v 0.202533 -0.431723 -0.023117
v 0.255235 -0.513236 -0.081050
v 0.022272 -0.538116 -0.076658
v 5.018490 -0.636786 -0.059243
v 5.960669 -0.542435 -0.075927
v 6.020016 -0.443727 -0.093338
v 0.755324 -0.454704 -0.091371
v 0.421406 -0.636786 -0.059243
v -0.088403 -0.536629 -0.076920
v 0.170650 -0.636786 -0.059243
v -0.201825 -0.535482 -0.077120
v -0.247277 -0.636786 -0.059243
v 8.200110 -0.095535 0.036157
v 8.159385 0.027740 0.057895
v 8.076799 -0.061019 0.042245
v 7.922143 0.229210 0.093423
v 7.703602 0.174911 0.083851
v 7.785827 0.085025 0.068000
v 7.693674 -0.399148 -0.017373
v 7.482718 -0.147230 0.027050
v 7.530540 -0.227207 0.012947
v 7.406836 -0.223412 0.013618
v 7.483006 -0.327165 -0.004678
v 7.375673 -0.332224 -0.005569
v 8.550033 -0.636786 -0.059243
v 8.664963 -0.636786 -0.059243
v 8.736233 -0.534042 -0.041165
v 8.779893 -0.636786 -0.059243
v 9.030649 -0.636786 -0.059243
v 9.448576 -0.636786 -0.059243
v 7.554699 -0.502977 -0.082865
v 7.668276 -0.446470 -0.092827
v 8.791932 0.095800 -0.188468
v 8.894207 -0.318998 -0.115291
v 5.061613 -0.213436 0.015378
v 6.843534 -0.352614 -0.109387
v 5.896138 -0.636786 -0.059243
v 1.393765 -0.287535 -0.120891
v 1.572782 -0.286988 -0.120994
v 3.869221 -0.636786 -0.059243
v 4.503949 -0.539060 -0.076485
v 1.813257 -0.389259 -0.102939
v 3.283593 -0.404197 -0.100288
v 3.370731 -0.310710 -0.116779
v 3.614922 -0.358961 -0.108265
v 3.731196 -0.401477 -0.100764
v 3.875873 -0.222754 -0.132290
v 3.915949 -0.103983 -0.153241
v 2.818160 -0.132741 0.029578
v 2.473860 -0.510867 -0.037064
v 3.787899 -0.568739 -0.047282
v 3.681161 -0.636786 -0.059243
v 3.695658 -0.505613 -0.036137
v 6.146905 -0.636786 -0.059243
v 8.484577 -0.547572 -0.043554
v 2.849585 1.227063 -0.081963
v 5.058651 1.223335 0.065961
v 0.654129 1.214182 -0.284480
v 0.549462 1.213899 -0.286489
v 4.717412 1.227034 -0.103037
v 4.604044 1.227383 -0.065437
v 0.818426 1.221703 -0.204635
v 0.762401 1.214157 -0.284193
v 0.880388 1.213580 -0.285112
v 0.320165 1.220042 0.110694
v 0.149456 1.225287 -0.160175
v 4.497726 1.225346 -0.146427
v 2.526088 1.222202 -0.195752
v 9.234369 -0.201154 -0.136093
v 8.409330 -0.095738 -0.154664
v 7.946656 0.560774 -0.270447
v 8.399596 0.319420 -0.227883
v 8.199525 -0.038877 -0.164692
v 8.867949 -0.007911 -0.170148
v 8.463014 0.400551 -0.242227
v 8.357167 0.407390 -0.243433
v 9.908297 0.265600 0.099864
v 9.908297 1.345834 0.105393
v 9.908297 1.461630 0.159654
v 9.908297 1.371005 0.208521
v 9.908297 1.685008 0.122920
v 9.908297 1.557552 0.081131
v 9.908297 1.441462 0.035835
v 9.908297 1.530125 -0.042504
v 9.908297 1.176692 -0.225077
v 9.908297 1.730220 0.008233
v 9.908297 1.639309 -0.008785
v 9.908297 1.017589 0.232454
v 9.908297 0.867191 0.205936
v 9.908297 0.931846 0.106517
v 9.025449 0.095204 -0.188359
v 9.730129 1.281872 0.279058
v 9.614820 0.535664 -0.266040
v 9.610247 0.646586 -0.285599
v 9.457241 0.911308 -0.332279
v 9.424175 1.010873 -0.349835
v 9.796861 -0.142521 -0.146425
v 8.442351 0.514934 -0.262385
v 8.907320 0.251639 -0.215955
v 8.915797 0.116476 -0.192122
v 8.825801 0.194572 -0.205880
v 8.637029 0.416853 0.126452
v 4.889490 0.272216 0.101011
v 4.250245 0.328638 0.110935
v 4.778446 0.302662 0.106376
v 4.250634 0.271452 -0.219475
v 4.157361 0.173495 -0.202185
v -0.154762 -0.433239 -0.095158
v 2.056484 -0.365105 -0.011363
v 6.844390 0.295813 0.105179
v 6.689347 -0.074387 0.039904
v 6.579993 -0.017060 0.050013
v 6.588599 -0.129702 0.030151
v 7.381526 0.273025 0.101155
v 5.994706 0.182034 -0.203676
v 5.963814 0.391006 -0.240528
v 5.898777 0.301152 -0.224687
v 5.665123 0.412828 -0.244392
v 1.246759 -0.001131 -0.171364
v -0.679173 -0.317796 -0.115521
v 3.516519 0.268911 -0.218986
v -0.052144 -0.171357 0.022779
v 3.915458 0.207040 -0.208105
v 5.757132 0.608403 -0.278858
v 5.557581 0.323265 -0.228594
v 5.551559 0.473322 -0.255050
v 4.105248 0.292061 -0.223082
v 2.773724 0.094836 0.069722
v 2.143931 -0.063437 0.041777
v -0.211374 0.403248 0.124069
v -0.127331 0.481661 0.137900
v -0.322422 0.494193 0.140113
v -0.853467 0.760958 0.187184
v -0.482208 0.287188 0.103605
v 0.318328 0.549913 0.149940
v 0.214579 0.496719 0.140555
v 0.625275 0.380913 0.120116
v -0.082429 0.331610 -0.230042
v -0.196779 0.350386 -0.233348
v -0.124602 0.415285 -0.244787
v -0.160382 0.737488 -0.301607
v -0.065193 0.695411 -0.294186
v -0.138754 0.623851 -0.281567
v -0.009866 0.437762 -0.248751
v 3.283769 0.234958 -0.212991
v 3.403637 0.276916 -0.220400
v 3.359664 0.154684 -0.198875
v 8.735375 0.476499 0.136987
v 2.161572 0.066666 0.064781
v 6.279607 0.371799 0.118582
v 9.007608 0.198892 -0.206669
v 3.214163 0.320377 -0.228049
v 5.455070 0.524315 -0.264033
v 5.512821 0.599048 -0.277222
v 0.066250 -0.155213 0.025627
v 5.643975 0.563040 -0.270879
v 1.042841 -0.043546 -0.163882
v 4.952970 0.450488 -0.251032
v 4.350548 0.347738 0.114303
v 6.718953 0.625043 0.163212
v 5.677120 0.695429 -0.294223
v 3.526025 0.746441 -0.303222
v 3.492759 0.833381 -0.318553
v 3.162102 0.718042 -0.298220
v -0.064181 0.672927 0.171647
v 0.322930 0.770190 0.188807
v -0.898129 0.880387 -0.326811
v -0.926733 0.769463 -0.307252
v 0.837012 0.982504 -0.344828
v 3.016967 0.907127 -0.331563
v 2.904095 0.835463 -0.318925
v 1.477569 0.715262 -0.297698
v 2.099176 0.213170 -0.209177
v -0.096901 0.759534 0.186929
v -0.428473 0.790397 -0.310939
v 2.037153 0.115219 0.073342
v 3.442620 0.933096 -0.336103
v 1.665959 0.014997 -0.174210
v 9.383897 0.430032 0.128849
v 9.196536 1.095668 -0.364792
v 9.239288 0.984429 -0.345176
v 9.132711 0.995672 -0.347159
v 9.708646 -0.227605 -0.131422
v 6.445360 0.902681 -0.330732
v 5.567992 0.989253 0.227475
v 1.130025 0.038623 -0.178378
v 4.258342 0.425576 0.128012
v 4.381623 0.459162 0.133933
v 6.152996 0.740289 -0.302087
v 0.471301 -0.099376 0.035484
v 0.416934 0.002235 0.053365
v 2.584993 0.827475 -0.317522
v 2.069838 0.415142 -0.244773
v 1.948012 0.411980 -0.244209
v 2.687812 0.456280 0.133471
v 2.758216 0.873878 0.207047
v 5.886180 1.068173 -0.359986
v 8.996561 0.663101 -0.288518
v 8.733910 0.885451 -0.327726
v 8.943157 0.586261 0.156339
v 3.895215 0.911731 0.213706
v 4.779223 1.042101 -0.355381
v 0.371512 0.002901 -0.172080
v 3.147796 0.433033 -0.247966
v 1.928492 0.154477 0.080219
v 2.017494 0.231352 0.093822
v 2.115619 0.324483 -0.228796
v 4.068613 0.625562 0.163269
v 3.503522 0.500550 0.141280
v 3.813881 0.379073 0.119809
v 4.056578 1.089834 0.245116
v 5.882318 1.099949 0.246935
v 5.942548 1.004913 0.230173
v 0.823893 0.366497 -0.236219
v 0.891841 0.245390 -0.214852
v 0.098363 -0.127994 -0.149004
v -0.573120 0.102899 0.071103
v 4.158244 0.747277 -0.303345
v 3.974563 0.621977 0.162644
v 1.984348 0.764368 0.187768
v 4.705303 1.121495 -0.369367
v 4.850127 0.953537 -0.339731
v 5.717955 1.200124 -0.383265
v 4.781563 1.214598 -0.275763
v 4.853896 1.200124 -0.383265
v 4.977302 1.210890 -0.309269
v 2.898348 1.200124 -0.383265
v 1.771299 1.216768 -0.263185
v 3.535059 1.200124 0.264606
v 0.366750 1.200124 0.264606
v -0.395092 1.097469 -0.365101
v 4.832640 1.142614 -0.373103
v 4.505242 1.200124 -0.383265
v 7.719474 -0.123842 -0.149716
v -0.662566 0.416137 -0.244955
v 7.758950 -0.040016 0.045952
v 3.845593 -0.343654 -0.110963
v 3.729966 -0.266586 -0.124559
v 7.232290 -0.125970 -0.149346
v 7.196079 -0.238312 -0.129537
v -1.036181 0.742005 -0.302415
v 7.312925 -0.415381 -0.098313
v 7.446898 -0.435362 -0.094789
v 6.217348 -0.206168 -0.135220
v 5.304473 0.119517 0.074110
v -0.519091 0.392360 0.122157
v -0.394617 0.378506 0.119710
v 3.026073 0.779642 -0.309084
v 3.702984 -0.383605 -0.014643
v 3.804329 -0.459340 -0.027992
v 6.881117 0.014852 -0.174182
v 6.869228 -0.088774 -0.155909
v 7.965669 -0.098145 -0.154244
v 8.083014 -0.069544 -0.159286
v 5.688732 0.508721 0.142672
v 2.700622 0.685933 -0.292547
v 2.605576 0.616060 -0.280221
v -0.682768 -0.543269 -0.042764
v 7.664249 0.066617 0.064756
v 9.908297 1.381676 -0.198496
v 9.908297 1.322637 -0.107870
v 9.908297 1.253410 -0.173029
v -0.631053 0.678901 0.172704
v -0.725499 0.605253 0.159715
v -0.629441 0.576457 0.154633
v -1.058914 0.606075 0.159871
v -1.171655 0.645467 0.166822
v -1.153524 0.544804 0.149066
v -0.212002 0.764660 0.187833
v 9.657010 0.792234 0.192732
v 9.908297 1.612315 -0.129903
v 9.908297 1.503579 -0.158630
v 9.908297 1.806717 -0.059243
v -1.288459 0.900198 -0.143179
v -1.142137 -0.071691 -0.158966
v -1.061434 0.244813 -0.214765
v 8.620418 0.854884 -0.322338
v 3.918024 -0.421134 -0.021260
v 8.171943 -0.153786 -0.144431
v 8.289308 -0.124703 -0.149558
v 7.642838 0.506610 -0.260885
v 6.495036 -0.187737 0.019920
v -0.412668 0.417674 -0.245218
v -0.487145 0.353394 -0.233888
v -1.172428 0.595166 -0.276533
v -1.071460 0.515038 -0.262404
v -1.182884 0.463298 -0.253285
v -1.095673 0.939751 -0.337281
v 0.929918 0.978089 0.225487
v 4.976616 -0.162664 0.024335
v 4.872566 -0.225632 0.013227
v 4.981361 -0.280269 0.003590
v 7.580412 0.164975 0.082100
v 6.486225 -0.214259 -0.133788
v 6.818017 -0.239451 -0.129341
v 4.031794 -0.497082 -0.083900
v 3.786700 -0.141028 -0.146708
v 4.877046 -0.103486 0.034767
v -0.811945 -0.301203 -0.118463
v -0.426007 0.616310 -0.280239
v -0.520317 0.578577 -0.273587
v 0.233747 0.926231 0.216332
v 8.721268 0.666633 -0.289145
v 7.820216 0.059704 -0.182080
v 2.824163 0.526128 -0.264372
v 2.716115 0.597132 -0.276888
v 7.860372 0.008173 0.054448
v 7.627204 -0.218606 0.014463
v 7.906999 -0.182693 0.020792
v -0.959590 0.087982 0.068483
v -1.064479 0.040726 0.060150
v -0.392954 0.595357 0.157962
v 9.908297 1.419166 -0.080661
v 7.534148 -0.216045 -0.133460
v 7.489472 -0.317763 -0.115525
v 7.570335 -0.388223 -0.103099
v 7.584369 -0.294884 -0.119558
v 7.673441 -0.330759 -0.113231
v 7.649719 -0.221396 -0.132515
v 7.597063 -0.117374 -0.150858
v 7.690708 0.384209 -0.239301
v 4.887024 -0.233115 -0.130453
v 7.186836 -0.108940 0.033805
v 4.773183 -0.299995 0.000110
v 7.605157 -0.313707 -0.002306
v 6.931367 -0.286792 -0.120992
v 3.492952 -0.332913 -0.112861
v 3.589617 -0.242339 -0.128838
v -0.452953 0.498134 0.140812
v -0.954606 0.681192 0.173117
v -1.068201 0.720854 0.180117
v -0.942086 0.544693 0.149040
v 6.015008 0.918225 0.214886
v -1.160047 0.274450 -0.219991
v 7.017628 0.188359 -0.204774
v 7.119857 0.123649 -0.193363
v 6.996368 0.063995 -0.182846
v 7.971006 -0.412984 -0.098729
v 6.677094 -0.176859 0.021835
v 7.300219 0.074075 0.066075
v 6.859275 0.049853 0.061809
v 6.962900 0.110599 0.072519
v 6.854889 0.171262 0.083217
v -0.581619 -0.636786 -0.059243
v -0.372655 -0.636786 -0.059243
v 6.698150 -0.197010 -0.136826
v 6.601513 -0.268615 -0.124202
v 6.406795 -0.274654 -0.123141
v 1.312750 -0.368086 -0.106660
v 3.462781 -0.217436 -0.133232
v 9.715005 -0.636786 -0.059243
v 9.520503 -0.292732 -0.119941
v 0.987884 -0.057883 0.042799
v -1.083488 0.832893 0.199880
v -1.068733 0.485282 0.138565
v -1.184609 0.440093 0.130596
v -0.250117 0.855642 0.203887
v 0.039896 -0.530151 -0.040458
v 4.723650 1.222165 -0.199333
v -1.146807 0.715330 -0.297716
v 8.892972 0.376753 -0.238031
v 6.907494 -0.175058 -0.140694
v 7.181664 -0.039533 -0.164588
v 7.347540 0.103720 -0.189846
v 7.482629 0.094182 -0.188163
v 7.179572 -0.364482 -0.107290
v 1.702737 -0.548938 -0.043774
v 6.890399 -0.196068 0.018445
v 6.772197 -0.183474 0.020667
v -0.305417 0.382051 -0.238934
v -0.533920 0.449923 -0.250907
v -0.635399 0.530077 -0.265041
v -1.009371 0.853953 -0.322150
v -0.985192 0.565704 -0.271333
v 2.798719 0.759205 -0.305473
v 3.030299 0.647877 -0.285850
v 2.913984 0.709804 -0.296766
v 4.915973 -0.101053 -0.153748
v 7.083495 -0.173200 0.022475
v 7.186518 0.006011 0.054075
v 7.077487 -0.059449 0.042533
v 7.430729 0.149311 0.079340
v 1.675185 -0.636786 -0.059243
v -0.681088 -0.543227 -0.075750
v 0.087065 -0.636786 -0.059243
v 0.296028 -0.636786 -0.059243
v -0.498033 -0.636786 -0.059243
v 8.039637 0.062243 0.063980
v 7.912885 0.103406 0.071240
v 7.939167 0.346184 0.114049
v 7.715954 0.362269 0.116888
v 4.631814 -0.567332 -0.071497
v 9.323198 -0.636786 -0.059243
v 9.197820 -0.636786 -0.059243
v 3.003824 1.223782 0.048964
v 4.811720 1.224454 -0.164708
v 9.604916 0.762879 -0.306103
v 4.602426 -0.146784 0.027116
v 4.650863 -0.262688 0.006682
v 4.746825 -0.157910 0.025163
v -0.518170 0.615698 0.161552
v -0.740633 0.721362 0.180196
v -0.838774 0.641109 0.166043
v -0.810344 0.523066 0.145221
v -1.277643 0.968737 0.223846
v -1.190125 0.886004 0.209251
v -1.196009 0.982382 0.226246
v -1.181502 0.768059 0.188446
v -0.872020 0.426610 0.128210
v 1.080361 0.567345 -0.271628
v 1.016413 0.471215 -0.254683
v 0.986656 0.169924 -0.201521
v 7.068377 0.942276 -0.156194
v 0.686615 0.738586 0.183228
v 1.875412 0.815603 0.196811
v 1.885691 0.910907 0.213613
v 0.972791 0.870872 0.206568
v 4.283634 0.550162 0.150008
v 4.667771 0.630607 0.164173
v 2.579900 0.636185 0.165156
v -1.044688 0.158733 0.080965
v -0.962023 1.084295 -0.362786
v 3.254739 0.611390 -0.279413
v 3.381569 0.626421 -0.282061
v 0.912186 0.763638 0.187646
v 0.142658 -0.535593 -0.041420
v 1.483680 -0.320957 -0.114991
v 0.012697 1.225620 -0.142697
v 0.588046 0.771039 0.188955
v -0.425033 0.523198 -0.263821
v 2.919828 0.588746 -0.275418
v 2.810675 0.641324 -0.284686
v 2.945226 0.476115 -0.255558
v 6.956415 0.232632 0.094037
v 3.674212 -0.165801 -0.142339
v -0.987446 0.407920 0.124917
v -0.579389 0.311780 0.107946
v 2.600150 0.530811 0.146594
v 0.958076 0.364903 -0.235943
v 3.223493 0.508521 -0.261275
v 3.328236 0.513715 -0.262189
v 4.633861 0.512911 0.143388
v 6.807647 -0.092407 0.036725
v 6.996435 -0.222255 0.013827
v 7.290726 0.191740 0.086823
v 7.182889 0.121466 0.074433
v 8.842072 0.753946 0.185895
v 2.131402 0.197255 0.087827
v 7.074071 0.055179 0.062746
v 7.068422 0.173378 0.083588
v 6.976193 -0.121449 0.031602
v -0.576246 0.493279 0.139960
v -0.694331 0.498798 0.140937
v -0.653365 0.389856 0.121720
v 4.887777 1.218472 -0.246856
v 6.965194 -0.008169 0.051577
v -0.374841 0.249131 0.096890
v 6.473233 0.453672 0.133010
v 4.046528 -0.065764 -0.159981
v 9.153534 0.574725 0.154327
v -0.018619 0.054799 0.062635
v 6.758540 0.110528 0.072509
v 6.768659 -0.002937 0.052502
v -0.871965 0.389831 -0.240324
v -0.783606 0.342861 0.113435
v -0.766105 0.432420 0.129231
v 9.037909 0.984881 -0.345256
v 0.320185 1.209775 0.198628
v 1.426017 0.630442 -0.282751
v 8.801434 0.302461 -0.224932
v 1.990294 0.343227 0.113519
v -1.060599 0.631413 -0.282920
v 3.137398 0.570288 -0.272167
v 5.552875 -0.524023 -0.079169
v 4.921951 1.226139 -0.137272
v 0.226880 0.551882 -0.268876
v 6.002492 1.100822 0.247087
v 8.633325 0.541211 0.148393
v -0.773200 -0.013374 0.050599
v -1.080000 1.061171 -0.358705
v 5.106317 1.227454 -0.042171
v 6.047263 1.012624 0.231521
v 3.948198 0.015196 -0.174264
v 7.245069 0.183470 -0.203910
v 7.331543 0.221517 -0.210618
v 0.191660 0.372396 0.118620
v 9.824546 1.360027 -0.411336
v 6.886977 -0.069452 0.040772
v -1.493984 -0.506568 -0.036304
v -0.528520 0.754390 0.186023
v -0.807148 0.218328 0.091470
v -0.983324 0.968778 -0.342399
v 9.819328 0.372095 0.118647
v -0.750886 0.839263 0.200998
v -0.640866 0.798167 0.193747
v 3.026008 0.522157 -0.263680
v -0.655926 0.899201 0.211574
v 5.137573 0.046928 0.061304
v 3.697720 0.402847 -0.242621
v 7.019994 0.961741 -0.249496
v -0.293524 0.323453 0.109996
v 2.952982 1.214541 0.157658
v 9.718736 0.396957 0.123036
v 9.761226 0.283926 0.103105
v 3.960634 -0.068236 0.040935
v 9.821599 0.955347 0.221483
v 7.216358 0.070970 -0.184073
v 9.725484 0.985334 0.226775
v 7.631810 0.633102 -0.283202
v 7.560312 0.594339 -0.276355
vn -0.0000 -0.1736 0.9848
vn -0.0000 -0.1734 0.9848
vn -0.0000 -0.9963 0.0861
vn 0.9815 -0.1911 -0.0147
vn -0.9812 0.1929 -0.0000
vn -1.0000 -0.0000 -0.0000
vn -0.0000 -0.1737 0.9848
vn 0.6264 0.7721 0.1074
vn 0.6533 0.7527 0.0815
vn 0.2600 0.9646 -0.0440
vn 0.6221 0.7828 0.0092
vn -0.0002 -0.1733 0.9849
vn -0.0002 -0.1737 0.9848
vn -0.5347 0.8361 0.1226
vn -0.5470 0.8355 0.0521
vn -0.5471 0.8358 -0.0448
vn -0.5349 0.8412 0.0794
vn -0.5310 0.8454 -0.0578
vn -0.5397 0.8334 -0.1190
vn -0.5400 0.8395 -0.0605
vn -0.5492 0.8285 0.1094
vn -0.5503 0.8324 0.0651
vn -0.5218 0.8501 0.0717
vn -0.5065 0.8622 -0.0049
vn -0.5030 0.8643 -0.0001
vn -0.4536 0.8843 0.1107
vn -0.4612 0.8732 -0.1577
vn -0.4389 0.8886 -0.1331
vn -0.3548 0.9343 0.0334
vn -0.3019 0.9458 -0.1199
vn -0.2188 0.9716 0.0896
vn -0.1154 0.9933 -0.0079
vn -0.0042 0.9983 0.0578
vn 0.0496 0.9897 0.1341
vn 0.0803 0.9959 -0.0408
vn 0.0336 0.9907 -0.1319
vn 0.0316 0.9910 -0.1298
vn 0.1086 0.9881 -0.1087
vn 0.0944 0.9862 -0.1362
vn 0.1424 0.9879 0.0620
vn 0.1071 0.9885 -0.1071
vn 0.1755 0.9797 -0.0973
vn 0.1441 0.9821 0.1211
vn 0.1372 0.9805 -0.1407
vn 0.1550 0.9843 -0.0846
vn 0.1775 0.9745 0.1370
vn 0.1848 0.9743 -0.1284
vn 0.2322 0.9622 0.1423
vn 0.2330 0.9622 0.1412
vn 0.2544 0.9670 -0.0101
vn 0.2546 0.9598 -0.1186
vn 0.2858 0.9493 0.1306
vn 0.2946 0.9449 0.1425
vn 0.3010 0.9517 0.0600
vn 0.2842 0.9587 0.0089
vn 0.3075 0.9419 -0.1353
vn 0.3174 0.9454 0.0747
vn 0.3230 0.9463 -0.0099
vn 0.3228 0.9388 -0.1200
vn 0.3469 0.9299 0.1227
vn 0.3563 0.9250 0.1322
vn 0.3625 0.9304 0.0547
vn 0.3659 0.9200 -0.1404
vn 0.3395 0.9406 0.0053
vn 0.3719 0.9261 0.0633
vn 0.3820 0.9241 -0.0140
vn 0.3896 0.9136 -0.1168
vn 0.4063 0.9064 0.1159
vn 0.4052 0.9070 0.1150
vn 0.4229 0.8958 -0.1370
vn 0.3980 0.9174 0.0014
vn 0.4792 0.8774 0.0251
vn 0.4536 0.8847 -0.1076
vn 0.5006 0.8561 0.1281
vn 0.5189 0.8547 0.0185
vn 0.5285 0.8424 0.1050
vn 0.5682 0.8198 0.0710
vn 0.5479 0.8274 0.1234
vn 0.5554 0.8242 -0.1106
vn 0.5800 0.8071 0.1103
vn 0.5896 0.8065 -0.0438
vn 0.5936 0.7959 0.1194
vn 0.6194 0.7780 0.1048
vn 0.6262 0.7767 0.0678
vn 0.6192 0.7852 0.0071
vn 0.6162 0.7873 -0.0207
vn 0.6164 0.7836 -0.0769
vn 0.2581 0.9641 0.0621
vn 0.5435 0.8345 -0.0903
vn 0.6501 0.7541 -0.0930
vn 0.6283 0.7752 -0.0653
vn 0.5435 0.8392 -0.0159
vn 0.0161 0.9997 -0.0172
vn 0.0058 0.9956 -0.0934
vn 0.0037 0.9899 0.1417
vn 0.0050 0.9996 -0.0290
vn -0.0551 0.9802 0.1901
vn -0.1046 0.9934 0.0476
vn -0.4201 0.9038 0.0817
vn -0.7727 0.6194 -0.1389
vn -0.0261 0.9995 0.0198
vn -0.5014 0.8527 -0.1465
vn -0.4923 0.8703 0.0130
vn -0.0293 0.9996 -0.0055
vn -0.2080 0.9781 0.0063
vn -0.0506 0.9929 -0.1074
vn -0.0603 0.9600 -0.2735
vn -0.8853 0.4650 0.0114
vn -0.9780 0.2039 -0.0434
vn -0.9988 0.0429 0.0247
vn -0.9990 0.0386 -0.0221
vn -0.8360 0.5467 0.0475
vn -0.9787 0.1961 0.0610
vn -0.8864 0.4554 -0.0833
vn -0.6725 0.7270 0.1382
vn -0.7227 0.6887 -0.0594
vn -0.7181 0.6947 0.0416
vn -0.3961 0.9175 -0.0355
vn -0.4176 0.8828 0.2150
vn -0.0000 -0.1734 0.9849
vn -0.0000 -0.1735 0.9848
vn -0.0001 -0.1742 0.9847
vn -0.0000 -0.1740 -0.9847
vn -0.0000 -0.1737 -0.9848
vn -0.0000 0.9905 -0.1373
vn -0.0000 -0.1739 -0.9848
vn -0.0000 -0.1738 -0.9848
vn 0.0041 0.9999 -0.0121
vn -0.0001 0.9904 0.1384
vn 0.0071 0.9995 0.0291
vn 0.0035 0.9996 0.0274
vn 1.0000 -0.0000 -0.0000
vn -0.0001 -0.1736 0.9848
vn 0.0001 -0.1737 -0.9848
vn 0.0001 -0.1738 0.9848
vn -0.0003 -0.1743 0.9847
vn -0.0001 -0.1734 0.9849
vn -0.0000 -0.1736 -0.9848
vn -0.0000 -0.1735 -0.9848
vn -0.0000 -0.1738 0.9848
vn -0.0002 -0.1742 -0.9847
vn -0.0000 -0.1745 -0.9847
vn -0.0000 -0.1743 -0.9847
vn -0.0000 -0.9991 -0.0433
vn -0.0000 -1.0000 -0.0000
vn 0.9829 -0.1840 -0.0000
vn 0.9815 -0.1911 0.0147
vn -0.0002 -1.0000 -0.0000
vn -0.0000 0.9972 0.0749
vn 0.0558 0.9984 -0.0000
vn -0.0000 0.9972 -0.0749
vn -0.8279 -0.1568 -0.5385
vn -0.8280 -0.1567 0.5384
vn -0.5393 0.8335 0.1198
vn -0.5265 0.8445 0.0982
vn -0.5294 0.8437 -0.0887
vn -0.5347 0.8361 -0.1228
vn -0.5397 0.8330 0.1216
vn -0.5435 0.8352 0.0842
vn -0.5412 0.8324 0.1190
vn -0.5407 0.8327 -0.1193
vn -0.5353 0.8357 -0.1227
vn -0.5444 0.8303 0.1195
vn -0.5480 0.8348 0.0536
vn -0.5444 0.8301 -0.1208
vn -0.5432 0.8317 -0.1146
vn -0.5487 0.8283 0.1134
vn -0.5531 0.8328 0.0234
vn -0.5417 0.8396 -0.0397
vn -0.5401 0.8352 -0.1035
vn -0.5461 0.8303 -0.1112
vn -0.0000 0.9904 0.1386
vn -0.0035 0.9958 -0.0911
vn -0.0000 -0.1733 0.9849
vn -0.0000 -0.1741 -0.9847
vn 0.0004 -0.1732 -0.9849
vn -0.0001 -0.1735 -0.9848
vn 0.0009 0.9904 0.1385
vn 0.0009 0.9905 -0.1376
vn -0.0000 -0.1744 -0.9847
vn -0.0001 -0.1737 0.9848
vn -0.0001 -0.1735 0.9848
vn -0.0002 -0.1735 0.9848
vn -0.0000 -0.1740 -0.9848
vn -0.0019 0.9953 -0.0968
vn -0.0000 0.9963 0.0859
vn -0.0055 0.9958 0.0911
vn -0.0004 0.9993 0.0369
vn -0.0012 0.9995 -0.0315
vn 0.0048 0.9986 0.0530
vn 0.0110 0.9932 0.1158
vn 0.0057 1.0000 -0.0015
vn -0.0005 0.9997 0.0246
vn -0.0061 0.9985 -0.0541
vn -0.0033 0.9991 -0.0426
vn 0.0038 0.9966 0.0826
vn 0.0012 0.9964 0.0846
vn 0.0002 -0.1736 -0.9848
vn 0.0003 -0.1737 -0.9848
vn 0.0001 -0.1736 -0.9848
vn 0.0004 -0.1743 0.9847
vn 0.0004 -0.1730 -0.9849
vn -0.0001 -0.1736 -0.9848
vn 0.0002 -0.1738 0.9848
vn 0.0002 -0.1740 -0.9848
vn -0.0003 -0.1734 0.9848
vn 0.0001 -0.1740 -0.9847
vn -0.0002 -0.1734 -0.9848
vn -0.0002 -0.1738 -0.9848
vn 0.0001 -0.1735 0.9848
vn 0.0002 -0.1741 -0.9847
vn 0.0001 -0.1737 0.9848
vn 0.0001 -0.1733 -0.9849
vn -0.0000 0.9902 0.1393
vn -0.0000 0.9899 0.1416
vn 0.0007 0.9904 0.1381
vn -0.0004 0.9903 -0.1388
vn -0.0063 0.9953 -0.0963
vn 0.0017 0.9905 0.1376
vn -0.0001 -0.1741 -0.9847
vn -0.0002 -0.1733 -0.9849
vn -0.0001 -0.1733 0.9849
vn 0.2980 0.9439 0.1425
vn 0.0001 -0.1736 0.9848
vn 0.0005 -0.1736 0.9848
vn -0.8171 -0.5765 -0.0000
vn -0.5375 0.8391 0.0833
vn -0.5388 0.8413 0.0446
vn -0.5341 0.8418 -0.0781
vn -0.5396 0.8354 -0.1046
vn -0.5396 0.8336 0.1179
vn -0.5418 0.8397 -0.0371
vn -0.5397 0.8386 -0.0743
vn -0.5397 0.8332 -0.1204
vn -0.5398 0.8331 -0.1205
vn -0.5444 0.8304 0.1188
vn -0.5432 0.8345 -0.0926
vn -0.5442 0.8318 -0.1091
vn -0.5502 0.8273 -0.1135
vn -0.5492 0.8282 0.1115
vn -0.5482 0.8291 0.1098
vn -0.5442 0.8358 0.0735
vn -0.5443 0.8384 0.0283
vn -0.5455 0.8374 -0.0343
vn -0.5492 0.8283 -0.1108
vn -0.4853 0.8713 -0.0730
vn -0.4808 0.8743 -0.0671
vn -0.3555 0.9342 -0.0284
vn -0.2985 0.9474 -0.1154
vn 0.0161 0.9940 0.1085
vn -0.1044 0.9793 0.1735
vn 0.1357 0.9902 -0.0316
vn 0.4209 0.9060 0.0444
vn 0.4643 0.8814 0.0869
vn 0.5497 0.8334 0.0562
vn -0.0042 0.9990 -0.0441
vn 0.0741 0.9959 -0.0519
vn -0.0000 0.9896 0.1437
vn -0.0048 0.9906 -0.1366
vn 0.0077 0.9938 -0.1111
vn -0.0000 0.9901 0.1400
vn 0.0012 0.9966 -0.0826
vn -0.0211 0.9773 0.2108
vn -0.0550 0.9705 0.2346
vn -0.0883 0.9542 -0.2858
vn -0.0886 0.9631 -0.2541
vn -0.9997 0.0178 0.0142
vn 0.0001 -0.1739 -0.9848
vn 0.0003 -0.1736 -0.9848
vn -0.0003 -0.1744 0.9847
vn -0.0000 0.9904 0.1382
vn -0.0076 0.9950 -0.0998
vn -0.0000 0.9903 -0.1390
vn 0.0011 0.9898 0.1425
vn -0.0000 0.9902 0.1398
vn 0.0024 0.9904 0.1384
vn -0.0000 -0.1746 -0.9846
vn -0.0001 -0.1733 -0.9849
vn -0.0000 -0.1733 -0.9849
vn -0.0108 0.9996 0.0277
vn -0.0000 0.9908 0.1354
vn 0.0043 0.9893 0.1456
vn 0.0009 0.9945 0.1044
vn -0.0087 0.9999 0.0051
vn 0.0026 0.9995 -0.0318
vn -0.0108 0.9905 0.1368
vn 0.0025 0.9998 0.0217
vn -0.0001 0.9996 0.0266
vn 0.0035 0.9967 0.0813
vn 0.0031 0.9951 -0.0993
vn 0.0003 -0.1739 -0.9848
vn 0.0002 -0.1739 0.9848
vn 0.0003 -0.1738 0.9848
vn 0.0002 -0.1732 0.9849
vn 0.0001 -0.1738 -0.9848
vn -0.0000 -0.1739 0.9848
vn -0.0001 -0.1741 0.9847
vn 0.0001 -0.1732 0.9849
vn -0.0000 -0.1734 -0.9848
vn -0.0001 -0.1737 -0.9848
vn -0.0003 -0.1739 0.9848
vn -0.0003 -0.1738 -0.9848
vn -0.0005 -0.1733 -0.9849
vn -0.0001 -0.1734 0.9848
vn -0.0001 -0.1734 -0.9849
vn 0.0001 -0.1734 0.9849
vn -0.0002 -0.1739 -0.9848
vn -0.0001 -0.1738 0.9848
vn -0.0003 -0.1737 0.9848
vn 0.0001 0.9896 0.1437
vn -0.0008 0.9891 -0.1469
vn -0.0024 0.9904 -0.1386
vn -0.0000 0.9900 -0.1409
vn -0.0000 0.9909 0.1344
vn -0.0000 -0.1742 0.9847
vn 0.0001 -0.1741 -0.9847
vn -0.0002 -0.1741 -0.9847
vn -0.0001 -0.1742 -0.9847
vn 0.0118 -0.9996 -0.0247
vn -0.0118 -0.9996 -0.0247
vn -0.0000 1.0000 -0.0000
vn -0.0558 0.9984 -0.0000
vn -0.0000 0.9972 0.0754
vn -0.0003 0.9972 0.0751
vn -0.0000 0.9972 -0.0754
vn 0.0004 0.9972 -0.0751
vn -0.0000 -0.1734 -0.9849
vn -0.0002 -0.1742 0.9847
vn 0.0002 -0.1737 0.9848
vn -0.5348 0.8361 0.1226
vn -0.5467 0.8316 0.0975
vn -0.5373 0.8397 0.0782
vn -0.5348 0.8360 0.1227
vn -0.5348 0.8418 0.0734
vn -0.5350 0.8417 -0.0735
vn -0.5453 0.8336 -0.0880
vn -0.5261 0.8439 -0.1049
vn -0.5347 0.8361 -0.1227
vn -0.5397 0.8331 0.1209
vn -0.5402 0.8327 0.1213
vn -0.5369 0.8351 0.1199
vn -0.5401 0.8371 0.0870
vn -0.5397 0.8372 0.0879
vn -0.5397 0.8333 0.1201
vn -0.5335 0.8440 0.0559
vn -0.5317 0.8468 0.0137
vn -0.5334 0.8456 -0.0221
vn -0.5359 0.8383 -0.1005
vn -0.5443 0.8329 -0.1002
vn -0.5397 0.8332 -0.1205
vn -0.5397 0.8330 -0.1221
vn -0.5385 0.8342 -0.1192
vn -0.5448 0.8300 0.1191
vn -0.5430 0.8313 0.1185
vn -0.5504 0.8317 0.0733
vn -0.5465 0.8326 0.0902
vn -0.5481 0.8361 0.0235
vn -0.5373 0.8434 0.0021
vn -0.5455 0.8376 0.0274
vn -0.5495 0.8350 -0.0290
vn -0.5408 0.8371 -0.0827
vn -0.5460 0.8292 -0.1199
vn -0.5444 0.8304 -0.1185
vn -0.5395 0.8342 -0.1143
vn -0.5323 0.8427 -0.0811
vn -0.5388 0.8327 0.1279
vn -0.5483 0.8286 0.1133
vn -0.5502 0.8277 0.1103
vn -0.5315 0.8450 0.0586
vn -0.5524 0.8336 0.0076
vn -0.5439 0.8389 0.0198
vn -0.5468 0.8367 0.0305
vn -0.5511 0.8339 -0.0296
vn -0.5517 0.8322 -0.0550
vn -0.5433 0.8393 -0.0203
vn -0.5493 0.8349 -0.0355
vn -0.5454 0.8309 -0.1100
vn -0.5411 0.8377 -0.0736
vn -0.5544 0.8261 -0.1010
vn -0.5452 0.8310 -0.1108
vn -0.5492 0.8280 -0.1131
vn 0.0111 0.9979 0.0634
vn 0.0001 0.9908 0.1355
vn -0.0023 0.9962 0.0876
vn 0.0011 0.9962 0.0871
vn 0.0014 0.9998 -0.0182
vn -0.0000 0.9898 -0.1426
vn -0.0000 0.9896 -0.1436
vn -0.0028 0.9897 -0.1434
vn -0.0583 0.9833 -0.1724
vn 0.0039 0.9951 -0.0986
vn -0.0038 0.9951 -0.0983
vn 0.0067 0.9982 -0.0600
vn -0.0007 0.9979 -0.0646
vn -0.0087 0.9989 0.0470
vn -0.0049 0.9990 0.0455
vn -0.0026 0.9976 0.0698
vn 0.0026 0.9983 0.0585
vn 0.0022 0.9971 -0.0762
vn 0.0034 0.9963 -0.0856
vn -0.0099 0.9968 -0.0790
vn 0.0034 0.9968 -0.0802
vn -0.0000 -0.1742 -0.9847
vn 0.0001 -0.1735 -0.9848
vn 0.0001 -0.1732 -0.9849
vn 0.0001 -0.1734 0.9848
vn 0.0004 -0.1741 0.9847
vn 0.0007 -0.1738 0.9848
vn -0.0003 -0.1736 0.9848
vn 0.0112 0.9961 0.0874
vn 0.0060 0.9911 0.1330
vn -0.0000 0.9897 -0.1435
vn -0.0013 0.9900 -0.1409
vn 0.0045 0.9910 -0.1334
vn -0.0014 0.9906 0.1367
vn 0.0001 -0.1742 0.9847
vn 0.0002 -0.1736 0.9848
vn -0.0002 -0.1729 0.9849
vn 0.0006 -0.1734 0.9848
vn -0.0001 -0.1738 -0.9848
vn -0.0001 -0.1734 -0.9848
vn -0.0001 -0.1740 -0.9848
vn 0.0001 -0.1743 -0.9847
vn -0.0000 -0.1740 0.9848
vn -0.0000 0.9904 -0.1381
vn 0.0046 0.9908 0.1353
vn -0.0000 0.9910 0.1338
vn -0.0005 -0.1742 -0.9847
vn 0.0003 -0.1742 -0.9847
vn 0.0072 1.0000 -0.0046
vn -0.0058 0.9996 -0.0289
vn -0.0010 0.9902 0.1399
vn -0.0000 0.9900 0.1408
vn -0.0000 0.9900 -0.1412
vn 0.0083 0.9937 0.1118
vn -0.0082 0.9993 0.0373
vn -0.0066 0.9948 -0.1020
vn -0.0043 0.9956 -0.0934
vn 0.0034 0.9960 -0.0890
vn 0.0008 0.9993 -0.0371
vn -0.0002 0.9961 -0.0883
vn -0.0080 0.9994 -0.0348
vn -0.0050 0.9965 0.0839
vn 0.0128 0.9986 0.0511
vn -0.0040 0.9994 0.0357
vn -0.0074 0.9963 0.0861
vn 0.0010 0.9991 0.0433
vn 0.0053 0.9992 -0.0398
vn 0.0007 0.9994 -0.0359
vn -0.0061 0.9966 0.0820
vn 0.0074 0.9940 0.1094
vn -0.0026 0.9935 0.1140
vn 0.0043 0.9899 0.1419
vn 0.0007 0.9905 -0.1373
vn 0.0020 0.9980 -0.0624
vn -0.0000 0.9904 -0.1380
vn -0.0000 0.9913 -0.1315
vn -0.0040 0.9999 -0.0112
vn 0.0070 0.9999 0.0154
vn -0.0067 0.9999 0.0122
vn -0.0066 0.9992 -0.0393
vn -0.0040 0.9998 0.0176
vn -0.0014 0.9956 0.0933
vn 0.0119 0.9908 0.1347
vn 0.0053 0.9981 0.0613
vn -0.0088 0.9992 -0.0395
vn 0.0075 0.9982 -0.0587
vn -0.0045 0.9999 -0.0149
vn 0.0046 0.9996 -0.0286
vn -0.0108 0.9997 -0.0215
vn 0.0032 0.9994 -0.0346
vn 0.0012 0.9964 0.0845
vn 0.0058 0.9963 0.0857
vn 0.0080 0.9914 0.1306
vn -0.0022 0.9971 0.0766
vn 0.0004 0.9963 -0.0854
vn -0.0048 0.9942 -0.1074
vn -0.0020 0.9965 -0.0840
vn 0.0013 0.9980 0.0631
vn -0.0036 0.9963 -0.0854
vn -0.0135 0.9958 -0.0908
vn -0.0017 1.0000 0.0035
vn 0.0181 0.9995 0.0258
vn -0.0012 0.9979 0.0648
vn -0.0099 0.9992 -0.0397
vn -0.0115 0.9998 -0.0135
vn 0.0003 -0.1735 0.9848
vn 0.0004 -0.1736 -0.9848
vn 0.0002 -0.1735 0.9848
vn 0.0005 -0.1737 0.9848
vn -0.0001 -0.1739 -0.9848
vn 0.0002 -0.1735 -0.9848
vn -0.0008 -0.1738 -0.9848
vn -0.0005 -0.1732 -0.9849
vn 0.0001 -0.1739 0.9848
vn -0.0002 -0.1731 0.9849
vn 0.0003 -0.1734 -0.9849
vn -0.0003 -0.1735 0.9848
vn -0.0004 -0.1733 -0.9849
vn -0.0002 -0.1740 0.9847
vn 0.0002 -0.1739 -0.9848
vn 0.0002 -0.1740 0.9847
vn -0.0004 -0.1736 -0.9848
vn -0.0004 -0.1735 0.9848
vn 0.0004 -0.1733 -0.9849
vn 0.0005 -0.1738 -0.9848
vn 0.0001 -0.1740 -0.9848
vn -0.0002 -0.1738 0.9848
vn -0.0002 -0.1737 -0.9848
vn -0.0004 -0.1741 0.9847
vn -0.0005 -0.1736 -0.9848
vn -0.0001 -0.1740 -0.9847
vn 0.0004 -0.1734 0.9849
vn -0.0002 -0.1734 0.9848
vn -0.0003 -0.1734 0.9849
vn 0.0003 -0.1740 -0.9848
vn 0.0004 -0.1741 -0.9847
vn 0.0005 -0.1735 -0.9848
vn -0.0005 -0.1735 0.9848
vn -0.0003 -0.1738 0.9848
vn -0.0004 -0.1737 -0.9848
vn 0.0004 -0.1740 -0.9847
vn -0.0001 -0.1739 0.9848
vn 0.0001 -0.1731 -0.9849
vn -0.0001 -0.1740 0.9847
vn 0.0084 0.9909 -0.1343
vn 0.0024 0.9901 -0.1400
vn -0.0001 0.9885 -0.1509
vn -0.0000 0.9905 0.1373
vn -0.0000 0.9901 -0.1405
vn 0.0037 0.9958 0.0920
vn -0.0029 0.9902 0.1399
vn 0.0033 0.9900 -0.1407
vn -0.0000 0.9898 0.1423
vn -0.0000 0.9903 0.1387
vn -0.0000 0.9900 0.1410
vn 0.0008 0.9902 0.1397
vn -0.0000 0.9901 0.1403
vn -0.0000 0.9903 0.1391
vn -0.0000 0.9901 -0.1403
vn -0.0054 0.9909 -0.1346
vn 0.0021 0.9903 -0.1391
vn 0.0022 0.9906 -0.1365
vn -0.0000 0.9912 -0.1322
vn 0.0036 0.9903 0.1388
vn -0.0000 0.9902 0.1395
vn -0.0017 0.9992 0.0390
vn 0.0006 0.9902 0.1395
vn -0.0000 0.9917 -0.1287
vn -0.0000 0.9904 -0.1385
vn 0.0017 0.9907 0.1357
vn -0.0000 0.9895 -0.1442
vn -0.0055 0.9911 -0.1327
vn 0.0053 0.9936 -0.1127
vn 0.0046 0.9976 -0.0696
vn -0.0051 0.9963 -0.0857
vn 0.0025 0.9961 -0.0876
vn -0.0000 0.9904 0.1383
vn -0.0113 0.9916 0.1287
vn -0.0000 0.9899 -0.1415
vn -0.0000 -0.1740 0.9847
vn -0.0001 -0.1745 -0.9847
vn 0.0004 -0.1743 -0.9847
vn -0.0003 -0.1743 -0.9847
vn -0.0017 0.9953 0.0965
vn 0.0018 0.9882 0.1534
vn -0.5393 0.8399 0.0601
vn -0.1868 0.9811 -0.0499
vn -0.3298 0.9441 0.0024
vn 0.1090 0.9931 0.0434
vn 0.2151 0.9744 0.0654
vn 0.5048 0.8605 0.0684
vn 0.5596 0.8246 -0.0829
vn 0.6220 0.7826 -0.0249
vn -0.0056 0.9984 -0.0555
vn 0.3264 0.9273 -0.1830
vn 0.3196 0.9435 0.0877
vn -0.0006 0.9998 -0.0178
vn -0.0030 1.0000 -0.0045
vn 0.0069 0.9943 -0.1063
vn 0.0004 0.9905 -0.1374
vn 0.0017 0.9999 0.0161
vn -0.0076 0.9994 -0.0335
vn -0.2196 0.9711 -0.0937
vn -0.0000 0.9905 0.1378
vn -0.0000 0.9903 0.1386
vn 0.0005 -0.1741 0.9847
vn 0.0002 -0.1738 -0.9848
vn 0.0003 0.9998 0.0198
vn -0.0023 0.9999 -0.0163
vn 0.0043 0.9884 0.1517
vn 0.0092 1.0000 -0.0002
vn 0.0049 0.9905 0.1372
vn -0.0037 0.9993 0.0362
vn -0.0000 0.9991 -0.0413
vn -0.0001 -0.1745 0.9847
vn -0.0001 -0.1743 0.9847
vn 0.0002 -0.1730 0.9849
vn 0.0005 -0.1732 0.9849
vn 0.0002 -0.1733 -0.9849
vn -0.0001 -0.1731 0.9849
vn 0.0001 -0.1733 0.9849
vn -0.0001 -0.1730 0.9849
vn -0.0004 -0.1732 0.9849
vn 0.0033 0.9935 -0.1139
vn -0.0000 0.9909 0.1345
vn -0.0000 0.9907 0.1357
vn -0.0005 -0.1737 0.9848
vn -0.5347 0.8361 0.1225
vn -0.5308 0.8417 -0.0988
vn -0.5421 0.8359 0.0863
vn -0.5465 0.8333 0.0835
vn -0.5422 0.8384 0.0559
vn -0.5403 0.8414 -0.0136
vn -0.0008 1.0000 0.0073
vn 0.0033 0.9991 0.0414
vn -0.0065 0.9903 0.1389
vn 0.0112 0.9927 0.1201
vn -0.0000 0.9903 -0.1386
vn -0.0057 0.9908 -0.1355
vn -0.0041 1.0000 -0.0077
vn -0.0051 0.9962 0.0873
vn -0.0015 0.9968 0.0801
vn -0.0010 0.9978 -0.0659
vn -1.0000 0.0025 -0.0014
vn -0.0009 -0.1732 -0.9849
vn -0.0003 -0.1741 -0.9847
vn 0.0002 -0.1740 -0.9847
vn -0.0003 -0.1742 0.9847
vn 0.0005 -0.1742 0.9847
vn 0.0002 -0.1731 -0.9849
vn -0.0006 -0.1735 -0.9848
vn 0.0003 -0.1737 0.9848
vn 0.0082 0.9996 -0.0286
vn 0.0072 0.9911 0.1328
vn 0.0041 0.9990 -0.0445
vn 0.0075 0.9992 -0.0382
vn -0.0025 0.9960 0.0897
vn 0.0013 0.9954 0.0958
vn 0.0102 0.9981 0.0605
vn 0.0013 0.9994 0.0332
vn 0.0070 0.9993 -0.0377
vn -0.0043 0.9949 0.1006
vn 0.0148 0.9965 -0.0829
vn 0.0118 0.9992 -0.0370
vn 0.0068 1.0000 -0.0015
vn -0.0028 0.9990 0.0449
vn -0.0113 0.9958 0.0914
vn 0.0052 0.9999 0.0094
vn 0.0005 0.9948 0.1016
vn 0.0037 0.9997 0.0260
vn 0.0042 0.9977 -0.0672
vn 0.0017 0.9967 0.0815
vn 0.0065 0.9961 0.0883
vn 0.0003 0.9902 0.1396
vn 0.0002 0.9965 0.0841
vn 0.0070 0.9909 -0.1341
vn 0.0022 0.9992 0.0390
vn -0.0073 0.9999 0.0141
vn 0.0003 -0.1738 -0.9848
vn 0.0006 -0.1736 0.9848
vn 0.0006 -0.1740 0.9848
vn 0.0003 -0.1741 0.9847
vn -0.0000 -0.1731 -0.9849
vn 0.0003 -0.1733 -0.9849
vn 0.0004 -0.1739 0.9848
vn 0.0003 -0.1740 -0.9847
vn 0.0004 -0.1737 -0.9848
vn 0.0002 -0.1737 -0.9848
vn -0.0003 -0.1737 -0.9848
vn 0.0004 -0.1740 0.9847
vn -0.0001 -0.1732 0.9849
vn 0.0004 -0.1737 0.9848
vn -0.0004 -0.1735 -0.9848
vn 0.0002 -0.1734 -0.9849
vn -0.0001 -0.1744 -0.9847
vn -0.0000 0.9904 0.1380
vn -0.0026 0.9904 0.1384
vn -0.0097 0.9954 -0.0953
vn -0.0007 0.9901 -0.1402
vn 0.2894 0.9552 -0.0619
vn 0.0004 -0.1736 0.9848
vn -0.5381 0.8427 0.0139
vn -0.5367 0.8401 -0.0781
vn -0.5298 0.8456 -0.0658
vn -0.5500 0.8337 0.0491
vn -0.5362 0.8439 -0.0188
vn -0.5418 0.8395 -0.0395
vn -0.5463 0.8356 -0.0584
vn -0.5401 0.8407 -0.0388
vn -0.5353 0.8439 -0.0358
vn -0.5350 0.8449 0.0004
vn -0.5354 0.8402 -0.0859
vn -0.5475 0.8327 -0.0833
vn -0.5395 0.8387 -0.0743
vn -0.5390 0.8370 0.0940
vn -0.5415 0.8394 0.0463
vn -0.5503 0.8295 -0.0955
vn -0.5476 0.8333 0.0757
vn -0.5490 0.8329 -0.0696
vn -0.5501 0.8321 -0.0699
vn -0.3700 0.9290 0.0090
vn -0.1821 0.9823 0.0448
vn 0.0039 0.9989 -0.0475
vn 0.0752 0.9945 -0.0724
vn 0.0033 0.9993 -0.0384
vn 0.0102 0.9951 -0.0988
vn 0.0013 0.9955 -0.0945
vn -0.0028 0.9995 0.0307
vn -0.0102 0.9996 -0.0271
vn 0.0017 0.9994 0.0357
vn -0.0018 0.9904 0.1385
vn -0.0011 0.9908 0.1352
vn -0.0009 0.9963 0.0856
vn 0.0080 0.9986 0.0516
vn 0.0027 0.9993 -0.0376
vn 0.0018 0.9962 -0.0868
vn 0.0027 0.9900 -0.1408
vn -0.0000 0.9902 -0.1394
vn -0.0042 0.9972 -0.0742
vn 0.0096 0.9980 -0.0622
vn -0.0094 0.9912 -0.1323
vn 0.0020 0.9949 -0.1011
vn -0.0049 0.9943 -0.1067
vn -0.0045 1.0000 0.0032
vn 0.0022 0.9980 0.0624
vn 0.0022 0.9961 -0.0880
vn -0.9998 0.0208 -0.0000
vn -1.0000 0.0025 0.0015
vn -0.0008 -0.1739 0.9848
vn -0.0006 -0.1738 0.9848
vn -0.0003 -0.1741 0.9847
vn 0.0008 -0.1738 0.9848
vn -0.0006 -0.1741 0.9847
vn 0.0007 -0.1739 0.9848
vn 0.0005 -0.1744 0.9847
vn 0.0131 0.9945 0.1038
vn -0.0045 0.9952 0.0983
vn -0.0000 0.9902 0.1396
vn -0.0002 0.9902 0.1397
vn -0.0057 0.9909 -0.1343
vn 0.0003 -0.1739 0.9848
vn 0.0011 1.0000 -0.0005
vn -0.0040 0.9985 -0.0542
vn 0.0117 0.9981 -0.0597
vn -0.0038 1.0000 -0.0085
vn -0.0009 0.9889 0.1487
vn -0.0059 0.9957 0.0930
vn -0.0017 0.9995 -0.0330
vn -0.0082 0.9936 0.1128
vn 0.0044 0.9996 -0.0270
vn 0.0047 0.9995 -0.0305
vn 0.0003 0.9903 -0.1386
vn -0.0000 0.9903 -0.1388
vn 0.0059 0.9999 0.0127
vn 0.0041 0.9997 0.0228
vn -0.0030 0.9999 0.0159
vn -0.0053 0.9995 0.0297
vn -0.0018 0.9995 0.0316
vn -0.0003 -0.1735 -0.9848
vn 0.0001 -0.1734 -0.9849
vn 0.0003 -0.1742 0.9847
vn 0.0003 -0.1734 0.9849
vn 0.0005 -0.1732 -0.9849
vn -0.0002 -0.1740 -0.9848
vn 0.0004 -0.1731 0.9849
vn 0.0001 -0.1734 -0.9848
vn 0.0001 -0.1730 0.9849
vn -0.0003 -0.1739 -0.9848
vn -0.0000 -0.1732 -0.9849
vn 0.0008 -0.1737 0.9848
vn -0.0002 -0.1739 0.9848
vn 0.0007 -0.1736 0.9848
vn 0.0003 -0.1732 0.9849
vn -0.0004 -0.1742 0.9847
vn -0.0004 -0.1740 -0.9847
vn -0.0006 -0.1739 0.9848
vn -0.0002 -0.1734 -0.9849
vn -0.0005 -0.1743 0.9847
vn 0.0004 -0.1731 -0.9849
vn 0.0003 -0.1740 0.9847
vn 0.0003 -0.1731 0.9849
vn -0.0004 -0.1739 -0.9848
vn -0.0004 -0.1737 0.9848
vn -0.0004 -0.1733 0.9849
vn -0.0004 -0.1732 -0.9849
vn -0.0006 -0.1737 0.9848
vn 0.0006 -0.1734 -0.9848
vn -0.0000 0.9899 -0.1419
vn -0.0059 0.9910 -0.1338
vn -0.0045 0.9902 0.1399
vn 0.0024 0.9888 -0.1491
vn 0.0024 0.9894 -0.1455
vn -0.0000 0.9905 -0.1378
vn -0.0023 0.9899 -0.1421
vn 0.0003 0.9910 0.1340
vn 0.0003 -0.1736 0.9848
vn -0.0002 -0.1736 0.9848
vn 0.0002 -0.1734 0.9849
vn -0.0005 -0.1738 0.9848
vn 0.0002 -0.1741 0.9847
vn 0.0004 -0.1735 0.9848
vn -0.5406 0.8367 0.0873
vn -0.5352 0.8405 0.0847
vn -0.5318 0.8455 0.0489
vn -0.5385 0.8423 0.0218
vn -0.5353 0.8446 0.0118
vn -0.5403 0.8412 -0.0200
vn -0.5427 0.8379 -0.0585
vn -0.5446 0.8329 -0.0982
vn -0.5414 0.8323 -0.1187
vn -0.5499 0.8348 0.0251
vn -0.5513 0.8317 0.0663
vn -0.5512 0.8317 0.0663
vn -0.5473 0.8358 0.0434
vn -0.5413 0.8401 0.0368
vn -0.5461 0.8377 -0.0076
vn -0.5470 0.8370 0.0126
vn -0.5478 0.8366 0.0043
vn -0.5451 0.8361 -0.0616
vn -0.5485 0.8314 -0.0889
vn -0.5378 0.8430 -0.0095
vn -0.5332 0.8451 0.0390
vn -0.5363 0.8434 0.0325
vn -0.5339 0.8451 -0.0277
vn -0.5354 0.8426 -0.0585
vn -0.5459 0.8337 -0.0827
vn -0.5443 0.8312 0.1133
vn -0.5479 0.8335 0.0709
vn -0.5535 0.8326 -0.0207
vn -0.5524 0.8327 -0.0375
vn -0.5491 0.8290 -0.1065
vn -0.0079 0.9996 0.0289
vn 0.0111 0.9996 0.0272
vn -0.0034 0.9995 0.0322
vn -0.0060 0.9977 0.0669
vn 0.0077 0.9997 0.0215
vn -0.0015 0.9963 0.0865
vn 0.0011 0.9962 0.0876
vn -0.0008 0.9990 0.0444
vn -0.0047 0.9966 0.0822
vn 0.0004 0.9947 0.1026
vn -0.0006 0.9961 0.0886
vn 0.0040 0.9939 0.1106
vn -0.0207 0.9944 0.1033
vn 0.0087 0.9965 0.0837
vn 0.0029 0.9961 0.0881
vn 0.0035 0.9981 0.0614
vn 0.0083 0.9983 0.0583
vn -0.0064 0.9992 0.0390
vn 0.0003 0.9964 0.0852
vn 0.0010 0.9993 0.0374
vn -0.0018 0.9995 0.0315
vn 0.0017 0.9999 0.0144
vn 0.0046 0.9999 0.0159
vn -0.0001 0.9963 -0.0856
vn -0.0058 0.9986 -0.0523
vn -0.0004 0.9961 -0.0882
vn 0.0009 0.9897 -0.1432
vn -0.0046 0.9767 -0.2146
vn 0.0002 0.9901 -0.1406
vn -0.0042 0.9945 -0.1047
vn 0.0021 0.9929 -0.1190
vn 0.0073 0.9972 -0.0738
vn -0.0046 0.9975 -0.0705
vn 0.0005 0.9966 -0.0823
vn 0.0025 0.9958 -0.0910
vn -0.0109 0.9991 -0.0416
vn 0.0020 0.9979 -0.0648
vn -0.0002 0.9899 -0.1418
vn 0.0001 0.9899 -0.1418
vn -0.0002 0.9898 0.1426
vn 0.0004 0.9898 0.1426
vn -0.0000 0.9899 0.1415
vn 0.0007 1.0000 -0.0072
vn 0.0071 0.9990 -0.0441
vn -0.0006 1.0000 0.0005
vn 0.0039 0.9958 0.0910
vn 0.0038 0.9988 0.0487
vn -0.0043 0.9984 0.0567
vn 0.0068 1.0000 0.0064
vn -0.0113 0.9962 0.0867
vn -0.0081 0.9969 -0.0778
vn 0.0001 -0.1746 -0.9846
vn -0.0001 -0.1728 -0.9850
vn -0.0000 -0.1732 0.9849
vn 0.0003 -0.1735 -0.9848
vn -0.0006 0.9910 0.1341
vn -0.0017 0.9907 0.1364
vn -0.0000 0.9906 0.1365
vn -0.0000 0.9907 0.1360
vn -0.0003 -0.1733 0.9849
vn 0.0002 -0.1734 -0.9848
vn 0.0004 -0.1740 -0.9848
vn 0.0002 -0.1732 -0.9849
vn -0.0000 -0.1728 0.9850
vn -0.0004 -0.1729 0.9849
vn -0.0003 -0.1740 0.9847
vn -0.0002 -0.1732 0.9849
vn -0.0005 -0.1741 0.9847
vn -0.0002 -0.1734 0.9849
vn -0.0000 -0.1731 0.9849
vn 0.0003 -0.1733 0.9849
vn -0.0003 -0.1736 -0.9848
vn -0.0036 0.9905 0.1374
vn -0.0041 0.9938 0.1109
vn -0.0004 -0.1738 0.9848
vn 0.0002 -0.1731 0.9849
vn -0.0005 -0.1730 0.9849
vn -0.0090 0.9990 -0.0433
vn -0.0102 0.9996 -0.0256
vn -0.0065 1.0000 -0.0024
vn -0.0044 0.9992 -0.0401
vn 0.0043 0.9995 -0.0319
vn -0.0026 0.9955 0.0943
vn -0.0030 0.9959 0.0907
vn -0.0013 0.9901 0.1402
vn 0.0002 0.9900 -0.1410
vn -0.0029 0.9904 -0.1384
vn -0.0000 0.9905 -0.1372
vn -0.0050 0.9971 0.0763
vn 0.0019 0.9945 0.1051
vn -0.0012 0.9943 0.1070
vn 0.0086 0.9994 0.0337
vn -0.0066 0.9985 0.0541
vn -0.0006 0.9975 -0.0712
vn -0.0143 0.9967 -0.0805
vn -0.0093 0.9988 -0.0488
vn -0.0038 0.9906 -0.1368
vn 0.0067 0.9972 -0.0749
vn -0.0037 0.9959 -0.0909
vn 0.0028 0.9957 -0.0929
vn -0.0038 0.9963 -0.0859
vn -0.0013 0.9977 -0.0680
vn -0.0061 0.9972 0.0748
vn -0.0037 0.9989 0.0469
vn -0.0048 1.0000 0.0035
vn 0.0056 0.9996 0.0268
vn -0.0050 0.9993 0.0383
vn 0.0010 0.9997 0.0236
vn -0.0015 0.9965 0.0834
vn -0.0040 1.0000 0.0034
vn 0.0014 0.9992 -0.0387
vn -0.0039 0.9987 -0.0502
vn 0.0011 0.9995 -0.0315
vn -0.0030 0.9994 -0.0341
vn -0.0040 0.9992 -0.0391
vn 0.0022 0.9996 -0.0299
vn 0.0038 0.9958 0.0917
vn -0.0021 0.9942 0.1076
vn -0.0094 0.9962 0.0866
vn 0.0004 0.9907 0.1362
vn -0.0017 0.9905 0.1376
vn -0.0005 0.9905 -0.1374
vn 0.0124 0.9956 -0.0926
vn 0.0005 0.9899 -0.1415
vn 0.0006 0.9901 -0.1406
vn 0.0038 0.9904 -0.1380
vn -0.0065 0.9999 0.0103
vn -0.0060 1.0000 0.0032
vn 0.0057 0.9999 -0.0145
vn -0.0049 0.9997 -0.0242
vn 0.0052 0.9986 0.0521
vn 0.0039 0.9978 0.0664
vn 0.0053 1.0000 0.0006
vn -0.0025 1.0000 -0.0034
vn 0.0028 0.9971 0.0764
vn -0.0108 0.9997 0.0234
vn -0.0016 0.9997 -0.0233
vn -0.0040 0.9996 0.0262
vn 0.0037 0.9998 0.0200
vn 0.0083 0.9972 0.0750
vn 0.0079 0.9971 0.0753
vn 0.0049 0.9972 0.0745
vn 0.0045 0.9993 0.0383
vn 0.0044 0.9990 -0.0435
vn 0.0063 0.9998 -0.0179
vn -0.0028 0.9995 -0.0317
vn 0.0056 0.9987 -0.0510
vn 0.0107 0.9997 -0.0222
vn -0.0036 0.9998 -0.0213
vn 0.0041 0.9996 -0.0276
vn 0.0063 0.9945 0.1043
vn 0.0080 0.9968 0.0796
vn -0.0012 0.9898 0.1424
vn -0.0087 0.9957 0.0918
vn -0.0125 0.9981 0.0600
vn -0.0014 0.9962 0.0872
vn -0.0056 0.9908 0.1350
vn -0.0035 0.9979 0.0644
vn 0.0031 0.9968 0.0801
vn 0.0027 0.9995 0.0328
vn 0.0013 0.9964 0.0848
vn -0.0005 0.9961 -0.0886
vn 0.0005 0.9962 -0.0871
vn 0.0044 0.9953 -0.0971
vn -0.0026 0.9955 -0.0944
vn 0.0024 0.9959 -0.0908
vn -0.0003 0.9964 -0.0849
vn -0.0116 0.9957 -0.0915
vn 0.0012 0.9972 -0.0752
vn -0.0011 0.9971 -0.0765
vn 0.0004 0.9966 -0.0822
vn -0.0007 0.9969 -0.0782
vn -0.0019 0.9961 -0.0888
vn -0.0035 1.0000 0.0019
vn -0.0078 0.9973 0.0734
vn 0.0002 0.9980 0.0628
vn 0.0096 0.9969 0.0785
vn 0.0011 0.9960 -0.0898
vn -0.0035 0.9909 -0.1345
vn 0.0150 0.9946 -0.1028
vn 0.0125 0.9989 -0.0457
vn 0.0055 0.9970 0.0768
vn 0.0083 1.0000 0.0008
vn -0.0090 0.9993 0.0361
vn -0.0019 1.0000 0.0013
vn 0.0046 0.9998 -0.0175
vn 0.0103 0.9999 0.0115
vn 0.0005 0.9978 0.0658
vn -0.0015 0.9977 0.0674
vn 0.0139 0.9990 -0.0433
vn -0.0100 0.9998 -0.0151
vn -0.0009 0.9985 0.0553
vn 0.0134 0.9999 -0.0105
vn -0.0052 0.9963 -0.0861
vn -0.0004 -0.1739 0.9848
vn -0.0004 -0.1740 0.9847
vn 0.0004 -0.1733 0.9849
vn -0.0006 -0.1743 0.9847
vn -0.0000 -0.1741 0.9847
vn 0.0001 -0.1742 -0.9847
vn 0.0012 -0.1743 -0.9847
vn -0.0002 -0.1740 -0.9847
vn -0.0004 -0.1746 0.9846
vn -0.0004 -0.1734 -0.9849
vn 0.0003 -0.1732 -0.9849
vn 0.0002 -0.1734 0.9848
vn 0.0004 -0.1744 0.9847
vn 0.0005 -0.1736 -0.9848
vn -0.0002 -0.1741 0.9847
vn -0.0003 -0.1731 -0.9849
vn -0.0005 -0.1735 -0.9848
vn -0.0005 -0.1742 0.9847
vn -0.0002 -0.1740 0.9848
vn 0.0001 -0.1741 0.9847
vn -0.0003 -0.1732 -0.9849
vn -0.0002 -0.1730 0.9849
vn -0.0003 -0.1733 -0.9849
vn -0.0006 -0.1740 0.9847
vn -0.0001 -0.1744 0.9847
vn 0.0005 -0.1737 -0.9848
vn 0.0004 -0.1738 -0.9848
vn -0.0001 -0.1732 -0.9849
vn -0.0002 -0.1730 -0.9849
vn -0.0000 -0.1730 0.9849
vn -0.0002 -0.1736 -0.9848
vn -0.0002 -0.1735 -0.9848
vn 0.0006 -0.1733 -0.9849
vn -0.0005 -0.1739 0.9848
vn 0.0002 -0.1733 0.9849
vn -0.0003 -0.1740 -0.9847
vn -0.0004 -0.1734 0.9849
vn -0.0006 -0.1733 0.9849
vn -0.0005 -0.1738 -0.9848
vn 0.0002 -0.1743 -0.9847
vn -0.0001 -0.1731 -0.9849
vn -0.0002 -0.1732 -0.9849
vn 0.0005 -0.1735 0.9848
vn 0.0005 -0.1739 -0.9848
vn 0.0001 -0.1730 -0.9849
vn -0.0005 -0.1739 -0.9848
vn -0.0003 -0.1742 -0.9847
vn -0.0003 -0.1734 -0.9848
vn 0.0006 -0.1739 -0.9848
vn 0.0003 -0.1741 -0.9847
vn 0.0125 0.9893 -0.1452
vn 0.0024 0.9883 -0.1523
vn -0.0000 0.9911 -0.1334
vn -0.0000 0.9896 0.1438
vn -0.0000 0.9902 -0.1398
vn 0.0031 0.9944 0.1060
vn -0.0008 0.9903 0.1391
vn -0.0000 0.9897 0.1429
vn -0.0000 0.9898 0.1425
vn -0.0000 0.9908 0.1356
vn -0.0000 0.9896 -0.1440
vn -0.0000 0.9899 -0.1417
vn 0.0008 0.9904 -0.1384
vn -0.0000 0.9902 -0.1399
vn -0.0106 0.9967 0.0805
vn -0.0000 0.9908 -0.1351
vn -0.0070 0.9916 -0.1291
vn -0.0000 0.9908 0.1355
vn -0.0042 0.9928 0.1195
vn 0.0072 0.9910 -0.1334
vn 0.0099 0.9954 -0.0953
vn -0.0101 0.9948 -0.1009
vn 0.0121 0.9946 -0.1028
vn 0.0007 0.9903 0.1391
vn -0.0000 0.9907 0.1358
vn 0.0008 0.9903 0.1387
vn -0.0000 0.9904 0.1381
vn -0.0000 0.9902 -0.1397
vn 0.0013 0.9958 -0.0917
vn -0.0000 0.9904 0.1384
vn 0.0166 0.9916 0.1281
vn -0.0000 0.9898 0.1427
vn -0.0010 0.9902 -0.1399
vn -0.0000 -0.1749 -0.9846
vn -0.0003 -0.1745 -0.9847
vn 0.2348 0.9706 -0.0523
vn 0.2919 0.9545 -0.0617
vn 0.3471 0.9350 -0.0728
vn 0.4653 0.8782 0.1111
vn -0.1022 0.9910 0.0861
vn -0.4499 0.8918 -0.0487
vn -0.5222 0.8499 0.0711
vn -0.5505 0.8274 0.1110
vn 0.0021 0.9966 0.0825
vn 0.0083 0.9990 -0.0431
vn -0.0015 0.9995 0.0311
vn 0.0040 0.9907 -0.1357
vn 0.0049 0.9995 0.0325
vn -0.0002 1.0000 0.0008
vn 0.0055 0.9951 0.0986
vn -0.0026 0.9961 0.0888
vn -0.0000 0.9897 0.1433
vn -0.0008 -0.1735 0.9848
vn -0.5351 0.8444 -0.0246
vn -0.5416 0.8399 -0.0346
vn -0.0031 0.9996 -0.0281
vn 0.0057 0.9995 -0.0323
vn -0.0019 1.0000 0.0089
vn 0.0028 0.9979 0.0652
vn -0.0024 0.9984 0.0564
vn 0.0062 0.9969 -0.0785
vn 0.0016 0.9904 -0.1385
vn -0.0000 0.9906 -0.1371
vn -0.0000 0.9910 0.1342
vn -0.0031 0.9928 -0.1195
vn 0.0024 0.9962 -0.0874
vn 0.0006 -0.1740 0.9847
vn -0.0000 0.9901 -0.1404
vn -0.0026 0.9965 0.0831
vn -0.0000 0.9907 0.1359
vn -0.1203 0.9927 -0.0019
vn 0.2994 0.9526 -0.0537
vn 0.3609 0.9307 -0.0590
vn -0.0102 0.9941 -0.1078
vn 0.0069 0.9998 0.0165
vn -0.0017 0.9995 0.0316
vn -0.5355 0.8443 -0.0219
vn -0.0004 0.9966 0.0819
vn -0.0029 0.9957 -0.0930
vn -0.0014 1.0000 -0.0061
vn 0.0049 0.9997 0.0233
vn 0.0127 0.9972 0.0733
vn -0.0012 0.9970 -0.0780
vn 0.0033 0.9996 0.0265
vn -0.0009 0.9955 -0.0943
vn -0.5255 0.8496 -0.0451
vn -0.5379 0.8404 -0.0655
vn -0.0067 0.9986 0.0526
vn 0.0013 0.9966 -0.0827
vn -0.0086 0.9981 -0.0612
vn 0.0010 1.0000 0.0061
vn -0.0030 0.9963 -0.0859
vn 0.0186 0.9995 0.0239
vn 0.0027 0.9990 0.0445
vn -0.0017 0.9964 0.0851
vn 0.0040 0.9998 0.0211
vn -0.0059 0.9996 0.0273
vn -0.0005 -0.1740 -0.9848
vn 0.0005 -0.1740 0.9847
vn -0.0007 -0.1740 0.9847
vn -0.5351 0.8444 0.0246
vn -0.5236 0.8520 0.0036
vn -0.5375 0.8416 0.0535
vn -0.5319 0.8461 -0.0346
vn -0.5546 0.8319 0.0205
vn 0.0020 0.9946 0.1038
vn -0.0042 0.9962 0.0867
vn 0.0060 0.9959 -0.0898
vn 0.0047 0.9987 -0.0516
vn 0.0025 0.9943 -0.1065
vn -0.0045 0.9960 -0.0893
vn 0.0008 0.9996 -0.0272
vn -0.0012 0.9996 -0.0267
vn -0.0004 0.9981 0.0609
vn -0.0053 0.9996 0.0286
vn 0.0022 0.9975 0.0709
vn -0.0028 0.9959 0.0907
vn -0.0004 0.9961 0.0885
vn -0.0107 0.9961 -0.0870
vn 0.0015 0.9967 -0.0814
vn -0.0008 0.9972 -0.0748
vn -0.0027 0.9970 0.0771
vn 0.0098 0.9991 -0.0421
vn -0.0025 0.9980 -0.0628
vn -0.0078 0.9973 -0.0732
vn 0.0112 0.9996 -0.0246
vn 0.0110 0.9961 0.0881
vn -0.0105 0.9947 -0.1024
vn 0.0727 0.9948 0.0708
vn -0.0033 0.9998 0.0192
vn 0.0069 0.9973 0.0727
vn 0.0018 0.9965 0.0832
vn -0.0115 0.9995 0.0287
vn 0.0073 0.9963 -0.0855
vn 0.0057 0.9998 -0.0177
vn 0.0007 -0.1738 -0.9848
vn -0.0006 -0.1742 -0.9847
vn 0.0001 -0.1744 0.9847
vn -0.0028 0.9903 -0.1389
vn -0.0000 0.9896 -0.1438
vn -0.0000 0.9908 -0.1355
vn 0.0008 0.9909 0.1347
vn -0.0000 0.9903 0.1390
vn -0.0026 0.9905 0.1376
vn 0.0038 0.9906 0.1370
vn -0.2787 0.9472 -0.1586
vn 0.1464 0.9779 -0.1490
vn 0.4437 0.8961 -0.0102
vn -0.0088 0.9999 -0.0136
vn 0.0010 0.9954 0.0959
vn -0.5342 0.8443 0.0417
vn -0.5258 0.8491 0.0502
vn 0.1205 0.9925 -0.0208
vn -0.0012 0.9906 -0.1368
vn 0.0042 0.9953 -0.0967
vn -0.5331 0.8423 0.0794
vn -0.0053 0.9960 -0.0894
vn -0.0008 0.9953 0.0970
vn -0.0006 0.9903 0.1388
vn -0.0066 0.9989 -0.0473
vn 0.0075 0.9909 -0.1342
vn 0.0087 0.9962 0.0871
vn 0.0003 -0.1734 0.9848
vn 0.0004 -0.1742 0.9847
vn 0.0102 0.9960 0.0886
vn 0.0120 0.9999 -0.0075
vn 0.0032 0.9976 0.0693
vn -0.0024 0.9993 -0.0386
vn 0.0007 0.9996 0.0281
vn -0.0068 0.9999 0.0127
vn -0.0032 1.0000 -0.0082
vn -0.0004 -0.1734 0.9848
vn 0.0010 0.9994 0.0349
vn -0.0088 0.9914 -0.1309
vn 0.0002 0.9958 0.0921
vn 0.0084 0.9946 -0.1031
vn -0.0068 0.9984 0.0554
vn -0.0000 0.9916 0.1292
vn -0.0011 0.9964 -0.0852
vn 0.0040 0.9962 -0.0874
vn -0.0091 0.9998 -0.0163
vn 0.0079 0.9988 -0.0477
vn 0.0005 -0.1734 -0.9848
vn -0.0006 -0.1739 -0.9848
vn 0.4738 0.8751 0.0991
vn -0.5530 0.8304 0.0682
vn -0.0000 0.9907 -0.1358
vn -0.0023 0.9966 0.0829
vn 0.0043 0.9880 0.1545
vn 0.0088 0.9941 -0.1081
vn -0.5475 0.8368 -0.0002
vn 0.0048 0.9985 -0.0544
vn 0.6062 0.7887 -0.1023
vn -0.5347 0.8363 -0.1216
vn -0.0000 0.9912 0.1326
vn -0.0035 0.9993 0.0379
vn 0.0008 0.9993 0.0387
vn 0.5137 0.8546 0.0761
vn -0.0005 -0.1740 0.9847
vn 0.0008 -0.1736 -0.9848
vn -1.0000 0.0017 0.0026
vn -0.0000 0.9895 0.1447
vn -0.5428 0.8324 0.1118
vn 0.0005 0.9964 0.0853
vn 0.0006 0.9997 -0.0230
vn 0.0020 0.9993 0.0380
vn 0.0058 0.9969 -0.0784
vn 0.0004 -0.1744 -0.9847
vn -0.0077 0.9955 0.0942
vn 0.0043 0.9992 -0.0402
vn 0.0041 0.9952 -0.0973
vn 0.0006 -0.1746 -0.9846
vn 0.0052 0.9955 -0.0946
vn -0.0060 0.9987 -0.0509
vn 0.0006 0.9895 0.1443
vn -0.0005 0.9999 -0.0125
vn 0.0153 0.9891 0.1463
vn 0.4246 0.9041 0.0478
vn 0.4366 0.8995 -0.0168
vn 0.4891 0.8716 0.0340
vn -0.9778 0.2009 -0.0601
vn 0.0724 0.9967 0.0378
vn 0.0101 0.9961 0.0874
vn -0.0000 0.9895 0.1446
vn -0.8827 0.4546 0.1193
vn -0.0096 0.9997 0.0209
vn 0.0026 0.9962 -0.0872
vn 0.0044 0.9963 -0.0860
vn 0.0027 0.9992 0.0393
vn -0.0058 0.9957 0.0920
vn -0.0004 -0.1734 -0.9848
vn -0.0118 0.9995 0.0277
vn 0.0005 -0.1741 -0.9847
vn 0.0045 0.9987 -0.0502
vn -1.0000 0.0002 -0.0001
vn -0.0000 0.9901 -0.1402
vn -0.0008 0.9999 -0.0131
vn -0.0031 0.9914 0.1307
vn -0.0020 0.9986 -0.0526
vn -0.5419 0.8331 -0.1111
vn 0.0064 0.9932 0.1160
vn -0.0001 0.9895 0.1447
vn -0.0027 0.9990 0.0435
vn 0.0077 0.9906 -0.1368
vn -0.0042 0.9932 0.1160
vn -0.0102 0.9997 -0.0204
vn -0.0005 0.9901 -0.1407
vn 0.6197 0.7814 0.0727
vn 0.5937 0.8028 0.0555
vn -0.0062 0.9959 -0.0901
vn -0.0076 0.9913 0.1312
vn -0.0024 0.9995 -0.0301
vn -0.5412 0.8409 -0.0034
vn -0.0041 0.9977 0.0676
vn 0.0023 0.9975 -0.0705
vn -0.0001 0.9979 -0.0640
vn 0.0002 -0.1728 0.9850
vn -0.5473 0.8323 -0.0882
vn 0.0041 0.9999 0.0162
vn 0.0020 0.9963 -0.0859
vn 0.0004 -0.1740 0.9848
vn -0.0005 0.9993 -0.0361
vn 0.0089 0.9916 -0.1293
vn -0.0030 0.9904 -0.1383
vn -0.0000 0.9907 -0.1360
vn 0.0014 0.9995 0.0325
vn 0.0075 0.9912 -0.1322
vn -0.0061 0.9968 -0.0791
vn -0.0037 0.9993 0.0364
vn 0.5057 0.8574 0.0953
vn -0.0001 0.9999 -0.0127
vn -0.0095 0.9941 -0.1079
vn 0.5051 0.8630 0.0001
vn -0.5443 0.8313 -0.1127
vn 0.1894 0.9733 0.1297
vn 0.0001 -0.1731 0.9849
vn -0.0074 0.9916 0.1294
vn -0.0000 -0.1729 0.9849
vn 0.0056 0.9998 -0.0179
vn -0.0004 -0.1738 -0.9848
vn 0.0028 0.9906 -0.1368
vn -0.0000 0.9896 0.1436
vn 0.0046 1.0000 0.0047
vn 0.0006 -0.1736 -0.9848
vn -0.0085 0.9994 -0.0349
vn 0.0001 0.9911 -0.1333
vn 0.2213 0.9733 0.0606
vn 0.6285 0.7692 -0.1153
vn -0.0015 0.9947 0.1032
vn -0.0046 0.9966 -0.0822
vn -0.0001 0.9982 0.0598
vn 0.0030 0.9947 0.1031
vn 0.0010 0.9988 0.0481
vn 0.0001 -0.1740 0.9848
vn -0.5476 0.8352 -0.0505
vn 0.0086 0.9969 -0.0787
vn 0.0020 0.9962 -0.0873
vn 0.0005 -0.1738 0.9848
vn -0.0001 -0.1740 0.9848
vn -0.5467 0.8363 -0.0416
vn -0.5413 0.8395 -0.0479
vn -0.0056 0.9977 -0.0681
vn 0.0013 0.9904 -0.1380
vn 0.0005 0.9945 0.1050
vn -0.0021 0.9976 -0.0692
vn -0.0007 0.9972 -0.0747
vn -0.0043 0.9990 0.0436
vn -0.0041 0.9998 -0.0218
vn -0.0084 0.9966 -0.0822
vn -0.3819 0.9083 0.1709
vn 0.0160 0.9953 -0.0953
vn -0.0032 0.9998 -0.0208
vn -0.0000 0.9903 -0.1387
vn -0.0019 0.9978 -0.0659
vn -0.5389 0.8411 0.0453
vn -0.5413 0.8397 0.0430
vn 0.0003 0.9996 -0.0275
vn 0.0014 0.9996 0.0274
vn -0.0087 0.9996 0.0266
vn -0.5471 0.8371 -0.0041
vn 0.0099 0.9904 -0.1377
vn -0.5389 0.8421 0.0217
vn -0.0007 0.9970 -0.0771
vn -0.0000 0.9905 -0.1376
vn 0.0002 0.9896 -0.1437
vn 0.0037 0.9995 -0.0299
vn -0.0057 0.9901 -0.1404
vn -0.5368 0.8401 0.0778
vn -0.0076 0.9963 -0.0853
vn 0.0048 0.9958 -0.0917
vn -0.0022 0.9993 0.0366
vn -0.5391 0.8385 0.0791
vn 0.0009 0.9962 0.0865
vn 0.0040 0.9997 0.0261
vn -0.0077 0.9913 -0.1314
vn -0.0898 0.9846 -0.1500
vn 0.0061 0.9985 0.0544
vn -0.0133 0.9963 -0.0848
vn 0.0099 0.9958 -0.0911
vn 0.0051 0.9995 -0.0318
vn -0.0900 0.9845 -0.1502
vn -0.0061 0.9962 0.0871
vn 0.0004 0.9970 -0.0774
vn -0.0005 -0.1734 0.9849
vn -0.0025 0.9964 0.0847
vn -0.0047 0.9997 -0.0247
vn 0.0060 0.9999 -0.0149
vn -0.0112 0.9999 -0.0093
vn -0.0002 0.9998 -0.0203
vn 0.5691 0.8222 0.0124
vn -0.5469 0.8371 -0.0060
vn -0.0080 0.9985 -0.0549
vn 0.4079 0.9094 -0.0818
vn 0.4189 0.9053 -0.0708
vn -1.0000 0.0002 0.0001
vn -0.5353 0.8445 0.0159
vn -0.5409 0.8403 0.0370
vn -0.0079 0.9967 -0.0805
vn 0.0026 0.9969 -0.0788
vn 0.4779 0.8760 -0.0650
vn 0.5171 0.8511 -0.0906
vn 0.0530 0.9984 -0.0217
vn 0.0465 0.9985 0.0296
vn 0.0881 0.9946 0.0549
vn 0.0025 0.9959 -0.0901
vn 0.0052 0.9960 -0.0897
vn -0.0024 0.9966 0.0823
vn -0.5447 0.8382 0.0270
vn 0.0012 0.9995 -0.0311
vn -0.5435 0.8393 -0.0149
vn 0.5160 0.8563 -0.0231
vn -0.0021 0.9996 0.0294
vn 0.0026 0.9910 -0.1342
vn -0.0000 0.9912 -0.1326
vn 0.5589 0.8290 -0.0212
vn -0.5435 0.8362 0.0731
vn -0.5380 0.8394 0.0768
vn -0.5455 0.8348 0.0744
vn -0.0034 0.9965 0.0831
vn 0.5894 0.8073 0.0289
vn -0.0000 0.9910 0.1336
vn -0.0040 0.9906 0.1366
vn 0.0007 0.9910 0.1340
vn -0.0078 0.9967 0.0811
vn -0.0102 0.9996 0.0262
vn -0.0028 0.9996 0.0298
vn 0.0896 0.9889 0.1187
vn -0.5489 0.8358 0.0118
vn -0.5440 0.8391 0.0060
vn 0.0078 0.9995 -0.0318
vn 0.1122 0.9846 0.1338
vn -0.0152 0.9998 -0.0126
vn -0.0106 0.9970 -0.0766
vn -0.0110 0.9996 -0.0260
vn -0.5462 0.8345 -0.0727
vn -0.5448 0.8376 -0.0407
vn -0.0037 0.9955 0.0949
vn 0.4523 0.8874 -0.0893
vn 0.5859 0.8084 -0.0576
vn -0.0012 0.9953 0.0966
vn -0.5493 0.8309 -0.0881
vn 0.5866 0.8002 -0.1246
vn -0.5494 0.8322 -0.0748
vn -0.0043 0.9996 0.0286
vn 0.0144 0.9996 0.0254
vn 0.5094 0.8541 -0.1055
vn 0.5402 0.8322 -0.1246
vn 0.5399 0.8388 -0.0700
vn -0.5469 0.8365 -0.0344
vn -0.0067 0.9995 -0.0310
vn 0.2559 0.9666 -0.0114
vn 0.2637 0.9610 0.0832
vn 0.1743 0.9846 -0.0104
vn 0.0069 0.9962 -0.0872
vn -0.9950 0.0812 0.0584
vn 0.2010 0.9791 -0.0297
vn 0.1700 0.9844 0.0450
vn -0.8359 0.5469 0.0471
vn -0.8757 0.4795 -0.0573
vn -0.9863 0.1336 0.0963
vn -0.8463 0.5284 -0.0676
vn -0.9903 0.1195 -0.0715
vn -0.9972 0.0278 0.0691
vn 0.5364 0.8433 0.0334
vn 0.5385 0.8417 -0.0386
vn -0.9899 0.0693 0.1234
vn 0.4971 0.8668 -0.0391
vn 0.4797 0.8680 -0.1282
vn 0.0053 0.9960 -0.0896
vn -0.5454 0.8375 -0.0342
vn -0.5502 0.8345 -0.0294
vn -0.5492 0.8328 -0.0693
vn -0.0184 0.9972 0.0719
vn -0.5510 0.8315 -0.0713
vn -0.5538 0.8256 -0.1083
vn 0.0008 -0.1739 -0.9848
vn -0.0001 0.9957 0.0928
vn -0.0003 0.9957 0.0926
vn 0.2575 0.9593 -0.1155
vn 0.1679 0.9802 -0.1052
vn -0.0001 -1.0000 -0.0000
s 0
f 1//1 2//1 3//1
f 3//2 4//2 1//2
f 5//3 6//3 7//3
f 3//4 2//4 8//4
f 9//5 10//5 11//5
f 1//5 11//5 10//5
f 12//6 13//6 14//6
f 14//6 15//6 12//6
f 16//7 17//7 18//7
f 19//8 20//8 21//8
f 22//9 19//9 21//9
f 23//10 24//10 25//10
f 26//11 27//11 23//11
f 28//12 11//12 4//12
f 29//1 30//1 31//1
f 32//13 33//13 34//13
f 35//6 36//6 37//6
f 38//14 39//14 40//14
f 41//15 42//15 43//15
f 44//16 45//16 46//16
f 47//17 48//17 49//17
f 50//18 51//18 52//18
f 53//19 54//19 55//19
f 56//20 57//20 58//20
f 59//21 60//21 61//21
f 62//22 63//22 64//22
f 65//23 66//23 62//23
f 67//24 65//24 62//24
f 65//25 67//25 68//25
f 69//26 66//26 70//26
f 71//27 72//27 73//27
f 71//28 73//28 74//28
f 65//29 75//29 66//29
f 76//30 71//30 77//30
f 75//31 78//31 70//31
f 79//32 80//32 75//32
f 81//33 80//33 79//33
f 82//34 83//34 80//34
f 84//35 81//35 85//35
f 86//36 87//36 88//36
f 85//37 88//37 87//37
f 89//38 85//38 87//38
f 90//39 89//39 87//39
f 84//40 91//40 92//40
f 89//41 93//41 85//41
f 94//42 93//42 95//42
f 92//43 96//43 97//43
f 90//44 98//44 89//44
f 89//45 95//45 93//45
f 99//46 96//46 92//46
f 100//47 95//47 98//47
f 101//48 102//48 103//48
f 101//49 103//49 99//49
f 94//50 104//50 105//50
f 106//51 107//51 100//51
f 108//52 102//52 101//52
f 109//53 108//53 101//53
f 109//54 101//54 110//54
f 104//55 111//55 110//55
f 106//56 112//56 107//56
f 113//57 109//57 110//57
f 113//58 110//58 111//58
f 114//59 112//59 106//59
f 115//60 108//60 109//60
f 116//61 115//61 109//61
f 116//62 109//62 113//62
f 114//63 117//63 112//63
f 111//64 118//64 113//64
f 119//65 116//65 113//65
f 119//66 113//66 118//66
f 120//67 117//67 114//67
f 121//68 115//68 116//68
f 122//69 121//69 116//69
f 120//70 123//70 117//70
f 118//71 124//71 119//71
f 125//72 122//72 126//72
f 127//73 123//73 120//73
f 128//74 129//74 130//74
f 131//75 125//75 132//75
f 133//76 129//76 128//76
f 134//77 135//77 131//77
f 135//78 133//78 128//78
f 136//79 137//79 138//79
f 139//80 133//80 135//80
f 27//81 140//81 141//81
f 20//82 139//82 135//82
f 19//83 139//83 20//83
f 21//84 20//84 26//84
f 27//85 26//85 134//85
f 142//86 27//86 141//86
f 142//87 141//87 143//87
f 24//88 23//88 144//88
f 144//89 23//89 142//89
f 145//90 146//90 147//90
f 143//91 145//91 142//91
f 142//92 145//92 144//92
f 148//93 149//93 150//93
f 151//94 152//94 153//94
f 154//95 155//95 156//95
f 157//96 158//96 159//96
f 156//97 155//97 160//97
f 161//98 162//98 163//98
f 164//99 165//99 166//99
f 167//100 168//100 169//100
f 162//101 170//101 165//101
f 166//102 171//102 167//102
f 167//103 171//103 168//103
f 170//104 172//104 165//104
f 166//105 172//105 171//105
f 172//106 152//106 171//106
f 171//107 152//107 173//107
f 167//108 169//108 174//108
f 174//109 169//109 175//109
f 174//110 175//110 176//110
f 174//111 176//111 177//111
f 178//112 179//112 180//112
f 177//113 181//113 174//113
f 174//114 181//114 167//114
f 182//115 183//115 180//115
f 166//116 181//116 164//116
f 181//117 166//117 167//117
f 180//118 183//118 161//118
f 180//119 161//119 163//119
f 184//6 185//6 186//6
f 187//120 188//120 189//120
f 190//121 191//121 192//121
f 193//122 194//122 195//122
f 196//1 197//1 198//1
f 199//121 200//121 201//121
f 202//123 203//123 204//123
f 205//124 206//124 207//124
f 208//125 209//125 210//125
f 211//120 212//120 213//120
f 214//126 215//126 216//126
f 217//7 218//7 219//7
f 220//1 221//1 222//1
f 223//127 224//127 225//127
f 226//1 227//1 228//1
f 229//1 230//1 231//1
f 232//128 233//128 234//128
f 235//129 236//129 237//129
f 238//130 239//130 240//130
f 170//131 240//131 239//131
f 241//1 242//1 30//1
f 243//124 244//124 245//124
f 246//132 247//132 248//132
f 249//133 250//133 251//133
f 252//134 253//134 254//134
f 255//135 256//135 257//135
f 258//136 259//136 260//136
f 261//124 262//124 263//124
f 264//137 265//137 266//137
f 267//7 268//7 269//7
f 270//124 271//124 272//124
f 273//138 274//138 275//138
f 276//139 277//139 278//139
f 279//1 280//1 281//1
f 282//124 283//124 284//124
f 285//140 286//140 287//140
f 288//141 289//141 290//141
f 291//123 292//123 293//123
f 294//142 295//142 296//142
f 297//143 298//143 299//143
f 300//140 301//140 302//140
f 303//1 2//1 1//1
f 303//144 304//144 6//144
f 305//145 306//145 307//145
f 8//146 2//146 308//146
f 8//147 308//147 309//147
f 308//138 10//138 309//138
f 310//121 16//121 311//121
f 312//121 313//121 314//121
f 315//121 16//121 310//121
f 316//148 310//148 311//148
f 317//149 318//149 319//149
f 184//150 320//150 313//150
f 320//151 184//151 321//151
f 322//139 321//139 323//139
f 324//139 323//139 321//139
f 184//139 325//139 324//139
f 326//7 327//7 328//7
f 329//1 330//1 331//1
f 332//1 38//1 333//1
f 334//7 335//7 336//7
f 8//152 309//152 37//152
f 3//153 8//153 36//153
f 337//132 338//132 339//132
f 340//154 341//154 342//154
f 40//155 41//155 343//155
f 344//156 345//156 46//156
f 344//157 346//157 347//157
f 348//158 349//158 47//158
f 48//159 350//159 49//159
f 340//160 48//160 330//160
f 55//161 54//161 351//161
f 352//162 353//162 354//162
f 355//163 356//163 357//163
f 358//164 359//164 360//164
f 361//165 53//165 362//165
f 53//166 58//166 54//166
f 63//167 69//167 363//167
f 364//168 64//168 365//168
f 366//169 67//169 364//169
f 367//170 72//170 366//170
f 368//171 369//171 370//171
f 371//172 372//172 373//172
f 374//173 375//173 149//173
f 185//6 313//6 376//6
f 377//6 378//6 379//6
f 380//6 381//6 382//6
f 383//138 384//138 385//138
f 386//124 387//124 388//124
f 389//138 367//138 390//138
f 391//1 392//1 393//1
f 394//138 395//138 396//138
f 397//124 398//124 399//124
f 400//124 401//124 402//124
f 403//174 404//174 405//174
f 406//7 407//7 408//7
f 409//120 410//120 411//120
f 412//175 413//175 414//175
f 415//1 416//1 417//1
f 418//124 419//124 420//124
f 421//7 422//7 423//7
f 424//176 425//176 426//176
f 268//121 427//121 269//121
f 428//138 429//138 430//138
f 431//177 205//177 432//177
f 433//127 434//127 435//127
f 436//1 437//1 438//1
f 439//178 440//178 441//178
f 442//124 443//124 444//124
f 445//127 446//127 447//127
f 448//1 449//1 450//1
f 451//7 452//7 411//7
f 453//1 454//1 455//1
f 456//124 457//124 458//124
f 459//124 460//124 461//124
f 462//124 463//124 464//124
f 465//124 466//124 467//124
f 468//7 469//7 470//7
f 471//1 472//1 473//1
f 474//140 475//140 476//140
f 477//124 478//124 479//124
f 480//140 287//140 481//140
f 482//179 483//179 484//179
f 485//180 486//180 487//180
f 488//138 489//138 490//138
f 491//138 492//138 493//138
f 494//138 495//138 496//138
f 497//7 498//7 499//7
f 500//1 501//1 502//1
f 503//181 504//181 505//181
f 506//182 507//182 508//182
f 509//7 510//7 511//7
f 512//7 513//7 514//7
f 515//1 516//1 517//1
f 518//124 519//124 520//124
f 521//138 522//138 523//138
f 524//1 525//1 526//1
f 527//1 528//1 529//1
f 530//7 531//7 532//7
f 533//1 534//1 535//1
f 536//126 537//126 538//126
f 539//121 540//121 541//121
f 401//126 542//126 543//126
f 544//124 545//124 546//124
f 547//1 548//1 549//1
f 550//1 551//1 552//1
f 553//183 554//183 555//183
f 556//184 557//184 558//184
f 559//175 560//175 189//175
f 561//126 562//126 563//126
f 564//185 151//185 153//185
f 565//186 566//186 567//186
f 568//187 569//187 570//187
f 571//188 572//188 573//188
f 153//189 170//189 239//189
f 574//190 575//190 576//190
f 577//191 578//191 579//191
f 580//192 581//192 582//192
f 583//193 584//193 585//193
f 586//194 587//194 588//194
f 582//195 589//195 580//195
f 590//196 591//196 585//196
f 592//197 593//197 594//197
f 595//1 596//1 597//1
f 520//124 598//124 599//124
f 600//124 601//124 602//124
f 603//124 604//124 605//124
f 606//132 337//132 607//132
f 608//7 609//7 248//7
f 610//198 611//198 612//198
f 613//198 347//198 614//198
f 615//199 616//199 617//199
f 618//1 619//1 620//1
f 621//124 622//124 623//124
f 624//124 625//124 626//124
f 627//121 628//121 629//121
f 630//124 631//124 632//124
f 633//7 634//7 635//7
f 636//7 637//7 638//7
f 639//200 640//200 641//200
f 642//201 643//201 644//201
f 645//202 646//202 647//202
f 648//7 649//7 650//7
f 651//121 652//121 653//121
f 654//124 655//124 656//124
f 657//200 658//200 659//200
f 660//124 661//124 662//124
f 663//124 664//124 665//124
f 666//1 363//1 667//1
f 668//2 669//2 670//2
f 671//140 672//140 673//140
f 674//140 675//140 676//140
f 677//138 678//138 679//138
f 274//138 680//138 681//138
f 682//124 261//124 683//124
f 684//124 685//124 686//124
f 687//139 688//139 689//139
f 690//124 691//124 692//124
f 693//124 362//124 694//124
f 695//200 696//200 697//200
f 698//133 699//133 700//133
f 701//7 702//7 703//7
f 704//203 705//203 706//203
f 707//182 708//182 709//182
f 664//134 710//134 711//134
f 712//13 713//13 714//13
f 715//13 34//13 716//13
f 717//204 718//204 719//204
f 720//1 721//1 722//1
f 723//121 724//121 725//121
f 726//205 727//205 728//205
f 729//203 730//203 731//203
f 732//206 733//206 734//206
f 735//1 736//1 737//1
f 738//138 739//138 740//138
f 741//121 742//121 743//121
f 744//207 745//207 746//207
f 747//135 748//135 749//135
f 750//208 751//208 752//208
f 216//209 297//209 753//209
f 754//210 755//210 756//210
f 757//211 758//211 759//211
f 760//212 761//212 762//212
f 763//213 764//213 765//213
f 766//214 767//214 768//214
f 769//215 770//215 771//215
f 772//216 773//216 774//216
f 775//217 776//217 777//217
f 778//218 779//218 586//218
f 780//219 781//219 300//219
f 782//123 783//123 784//123
f 785//121 786//121 787//121
f 788//180 789//180 790//180
f 791//220 291//220 792//220
f 764//221 763//221 793//221
f 759//211 758//211 794//211
f 795//120 796//120 797//120
f 798//181 799//181 800//181
f 4//222 11//222 1//222
f 801//145 306//145 305//145
f 7//3 6//3 802//3
f 17//7 313//7 18//7
f 312//121 18//121 313//121
f 314//148 803//148 323//148
f 324//139 321//139 184//139
f 21//223 25//223 804//223
f 805//7 806//7 807//7
f 808//222 809//222 810//222
f 811//13 812//13 33//13
f 813//13 814//13 815//13
f 816//1 817//1 818//1
f 818//1 819//1 820//1
f 821//224 822//224 823//224
f 824//121 222//121 825//121
f 826//225 827//225 828//225
f 160//2 183//2 829//2
f 37//226 36//226 8//226
f 830//132 831//132 832//132
f 833//14 40//14 343//14
f 40//14 833//14 38//14
f 342//227 343//227 834//227
f 834//228 835//228 836//228
f 52//229 837//229 354//229
f 345//230 344//230 838//230
f 839//157 352//157 838//157
f 349//231 330//231 48//231
f 840//232 841//232 842//232
f 840//233 50//233 843//233
f 351//234 844//234 55//234
f 844//235 351//235 845//235
f 846//236 847//236 814//236
f 361//237 848//237 56//237
f 849//238 850//238 851//238
f 850//239 849//239 848//239
f 852//240 59//240 853//240
f 61//241 853//241 59//241
f 63//242 853//242 64//242
f 854//243 365//243 855//243
f 856//244 857//244 854//244
f 858//245 367//245 859//245
f 68//246 67//246 72//246
f 68//247 72//247 71//247
f 68//248 860//248 65//248
f 68//249 71//249 76//249
f 80//250 83//250 78//250
f 78//251 75//251 80//251
f 91//252 84//252 93//252
f 122//253 116//253 119//253
f 130//254 122//254 125//254
f 135//255 128//255 131//255
f 861//256 862//256 863//256
f 144//257 864//257 861//257
f 865//258 866//258 867//258
f 209//259 868//259 210//259
f 869//260 870//260 871//260
f 872//261 154//261 156//261
f 873//262 874//262 875//262
f 155//263 161//263 160//263
f 183//264 160//264 161//264
f 171//265 173//265 168//265
f 152//266 876//266 173//266
f 177//267 877//267 878//267
f 879//6 880//6 881//6
f 882//268 883//268 884//268
f 885//124 886//124 887//124
f 888//124 889//124 886//124
f 890//138 891//138 892//138
f 893//269 894//269 895//269
f 896//7 897//7 898//7
f 899//126 556//126 558//126
f 900//123 901//123 410//123
f 902//184 903//184 904//184
f 905//7 906//7 907//7
f 908//1 909//1 910//1
f 911//124 912//124 913//124
f 914//138 915//138 916//138
f 917//212 918//212 919//212
f 920//270 921//270 922//270
f 923//120 872//120 924//120
f 784//123 925//123 926//123
f 926//123 925//123 434//123
f 926//123 434//123 927//123
f 928//1 194//1 437//1
f 929//271 930//271 931//271
f 932//272 933//272 934//272
f 775//273 875//273 288//273
f 935//274 936//274 937//274
f 938//275 939//275 592//275
f 940//1 198//1 941//1
f 526//1 942//1 524//1
f 943//121 944//121 945//121
f 578//276 577//276 946//276
f 947//124 948//124 949//124
f 950//7 951//7 952//7
f 952//7 953//7 954//7
f 470//121 469//121 199//121
f 203//184 202//184 400//184
f 955//224 956//224 957//224
f 958//134 959//134 960//134
f 684//124 960//124 685//124
f 961//138 962//138 963//138
f 964//140 475//140 965//140
f 965//140 966//140 967//140
f 743//140 968//140 741//140
f 969//121 970//121 971//121
f 972//1 973//1 974//1
f 975//277 976//277 977//277
f 978//277 977//277 976//277
f 979//278 980//278 981//278
f 982//279 981//279 980//279
f 215//126 297//126 216//126
f 983//138 984//138 985//138
f 640//138 639//138 986//138
f 537//138 987//138 988//138
f 989//7 219//7 990//7
f 334//7 991//7 992//7
f 221//1 808//1 222//1
f 993//127 994//127 995//127
f 996//124 997//124 998//124
f 999//1 1000//1 1001//1
f 1002//268 1003//268 1004//268
f 1005//124 523//124 522//124
f 522//124 521//124 1006//124
f 1007//1 1008//1 226//1
f 1009//126 1010//126 1011//126
f 1012//1 231//1 1013//1
f 230//1 1014//1 945//1
f 1015//174 1016//174 1017//174
f 1018//174 455//174 1019//174
f 1020//280 1021//280 1022//280
f 1023//281 1024//281 1025//281
f 1024//282 1026//282 570//282
f 781//283 780//283 1027//283
f 588//284 1028//284 1029//284
f 1030//285 584//285 1031//285
f 1032//286 1033//286 1034//286
f 1035//287 1036//287 1037//287
f 1038//288 1039//288 1040//288
f 238//289 154//289 1041//289
f 587//290 586//290 779//290
f 595//1 1042//1 596//1
f 245//124 1043//124 1044//124
f 1045//1 1046//1 1047//1
f 1048//132 1049//132 612//132
f 1050//132 1051//132 1052//132
f 1052//132 1053//132 1050//132
f 1054//224 1055//224 1056//224
f 1057//132 1058//132 1059//132
f 1060//132 1061//132 1053//132
f 831//198 1062//198 832//198
f 1063//224 1064//224 1065//224
f 1066//138 1067//138 1068//138
f 1069//133 251//133 1070//133
f 1071//133 1072//133 249//133
f 1073//7 1074//7 423//7
f 1075//124 1076//124 621//124
f 1077//291 1078//291 1079//291
f 649//7 1080//7 650//7
f 644//121 1081//121 1082//121
f 1083//134 254//134 1084//134
f 257//1 1085//1 1086//1
f 1087//138 1088//138 1089//138
f 1090//138 1091//138 1092//138
f 1093//292 1094//292 918//292
f 204//123 1095//123 1096//123
f 1097//7 1098//7 1099//7
f 1100//140 1101//140 1102//140
f 1103//140 1104//140 1105//140
f 1101//140 1106//140 1107//140
f 1108//177 1109//177 1110//177
f 1111//124 262//124 1112//124
f 1113//293 1114//293 1115//293
f 1116//294 103//294 1117//294
f 1118//295 1119//295 1120//295
f 1121//124 1122//124 1123//124
f 905//296 1124//296 1125//296
f 1126//297 1127//297 1128//297
f 427//121 268//121 1129//121
f 427//121 1130//121 1131//121
f 1132//138 1133//138 1134//138
f 1135//140 1136//140 1137//140
f 1138//140 1139//140 1140//140
f 1141//124 270//124 1142//124
f 1143//135 1144//135 1145//135
f 1146//298 195//298 1145//298
f 214//299 1147//299 1148//299
f 1149//138 1150//138 1151//138
f 292//300 1150//300 293//300
f 1152//301 1153//301 1154//301
f 1155//13 1156//13 1157//13
f 1158//124 1159//124 1160//124
f 1161//124 850//124 693//124
f 1162//302 1163//302 1164//302
f 1096//303 1165//303 1166//303
f 1167//203 1168//203 729//203
f 1169//121 1170//121 1171//121
f 1172//121 1173//121 1174//121
f 1174//182 1175//182 1176//182
f 1122//134 1177//134 1178//134
f 1179//13 1180//13 1181//13
f 1182//300 1183//300 1184//300
f 1185//138 1186//138 1187//138
f 1188//304 1189//304 1190//304
f 1191//305 1192//305 1167//305
f 277//127 1193//127 278//127
f 282//127 1194//127 283//127
f 1195//306 1196//306 1197//306
f 1198//299 1199//299 1200//299
f 1144//7 1201//7 1202//7
f 1203//298 1204//298 1205//298
f 289//307 1206//307 290//307
f 1207//301 1208//301 1209//301
f 221//182 1210//182 809//182
f 1211//295 1212//295 1213//295
f 872//120 156//120 1214//120
f 759//134 1215//134 1216//134
f 1217//308 1218//308 1219//308
f 1220//209 1221//209 487//209
f 1216//295 1215//295 1222//295
f 1223//7 213//7 1224//7
f 1024//309 1207//309 1209//309
f 1225//305 980//305 979//305
f 1226//310 937//310 867//310
f 869//311 1227//311 296//311
f 1228//312 1229//312 926//312
f 784//313 926//313 1229//313
f 791//125 1230//125 1231//125
f 1232//314 1233//314 1234//314
f 1235//315 1234//315 1205//315
f 1236//7 866//7 1237//7
f 783//123 925//123 784//123
f 291//316 209//316 1238//316
f 1239//317 1238//317 208//317
f 1240//318 1241//318 1242//318
f 1243//1 1244//1 304//1
f 1//1 1245//1 303//1
f 1246//145 304//145 1244//145
f 1246//319 6//319 304//319
f 2//145 5//145 308//145
f 1246//145 1244//145 307//145
f 303//320 6//320 5//320
f 1243//321 1247//321 1248//321
f 1249//321 1250//321 1251//321
f 1250//138 1252//138 306//138
f 1253//138 7//138 802//138
f 308//138 5//138 10//138
f 311//304 16//304 18//304
f 314//121 313//121 319//121
f 1254//1 803//1 318//1
f 28//121 315//121 11//121
f 310//121 11//121 315//121
f 318//322 317//322 322//322
f 320//323 319//323 313//323
f 319//324 320//324 317//324
f 317//325 321//325 322//325
f 317//326 320//326 321//326
f 322//138 323//138 1255//138
f 1256//327 9//327 383//327
f 184//139 1257//139 325//139
f 384//139 316//139 1257//139
f 383//139 1258//139 384//139
f 1259//7 376//7 1260//7
f 1261//7 881//7 1262//7
f 1263//7 806//7 1264//7
f 4//120 266//120 265//120
f 1265//306 1266//306 1267//306
f 1117//7 1268//7 1116//7
f 328//7 242//7 1269//7
f 1270//306 97//306 1271//306
f 1269//7 1272//7 1273//7
f 1274//7 1275//7 1276//7
f 1277//1 1278//1 1279//1
f 1280//1 1281//1 1282//1
f 1277//1 1281//1 1283//1
f 1284//181 1285//181 811//181
f 812//13 1286//13 813//13
f 1287//181 1288//181 1289//181
f 1290//133 1291//133 1292//133
f 1293//1 1294//1 1295//1
f 1296//1 1294//1 329//1
f 1297//1 1298//1 823//1
f 220//121 1299//121 1300//121
f 1301//121 1302//121 1300//121
f 336//1 1303//1 334//1
f 991//181 334//181 1304//181
f 1305//133 1306//133 1307//133
f 1308//328 1309//328 1310//328
f 1311//329 1312//329 1313//329
f 1314//132 1315//132 1316//132
f 1317//132 1318//132 1319//132
f 1320//132 1321//132 1322//132
f 1293//330 343//330 342//330
f 343//14 1293//14 833//14
f 40//331 1323//331 41//331
f 343//332 41//332 835//332
f 1323//333 40//333 39//333
f 42//334 41//334 1323//334
f 1324//335 46//335 45//335
f 46//336 1324//336 344//336
f 345//337 838//337 354//337
f 352//338 354//338 838//338
f 838//157 344//157 347//157
f 347//157 839//157 838//157
f 346//157 344//157 1324//157
f 355//339 348//339 1325//339
f 47//340 1325//340 348//340
f 48//341 47//341 349//341
f 48//342 340//342 350//342
f 340//343 342//343 1326//343
f 330//344 341//344 340//344
f 1327//345 1328//345 1326//345
f 1327//346 1329//346 1330//346
f 1331//347 1332//347 1329//347
f 1333//348 351//348 54//348
f 351//349 1333//349 845//349
f 845//350 1334//350 844//350
f 1335//351 1334//351 353//351
f 1334//352 845//352 843//352
f 1336//236 814//236 357//236
f 814//236 1336//236 846//236
f 1336//353 357//353 356//353
f 1325//354 356//354 355//354
f 853//355 61//355 855//355
f 846//356 1336//356 359//356
f 1337//357 854//357 1338//357
f 841//358 1339//358 1340//358
f 1341//359 1342//359 1339//359
f 1341//360 1343//360 1344//360
f 1345//361 849//361 370//361
f 848//362 361//362 362//362
f 362//363 850//363 848//363
f 53//364 361//364 58//364
f 54//365 58//365 1344//365
f 69//366 63//366 66//366
f 853//367 63//367 363//367
f 363//240 852//240 853//240
f 846//368 358//368 847//368
f 66//369 63//369 62//369
f 62//370 364//370 67//370
f 364//371 62//371 64//371
f 365//372 64//372 855//372
f 1346//373 1347//373 1337//373
f 67//374 366//374 72//374
f 364//375 365//375 857//375
f 1348//376 1345//376 1346//376
f 72//377 367//377 73//377
f 859//378 366//378 857//378
f 366//379 859//379 367//379
f 859//380 1349//380 858//380
f 368//381 1350//381 369//381
f 1351//382 1352//382 1028//382
f 1023//383 1025//383 1352//383
f 565//384 567//384 1353//384
f 240//385 162//385 155//385
f 233//386 1354//386 1355//386
f 1356//387 1357//387 1358//387
f 1359//388 1360//388 1357//388
f 1361//389 1362//389 1363//389
f 876//390 151//390 1364//390
f 1228//391 1365//391 1229//391
f 1366//392 1227//392 862//392
f 1367//393 1368//393 871//393
f 1369//394 934//394 1370//394
f 1020//395 1371//395 1372//395
f 1373//396 1374//396 1375//396
f 1376//397 1372//397 237//397
f 1377//398 1378//398 1379//398
f 232//399 1380//399 1354//399
f 1381//400 1382//400 1383//400
f 1384//401 932//401 1385//401
f 1386//402 482//402 1387//402
f 1388//138 1389//138 1390//138
f 186//138 1391//138 1392//138
f 1393//138 175//138 1394//138
f 385//138 1395//138 383//138
f 1396//403 1397//403 1364//403
f 1398//124 388//124 885//124
f 1399//138 1400//138 386//138
f 387//124 1401//124 888//124
f 1402//404 1403//404 1404//404
f 1405//175 1406//175 1404//175
f 1407//268 1408//268 1409//268
f 1410//124 603//124 1411//124
f 1412//405 74//405 616//405
f 1413//316 1414//316 1415//316
f 1416//138 1417//138 890//138
f 1418//138 663//138 1419//138
f 1420//269 1421//269 1422//269
f 1423//198 1424//198 1068//198
f 1320//269 1425//269 1422//269
f 1426//121 1427//121 1428//121
f 1429//1 1430//1 454//1
f 1431//1 393//1 1432//1
f 1433//7 529//7 1434//7
f 1435//140 227//140 504//140
f 1436//138 396//138 1437//138
f 1087//138 1438//138 394//138
f 395//124 1439//124 1440//124
f 490//124 399//124 1441//124
f 1442//124 1443//124 1444//124
f 403//406 1445//406 404//406
f 501//120 500//120 1446//120
f 1447//1 1448//1 1449//1
f 1450//2 1451//2 1452//2
f 902//406 1448//406 1447//406
f 1453//121 943//121 1454//121
f 1455//126 1456//126 996//126
f 508//123 1457//123 1458//123
f 223//127 225//127 1459//127
f 1460//133 1461//133 1070//133
f 909//1 1462//1 415//1
f 1463//124 632//124 1464//124
f 1115//407 1114//407 1465//407
f 1466//182 1467//182 1468//182
f 916//138 1469//138 914//138
f 1470//138 1471//138 1472//138
f 915//138 1472//138 1473//138
f 1474//204 1475//204 1476//204
f 1477//134 1478//134 1479//134
f 1480//408 1481//408 1482//408
f 1483//304 1484//304 1485//304
f 708//121 1486//121 709//121
f 1485//304 1487//304 1488//304
f 1113//121 1489//121 1467//121
f 1490//305 1491//305 1492//305
f 760//212 1493//212 1152//212
f 1494//409 1152//409 1154//409
f 1495//133 1496//133 1497//133
f 289//316 1498//316 750//316
f 1499//140 1494//140 1500//140
f 796//406 795//406 754//406
f 433//138 1501//138 1502//138
f 1503//410 1504//410 1505//410
f 773//411 1506//411 1507//411
f 1508//412 1509//412 1510//412
f 443//124 1511//124 1512//124
f 1513//138 1514//138 445//138
f 1515//124 1516//124 1517//124
f 1518//1 1519//1 1520//1
f 1521//1 525//1 1519//1
f 1519//1 524//1 1522//1
f 1523//1 1524//1 448//1
f 942//1 1525//1 1526//1
f 1527//1 1528//1 1529//1
f 1303//1 1530//1 1304//1
f 471//1 1531//1 1530//1
f 1532//124 1533//124 911//124
f 1534//124 420//124 456//124
f 1535//124 458//124 1536//124
f 1537//413 1538//413 1539//413
f 1231//414 868//414 791//414
f 1235//415 565//415 1353//415
f 1540//279 461//279 1541//279
f 947//124 464//124 1542//124
f 1543//124 462//124 1544//124
f 1545//124 1546//124 465//124
f 1547//133 1548//133 1549//133
f 957//1 1550//1 950//1
f 1551//1 954//1 1552//1
f 643//121 1553//121 1554//121
f 1555//2 1556//2 1557//2
f 1558//123 1559//123 1560//123
f 1560//175 1561//175 1562//175
f 1563//416 1564//416 1565//416
f 1566//417 919//417 468//417
f 1567//299 1568//299 284//299
f 1491//139 1490//139 1569//139
f 1569//138 1570//138 1571//138
f 1572//134 1573//134 1574//134
f 1575//138 1576//138 961//138
f 1577//138 1395//138 1578//138
f 271//138 1579//138 1580//138
f 285//140 1581//140 676//140
f 967//140 1582//140 1583//140
f 474//140 1584//140 1585//140
f 1586//418 1587//418 964//418
f 743//121 1588//121 1589//121
f 1590//419 1586//419 1591//419
f 917//7 1592//7 918//7
f 1593//7 1594//7 1595//7
f 971//133 1596//133 1597//133
f 1598//121 1599//121 1600//121
f 1601//420 1602//420 477//420
f 1603//124 1604//124 1605//124
f 742//121 1596//121 970//121
f 970//121 969//121 1606//121
f 1607//121 1608//121 1609//121
f 1588//121 1606//121 1607//121
f 281//1 1610//1 1611//1
f 1611//212 1612//212 1613//212
f 286//140 676//140 1614//140
f 287//140 286//140 1615//140
f 1616//181 1617//181 1618//181
f 1619//300 745//300 744//300
f 1620//421 1621//421 704//421
f 1622//139 1623//139 661//139
f 796//296 1624//296 797//296
f 1235//315 1205//315 1204//315
f 1625//140 1626//140 1627//140
f 291//422 293//422 792//422
f 1628//403 1241//403 1629//403
f 758//184 1630//184 794//184
f 759//423 1631//423 1215//423
f 946//424 1632//424 1633//424
f 482//425 484//425 1634//425
f 1635//426 436//426 1636//426
f 1637//427 761//427 1499//427
f 946//315 1638//315 1639//315
f 763//428 1640//428 793//428
f 487//429 793//429 485//429
f 984//124 1641//124 1642//124
f 1642//139 1643//139 489//139
f 986//138 1644//138 1438//138
f 985//138 1645//138 491//138
f 1440//138 1646//138 1647//138
f 1648//127 1649//127 1650//127
f 1651//138 1514//138 1400//138
f 1515//124 1652//124 1653//124
f 1654//1 499//1 1655//1
f 1656//7 1657//7 497//7
f 498//7 990//7 1658//7
f 1659//124 1660//124 1661//124
f 1662//1 1663//1 1664//1
f 450//1 1665//1 506//1
f 1457//175 412//175 414//175
f 1666//224 1667//224 1668//224
f 409//7 1669//7 1670//7
f 402//124 1671//124 1672//124
f 1673//124 1674//124 1675//124
f 1275//7 511//7 1676//7
f 510//7 999//7 898//7
f 1677//7 1271//7 1678//7
f 1679//7 1680//7 1681//7
f 1682//1 1683//1 1684//1
f 1685//222 1686//222 1683//222
f 1687//121 1688//121 1689//121
f 1690//420 1691//420 1004//420
f 520//124 1692//124 1693//124
f 1694//124 1044//124 523//124
f 1695//124 1696//124 1697//124
f 1698//1 940//1 1665//1
f 1522//1 1655//1 527//1
f 528//1 1658//1 1007//1
f 1526//1 530//1 1654//1
f 1699//7 953//7 530//7
f 531//7 951//7 1656//7
f 1008//7 218//7 533//7
f 534//7 1700//7 1701//7
f 1702//138 1437//138 1703//138
f 1704//138 1705//138 1458//138
f 1531//121 1706//121 1707//121
f 1707//133 540//133 1445//133
f 1708//210 500//210 1709//210
f 821//7 1710//7 1711//7
f 1659//124 1712//124 1078//124
f 1713//203 1442//203 1714//203
f 1671//127 1715//127 1716//127
f 1715//300 1671//300 401//300
f 1015//127 1717//127 1718//127
f 1719//124 558//124 1720//124
f 900//300 1721//300 1722//300
f 1083//124 1723//124 1724//124
f 1725//124 1726//124 1727//124
f 1728//124 1729//124 546//124
f 1730//1 549//1 1012//1
f 1731//121 552//121 1732//121
f 548//1 1733//1 1734//1
f 1432//1 1735//1 550//1
f 551//292 1736//292 1737//292
f 1014//1 1738//1 1527//1
f 1739//121 1740//121 1738//121
f 1741//121 1742//121 1743//121
f 1405//174 555//174 554//174
f 1744//207 1745//207 187//207
f 1741//133 554//133 553//133
f 1746//121 1433//121 1747//121
f 1748//174 1749//174 1435//174
f 1435//174 503//174 1750//174
f 561//126 563//126 1446//126
f 1751//124 244//124 1752//124
f 1753//1 187//1 1754//1
f 1755//430 1756//430 1757//430
f 874//431 873//431 1758//431
f 1759//432 1224//432 1760//432
f 767//433 1625//433 1761//433
f 299//434 298//434 1762//434
f 1763//435 1764//435 1765//435
f 1766//436 1757//436 1756//436
f 1767//437 1768//437 1769//437
f 777//438 1770//438 775//438
f 1231//439 1771//439 1772//439
f 1773//440 1772//440 1037//440
f 1774//441 1360//441 1775//441
f 1776//442 1777//442 1778//442
f 565//443 577//443 566//443
f 579//444 1779//444 1780//444
f 567//445 566//445 1781//445
f 569//446 1782//446 1025//446
f 568//447 1783//447 569//447
f 1784//448 1771//448 1785//448
f 1775//449 1786//449 1039//449
f 1766//450 1787//450 1636//450
f 441//451 771//451 1788//451
f 579//452 578//452 1789//452
f 1790//453 22//453 804//453
f 1767//454 1791//454 927//454
f 1792//455 1365//455 1793//455
f 1794//456 1795//456 1796//456
f 1797//457 1798//457 789//457
f 1783//458 1368//458 1367//458
f 863//459 1799//459 1800//459
f 581//460 580//460 1801//460
f 1802//461 1803//461 1804//461
f 1805//462 1804//462 1806//462
f 1034//463 1807//463 1808//463
f 1625//464 1808//464 1761//464
f 581//465 1801//465 1809//465
f 1810//466 586//466 1029//466
f 588//467 587//467 1778//467
f 588//468 1778//468 1811//468
f 1812//469 1813//469 1814//469
f 1785//470 1815//470 1816//470
f 1817//471 1818//471 1819//471
f 1806//472 1820//472 768//472
f 1821//473 1822//473 571//473
f 936//474 1823//474 1824//474
f 1825//475 1826//475 1035//475
f 1538//476 1818//476 1539//476
f 779//477 1827//477 587//477
f 1828//478 1829//478 1830//478
f 1831//479 1788//479 1832//479
f 1833//480 1795//480 1834//480
f 1835//481 1836//481 1370//481
f 1837//482 1838//482 1831//482
f 1832//483 576//483 1758//483
f 1027//484 1839//484 1763//484
f 934//485 1021//485 1385//485
f 1840//486 158//486 157//486
f 1841//1 1842//1 1843//1
f 1273//7 1680//7 1844//7
f 1845//7 1276//7 1681//7
f 1846//1 1847//1 1848//1
f 1849//7 1689//7 609//7
f 520//124 599//124 518//124
f 1850//124 1851//124 600//124
f 1697//124 1852//124 1853//124
f 595//1 597//1 1854//1
f 1855//124 605//124 1856//124
f 1857//124 1858//124 1859//124
f 1005//127 1860//127 1861//127
f 1862//487 83//487 1270//487
f 1863//132 1864//132 1865//132
f 1865//132 1866//132 1867//132
f 1868//132 1869//132 1870//132
f 1871//1 1872//1 1054//1
f 1050//1 1873//1 1874//1
f 1875//132 1868//132 1876//132
f 1877//132 1876//132 1878//132
f 893//269 895//269 610//269
f 1879//198 1880//198 613//198
f 1881//409 78//409 1862//409
f 1882//1 1883//1 1884//1
f 1885//203 1886//203 1414//203
f 1887//7 1888//7 1889//7
f 1890//7 1891//7 1874//7
f 1892//224 1893//224 1894//224
f 1895//224 1896//224 1893//224
f 817//1 1897//1 1898//1
f 1899//138 1900//138 1901//138
f 1902//198 1903//198 1904//198
f 1877//488 1904//488 1905//488
f 1906//269 1907//269 1060//269
f 1908//489 70//489 1881//489
f 1909//224 1910//224 1911//224
f 1912//133 1913//133 1910//133
f 1884//121 1914//121 1915//121
f 1916//490 1917//490 1918//490
f 1919//133 1920//133 1069//133
f 1921//133 1922//133 1923//133
f 1924//7 989//7 1925//7
f 1926//133 620//133 1927//133
f 1928//1 907//1 618//1
f 1926//120 1461//120 1929//120
f 1926//224 1929//224 1930//224
f 1931//138 1726//138 1932//138
f 1933//491 1558//491 1713//491
f 1560//200 1562//200 1442//200
f 1934//200 1933//200 1660//200
f 1935//124 1213//124 1936//124
f 1937//135 1938//135 1939//135
f 1937//7 1939//7 541//7
f 1554//2 1740//2 643//2
f 651//121 1940//121 627//121
f 1941//1 1669//1 1942//1
f 628//1 451//1 1529//1
f 1943//1 547//1 1732//1
f 1944//492 1945//492 425//492
f 1946//295 252//295 1120//295
f 1947//198 1725//198 1948//198
f 1949//1 635//1 1950//1
f 1552//1 1951//1 633//1
f 1086//7 1952//7 636//7
f 1953//126 641//126 1954//126
f 1955//124 655//124 654//124
f 1956//126 1090//126 1957//126
f 1908//294 1958//294 1959//294
f 1120//295 1960//295 1946//295
f 1961//304 1962//304 255//304
f 1963//1 1210//1 1301//1
f 1078//124 1077//124 1934//124
f 1010//303 1009//303 1964//303
f 1965//298 1966//298 1967//298
f 1968//134 1969//134 1970//134
f 457//177 420//177 1971//177
f 1972//299 1973//299 1974//299
f 1975//493 426//493 1084//493
f 1976//494 1977//494 1978//494
f 1098//7 1979//7 1980//7
f 1981//7 1264//7 1982//7
f 1983//7 1984//7 1985//7
f 1986//7 1987//7 671//7
f 1612//7 737//7 1100//7
f 1988//140 1106//140 1989//140
f 657//126 1990//126 658//126
f 659//299 658//299 1991//299
f 1992//134 1256//134 1577//134
f 1993//177 1994//177 1575//177
f 1995//421 1996//421 1997//421
f 1110//139 1998//139 1999//139
f 662//124 2000//124 2001//124
f 957//306 956//306 2002//306
f 2003//495 1074//495 1125//495
f 1641//300 984//300 2004//300
f 1965//137 2005//137 1966//137
f 2006//7 2007//7 2008//7
f 1959//496 1917//496 667//496
f 2009//420 2010//420 2011//420
f 711//124 2012//124 2013//124
f 2014//138 1413//138 2015//138
f 2016//138 2017//138 2018//138
f 663//124 1418//124 664//124
f 665//124 664//124 2010//124
f 1913//181 2019//181 1910//181
f 2020//1 2021//1 666//1
f 2022//497 2023//497 106//497
f 2024//498 256//498 1306//498
f 1092//138 489//138 2025//138
f 2026//206 2027//206 2028//206
f 1953//126 1954//126 2029//126
f 2030//499 2031//499 646//499
f 2032//500 2033//500 2034//500
f 2035//1 2036//1 2037//1
f 2038//203 2039//203 2040//203
f 1540//501 2041//501 2042//501
f 2043//1 1926//1 2044//1
f 687//139 727//139 2045//139
f 700//181 699//181 2046//181
f 1126//121 668//121 670//121
f 670//2 669//2 2047//2
f 2048//502 2047//502 741//502
f 2049//210 2050//210 2051//210
f 2052//124 2053//124 2054//124
f 2055//7 2056//7 2057//7
f 2058//124 270//124 2059//124
f 2060//124 2061//124 2062//124
f 2063//124 2064//124 2065//124
f 272//124 1580//124 2066//124
f 1471//124 1470//124 2067//124
f 2068//182 2069//182 674//182
f 287//140 480//140 2070//140
f 2071//7 2072//7 1618//7
f 2073//7 2074//7 2075//7
f 1479//124 1478//124 2076//124
f 1478//139 2077//139 677//139
f 2078//138 2079//138 2080//138
f 1972//503 1978//503 2081//503
f 2082//7 2083//7 2084//7
f 2085//207 2086//207 2087//207
f 685//124 2052//124 686//124
f 1572//138 686//138 2088//138
f 2089//504 2090//504 1219//504
f 2091//139 1620//139 1477//139
f 2092//505 2093//505 2094//505
f 1216//203 2095//203 757//203
f 752//420 751//420 2096//420
f 2097//127 2098//127 2099//127
f 1181//13 2100//13 1179//13
f 1155//13 1890//13 1156//13
f 2101//133 1155//133 1046//133
f 1887//13 714//13 2102//13
f 2103//7 1180//7 2104//7
f 2105//1 1894//1 2106//1
f 2107//138 1419//138 2108//138
f 2109//124 892//124 690//124
f 2110//138 692//138 2111//138
f 891//124 2112//124 1158//124
f 2107//124 2113//124 2114//124
f 689//127 2115//127 2116//127
f 2117//308 2118//308 2119//308
f 2120//506 2121//506 2122//506
f 2123//139 2124//139 2125//139
f 2126//507 2127//507 2128//507
f 216//209 753//209 683//209
f 1162//300 2129//300 2130//300
f 2131//199 2132//199 136//199
f 701//7 703//7 1474//7
f 2133//508 2134//508 2135//508
f 2088//509 2136//509 764//509
f 2137//140 2138//140 2139//140
f 1220//278 2140//278 1221//278
f 2141//268 2142//268 2143//268
f 2144//300 2145//300 882//300
f 2144//221 1192//221 2146//221
f 1167//203 1192//203 2147//203
f 2148//133 2149//133 1202//133
f 1468//182 2150//182 1169//182
f 2151//182 2152//182 2153//182
f 481//7 1615//7 2154//7
f 2155//121 2154//121 1188//121
f 1173//1 2156//1 2157//1
f 2157//1 2158//1 2159//1
f 2160//306 2035//306 2037//306
f 2161//2 2160//2 2037//2
f 2162//510 2163//510 2164//510
f 2165//404 2166//404 2167//404
f 2168//138 2112//138 2169//138
f 1177//134 710//134 2170//134
f 2171//134 2170//134 2114//134
f 2019//1 713//1 2172//1
f 1155//7 1157//7 1913//7
f 2173//1 1915//1 2172//1
f 1915//1 2173//1 2174//1
f 2175//511 2176//511 2177//511
f 2178//512 2179//512 2180//512
f 2181//7 2055//7 2182//7
f 432//200 2183//200 2184//200
f 2185//513 2186//513 2187//513
f 2188//514 2185//514 2189//514
f 2190//207 2191//207 731//207
f 2192//507 2193//507 2194//507
f 2195//295 2196//295 1184//295
f 2197//404 2198//404 2199//404
f 2200//138 2201//138 2202//138
f 2203//139 276//139 2204//139
f 2205//304 2206//304 2207//304
f 2155//182 2207//182 1616//182
f 1189//304 1176//304 1592//304
f 2208//139 2209//139 2210//139
f 2211//138 2210//138 2212//138
f 2213//138 2212//138 2143//138
f 2214//138 2215//138 1605//138
f 2216//138 2122//138 2217//138
f 2218//121 2219//121 2220//121
f 424//307 2209//307 1944//307
f 2221//515 2134//515 2222//515
f 1189//182 917//182 1190//182
f 1185//127 278//127 2223//127
f 2180//516 1193//516 277//516
f 2224//124 2225//124 2226//124
f 2227//138 2228//138 2229//138
f 2093//517 2092//517 2230//517
f 1501//134 433//134 435//134
f 2042//126 2231//126 2201//126
f 1492//124 2232//124 2233//124
f 2234//327 2166//327 2165//327
f 1479//268 2235//268 2236//268
f 2237//7 2238//7 2119//7
f 753//295 1241//295 2239//295
f 981//518 982//518 2240//518
f 2241//299 2242//299 2243//299
f 2244//138 2196//138 2245//138
f 1108//139 1995//139 2246//139
f 2247//127 1109//127 2248//127
f 2249//295 1993//295 2250//295
f 2251//182 2252//182 2035//182
f 2253//1 736//1 2254//1
f 2255//1 2256//1 2257//1
f 2258//1 810//1 2259//1
f 2260//7 2259//7 1980//7
f 28//182 265//182 2261//182
f 958//134 1574//134 2262//134
f 2263//421 2262//421 2230//421
f 2264//198 2265//198 1220//198
f 2266//177 1187//177 740//177
f 2267//210 1196//210 2051//210
f 2268//296 2269//296 2270//296
f 2271//121 2272//121 2273//121
f 2273//121 2274//121 192//121
f 1170//121 2275//121 1131//121
f 2276//1 2277//1 2278//1
f 2047//2 669//2 2279//2
f 743//121 742//121 1588//121
f 2280//268 2281//268 2282//268
f 2283//177 2079//177 2284//177
f 2285//138 2286//138 2287//138
f 1199//299 2288//299 2289//299
f 2290//420 1602//420 1198//420
f 1621//299 2095//299 2289//299
f 2291//124 2095//124 1216//124
f 2292//7 1172//7 1583//7
f 2293//7 2156//7 2294//7
f 1143//135 747//135 2295//135
f 1201//212 2295//212 2296//212
f 1153//133 2297//133 2298//133
f 2299//519 2300//519 2301//519
f 2302//520 2303//520 787//520
f 2304//501 925//501 2305//501
f 733//174 2306//174 734//174
f 2307//521 2240//521 2308//521
f 787//406 2303//406 2309//406
f 2310//140 929//140 2311//140
f 924//1 1214//1 2312//1
f 290//126 1222//126 1215//126
f 750//404 752//404 289//404
f 2177//269 2313//269 294//269
f 2314//133 2315//133 648//133
f 2316//143 2317//143 2318//143
f 2312//210 1214//210 1138//210
f 829//2 2319//2 160//2
f 2320//209 758//209 2321//209
f 757//522 2321//522 758//522
f 1632//523 2322//523 1633//523
f 1217//181 2323//181 1218//181
f 2324//2 2325//2 2326//2
f 1236//224 2327//224 2324//224
f 2328//491 292//491 1239//491
f 2329//524 2116//524 976//524
f 1024//296 1023//296 1207//296
f 2237//140 1626//140 1625//140
f 2330//220 147//220 2331//220
f 2300//7 1032//7 1627//7
f 2332//212 2333//212 1233//212
f 946//525 1639//525 1632//525
f 2334//184 2335//184 2336//184
f 1225//143 1634//143 980//143
f 289//175 288//175 1498//175
f 1622//507 2337//507 2338//507
f 923//120 2339//120 2340//120
f 1495//2 2341//2 2342//2
f 2323//495 2343//495 1591//495
f 778//526 870//526 295//526
f 147//527 2330//527 864//527
f 1227//528 1366//528 2344//528
f 565//529 1235//529 1638//529
f 1830//530 1829//530 486//530
f 1822//531 2345//531 572//531
f 2346//532 2347//532 2340//532
f 2335//313 2334//313 933//313
f 2348//533 1835//533 782//533
f 935//534 1823//534 936//534
f 1823//535 2343//535 1826//535
f 1032//536 2349//536 1033//536
f 768//537 1760//537 766//537
f 1224//538 766//538 1760//538
f 1223//539 1224//539 1759//539
f 1537//540 2350//540 1538//540
f 2351//541 2352//541 977//541
f 2353//313 2354//313 1381//313
f 1634//542 1829//542 482//542
f 1498//273 288//273 875//273
f 1795//543 1833//543 1796//543
f 868//544 209//544 791//544
f 2355//545 771//545 770//545
f 2356//546 593//546 939//546
f 233//547 1355//547 2357//547
f 439//548 2358//548 798//548
f 794//549 1630//549 2359//549
f 776//550 1631//550 777//550
f 372//551 2360//551 373//551
f 975//552 2361//552 1509//552
f 2362//553 2363//553 2364//553
f 1827//554 2365//554 587//554
f 2365//555 1776//555 1778//555
f 870//556 778//556 1810//556
f 586//557 1810//557 778//557
f 1624//558 235//558 2366//558
f 236//558 235//558 1624//558
f 1822//559 1821//559 2367//559
f 789//143 2368//143 1797//143
f 1827//560 2369//560 2370//560
f 2371//1 734//1 769//1
f 791//175 209//175 291//175
f 371//561 236//561 756//561
f 236//296 1624//296 796//296
f 1630//512 758//512 2320//512
f 2356//296 939//296 2372//296
f 2373//562 976//562 975//562
f 2374//491 2375//491 783//491
f 2376//143 1537//143 215//143
f 1359//143 1357//143 2377//143
f 2335//403 2378//403 765//403
f 763//563 765//563 2378//563
f 295//180 2166//180 2379//180
f 2373//564 1509//564 2380//564
f 2320//175 2236//175 2381//175
f 2376//126 215//126 214//126
f 2376//491 214//491 1148//491
f 2382//2 2340//2 2339//2
f 2181//121 1497//121 1496//121
f 2383//121 2341//121 1495//121
f 1252//138 307//138 306//138
f 310//148 316//148 1258//148
f 2384//565 2385//565 2386//565
f 2387//566 2385//566 2384//566
f 2388//140 2389//140 2390//140
f 3//2 266//2 4//2
f 2391//7 2392//7 2393//7
f 29//7 2394//7 30//7
f 2395//7 2393//7 31//7
f 2396//1 1277//1 1283//1
f 34//13 33//13 2397//13
f 2398//1 819//1 818//1
f 824//121 220//121 222//121
f 1309//174 121//174 129//174
f 2387//1 1026//1 2399//1
f 2400//132 614//132 1319//132
f 350//567 1326//567 1328//567
f 79//568 860//568 76//568
f 860//569 68//569 76//569
f 92//570 82//570 84//570
f 105//571 99//571 91//571
f 128//572 130//572 125//572
f 141//573 2401//573 137//573
f 142//574 23//574 27//574
f 862//575 871//575 1368//575
f 145//576 864//576 144//576
f 147//577 864//577 145//577
f 1036//578 2402//578 2403//578
f 150//579 2402//579 148//579
f 564//580 1361//580 151//580
f 2404//581 790//581 2405//581
f 158//582 2406//582 2407//582
f 2407//583 159//583 158//583
f 165//584 172//584 166//584
f 2408//6 1391//6 186//6
f 1391//6 2408//6 2409//6
f 185//6 2408//6 186//6
f 882//268 2145//268 883//268
f 2410//124 887//124 2411//124
f 887//124 2412//124 2413//124
f 2414//1 2415//1 2416//1
f 2415//1 2417//1 2418//1
f 2419//1 2420//1 2421//1
f 2420//1 2422//1 2421//1
f 2423//300 995//300 994//300
f 1676//7 2424//7 2425//7
f 897//7 2425//7 2424//7
f 189//406 188//406 2426//406
f 993//127 2427//127 2428//127
f 1450//123 2429//123 2430//123
f 2431//1 910//1 906//1
f 910//1 2432//1 2433//1
f 2434//124 1977//124 2435//124
f 269//121 2436//121 191//121
f 192//121 191//121 2436//121
f 915//138 2437//138 916//138
f 2438//137 708//137 1484//137
f 1506//585 773//585 772//585
f 2356//586 772//586 774//586
f 2439//124 2440//124 2441//124
f 196//1 2442//1 197//1
f 198//1 197//1 2443//1
f 2444//124 2445//124 2446//124
f 950//212 952//212 955//212
f 955//7 952//7 2447//7
f 470//121 199//121 201//121
f 204//123 203//123 1095//123
f 958//134 960//134 684//134
f 965//140 475//140 966//140
f 2448//587 2449//587 2450//587
f 1592//133 2451//133 1093//133
f 1599//1 2452//1 1600//1
f 2453//588 2454//588 657//588
f 2455//138 984//138 983//138
f 2456//138 494//138 2457//138
f 987//138 2457//138 2458//138
f 2459//7 217//7 219//7
f 217//7 1700//7 218//7
f 219//7 218//7 2460//7
f 992//137 1455//137 335//137
f 2461//124 2462//124 2463//124
f 2464//124 1935//124 2465//124
f 2466//138 2467//138 2468//138
f 2466//138 2468//138 2430//138
f 994//126 1455//126 996//126
f 994//124 996//124 2423//124
f 2469//7 2470//7 2471//7
f 225//127 2472//127 1459//127
f 2473//124 1459//124 2474//124
f 523//124 1044//124 521//124
f 2475//1 226//1 228//1
f 226//1 2476//1 227//1
f 1651//124 1399//124 2477//124
f 2477//127 2478//127 1651//127
f 1745//184 1754//184 187//184
f 2479//404 2480//404 560//404
f 229//121 1739//121 230//121
f 231//1 230//1 944//1
f 2481//120 2482//120 2483//120
f 2484//589 2485//589 2486//589
f 232//590 1354//590 233//590
f 1026//591 2387//591 2384//591
f 1811//592 1028//592 588//592
f 1033//593 2349//593 1352//593
f 148//594 2402//594 594//594
f 564//595 239//595 1786//595
f 1848//1 1682//1 2487//1
f 242//7 31//7 30//7
f 31//7 242//7 2488//7
f 1694//124 245//124 1044//124
f 245//124 1694//124 243//124
f 2489//124 90//124 87//124
f 332//132 2490//132 2491//132
f 1068//138 1067//138 2492//138
f 2493//133 249//133 251//133
f 249//133 1072//133 250//133
f 1073//7 423//7 422//7
f 2494//124 2495//124 2496//124
f 1076//124 2496//124 622//124
f 808//1 2497//1 222//1
f 2497//182 808//182 264//182
f 643//182 1081//182 644//182
f 2498//295 252//295 254//295
f 2499//1 257//1 2024//1
f 257//1 2499//1 1085//1
f 1088//124 655//124 2500//124
f 258//596 260//596 421//596
f 1100//140 2501//140 1101//140
f 1105//140 2502//140 1101//140
f 1108//421 1110//421 1996//421
f 262//124 2503//124 263//124
f 2503//124 262//124 1111//124
f 2504//127 2505//127 646//127
f 260//597 259//597 2506//597
f 2450//598 1921//598 1923//598
f 2507//124 1540//124 2508//124
f 725//1 2117//1 723//1
f 2117//1 725//1 2118//1
f 1132//138 2509//138 1133//138
f 1135//140 2510//140 2083//140
f 1141//138 1142//138 2511//138
f 1111//124 2000//124 2503//124
f 1586//599 1590//599 1587//599
f 1221//600 2140//600 2512//600
f 274//138 1149//138 275//138
f 743//135 2513//135 968//135
f 2514//13 2102//13 2515//13
f 2104//1 2105//1 2106//1
f 2103//1 2106//1 2516//1
f 2517//139 727//139 2518//139
f 2519//127 2520//127 681//127
f 121//210 2521//210 2522//210
f 2235//268 1479//268 2076//268
f 2126//209 2132//209 2125//209
f 729//422 731//422 2191//422
f 2081//522 2523//522 2224//522
f 2524//404 136//404 2132//404
f 2525//601 2526//601 1565//601
f 1168//203 730//203 729//203
f 2527//182 2152//182 2528//182
f 1173//121 1175//121 1174//121
f 2018//138 2529//138 2530//138
f 2531//602 2532//602 2222//602
f 276//139 2203//139 277//139
f 2178//139 277//139 2203//139
f 2533//304 2206//304 2205//304
f 2208//138 2210//138 2211//138
f 2525//603 2534//603 2526//603
f 2226//300 2225//300 2535//300
f 434//420 2304//420 435//420
f 2453//200 2241//200 2192//200
f 2536//1 2537//1 2538//1
f 2257//1 2538//1 2537//1
f 284//124 283//124 1567//124
f 2049//210 2051//210 2539//210
f 2540//127 2236//127 2235//127
f 22//329 2541//329 2542//329
f 2543//604 2544//604 1639//604
f 2545//509 2331//509 2546//509
f 22//121 1790//121 2541//121
f 2362//605 2365//605 1827//605
f 1500//606 1505//606 1499//606
f 1234//607 1235//607 1353//607
f 1823//140 935//140 2326//140
f 801//1 305//1 1249//1
f 1252//321 1248//321 2547//321
f 1247//138 802//138 1246//138
f 1259//7 1260//7 805//7
f 2548//135 328//135 327//135
f 2549//7 2550//7 2551//7
f 241//7 2552//7 1274//7
f 2552//7 2553//7 1274//7
f 1272//1 1274//1 1845//1
f 2554//1 2555//1 2556//1
f 2557//13 2558//13 2559//13
f 2560//13 1286//13 812//13
f 2561//1 331//1 2398//1
f 331//1 2561//1 329//1
f 819//1 1291//1 1290//1
f 2490//1 333//1 2562//1
f 333//1 2490//1 332//1
f 2563//121 825//121 2497//121
f 824//121 1299//121 220//121
f 1312//608 1310//608 133//608
f 1314//132 2564//132 1315//132
f 1049//132 1321//132 2565//132
f 341//609 1293//609 342//609
f 353//610 843//610 52//610
f 359//611 1336//611 2566//611
f 356//612 2566//612 1336//612
f 360//613 2567//613 358//613
f 57//614 2568//614 2569//614
f 2570//615 1802//615 1805//615
f 1811//616 1807//616 1351//616
f 1024//617 570//617 1025//617
f 236//172 371//172 373//172
f 373//129 237//129 236//129
f 373//618 1376//618 237//618
f 2381//619 2571//619 1380//619
f 374//620 1380//620 2571//620
f 2572//621 2573//621 1374//621
f 439//622 441//622 1373//622
f 2360//623 2574//623 2484//623
f 2575//624 2403//624 150//624
f 2576//6 2577//6 2578//6
f 2408//6 376//6 1259//6
f 376//6 2408//6 185//6
f 377//6 2579//6 2577//6
f 2579//6 377//6 2580//6
f 379//6 2580//6 377//6
f 382//625 381//625 2581//625
f 2582//138 2583//138 2584//138
f 385//138 2584//138 2583//138
f 2585//268 2586//268 2281//268
f 883//268 2587//268 2287//268
f 2232//507 2201//507 2231//507
f 738//124 283//124 2588//124
f 426//626 1975//626 2190//626
f 2589//124 2590//124 2591//124
f 2592//124 2591//124 2593//124
f 2594//138 386//138 388//138
f 386//124 2595//124 387//124
f 388//124 387//124 2596//124
f 2597//507 2598//507 2599//507
f 2598//134 2597//134 2600//134
f 2601//124 2602//124 2603//124
f 2604//126 2605//126 1410//126
f 2604//627 2602//627 615//627
f 2606//203 2607//203 1885//203
f 2608//138 389//138 2609//138
f 390//138 2609//138 389//138
f 1416//138 890//138 2016//138
f 2017//138 892//138 2109//138
f 2110//124 2111//124 2610//124
f 1421//488 894//488 2611//488
f 2611//269 894//269 893//269
f 2612//121 2417//121 393//121
f 391//1 422//1 392//1
f 393//1 392//1 2613//1
f 2614//140 228//140 1749//140
f 1087//138 394//138 396//138
f 394//124 1439//124 395//124
f 396//138 395//138 2615//138
f 1091//138 397//138 399//138
f 397//138 2616//138 398//138
f 2617//124 2618//124 2619//124
f 941//121 2620//121 412//121
f 2621//7 2622//7 406//7
f 2621//1 2623//1 2622//1
f 408//7 2621//7 406//7
f 411//7 2624//7 451//7
f 2625//507 2466//507 2626//507
f 2627//127 1003//127 1002//127
f 2474//127 1459//127 2472//127
f 1073//1 908//1 2431//1
f 2432//1 415//1 417//1
f 415//1 1429//1 416//1
f 2628//124 1463//124 2629//124
f 2630//124 2434//124 2631//124
f 2632//628 1166//628 1165//628
f 423//561 2633//561 421//561
f 2634//329 1115//329 1737//329
f 2029//268 1955//268 2635//268
f 2636//315 1737//315 1736//315
f 259//629 2637//629 2506//629
f 2049//121 2638//121 2639//121
f 2271//121 2640//121 2641//121
f 2437//138 2642//138 430//138
f 193//306 1146//306 2074//306
f 2076//126 679//126 2235//126
f 2191//126 2643//126 729//126
f 2183//300 2644//300 2645//300
f 2645//124 2644//124 2646//124
f 1482//630 1481//630 1466//630
f 729//420 2643//420 1167//420
f 1484//304 1487//304 1485//304
f 2644//127 2647//127 2648//127
f 2235//127 2328//127 2540//127
f 761//1 436//1 762//1
f 288//273 776//273 775//273
f 2473//138 2649//138 2650//138
f 2650//124 2651//124 2652//124
f 2653//138 2654//138 2655//138
f 1516//300 445//300 447//300
f 445//127 2656//127 446//127
f 447//127 446//127 2657//127
f 448//1 2658//1 449//1
f 450//1 449//1 2659//1
f 2660//1 2661//1 1525//1
f 2661//1 2662//1 1525//1
f 2483//121 2663//121 2664//121
f 2422//1 2663//1 2483//1
f 2665//121 453//121 455//121
f 453//1 1429//1 454//1
f 502//1 541//1 1939//1
f 1706//1 1531//1 471//1
f 2479//124 1533//124 1532//124
f 2666//124 2667//124 2668//124
f 2445//124 456//124 458//124
f 456//124 420//124 457//124
f 458//631 457//631 2669//631
f 2507//279 459//279 461//279
f 1541//124 461//124 2670//124
f 2039//124 462//124 464//124
f 462//124 2671//124 463//124
f 464//124 463//124 1542//124
f 465//124 2672//124 466//124
f 467//124 466//124 2673//124
f 2674//294 2675//294 2676//294
f 2677//121 1556//121 1555//121
f 653//121 2678//121 651//121
f 651//121 2678//121 1942//121
f 1973//177 2679//177 419//177
f 1561//175 1095//175 1562//175
f 1165//632 1096//632 1561//632
f 2680//304 2681//304 2682//304
f 1994//138 1578//138 1576//138
f 1578//138 2583//138 2683//138
f 474//140 966//140 475//140
f 476//140 475//140 1587//140
f 2327//210 1593//210 2684//210
f 2685//140 1989//140 1595//140
f 2513//7 743//7 1589//7
f 212//633 2686//633 2687//633
f 2526//601 969//601 1565//601
f 1598//121 2688//121 2253//121
f 1601//124 477//124 2213//124
f 479//124 2213//124 477//124
f 745//203 1619//203 2689//203
f 2690//177 2077//177 1478//177
f 2691//7 1224//7 213//7
f 2692//140 1633//140 2322//140
f 486//180 1225//180 487//180
f 2693//138 2694//138 2695//138
f 983//138 491//138 1644//138
f 491//124 2696//124 492//124
f 2697//7 2698//7 2699//7
f 2699//1 2700//1 2701//1
f 2702//1 2703//1 2704//1
f 2705//1 1268//1 2706//1
f 532//7 497//7 499//7
f 497//7 2707//7 498//7
f 499//1 498//1 2708//1
f 2709//1 2710//1 2419//1
f 500//7 1708//7 2711//7
f 2712//127 2427//127 2713//127
f 2714//124 1213//124 1935//124
f 448//1 506//1 2715//1
f 1748//127 1750//127 2716//127
f 2717//126 1748//126 1648//126
f 2718//138 2719//138 2720//138
f 2719//124 2721//124 2720//124
f 200//7 2722//7 1941//7
f 2553//7 509//7 511//7
f 509//7 2723//7 510//7
f 511//7 510//7 2424//7
f 517//1 516//1 2724//1
f 2725//126 1450//126 2726//126
f 519//124 1692//124 520//124
f 2727//124 2728//124 2729//124
f 2727//124 2729//124 1695//124
f 527//1 2708//1 528//1
f 2476//1 533//1 535//1
f 533//7 1700//7 534//7
f 535//7 534//7 2730//7
f 1703//138 2615//138 2731//138
f 1704//138 2732//138 1705//138
f 1705//138 2733//138 2625//138
f 1706//1 2734//1 540//1
f 541//1 540//1 2734//1
f 2735//121 1710//121 821//121
f 1660//138 1659//138 1934//138
f 544//124 1718//124 545//124
f 2736//124 544//124 546//124
f 900//422 410//422 1721//422
f 2667//124 2666//124 2737//124
f 2498//124 1724//124 2738//124
f 630//124 1727//124 2739//124
f 1727//124 2740//124 2741//124
f 2742//124 2743//124 2744//124
f 2745//124 1728//124 545//124
f 547//121 1943//121 548//121
f 2746//1 550//1 552//1
f 550//1 1736//1 551//1
f 552//1 551//1 2747//1
f 1738//121 2748//121 1528//121
f 2749//489 553//489 2599//489
f 555//1 2599//1 553//1
f 1403//138 2600//138 2597//138
f 944//121 2750//121 1013//121
f 2751//121 2752//121 1298//121
f 404//126 1673//126 1672//126
f 2753//7 1276//7 1676//7
f 1276//7 2753//7 1681//7
f 2754//124 521//124 2755//124
f 2728//124 2727//124 1006//124
f 555//184 2597//184 2599//184
f 2756//634 1756//634 1834//634
f 930//635 929//635 1764//635
f 1365//636 159//636 2407//636
f 1802//637 1777//637 1776//637
f 1025//638 570//638 569//638
f 568//639 570//639 2384//639
f 2757//640 583//640 1821//640
f 238//641 1786//641 239//641
f 239//642 564//642 153//642
f 1789//643 2758//643 2759//643
f 1228//644 1791//644 159//644
f 2760//645 1804//645 1803//645
f 1783//646 1799//646 1368//646
f 1799//647 1783//647 568//647
f 1809//648 1801//648 865//648
f 1802//649 1804//649 1805//649
f 867//650 937//650 2761//650
f 1038//651 590//651 1030//651
f 2762//652 2763//652 2351//652
f 591//653 2764//653 585//653
f 2765//654 583//654 2764//654
f 592//655 939//655 593//655
f 2766//656 592//656 594//656
f 1798//657 1797//657 2767//657
f 2768//658 1374//658 1373//658
f 1787//659 1756//659 2756//659
f 1042//1 1844//1 1846//1
f 1844//1 2769//1 1846//1
f 2770//7 2551//7 2771//7
f 599//124 598//124 1860//124
f 1692//138 600//138 602//138
f 600//124 2772//124 601//124
f 1859//124 601//124 1857//124
f 1853//124 2773//124 2774//124
f 444//124 2775//124 2776//124
f 2777//124 2603//124 1410//124
f 2778//1 595//1 326//1
f 1857//124 605//124 1858//124
f 1861//307 2779//307 1005//307
f 2780//7 1909//7 1911//7
f 2781//127 1859//127 2782//127
f 1886//420 1885//420 2782//420
f 830//132 832//132 2783//132
f 2784//132 1895//132 2785//132
f 337//132 2786//132 607//132
f 1895//132 2564//132 1896//132
f 2787//132 1314//132 2788//132
f 1877//132 1905//132 1867//132
f 612//198 2565//198 893//198
f 2789//138 2790//138 2791//138
f 1879//198 613//198 2400//198
f 614//198 2400//198 613//198
f 2792//1 2793//1 2794//1
f 1861//501 2795//501 2011//501
f 329//1 341//1 330//1
f 2796//138 1900//138 1899//138
f 2492//138 2790//138 2789//138
f 697//269 2797//269 1878//269
f 1877//269 1878//269 2797//269
f 2798//198 1906//198 247//198
f 1914//224 1911//224 2799//224
f 2799//210 1915//210 1914//210
f 1958//1 1918//1 1917//1
f 1548//133 2800//133 1922//133
f 1923//7 2801//7 2802//7
f 2043//1 618//1 620//1
f 618//1 2433//1 619//1
f 620//133 619//133 1919//133
f 2803//124 621//124 2804//124
f 2673//124 624//124 626//124
f 624//124 2805//124 625//124
f 2806//124 2740//124 2807//124
f 1558//123 1933//123 2808//123
f 1934//123 2808//123 1933//123
f 473//1 1706//1 471//1
f 1706//1 473//1 2734//1
f 1556//2 2748//2 1554//2
f 2677//2 627//2 629//2
f 627//121 1940//121 628//121
f 629//121 628//121 1528//121
f 2809//121 1943//121 2747//121
f 1945//295 2810//295 425//295
f 1118//295 1120//295 2811//295
f 632//124 2812//124 630//124
f 2813//1 2814//1 2815//1
f 2816//1 633//1 635//1
f 633//1 2662//1 634//1
f 635//1 634//1 2697//1
f 2817//1 636//1 638//1
f 636//1 2818//1 637//1
f 638//1 637//1 2702//1
f 655//124 2819//124 656//124
f 2820//124 2821//124 2822//124
f 2823//268 2250//268 2714//268
f 256//308 2024//308 257//308
f 1938//140 2824//140 1939//140
f 2122//207 2121//207 2825//207
f 2670//124 2826//124 2803//124
f 2827//660 2828//660 1968//660
f 2829//124 2606//124 1413//124
f 1979//7 2830//7 1983//7
f 2249//177 1994//177 1993//177
f 1996//139 2831//139 1997//139
f 2832//124 662//124 661//124
f 662//124 2832//124 2000//124
f 2239//124 1470//124 682//124
f 2833//124 2834//124 2835//124
f 1917//661 1916//661 2836//661
f 425//268 1084//268 426//268
f 1910//7 2019//7 2799//7
f 2837//181 2824//181 1938//181
f 2838//298 2839//298 2840//298
f 2841//200 639//200 641//200
f 2012//134 711//134 2842//134
f 2843//121 2844//121 2555//121
f 2020//1 666//1 2836//1
f 667//1 2836//1 666//1
f 2164//662 2845//662 1557//662
f 2846//663 2847//663 2848//663
f 2849//138 2121//138 2120//138
f 2039//664 2850//664 2851//664
f 1563//602 2852//602 1549//602
f 2007//293 2006//293 2026//293
f 2851//665 2850//665 2853//665
f 2854//7 2221//7 2532//7
f 2855//174 2856//174 2857//174
f 702//121 2858//121 2050//121
f 2858//121 702//121 701//121
f 685//124 2053//124 2052//124
f 2304//138 2859//138 2860//138
f 2082//140 2861//140 2083//140
f 2862//140 671//140 673//140
f 671//140 2863//140 672//140
f 673//140 672//140 2864//140
f 1989//140 1593//140 1595//140
f 2057//7 2182//7 2055//7
f 2065//124 2865//124 2866//124
f 2062//124 2866//124 2060//124
f 1469//124 682//124 914//124
f 674//140 1581//140 2068//140
f 1493//666 2867//666 2073//666
f 1478//138 677//138 2076//138
f 679//138 2076//138 677//138
f 1149//138 274//138 2520//138
f 681//138 2520//138 274//138
f 647//291 2031//291 2868//291
f 2518//139 687//139 2129//139
f 689//139 2129//139 687//139
f 1641//667 2869//667 1643//667
f 751//668 2870//668 2871//668
f 2871//491 2096//491 751//491
f 2516//181 2872//181 2558//181
f 2872//1 2873//1 2874//1
f 2873//7 2872//7 2516//7
f 1292//13 355//13 357//13
f 2109//124 690//124 2110//124
f 692//124 2110//124 690//124
f 1161//124 2168//124 2875//124
f 2876//669 2797//669 696//669
f 247//134 2877//134 2798//134
f 1907//134 2798//134 2878//134
f 2879//409 2221//409 2854//409
f 2176//511 2175//511 2227//511
f 432//198 207//198 2183//198
f 717//296 2068//296 718//296
f 2880//670 2122//670 2825//670
f 2825//138 2881//138 2880//138
f 2882//491 739//491 2307//491
f 2871//124 2883//124 2884//124
f 2149//182 2148//182 1487//182
f 2885//121 1466//121 1468//121
f 2885//182 1468//182 2527//182
f 481//1 2154//1 2155//1
f 2292//1 2156//1 1173//1
f 2682//121 1176//121 1175//121
f 2886//495 2887//495 2137//495
f 2169//138 2888//138 2889//138
f 2171//134 1178//134 1177//134
f 713//181 2515//181 714//181
f 2515//133 713//133 2019//133
f 2840//671 2438//671 2162//671
f 1483//629 2163//629 2162//629
f 2533//296 919//296 2890//296
f 727//316 2517//316 728//316
f 2046//7 699//7 2027//7
f 2232//139 1492//139 1568//139
f 276//139 1187//139 2266//139
f 1193//295 2223//295 278//295
f 2205//304 2207//304 2155//304
f 2158//121 2891//121 2159//121
f 1191//213 2146//213 1192//213
f 2211//138 2212//138 2213//138
f 2880//669 2215//669 2214//669
f 2892//203 731//203 730//203
f 797//1 2893//1 703//1
f 2027//672 2026//672 2046//672
f 734//7 2371//7 732//7
f 2894//673 800//673 719//673
f 1207//508 2895//508 1208//508
f 2896//203 2196//203 2244//203
f 1108//300 2246//300 2897//300
f 2898//268 2248//268 2897//268
f 2899//1 1610//1 280//1
f 2900//1 736//1 2253//1
f 720//1 2901//1 2538//1
f 2536//1 2902//1 2903//1
f 2258//1 2259//1 2260//1
f 2264//674 1194//674 282//674
f 739//300 2882//300 740//300
f 2266//127 740//127 2882//127
f 2886//120 2904//120 2905//120
f 2906//121 2907//121 2268//121
f 2267//210 2274//210 2273//210
f 2281//669 745//669 2689//669
f 2908//139 2079//139 2283//139
f 2909//404 2288//404 1199//404
f 2291//299 1200//299 1199//299
f 2292//140 1583//140 1582//140
f 1143//135 2295//135 1201//135
f 2148//212 1202//212 1201//212
f 2237//140 767//140 2238//140
f 788//123 1148//123 1623//123
f 1396//175 2910//175 2911//175
f 2912//2 1138//2 2319//2
f 978//675 2913//675 2914//675
f 762//224 436//224 438//224
f 2545//676 2915//676 2344//676
f 296//180 2344//180 2915//180
f 2374//123 783//123 782//123
f 2311//1 2916//1 2917//1
f 1496//1 2382//1 2181//1
f 440//677 769//677 441//677
f 769//678 771//678 441//678
f 2362//679 1776//679 2365//679
f 2918//680 1830//680 485//680
f 787//121 2919//121 785//121
f 776//143 1215//143 1631//143
f 770//1 769//1 734//1
f 772//296 2356//296 2920//296
f 292//491 1238//491 1239//491
f 1248//1 305//1 1244//1
f 305//1 1248//1 1249//1
f 305//145 307//145 1244//145
f 802//3 6//3 1246//3
f 1253//321 1243//321 1245//321
f 1254//148 1255//148 803//148
f 312//148 314//148 324//148
f 323//148 324//148 314//148
f 21//681 804//681 22//681
f 806//7 1263//7 1262//7
f 1497//7 2921//7 2922//7
f 2923//406 2924//406 2925//406
f 326//7 1269//7 2778//7
f 2396//1 1278//1 1277//1
f 1280//1 1283//1 1281//1
f 1284//13 811//13 32//13
f 33//13 32//13 811//13
f 812//13 813//13 2926//13
f 2927//13 2397//13 2926//13
f 32//13 34//13 2928//13
f 819//1 2929//1 1291//1
f 348//1 2929//1 349//1
f 2930//1 2874//1 2931//1
f 1058//1 2932//1 2933//1
f 2932//1 1058//1 1057//1
f 1293//1 1295//1 833//1
f 822//121 1301//121 823//121
f 1308//682 1307//682 1306//682
f 2934//301 827//301 700//301
f 2399//1 2935//1 2387//1
f 2935//1 1790//1 2387//1
f 182//498 2936//498 183//498
f 831//132 830//132 2937//132
f 1329//683 836//683 1331//683
f 837//684 345//684 354//684
f 345//685 837//685 1332//685
f 1328//686 1340//686 350//686
f 1330//687 51//687 842//687
f 50//688 842//688 51//688
f 1343//689 840//689 1333//689
f 50//690 840//690 842//690
f 840//691 1343//691 841//691
f 842//692 841//692 1340//692
f 1333//693 840//693 845//693
f 843//694 845//694 840//694
f 52//695 843//695 50//695
f 359//696 358//696 846//696
f 2938//697 360//697 359//697
f 58//698 361//698 56//698
f 855//699 64//699 853//699
f 857//700 856//700 1349//700
f 369//701 856//701 1347//701
f 860//702 75//702 65//702
f 79//703 75//703 860//703
f 1368//704 863//704 862//704
f 144//705 861//705 24//705
f 863//706 24//706 861//706
f 864//707 1366//707 861//707
f 862//708 861//708 1366//708
f 1813//709 2939//709 1820//709
f 2940//710 2760//710 1814//710
f 1782//711 569//711 2941//711
f 1638//712 577//712 565//712
f 1234//713 1353//713 1232//713
f 2346//714 591//714 590//714
f 581//715 2761//715 1816//715
f 1772//716 1784//716 1037//716
f 2942//717 1358//717 1774//717
f 1358//718 2767//718 1356//718
f 1797//719 1356//719 2767//719
f 2943//720 2760//720 1803//720
f 1803//721 1802//721 2364//721
f 870//722 869//722 295//722
f 1227//723 871//723 862//723
f 871//724 1227//724 869//724
f 1793//725 2944//725 1839//725
f 1378//726 1839//726 1027//726
f 1770//727 873//727 775//727
f 878//728 877//728 2581//728
f 382//729 2581//729 2945//729
f 2409//6 1388//6 1391//6
f 1388//6 2409//6 2946//6
f 2947//6 379//6 378//6
f 379//6 2948//6 2580//6
f 1259//6 881//6 880//6
f 1192//124 882//124 2949//124
f 2145//268 2587//268 883//268
f 2949//126 884//126 744//126
f 884//268 2949//268 882//268
f 1397//403 876//403 1364//403
f 2410//124 885//124 887//124
f 885//124 2596//124 886//124
f 887//124 886//124 2412//124
f 888//124 2950//124 889//124
f 886//124 889//124 2671//124
f 2590//124 2413//124 2951//124
f 2413//124 2412//124 2952//124
f 2953//124 2954//124 2955//124
f 86//302 1412//302 2956//302
f 2957//269 616//269 2958//269
f 367//200 389//200 73//200
f 1413//124 2014//124 2829//124
f 2959//138 2609//138 390//138
f 2016//138 892//138 2017//138
f 892//138 2016//138 890//138
f 1419//138 663//138 2017//138
f 2111//138 2960//138 2961//138
f 894//200 2962//200 895//200
f 1424//269 610//269 2963//269
f 505//7 2709//7 2964//7
f 2419//1 2710//1 2420//1
f 2420//1 2965//1 2422//1
f 2966//1 2419//1 2421//1
f 2966//174 2421//174 2657//174
f 2424//7 898//7 897//7
f 1003//602 896//602 2967//602
f 898//7 2967//7 896//7
f 188//224 2968//224 2426//224
f 2426//121 2750//121 559//121
f 2969//295 2970//295 2719//295
f 1691//295 1690//295 904//295
f 2971//126 2972//126 2725//126
f 2972//126 2971//126 2973//126
f 1928//204 1124//204 907//204
f 905//7 2431//7 906//7
f 2431//1 908//1 910//1
f 908//1 2974//1 909//1
f 910//1 909//1 2432//1
f 2433//1 2432//1 2975//1
f 2435//124 1976//124 1974//124
f 913//124 2631//124 2976//124
f 2977//500 2978//500 2809//500
f 1113//730 1481//730 1114//730
f 1476//121 191//121 190//121
f 190//121 192//121 2274//121
f 2979//138 1469//138 2980//138
f 2980//138 2981//138 2982//138
f 915//138 1473//138 2642//138
f 1473//138 2983//138 273//138
f 2984//138 2985//138 2245//138
f 1093//224 918//224 1592//224
f 2986//603 921//603 2839//603
f 438//731 193//731 2867//731
f 2987//732 1482//732 922//732
f 2306//733 733//733 195//733
f 922//734 921//734 2987//734
f 921//735 2988//735 2839//735
f 920//736 2988//736 921//736
f 1567//305 1186//305 2202//305
f 2200//138 2202//138 1186//138
f 1492//305 1491//305 1568//305
f 437//1 194//1 438//1
f 2358//737 1375//737 1507//737
f 1375//738 2358//738 439//738
f 875//273 2989//273 1498//273
f 2343//739 938//739 2990//739
f 2990//740 938//740 592//740
f 2405//741 789//741 1798//741
f 2991//124 2992//124 2993//124
f 2992//124 2994//124 2993//124
f 2993//124 2994//124 2995//124
f 2996//124 2997//124 2998//124
f 2998//138 2999//138 2439//138
f 2440//124 3000//124 3001//124
f 3001//124 3002//124 3003//124
f 1698//1 2659//1 3004//1
f 524//1 942//1 3005//1
f 944//121 943//121 2750//121
f 3006//1 1530//1 1303//1
f 3006//121 3007//121 3008//121
f 469//121 3008//121 3007//121
f 1094//121 3009//121 3008//121
f 3010//124 3011//124 2446//124
f 3012//124 3013//124 2444//124
f 3014//124 418//124 1534//124
f 2444//124 1534//124 456//124
f 3015//124 2446//124 3016//124
f 3017//124 3016//124 1464//124
f 1638//546 946//546 577//546
f 3018//305 947//305 949//305
f 949//124 948//124 3019//124
f 3020//124 3021//124 3022//124
f 460//124 3023//124 1545//124
f 956//1 955//1 2005//1
f 950//7 3024//7 951//7
f 2447//7 952//7 954//7
f 952//7 951//7 953//7
f 954//7 953//7 1699//7
f 469//121 3007//121 199//121
f 336//1 3025//1 3007//1
f 3026//126 542//126 202//126
f 400//184 202//184 542//184
f 1212//123 1211//123 2248//123
f 2002//121 956//121 3027//121
f 1938//1 3028//1 3029//1
f 2002//120 2133//120 957//120
f 3030//121 2118//121 2186//121
f 2188//133 2186//133 2185//133
f 960//134 959//134 3031//134
f 958//134 684//134 1574//134
f 1998//138 961//138 3032//138
f 3032//138 961//138 963//138
f 962//138 3033//138 3034//138
f 3035//138 3036//138 3037//138
f 965//7 675//7 2089//7
f 967//140 1614//140 675//140
f 2534//121 3038//121 724//121
f 3039//121 3040//121 3041//121
f 1598//121 3042//121 1599//121
f 970//121 1596//121 971//121
f 281//1 1611//1 3043//1
f 972//1 974//1 3044//1
f 287//140 1615//140 481//140
f 1618//140 2072//140 480//140
f 1205//742 1234//742 2333//742
f 291//268 1238//268 292//268
f 2691//140 766//140 1224//140
f 2004//138 984//138 2455//138
f 1642//138 985//138 984//138
f 985//138 1642//138 488//138
f 2455//138 986//138 639//138
f 986//138 2455//138 983//138
f 3045//127 537//127 988//127
f 537//138 3046//138 987//138
f 988//138 987//138 2458//138
f 2458//138 2457//138 3047//138
f 3047//138 2457//138 3048//138
f 3024//7 3049//7 1657//7
f 1657//7 3050//7 1925//7
f 217//7 3051//7 3052//7
f 2707//7 989//7 990//7
f 989//7 2459//7 219//7
f 990//7 219//7 2460//7
f 334//7 992//7 335//7
f 200//7 3053//7 2722//7
f 1672//124 1671//124 3054//124
f 2463//124 3055//124 2461//124
f 414//123 1458//123 1457//123
f 1297//121 2751//121 1298//121
f 3056//7 3057//7 3058//7
f 3059//1 3060//1 3061//1
f 3061//7 3062//7 2469//7
f 1860//124 1005//124 522//124
f 519//124 518//124 1850//124
f 412//121 3063//121 941//121
f 3063//121 412//121 1457//121
f 3064//121 2620//121 941//121
f 2475//1 1007//1 226//1
f 1007//1 2460//1 1008//1
f 226//1 1008//1 2476//1
f 3065//138 3066//138 3067//138
f 3067//138 3068//138 2718//138
f 2718//138 3068//138 3069//138
f 3070//138 3071//138 1704//138
f 335//181 3053//181 336//181
f 336//1 3007//1 1303//1
f 334//1 1303//1 1304//1
f 1710//1 3072//1 2036//1
f 1213//124 3073//124 2463//124
f 1010//491 2030//491 1011//491
f 1009//126 1011//126 1715//126
f 2598//126 1409//126 1408//126
f 559//512 3074//512 560//512
f 560//138 3074//138 2479//138
f 3075//138 1533//138 3076//138
f 2968//1 1012//1 1013//1
f 1012//1 549//1 231//1
f 1013//1 231//1 944//1
f 549//1 1734//1 231//1
f 944//1 230//1 945//1
f 230//121 1739//121 1014//121
f 945//1 1014//1 3077//1
f 1717//174 1015//174 1017//174
f 2483//120 2665//120 2481//120
f 2481//174 2665//174 1018//174
f 1377//743 1021//743 1369//743
f 1770//744 3078//744 1838//744
f 2572//745 1838//745 3078//745
f 2573//746 232//746 234//746
f 570//747 1026//747 2384//747
f 3079//748 235//748 1022//748
f 3080//749 3081//749 584//749
f 936//750 1824//750 3082//750
f 1810//751 1029//751 2941//751
f 1031//752 2942//752 1030//752
f 1631//753 3083//753 777//753
f 3083//754 1631//754 794//754
f 3084//755 1825//755 1784//755
f 1035//756 2766//756 1036//756
f 1784//757 1825//757 1037//757
f 1039//758 3085//758 1040//758
f 3085//759 1039//759 1786//759
f 1042//1 1846//1 596//1
f 1843//1 3086//1 2487//1
f 1843//1 1682//1 1841//1
f 2924//1 2391//1 2925//1
f 1694//124 3087//124 3088//124
f 245//124 244//124 1751//124
f 1044//124 1043//124 2755//124
f 2605//124 603//124 1410//124
f 2956//127 2602//127 2601//127
f 1410//302 2602//302 2604//302
f 3089//127 3090//127 3091//127
f 3092//181 2395//181 2488//181
f 3093//124 3091//124 3090//124
f 2925//7 2395//7 3094//7
f 606//132 607//132 1048//132
f 612//132 2937//132 1048//132
f 1869//132 1053//132 3095//132
f 1906//132 1060//132 1052//132
f 1906//132 1052//132 1051//132
f 3096//132 339//132 338//132
f 1873//132 1053//132 1869//132
f 1053//132 1873//132 1050//132
f 1054//224 1873//224 1055//224
f 3097//132 1059//132 1058//132
f 1053//132 1052//132 1060//132
f 3095//132 1053//132 1061//132
f 1424//198 1423//198 3098//198
f 3099//198 1879//198 3100//198
f 3091//127 2877//127 3089//127
f 3101//308 3102//308 3092//308
f 3094//181 2395//181 3103//181
f 2514//7 1871//7 2102//7
f 1888//7 2102//7 1871//7
f 617//660 616//660 2957//660
f 1069//133 2493//133 251//133
f 1070//181 251//181 1460//181
f 1071//7 1701//7 1072//7
f 423//561 1074//561 2003//561
f 423//561 2003//561 2633//561
f 3104//124 1075//124 621//124
f 1075//124 625//124 1076//124
f 621//124 1076//124 622//124
f 625//124 3105//124 2494//124
f 459//124 949//124 3019//124
f 2850//760 947//760 3018//760
f 947//124 2850//124 464//124
f 2098//200 3106//200 3107//200
f 202//761 204//761 3108//761
f 1210//1 1302//1 1301//1
f 1302//224 1210//224 221//224
f 2986//587 642//587 644//587
f 2810//124 1083//124 1084//124
f 1083//295 2498//295 254//295
f 1084//134 254//134 253//134
f 2498//295 3109//295 252//295
f 252//295 1946//295 253//295
f 255//1 257//1 1086//1
f 1086//1 2817//1 255//1
f 255//1 2817//1 1961//1
f 3110//1 1961//1 2817//1
f 640//138 1087//138 1089//138
f 1089//134 1088//134 2500//134
f 1087//138 1436//138 1088//138
f 1436//124 3111//124 2819//124
f 1088//134 2819//134 655//134
f 655//134 1955//134 2500//134
f 4//222 265//222 28//222
f 2250//268 2247//268 1211//268
f 1096//631 3112//631 204//631
f 1736//1 1735//1 2506//1
f 2636//762 1736//762 2506//762
f 949//124 459//124 3113//124
f 2495//124 3114//124 3115//124
f 1612//140 1100//140 1102//140
f 2501//140 1103//140 1105//140
f 3116//140 3117//140 1104//140
f 1105//140 1104//140 2502//140
f 1102//140 1101//140 1107//140
f 1101//140 2502//140 1106//140
f 1107//140 1106//140 1988//140
f 2247//203 3118//203 1109//203
f 1110//421 1109//421 3118//421
f 3118//139 1998//139 1110//139
f 1108//421 1996//421 1995//421
f 1112//124 262//124 2979//124
f 2000//124 1111//124 2001//124
f 2249//126 2250//126 2823//126
f 1414//209 1413//209 2606//209
f 1267//304 1266//304 2706//304
f 3102//763 3101//763 3119//763
f 258//762 421//762 2633//762
f 1960//764 3120//764 1946//764
f 3121//491 1973//491 2226//491
f 647//765 2146//765 645//765
f 2637//212 3122//212 2636//212
f 3123//308 2734//308 3124//308
f 1117//766 102//766 3125//766
f 3126//667 1957//667 1090//667
f 3127//268 2635//268 1955//268
f 3127//268 1955//268 654//268
f 3123//7 3028//7 1937//7
f 3128//221 2635//221 3127//221
f 3128//278 3127//278 3129//278
f 3130//299 3131//299 3132//299
f 3127//521 2828//521 3129//521
f 2608//767 2015//767 1415//767
f 3133//1 3134//1 3135//1
f 3136//1 2021//1 2020//1
f 3122//13 2634//13 2636//13
f 3137//121 3138//121 259//121
f 1306//768 256//768 1308//768
f 2507//769 3139//769 3113//769
f 1931//203 1932//203 3130//203
f 2637//121 259//121 3138//121
f 2191//138 2190//138 1975//138
f 2191//404 1975//404 3120//404
f 3108//770 204//770 3112//770
f 1962//602 1961//602 3140//602
f 700//140 2046//140 2934//140
f 3141//121 2436//121 1131//121
f 427//121 1129//121 1130//121
f 1131//121 1130//121 1170//121
f 2083//140 2861//140 2864//140
f 1138//308 2912//308 1139//308
f 1140//7 1139//7 3142//7
f 1139//140 2912//140 3143//140
f 3144//138 3145//138 1141//138
f 270//124 272//124 1142//124
f 271//124 270//124 2058//124
f 3146//124 1142//124 272//124
f 733//771 1145//771 195//771
f 1145//140 748//140 1143//140
f 3147//138 275//138 1149//138
f 1957//675 3126//675 3148//675
f 1197//772 3138//772 3137//772
f 2188//121 2879//121 3030//121
f 3149//299 1200//299 1206//299
f 1147//299 2832//299 1148//299
f 2248//126 1211//126 2247//126
f 1921//773 2450//773 3150//773
f 1134//138 3151//138 1132//138
f 678//138 1151//138 3152//138
f 3146//138 2066//138 3153//138
f 1480//774 2977//774 1481//774
f 1643//316 2869//316 2124//316
f 2520//138 1150//138 1149//138
f 1150//124 2520//124 293//124
f 2859//138 3151//138 1134//138
f 1129//140 2917//140 2298//140
f 212//775 1589//775 2686//775
f 1310//498 1312//498 1307//498
f 1156//13 2514//13 1157//13
f 2515//13 1157//13 2514//13
f 1285//1 3154//1 2930//1
f 891//124 1158//124 691//124
f 1160//124 3155//124 1158//124
f 691//124 3155//124 2960//124
f 3155//124 691//124 1158//124
f 696//134 695//134 1178//134
f 723//204 2117//204 3156//204
f 2518//138 1164//138 2517//138
f 1164//138 2518//138 1162//138
f 1476//204 1475//204 191//204
f 1194//776 2264//776 979//776
f 1194//420 979//420 981//420
f 1200//299 2291//299 1222//299
f 1200//299 1222//299 1206//299
f 3157//628 2128//628 2127//628
f 3158//184 1164//184 1163//184
f 2687//417 2686//417 3156//417
f 3152//127 1150//127 292//127
f 2644//665 2183//665 1163//665
f 1310//487 129//487 133//487
f 2588//507 1194//507 981//507
f 3029//120 3028//120 1599//120
f 1308//777 2521//777 1309//777
f 2869//778 2126//778 2125//778
f 3159//779 2187//779 2448//779
f 1960//780 2643//780 3120//780
f 1166//134 1182//134 3112//134
f 1222//200 2291//200 1216//200
f 2328//126 2235//126 679//126
f 2328//126 679//126 3152//126
f 3122//525 3160//525 2634//525
f 2304//761 2305//761 2859//761
f 2132//404 2128//404 2524//404
f 3040//2 3039//2 2837//2
f 3161//140 3122//140 2637//140
f 2135//495 2134//495 2189//495
f 2290//268 3162//268 3163//268
f 1601//207 2909//207 1602//207
f 1171//182 2152//182 1169//182
f 3164//1 1172//1 3165//1
f 1174//121 3165//121 1172//121
f 1173//121 2157//121 1175//121
f 3165//182 1174//182 1189//182
f 1176//182 1189//182 1174//182
f 3160//781 3166//781 2634//781
f 3159//782 2185//782 2187//782
f 3167//278 2126//278 2869//278
f 3168//783 3169//783 2123//783
f 2010//124 2009//124 665//124
f 1122//134 3170//134 1123//134
f 1155//1 1913//1 1912//1
f 3171//13 2559//13 2396//13
f 2264//317 1220//317 979//317
f 1312//784 133//784 139//784
f 1307//416 1308//416 1310//416
f 1191//269 1167//269 2643//269
f 762//682 2867//682 1493//682
f 139//329 1313//329 1312//329
f 1313//329 139//329 19//329
f 2189//304 2134//304 2188//304
f 2221//304 2188//304 2134//304
f 3128//295 3172//295 3173//295
f 2226//300 2535//300 3121//300
f 2195//268 1184//268 1183//268
f 3174//300 1184//300 3175//300
f 1184//300 3174//300 1182//300
f 1186//138 1185//138 2200//138
f 278//139 1187//139 276//139
f 1187//139 278//139 1185//139
f 2205//304 1190//304 2533//304
f 1190//304 2205//304 1188//304
f 2211//138 2225//138 2224//138
f 2224//138 2208//138 2211//138
f 826//181 1313//181 2542//181
f 267//133 1475//133 302//133
f 1311//121 1307//121 1312//121
f 2508//291 2042//291 2200//291
f 3176//295 3177//295 3178//295
f 2123//279 2125//279 2131//279
f 1208//409 2895//409 3179//409
f 2687//785 3180//785 2691//785
f 2524//492 2128//492 2331//492
f 2332//489 3181//489 2333//489
f 3182//121 2311//121 2917//121
f 2302//633 786//633 3183//633
f 2399//7 698//7 2935//7
f 263//139 2503//139 214//139
f 2177//786 2915//786 3184//786
f 302//7 2310//7 267//7
f 659//299 2242//299 2453//299
f 3185//7 2537//7 3186//7
f 2255//1 2257//1 3185//1
f 1194//134 2588//134 283//134
f 2539//210 3187//210 2049//210
f 2267//121 2051//121 2274//121
f 1196//120 3188//120 1197//120
f 3188//210 1196//210 2267//210
f 2141//207 3189//207 706//207
f 2282//491 2281//491 2689//491
f 2290//139 1198//139 3149//139
f 1200//299 3149//299 1198//299
f 3190//7 1202//7 3191//7
f 1202//212 3190//212 1144//212
f 2309//120 2303//120 3192//120
f 2305//422 783//422 2375//422
f 3193//417 2542//417 2541//417
f 2691//7 213//7 2687//7
f 213//7 1223//7 211//7
f 2513//787 212//787 211//787
f 979//760 1220//760 1225//760
f 3194//417 1475//417 1474//417
f 2380//175 1508//175 2648//175
f 1313//181 19//181 2542//181
f 22//7 2542//7 19//7
f 2546//788 3184//788 2545//788
f 2238//140 766//140 2691//140
f 1208//181 698//181 2399//181
f 809//406 808//406 221//406
f 1213//127 2714//127 1211//127
f 487//124 1225//124 1220//124
f 779//789 2379//789 2369//789
f 1510//790 1509//790 2943//790
f 785//791 2345//791 1822//791
f 2344//792 296//792 1227//792
f 296//793 295//793 869//793
f 1228//794 926//794 927//794
f 784//795 1229//795 2348//795
f 1637//796 1636//796 761//796
f 1234//140 1233//140 2333//140
f 866//7 1236//7 1226//7
f 866//7 3195//7 1237//7
f 208//123 3196//123 1239//123
f 975//142 1509//142 2373//142
f 211//7 1223//7 2692//7
f 299//143 1242//143 297//143
f 1242//143 299//143 1240//143
f 1634//143 484//143 980//143
f 1244//1 1243//1 1248//1
f 10//321 1245//321 1//321
f 1245//321 10//321 1253//321
f 1243//321 1253//321 1247//321
f 1249//321 1248//321 1252//321
f 1247//138 1253//138 802//138
f 1252//138 2547//138 307//138
f 1247//138 1246//138 2547//138
f 7//138 10//138 5//138
f 311//2 18//2 312//2
f 325//148 311//148 312//148
f 383//299 9//299 1258//299
f 1257//139 316//139 325//139
f 313//7 17//7 376//7
f 1260//7 376//7 17//7
f 17//7 3197//7 1260//7
f 3197//7 17//7 16//7
f 1259//7 805//7 807//7
f 315//7 1984//7 3197//7
f 1984//7 315//7 1985//7
f 2057//140 2388//140 2182//140
f 3198//140 2182//140 2388//140
f 3199//140 3200//140 3201//140
f 264//304 2258//304 265//304
f 810//222 264//222 808//222
f 1267//797 2522//797 1265//797
f 1117//135 3125//135 2706//135
f 1116//1 1268//1 1678//1
f 326//7 328//7 1269//7
f 328//7 2488//7 242//7
f 1269//7 242//7 241//7
f 1677//7 3202//7 1270//7
f 2391//7 2549//7 2770//7
f 2778//7 1269//7 1273//7
f 1269//7 241//7 1272//7
f 1273//7 1272//7 1845//7
f 241//7 30//7 2552//7
f 1845//7 1274//7 1276//7
f 328//308 2548//308 2488//308
f 2488//13 2548//13 3092//13
f 327//329 2556//329 2548//329
f 3092//13 2548//13 3101//13
f 3203//798 2556//798 327//798
f 3101//204 2548//204 2556//204
f 1884//133 2174//133 3204//133
f 2556//120 3203//120 2554//120
f 2554//1 1282//1 1281//1
f 1282//799 2554//799 3203//799
f 2173//1 1280//1 2174//1
f 1282//1 2174//1 1280//1
f 1283//1 1280//1 2100//1
f 2872//181 1284//181 2558//181
f 32//13 3205//13 1284//13
f 2928//13 3205//13 32//13
f 1285//308 2560//308 811//308
f 812//13 811//13 2560//13
f 1292//181 1286//181 1290//181
f 1286//13 1292//13 813//13
f 814//13 813//13 357//13
f 1288//13 716//13 2397//13
f 847//13 1289//13 815//13
f 60//133 3206//133 1289//133
f 2873//1 1894//1 3207//1
f 818//1 817//1 2398//1
f 2561//1 1296//1 329//1
f 349//1 331//1 330//1
f 1290//1 820//1 819//1
f 355//1 1291//1 348//1
f 2933//1 3208//1 1058//1
f 38//1 332//1 39//1
f 333//1 833//1 1295//1
f 833//1 333//1 38//1
f 1296//1 3209//1 2562//1
f 1294//1 341//1 329//1
f 341//1 1294//1 1293//1
f 1297//121 1300//121 1299//121
f 1302//121 220//121 1300//121
f 220//224 1302//224 221//224
f 2522//800 3140//800 1265//800
f 2522//315 2521//315 3140//315
f 3140//801 2521//801 1962//801
f 2521//787 1308//787 1962//787
f 2521//121 121//121 1309//121
f 1305//133 1307//133 1311//133
f 2934//182 3210//182 828//182
f 1311//1 828//1 1305//1
f 828//1 1311//1 826//1
f 1311//181 1313//181 826//181
f 827//309 3193//309 700//309
f 3179//7 699//7 698//7
f 826//802 3193//802 827//802
f 2544//416 2048//416 741//416
f 826//293 2542//293 3193//293
f 39//132 332//132 3211//132
f 1866//132 1865//132 2784//132
f 2786//132 2788//132 3212//132
f 339//132 3213//132 337//132
f 1865//132 1315//132 2784//132
f 1316//132 3214//132 1314//132
f 338//132 337//132 606//132
f 3215//132 45//132 3216//132
f 3217//132 1324//132 3215//132
f 1320//132 2565//132 1321//132
f 2937//132 612//132 831//132
f 2565//132 612//132 1049//132
f 340//803 1326//803 350//803
f 1326//804 342//804 834//804
f 836//805 1327//805 834//805
f 1328//806 1327//806 1330//806
f 1327//807 836//807 1329//807
f 1330//808 1329//808 51//808
f 51//809 837//809 52//809
f 52//810 354//810 353//810
f 1334//811 843//811 353//811
f 855//812 1338//812 854//812
f 358//813 2567//813 3218//813
f 1338//814 3218//814 2567//814
f 359//815 2566//815 2938//815
f 2569//816 2566//816 3219//816
f 841//817 1343//817 1339//817
f 1337//818 2567//818 1346//818
f 360//819 2938//819 1348//819
f 57//820 1344//820 58//820
f 849//821 3220//821 848//821
f 1343//822 1341//822 1339//822
f 1339//823 1342//823 49//823
f 2569//824 3219//824 1341//824
f 1344//825 57//825 1341//825
f 1333//826 1344//826 1343//826
f 54//827 1344//827 1333//827
f 847//828 3218//828 60//828
f 1338//829 855//829 61//829
f 854//830 857//830 365//830
f 857//831 366//831 364//831
f 1350//832 858//832 1349//832
f 1811//833 1777//833 1807//833
f 2570//834 1807//834 1777//834
f 3221//835 3222//835 3223//835
f 1352//836 1782//836 1028//836
f 1782//837 1029//837 1028//837
f 1820//838 1760//838 768//838
f 1760//839 1820//839 2939//839
f 2759//840 3224//840 1779//840
f 768//841 1761//841 1806//841
f 780//842 3079//842 1379//842
f 1353//843 3222//843 1232//843
f 574//844 2355//844 1635//844
f 161//845 155//845 162//845
f 238//846 240//846 154//846
f 155//847 154//847 240//847
f 1824//848 3084//848 3082//848
f 234//849 3225//849 1507//849
f 3225//850 234//850 233//850
f 594//851 593//851 3226//851
f 3226//852 2357//852 1355//852
f 162//853 240//853 170//853
f 3227//854 3228//854 1819//854
f 1819//855 3228//855 1801//855
f 1818//856 1817//856 1539//856
f 582//857 1815//857 3229//857
f 1358//858 1360//858 1774//858
f 1360//859 1358//859 1357//859
f 152//860 151//860 876//860
f 151//861 1361//861 1364//861
f 777//862 3083//862 3078//862
f 1792//863 2348//863 1229//863
f 1810//864 1367//864 870//864
f 871//865 870//865 1367//865
f 1387//866 1829//866 1828//866
f 3230//867 2918//867 1384//867
f 3231//868 1369//868 1836//868
f 1370//869 1836//869 1369//869
f 2369//870 1827//870 779//870
f 2379//871 779//871 778//871
f 2765//872 2764//872 2341//872
f 2342//873 2764//873 591//873
f 2340//874 3232//874 2346//874
f 2768//875 1838//875 2572//875
f 1770//876 1838//876 1837//876
f 3231//877 1839//877 1378//877
f 1373//878 1375//878 439//878
f 1374//879 234//879 1375//879
f 1507//880 1375//880 234//880
f 1372//881 3233//881 1020//881
f 235//882 237//882 1371//882
f 3078//883 2359//883 2572//883
f 1389//6 378//6 3234//6
f 2578//6 3234//6 2576//6
f 175//6 1393//6 176//6
f 3235//6 176//6 1393//6
f 2409//6 2408//6 880//6
f 3236//6 3235//6 2577//6
f 2947//6 378//6 1389//6
f 378//6 377//6 2576//6
f 3237//6 3238//6 380//6
f 3238//6 3237//6 2580//6
f 1391//138 1388//138 3239//138
f 1394//138 3240//138 1393//138
f 385//138 2583//138 1395//138
f 383//138 1395//138 1256//138
f 2147//127 2949//127 746//127
f 2949//134 2147//134 1192//134
f 744//268 746//268 2949//268
f 2587//268 2145//268 3241//268
f 3242//268 3243//268 2587//268
f 2231//660 2233//660 2232//660
f 169//884 3244//884 175//884
f 2378//277 1640//277 763//277
f 2190//885 424//885 426//885
f 3245//124 495//124 2592//124
f 3246//124 3247//124 2593//124
f 2410//124 1398//124 885//124
f 1398//138 2594//138 388//138
f 885//124 388//124 2596//124
f 2594//138 1399//138 386//138
f 386//124 1400//124 2595//124
f 2596//124 387//124 888//124
f 387//124 2595//124 1401//124
f 888//124 1401//124 2950//124
f 2671//124 1543//124 2412//124
f 1969//124 3247//124 3248//124
f 1404//404 1406//404 1402//404
f 555//207 1404//207 2597//207
f 1404//175 555//175 1405//175
f 1744//139 560//139 2480//139
f 1745//139 1744//139 3011//139
f 1719//124 3075//124 3076//124
f 3074//138 3076//138 1533//138
f 2775//124 2601//124 2603//124
f 2777//124 1410//124 1411//124
f 1411//124 603//124 1855//124
f 1412//139 616//139 615//139
f 77//600 74//600 1412//600
f 74//278 2958//278 616//278
f 389//307 2608//307 2957//307
f 3249//138 1417//138 3250//138
f 858//138 390//138 367//138
f 1418//138 1419//138 2107//138
f 2109//138 1419//138 2017//138
f 2610//138 2108//138 2110//138
f 2108//124 2610//124 3251//124
f 2960//138 3155//138 3252//138
f 2610//138 2111//138 3253//138
f 3254//269 1420//269 3255//269
f 1422//269 3255//269 1420//269
f 2611//488 1422//488 1421//488
f 2963//198 1068//198 1424//198
f 1068//200 2492//200 1423//200
f 3255//488 1422//488 1425//488
f 1422//269 2611//269 1320//269
f 1753//121 3256//121 1743//121
f 1730//1 1743//1 3257//1
f 553//406 1428//406 1427//406
f 1428//489 553//489 2749//489
f 3257//121 1742//121 1731//121
f 3258//1 1426//1 1431//1
f 1731//1 3258//1 2746//1
f 3259//121 454//121 1430//121
f 454//1 3259//1 1016//1
f 2414//1 3260//1 3261//1
f 3260//1 1430//1 1462//1
f 3261//1 3260//1 2974//1
f 2746//121 1431//121 1432//121
f 1431//1 2612//1 393//1
f 1432//1 393//1 2613//1
f 391//1 3262//1 422//1
f 2613//1 392//1 260//1
f 392//181 422//181 421//181
f 1433//181 3263//181 529//181
f 228//1 1434//1 2475//1
f 1749//140 228//140 227//140
f 504//1 227//1 2476//1
f 3111//138 1436//138 1437//138
f 1436//138 1087//138 396//138
f 1437//124 396//124 2615//124
f 1087//138 640//138 1438//138
f 394//138 1438//138 1439//138
f 2615//124 395//124 3264//124
f 1440//124 1647//124 3265//124
f 488//124 490//124 1441//124
f 490//124 1091//124 399//124
f 1441//138 399//138 3266//138
f 397//138 3267//138 2616//138
f 398//124 2616//124 3268//124
f 3269//138 3270//138 3271//138
f 3272//124 3273//124 3274//124
f 3274//124 2655//124 3275//124
f 1562//139 1443//139 1442//139
f 1443//177 1562//177 3276//177
f 1095//126 203//126 3276//126
f 401//126 400//126 542//126
f 562//126 3277//126 1444//126
f 1444//124 1443//124 562//124
f 1445//2 501//2 3278//2
f 991//222 3279//222 3280//222
f 3064//1 3281//1 2620//1
f 2967//137 1448//137 3282//137
f 1448//1 2967//1 1449//1
f 1523//2 2429//2 1452//2
f 903//174 902//174 2623//174
f 902//886 1690//886 1448//886
f 1452//1 1451//1 1664//1
f 1451//2 2725//2 408//2
f 1664//7 1451//7 407//7
f 3283//121 899//121 1454//121
f 3284//2 3285//2 3286//2
f 2722//210 3284//210 3286//210
f 411//2 901//2 2624//2
f 452//7 409//7 411//7
f 409//120 3287//120 410//120
f 997//126 3280//126 3054//126
f 3076//123 1453//123 1454//123
f 1453//123 3076//123 3074//123
f 3074//123 559//123 1453//123
f 508//123 1458//123 2625//123
f 2626//123 508//123 2625//123
f 412//175 2620//175 413//175
f 3288//127 224//127 223//127
f 1465//417 3289//417 2747//417
f 2506//1 1735//1 2613//1
f 1927//133 1070//133 1461//133
f 905//181 1074//181 2431//181
f 1074//7 1073//7 2431//7
f 3290//1 2975//1 3291//1
f 2975//1 2432//1 417//1
f 3291//1 417//1 3292//1
f 2432//1 909//1 415//1
f 909//1 2974//1 1462//1
f 415//1 1462//1 1429//1
f 416//1 1429//1 453//1
f 3293//1 3294//1 2664//1
f 419//138 2679//138 420//138
f 913//124 2976//124 418//124
f 2629//124 1463//124 1464//124
f 1463//124 2812//124 632//124
f 1464//124 632//124 631//124
f 2810//124 1945//124 3295//124
f 3295//124 2434//124 2668//124
f 2435//124 1974//124 2976//124
f 3075//124 1720//124 912//124
f 1165//665 1559//665 3296//665
f 1115//297 1465//297 1737//297
f 2635//887 3297//887 2029//887
f 258//210 2633//210 3137//210
f 3160//121 2271//121 2641//121
f 3160//121 2641//121 3166//121
f 2641//121 2275//121 1489//121
f 2885//182 922//182 1482//182
f 2867//787 193//787 2074//787
f 1146//212 3190//212 2074//212
f 3298//138 2835//138 3299//138
f 3300//139 3298//139 2242//139
f 3301//138 1112//138 2979//138
f 2243//138 3302//138 2984//138
f 2243//177 2984//177 3303//177
f 1471//138 680//138 2983//138
f 2985//138 2981//138 2437//138
f 2245//138 2985//138 2244//138
f 430//138 2642//138 428//138
f 428//138 3304//138 429//138
f 268//135 267//135 3182//135
f 1479//126 2320//126 1477//126
f 1154//495 2298//495 2917//495
f 1129//495 268//495 3182//495
f 2176//488 3305//488 2167//488
f 2645//669 2184//669 2183//669
f 708//304 2988//304 1486//304
f 1485//137 3306//137 3307//137
f 1484//304 707//304 1487//304
f 707//304 1484//304 708//304
f 1466//133 1113//133 1467//133
f 1186//203 1567//203 738//203
f 1490//300 1492//300 3308//300
f 267//417 2310//417 3182//417
f 2648//127 2646//127 2644//127
f 2867//406 762//406 438//406
f 1493//212 760//212 762//212
f 2917//210 2916//210 1154//210
f 2055//121 2181//121 2382//121
f 3309//220 1502//220 3310//220
f 931//140 1500//140 2916//140
f 1494//140 2916//140 1500//140
f 3309//403 3310//403 1796//403
f 1794//180 1796//180 3311//180
f 434//175 433//175 927//175
f 1499//888 1505//888 1637//888
f 235//889 3079//889 2366//889
f 1822//539 2367//539 785//539
f 946//890 1633//890 578//890
f 1510//412 2363//412 1508//412
f 1459//124 2473//124 3312//124
f 1852//138 3312//138 2773//138
f 2474//127 2627//127 1002//127
f 2649//124 3313//124 3314//124
f 2651//124 3314//124 3315//124
f 3316//124 3273//124 2996//124
f 3000//124 3317//124 2776//124
f 3318//124 2822//124 442//124
f 90//124 2489//124 3319//124
f 3320//124 466//124 1652//124
f 3321//124 3320//124 3322//124
f 1516//138 1513//138 445//138
f 1513//138 3323//138 1514//138
f 3322//124 1515//124 1517//124
f 1517//124 1516//124 447//124
f 1517//127 447//127 3324//127
f 3263//1 1518//1 1520//1
f 1518//1 3325//1 1521//1
f 1521//1 3326//1 525//1
f 1519//1 525//1 524//1
f 1520//1 1519//1 1522//1
f 1522//1 524//1 3005//1
f 1665//212 3063//212 507//212
f 1523//1 1452//1 1524//1
f 448//1 1524//1 2658//1
f 1698//1 450//1 2659//1
f 3005//1 942//1 1526//1
f 942//1 2660//1 1525//1
f 1526//1 1525//1 3327//1
f 2660//1 2442//1 2661//1
f 2661//1 3328//1 2662//1
f 1525//1 2662//1 1951//1
f 451//1 1940//1 452//1
f 454//1 1016//1 455//1
f 2482//120 3324//120 2422//120
f 2665//121 2664//121 453//121
f 2664//121 2665//121 2483//121
f 1717//304 3329//304 3330//304
f 3331//121 3329//121 3259//121
f 1939//133 1709//133 502//133
f 1708//210 1709//210 1080//210
f 3007//1 3006//1 1303//1
f 1530//1 1531//1 1304//1
f 3332//121 1304//121 1531//121
f 472//1 471//1 3333//1
f 1530//1 3333//1 471//1
f 1094//121 3008//121 469//121
f 3014//124 911//124 913//124
f 3014//124 913//124 418//124
f 1719//124 1720//124 3075//124
f 3016//124 2445//124 1535//124
f 1464//124 1535//124 2629//124
f 2445//124 2444//124 456//124
f 1534//124 418//124 420//124
f 2629//124 1535//124 1536//124
f 1535//124 2445//124 458//124
f 2121//503 1536//503 2669//503
f 1789//891 1633//891 2692//891
f 2041//761 1540//761 1541//761
f 1540//279 2507//279 461//279
f 2670//124 461//124 460//124
f 2507//674 3113//674 459//674
f 460//124 459//124 3019//124
f 460//124 3019//124 3023//124
f 2850//124 2039//124 464//124
f 1544//127 2039//127 2038//127
f 463//124 2671//124 889//124
f 3334//124 889//124 2950//124
f 465//124 467//124 2826//124
f 1545//124 3023//124 1546//124
f 465//124 1546//124 2672//124
f 2673//124 466//124 3320//124
f 466//124 2672//124 1652//124
f 3335//124 3336//124 3321//124
f 1921//892 1564//892 1548//892
f 1563//12 1548//12 1564//12
f 955//224 957//224 950//224
f 950//224 1550//224 3337//224
f 3024//7 950//7 3337//7
f 1949//1 3338//1 1551//1
f 2816//1 1551//1 1552//1
f 1551//7 2447//7 954//7
f 1552//7 954//7 1699//7
f 2734//135 473//135 3124//135
f 1553//2 1557//2 1554//2
f 1556//2 1554//2 1557//2
f 2678//121 2034//121 470//121
f 1976//303 1978//303 1972//303
f 419//299 1974//299 1973//299
f 2808//893 2316//893 1558//893
f 542//138 3339//138 543//138
f 1559//123 1561//123 1560//123
f 1561//123 1096//123 1095//123
f 2081//894 1978//894 2523//894
f 2248//207 2898//207 1212//207
f 1561//895 1559//895 1165//895
f 472//495 3340//495 473//495
f 1094//292 1093//292 3009//292
f 468//13 1094//13 469//13
f 2674//896 2448//896 2675//896
f 472//523 3333//523 2680//523
f 2448//897 2450//897 2675//897
f 3150//608 1564//608 1921//608
f 2525//898 1564//898 3150//898
f 2233//269 2231//269 3341//269
f 1559//503 1558//503 2316//503
f 2229//139 1953//139 3297//139
f 468//308 918//308 1094//308
f 2451//121 2681//121 1093//121
f 2222//672 2532//672 2221//672
f 2118//182 725//182 2186//182
f 724//1 723//1 1608//1
f 2526//121 1608//121 1606//121
f 1126//1 670//1 3342//1
f 1568//177 1491//177 284//177
f 3343//124 3031//124 3344//124
f 3345//124 3344//124 3031//124
f 686//134 1574//134 684//134
f 1574//134 686//134 1572//134
f 2831//138 1999//138 3346//138
f 1998//138 1575//138 961//138
f 1575//138 1994//138 1576//138
f 961//138 1576//138 3347//138
f 1994//138 1577//138 1578//138
f 1577//138 1256//138 1395//138
f 1578//138 1395//138 2583//138
f 3348//138 3349//138 3033//138
f 3350//138 3349//138 3351//138
f 3352//138 1579//138 3353//138
f 1394//138 3354//138 3240//138
f 2072//140 3355//140 2070//140
f 2089//602 1219//602 964//602
f 1587//140 475//140 964//140
f 967//140 966//140 1582//140
f 966//140 474//140 3356//140
f 1585//140 1584//140 3357//140
f 2293//140 2294//140 1585//140
f 2534//899 3150//899 2449//899
f 3358//126 2841//126 3359//126
f 212//900 2513//900 1589//900
f 2832//139 661//139 1623//139
f 723//772 3156//772 1609//772
f 1589//629 1609//629 2686//629
f 1609//121 1589//121 1607//121
f 3360//1 2325//1 3361//1
f 2337//139 1622//139 3362//139
f 1218//604 1586//604 964//604
f 3363//127 431//127 3364//127
f 1203//666 1127//666 3342//666
f 3365//783 2318//783 2317//783
f 2544//407 741//407 968//407
f 2325//182 2327//182 3361//182
f 2525//801 1565//801 1564//801
f 1593//633 2327//633 1594//633
f 3359//299 2229//299 3366//299
f 971//2 3367//2 969//2
f 2525//298 3150//298 2534//298
f 2333//886 1203//886 1205//886
f 2544//784 2543//784 2048//784
f 3366//200 2229//200 2228//200
f 3040//901 3029//901 3042//901
f 2185//902 3159//902 2189//902
f 1203//502 3342//502 2543//502
f 3368//295 2263//295 2092//295
f 3038//604 2449//604 2187//604
f 3369//300 2336//300 2054//300
f 2324//182 2327//182 2325//182
f 2224//127 2523//127 2208//127
f 3041//121 2899//121 3039//121
f 3042//121 1598//121 2254//121
f 2253//1 2254//1 1598//1
f 3370//121 2688//121 2158//121
f 2293//7 3371//7 3372//7
f 3373//13 2682//13 2159//13
f 2213//124 2143//124 1601//124
f 478//124 477//124 3163//124
f 1603//124 3374//124 478//124
f 3375//138 1164//138 3158//138
f 3173//124 3172//124 431//124
f 205//124 3172//124 3376//124
f 3172//124 205//124 431//124
f 1607//121 1606//121 1608//121
f 1609//182 1608//182 723//182
f 1589//121 1588//121 1607//121
f 1588//121 970//121 1606//121
f 2526//121 1606//121 969//121
f 1204//903 1203//903 2543//903
f 2313//904 2167//904 2166//904
f 1612//1 1611//1 1610//1
f 3377//1 972//1 3044//1
f 286//140 3378//140 1615//140
f 3164//140 1615//140 3378//140
f 3379//1 1618//1 1617//1
f 481//7 1616//7 480//7
f 1618//7 480//7 1616//7
f 2195//501 2193//501 3380//501
f 1621//421 1620//421 2091//421
f 1478//177 1620//177 2690//177
f 704//421 2690//421 1620//421
f 1218//508 2323//508 1586//508
f 1148//299 2832//299 1623//299
f 1632//601 1639//601 2544//601
f 2513//495 2322//495 968//495
f 2323//292 1591//292 1586//292
f 1594//487 2327//487 1236//487
f 2184//134 2645//134 3381//134
f 661//139 3362//139 1622//139
f 211//181 2692//181 2322//181
f 1632//308 968//308 2322//308
f 764//509 2136//509 765//509
f 1639//121 1204//121 2543//121
f 1594//886 1237//886 3192//886
f 297//300 1242//300 753//300
f 1241//588 753//588 1242//588
f 1508//175 2363//175 2648//175
f 977//277 978//277 3382//277
f 2343//140 1823//140 1591//140
f 2326//140 1591//140 1823//140
f 928//905 1635//905 2355//905
f 1636//906 574//906 1635//906
f 1638//315 1235//315 1204//315
f 1640//123 485//123 793//123
f 3383//120 2920//120 2069//120
f 1230//403 792//403 3384//403
f 3385//403 1230//403 3386//403
f 3384//509 792//509 2519//509
f 1641//198 1643//198 1642//198
f 490//138 1092//138 1091//138
f 1642//138 489//138 488//138
f 1090//138 1956//138 3267//138
f 1956//138 2693//138 2695//138
f 3267//138 2695//138 2616//138
f 3387//124 2821//124 2820//124
f 3388//138 2820//138 3389//138
f 640//138 986//138 1438//138
f 986//138 983//138 1644//138
f 1438//124 1644//124 1439//124
f 983//138 985//138 491//138
f 985//138 488//138 1645//138
f 491//124 1645//124 2696//124
f 1439//124 493//124 1646//124
f 1647//124 3390//124 3391//124
f 537//138 536//138 3046//138
f 1648//491 2716//491 1649//491
f 1650//138 1649//138 2594//138
f 3046//138 3392//138 3393//138
f 3393//138 3394//138 2410//138
f 1399//138 1651//138 1400//138
f 1651//300 2656//300 1514//300
f 1516//124 1515//124 1653//124
f 1515//124 3322//124 1652//124
f 1653//124 1652//124 2672//124
f 2595//124 3323//124 3395//124
f 3396//138 3048//138 3397//138
f 3398//124 2410//124 2411//124
f 1702//138 3245//138 3111//138
f 1950//7 2697//7 2699//7
f 3399//1 1950//1 2701//1
f 3400//7 3401//7 3402//7
f 3403//7 3404//7 3405//7
f 3125//907 1267//907 2706//907
f 3406//7 3407//7 3408//7
f 3005//1 1654//1 1655//1
f 1654//1 532//1 499//1
f 1655//1 499//1 2708//1
f 532//7 1656//7 497//7
f 1656//7 3024//7 1657//7
f 497//7 1657//7 2707//7
f 2708//1 498//1 1658//1
f 498//7 2707//7 990//7
f 1658//7 990//7 2460//7
f 3337//7 3409//7 3049//7
f 3337//908 3410//908 3409//908
f 3410//785 3337//785 1550//785
f 2802//7 2675//7 1923//7
f 2450//909 1923//909 2675//909
f 501//1 1445//1 539//1
f 561//12 500//12 2711//12
f 1667//1 3411//1 1668//1
f 3412//1 3411//1 3413//1
f 649//1 3411//1 1667//1
f 3411//1 649//1 3072//1
f 2423//300 996//300 998//300
f 2738//127 1721//127 2712//127
f 2712//184 3285//184 2427//184
f 993//127 2428//127 994//127
f 2738//127 2712//127 2713//127
f 3414//124 1661//124 1660//124
f 1661//124 3415//124 1659//124
f 503//140 1435//140 504//140
f 2964//7 503//7 505//7
f 407//7 1662//7 1664//7
f 1664//1 1524//1 1452//1
f 448//1 450//1 506//1
f 450//1 1698//1 1665//1
f 506//7 1665//7 507//7
f 1523//1 448//1 2715//1
f 2429//2 1523//2 2626//2
f 2716//126 1750//126 2477//126
f 3416//127 2657//127 446//127
f 2721//124 3417//124 3418//124
f 2970//127 2969//127 413//127
f 3412//1 1668//1 3411//1
f 1080//121 1667//121 1708//121
f 1666//7 1708//7 1667//7
f 3287//137 409//137 1670//137
f 409//7 452//7 1669//7
f 1670//7 1669//7 3286//7
f 1673//124 402//124 1672//124
f 1443//124 3419//124 563//124
f 1443//124 563//124 562//124
f 3277//126 3420//126 1444//126
f 1444//124 1714//124 1442//124
f 2751//127 3421//127 2752//127
f 3422//127 1661//127 3414//127
f 1714//127 1444//127 3420//127
f 3423//127 2751//127 3424//127
f 1276//7 1275//7 1676//7
f 1275//7 2553//7 511//7
f 1676//7 511//7 2424//7
f 2553//7 3425//7 509//7
f 3425//1 3426//1 3427//1
f 509//7 3425//7 3427//7
f 2424//7 510//7 898//7
f 510//7 2723//7 999//7
f 898//7 999//7 2967//7
f 2771//7 2551//7 3428//7
f 513//7 3429//7 3430//7
f 512//7 3408//7 3429//7
f 1001//7 2470//7 3431//7
f 1449//7 3431//7 1447//7
f 3062//1 3060//1 3432//1
f 3433//7 3432//7 3434//7
f 2622//7 3435//7 406//7
f 3435//7 3434//7 3436//7
f 406//7 3436//7 407//7
f 3437//174 3438//174 1679//174
f 3439//1 1685//1 1847//1
f 1679//1 3439//1 2769//1
f 1679//7 2769//7 1680//7
f 1681//1 1680//1 1845//1
f 1682//1 1848//1 1683//1
f 1848//1 1685//1 1683//1
f 3439//174 3440//174 1685//174
f 1683//304 3441//304 1684//304
f 2724//121 3442//121 1687//121
f 2973//268 3443//268 903//268
f 2430//512 2429//512 2466//512
f 2726//126 2971//126 2725//126
f 904//124 3443//124 3444//124
f 1004//124 1691//124 2991//124
f 2781//307 3445//307 1693//307
f 1850//124 518//124 2727//124
f 518//124 3446//124 2727//124
f 1850//124 2727//124 1695//124
f 2727//124 3446//124 1006//124
f 1006//124 521//124 2754//124
f 1695//124 2729//124 1696//124
f 1697//124 1696//124 3288//124
f 2660//1 526//1 197//1
f 197//1 526//1 2443//1
f 940//7 3063//7 1665//7
f 3063//7 940//7 941//7
f 3263//1 1520//1 529//1
f 1520//1 1522//1 527//1
f 1522//1 3005//1 1655//1
f 527//1 1655//1 2708//1
f 2475//1 528//1 1007//1
f 528//1 2708//1 1658//1
f 1007//1 1658//1 2460//1
f 3005//1 1526//1 1654//1
f 1526//1 3327//1 530//1
f 1654//1 530//1 532//1
f 3327//1 1699//1 530//1
f 530//7 953//7 531//7
f 532//7 531//7 1656//7
f 1656//7 951//7 3024//7
f 2476//1 1008//1 533//1
f 1008//7 2460//7 218//7
f 533//7 218//7 1700//7
f 3447//7 534//7 1701//7
f 3045//127 988//127 3417//127
f 988//138 2458//138 3418//138
f 3047//138 3048//138 3066//138
f 3065//138 3067//138 2720//138
f 413//124 3070//124 414//124
f 3070//124 413//124 2969//124
f 1702//138 3111//138 1437//138
f 1703//138 1437//138 2615//138
f 1440//138 3265//138 3264//138
f 414//138 1704//138 1458//138
f 1458//138 1705//138 2625//138
f 2467//138 2733//138 3448//138
f 2430//138 2468//138 2726//138
f 3046//138 536//138 3392//138
f 2594//138 1649//138 1399//138
f 1649//126 2716//126 2477//126
f 537//420 3045//420 538//420
f 3417//175 3449//175 3045//175
f 1531//121 1707//121 3332//121
f 403//7 1707//7 1445//7
f 1707//182 1706//182 540//182
f 1445//224 540//224 539//224
f 539//182 541//182 502//182
f 1709//182 500//182 502//182
f 1710//224 2036//224 1711//224
f 1078//138 1934//138 1659//138
f 3106//124 1078//124 1712//124
f 1933//200 3414//200 1660//200
f 3414//138 1933//138 1713//138
f 1442//300 1713//300 1560//300
f 3450//126 2030//126 2505//126
f 2423//126 3451//126 995//126
f 2811//126 995//126 1118//126
f 1407//300 2953//300 2955//300
f 1717//126 3452//126 2955//126
f 544//127 1015//127 1718//127
f 3322//124 3453//124 3321//124
f 410//126 3287//126 1721//126
f 2712//126 1721//126 3287//126
f 558//126 1719//126 899//126
f 3076//184 1454//184 1719//184
f 557//124 900//124 2737//124
f 3295//124 1723//124 2810//124
f 3454//127 3109//127 2713//127
f 2498//124 1083//124 1724//124
f 1083//124 2810//124 1723//124
f 1724//124 1723//124 2667//124
f 1724//124 2667//124 1722//124
f 1745//200 3010//200 3455//200
f 3010//124 3015//124 3455//124
f 3455//124 3456//124 1402//124
f 3015//124 3017//124 3456//124
f 2600//124 3457//124 3458//124
f 630//124 1725//124 1727//124
f 1725//139 1947//139 1726//139
f 1727//124 1726//124 2740//124
f 3459//124 3460//124 2743//124
f 2954//124 2742//124 2745//124
f 1728//124 2744//124 2805//124
f 545//124 1728//124 546//124
f 1728//124 2805//124 1729//124
f 546//124 1729//124 3335//124
f 2968//1 1730//1 1012//1
f 3257//1 1731//1 1732//1
f 1731//121 2746//121 552//121
f 1732//1 552//1 2747//1
f 548//121 1943//121 1733//121
f 3461//121 1733//121 1082//121
f 2746//121 1432//121 550//121
f 1432//1 2613//1 1735//1
f 550//121 1735//121 1736//121
f 2613//1 260//1 2506//1
f 2747//1 551//1 1465//1
f 1737//772 1465//772 551//772
f 3462//1 3077//1 1527//1
f 1014//121 1739//121 1738//121
f 1739//121 1081//121 1740//121
f 1738//121 1740//121 2748//121
f 1528//121 2748//121 629//121
f 3256//121 1741//121 1743//121
f 1741//182 553//182 1427//182
f 1743//121 1742//121 3257//121
f 3256//417 554//417 1741//417
f 1754//1 1405//1 3256//1
f 3256//489 1405//489 554//489
f 3452//222 3330//222 3463//222
f 2599//120 3464//120 2749//120
f 3465//182 2749//182 3464//182
f 188//133 1753//133 2968//133
f 1454//121 943//121 3283//121
f 943//121 1453//121 2750//121
f 560//175 1744//175 189//175
f 1406//512 1754//512 1745//512
f 2597//200 1404//200 1403//200
f 3011//138 3010//138 1745//138
f 1402//139 1406//139 3455//139
f 2968//121 1013//121 2426//121
f 2750//121 2426//121 1013//121
f 3449//1 3263//1 1746//1
f 1747//182 1433//182 2614//182
f 1747//120 2614//120 2717//120
f 1748//174 2717//174 1749//174
f 1435//140 1749//140 227//140
f 2657//174 3416//174 2966//174
f 3325//1 1518//1 3449//1
f 3449//175 3417//175 3325//175
f 2620//175 3281//175 2970//175
f 2620//175 2970//175 413//175
f 3466//175 2721//175 2719//175
f 2721//175 3466//175 3325//175
f 3277//174 1666//174 3420//174
f 3278//126 1674//126 1673//126
f 1446//126 1674//126 3278//126
f 405//126 1672//126 3054//126
f 404//126 1672//126 405//126
f 2627//174 2472//174 897//174
f 896//174 2627//174 897//174
f 2472//174 225//174 2425//174
f 224//886 3437//886 3467//886
f 897//174 2472//174 2425//174
f 1676//1 2425//1 2753//1
f 2729//127 2728//127 3440//127
f 1686//124 2728//124 2754//124
f 2755//124 521//124 1044//124
f 1751//124 1043//124 245//124
f 1752//300 244//300 3090//300
f 1006//124 2754//124 2728//124
f 223//138 1852//138 3288//138
f 3288//127 1696//127 3437//127
f 1753//798 188//798 187//798
f 3256//1 1753//1 1754//1
f 1406//175 1405//175 1754//175
f 157//910 1769//910 3468//910
f 1755//911 1834//911 1756//911
f 3468//912 1755//912 1757//912
f 1837//913 873//913 1770//913
f 873//914 1837//914 1758//914
f 2758//915 1759//915 3469//915
f 1760//916 2939//916 1759//916
f 1761//917 768//917 767//917
f 3470//313 1240//313 3471//313
f 1762//918 3471//918 299//918
f 2350//919 2404//919 1538//919
f 2404//920 2350//920 790//920
f 1764//921 2406//921 930//921
f 1027//922 1763//922 781//922
f 1765//923 781//923 1763//923
f 1756//924 1787//924 1766//924
f 574//925 1787//925 575//925
f 157//926 159//926 1791//926
f 1791//927 1767//927 157//927
f 2407//928 1793//928 1365//928
f 1768//929 3309//929 1833//929
f 1834//930 1755//930 1833//930
f 1362//931 1775//931 1360//931
f 1775//932 1362//932 564//932
f 172//933 153//933 152//933
f 2365//934 1778//934 587//934
f 577//935 579//935 1780//935
f 579//936 2759//936 1779//936
f 1780//937 1779//937 3472//937
f 1781//938 566//938 3473//938
f 1783//939 2941//939 569//939
f 3195//258 866//258 865//258
f 3080//940 584//940 583//940
f 583//941 585//941 2764//941
f 3084//942 1784//942 1785//942
f 1784//943 1772//943 1771//943
f 1785//944 1771//944 3474//944
f 1774//945 1039//945 1038//945
f 1039//946 1774//946 1775//946
f 1786//947 1775//947 564//947
f 170//948 153//948 172//948
f 1636//949 1637//949 1766//949
f 771//950 2355//950 1788//950
f 574//951 576//951 2355//951
f 1633//952 1789//952 578//952
f 2758//953 1789//953 2692//953
f 2758//558 2692//558 1223//558
f 1791//954 1228//954 927//954
f 1835//955 1792//955 1836//955
f 1762//956 298//956 1539//956
f 3470//957 3475//957 1629//957
f 3475//958 3476//958 3385//958
f 1777//959 1802//959 2570//959
f 1799//960 863//960 1368//960
f 2941//961 1783//961 1367//961
f 1367//962 1810//962 2941//962
f 568//963 2386//963 1799//963
f 572//964 3477//964 3228//964
f 1785//965 1816//965 3084//965
f 581//966 1816//966 582//966
f 577//967 1780//967 566//967
f 1780//968 3473//968 566//968
f 1804//969 2760//969 2940//969
f 2940//970 1820//970 1806//970
f 1806//971 1804//971 2940//971
f 1808//972 2570//972 1805//972
f 1808//973 1805//973 1761//973
f 1806//974 1761//974 1805//974
f 2757//975 571//975 573//975
f 1029//976 586//976 588//976
f 1811//977 1778//977 1777//977
f 1814//978 1813//978 2940//978
f 1785//979 3474//979 1815//979
f 1816//980 1815//980 582//980
f 573//981 3227//981 3478//981
f 1818//982 3478//982 3227//982
f 1789//983 2759//983 579//983
f 1352//984 1025//984 1782//984
f 3232//985 591//985 2346//985
f 2765//986 1821//986 583//986
f 571//987 2757//987 1821//987
f 572//988 571//988 1822//988
f 1824//989 1823//989 1826//989
f 3084//990 1824//990 1825//990
f 1035//991 1826//991 2990//991
f 2402//992 2766//992 594//992
f 2357//993 3226//993 774//993
f 1817//994 589//994 1762//994
f 3470//995 1815//995 3475//995
f 1771//996 3476//996 3474//996
f 1231//997 3476//997 1771//997
f 3471//998 1762//998 589//998
f 3478//999 1818//999 1538//999
f 1814//1000 2943//1000 2361//1000
f 2943//1001 1814//1001 2760//1001
f 483//1002 3479//1002 1382//1002
f 1387//1003 482//1003 1829//1003
f 482//1004 1386//1004 483//1004
f 3230//1005 1830//1005 2918//1005
f 1837//1006 1831//1006 1832//1006
f 1831//1007 441//1007 1788//1007
f 1832//1008 1788//1008 576//1008
f 574//1009 1636//1009 1787//1009
f 1795//1010 2989//1010 3480//1010
f 2334//1011 1370//1011 933//1011
f 934//1012 933//1012 1370//1012
f 1755//1013 3468//1013 1769//1013
f 441//1014 1831//1014 1373//1014
f 2768//1015 1831//1015 1838//1015
f 1831//1016 2768//1016 1373//1016
f 1837//1017 1832//1017 1758//1017
f 874//1018 1758//1018 575//1018
f 575//1019 1787//1019 2756//1019
f 1839//1020 2944//1020 1763//1020
f 1764//1021 1763//1021 2944//1021
f 934//1022 1369//1022 1021//1022
f 1385//1023 1020//1023 3233//1023
f 1757//1024 1504//1024 1503//1024
f 3468//1025 1840//1025 157//1025
f 2989//1026 874//1026 3480//1026
f 595//1 2778//1 1042//1
f 1844//1 1042//1 2778//1
f 2778//1 1273//1 1844//1
f 1273//7 1845//7 1680//7
f 1844//1 1680//1 2769//1
f 1846//1 2769//1 1847//1
f 1848//1 1847//1 1685//1
f 1047//1 1909//1 517//1
f 2780//1 1841//1 515//1
f 515//1 1684//1 516//1
f 1045//1 1687//1 1689//1
f 599//138 3446//138 518//138
f 1006//124 3446//124 522//124
f 3481//209 523//209 1005//209
f 523//126 3481//126 1694//126
f 1859//138 602//138 601//138
f 1692//124 519//124 600//124
f 519//124 1850//124 600//124
f 601//124 2772//124 3482//124
f 1850//124 1695//124 1851//124
f 600//124 1851//124 2772//124
f 1695//124 1697//124 1851//124
f 1697//124 3288//124 1852//124
f 1853//124 1852//124 2773//124
f 2775//124 1512//124 2601//124
f 3483//300 1512//300 2489//300
f 1677//7 1270//7 1271//7
f 595//1 1854//1 326//1
f 327//1 326//1 1854//1
f 604//509 3484//509 1886//509
f 2605//420 3484//420 604//420
f 3485//124 3003//124 1855//124
f 1855//124 603//124 605//124
f 1856//124 605//124 1857//124
f 1694//588 3481//588 3087//588
f 1883//181 1842//181 1914//181
f 1911//7 1914//7 1842//7
f 597//1 3086//1 1883//1
f 1693//126 3445//126 3486//126
f 327//508 1854//508 3203//508
f 2779//307 3481//307 1005//307
f 1914//133 1884//133 1883//133
f 2925//514 3094//514 2923//514
f 2792//120 1862//120 3202//120
f 2795//220 1861//220 598//220
f 2793//1 2924//1 2794//1
f 1270//487 3202//487 1862//487
f 3094//1027 1918//1027 2923//1027
f 3487//175 3484//175 3488//175
f 97//121 1270//121 83//121
f 1866//132 2785//132 3489//132
f 3490//132 3491//132 3492//132
f 3493//132 1323//132 3211//132
f 3494//132 3495//132 3496//132
f 1863//132 1867//132 1905//132
f 2937//132 830//132 3497//132
f 1315//132 1865//132 1864//132
f 1867//132 1863//132 1865//132
f 3095//132 1870//132 1869//132
f 1877//132 1867//132 1876//132
f 3214//132 1321//132 3212//132
f 1866//132 3489//132 1875//132
f 1055//132 1868//132 3489//132
f 3498//132 3499//132 3216//132
f 1875//132 1867//132 1866//132
f 1873//132 1869//132 1055//132
f 1316//132 1315//132 1864//132
f 1871//7 2514//7 1872//7
f 1891//1 1051//1 1050//1
f 1892//224 2785//224 1895//224
f 1058//132 3500//132 3097//132
f 3500//132 3501//132 3502//132
f 1896//132 2787//132 3501//132
f 1870//132 3095//132 1878//132
f 1061//132 1878//132 3095//132
f 2565//269 1320//269 2611//269
f 611//198 610//198 1424//198
f 831//198 612//198 611//198
f 1423//198 2789//198 3100//198
f 352//198 1880//198 1335//198
f 839//198 1880//198 352//198
f 1880//198 839//198 613//198
f 347//198 613//198 839//198
f 346//198 614//198 347//198
f 2782//209 1885//209 2607//209
f 2794//561 2923//561 1958//561
f 2794//140 1881//140 2792//140
f 3203//633 1882//633 3204//633
f 1862//409 2792//409 1881//409
f 3483//124 86//124 2956//124
f 1884//121 3204//121 1882//121
f 1958//1028 2923//1028 1918//1028
f 1958//183 1908//183 2794//183
f 77//278 1412//278 86//278
f 83//140 1862//140 78//140
f 3103//120 1916//120 3094//120
f 1861//509 2011//509 2779//509
f 2795//404 3503//404 2011//404
f 1180//7 1887//7 1889//7
f 1887//7 2102//7 1888//7
f 1890//181 2101//181 1891//181
f 1056//1 1871//1 1054//1
f 1894//1 2105//1 1892//1
f 1894//224 1893//224 3207//224
f 1892//224 1895//224 1893//224
f 1893//1 1896//1 1064//1
f 2398//1 817//1 2561//1
f 1296//1 2561//1 3504//1
f 3505//138 2113//138 3251//138
f 1421//200 1420//200 3506//200
f 1066//138 3507//138 3508//138
f 1899//138 1067//138 2796//138
f 844//138 1901//138 55//138
f 2789//134 1423//134 2492//134
f 1335//138 2791//138 1334//138
f 2876//669 1903//669 1902//669
f 3255//269 1904//269 3254//269
f 1902//668 1904//668 1877//668
f 1904//488 3255//488 1905//488
f 1425//488 1905//488 3255//488
f 1061//269 1060//269 3509//269
f 1881//329 2794//329 1908//329
f 3510//138 3487//138 3488//138
f 78//120 1881//120 70//120
f 2779//127 2012//127 3481//127
f 1910//224 2799//224 1911//224
f 2174//1 1884//1 1915//1
f 3511//300 3512//300 3513//300
f 3514//1029 1916//1029 3103//1029
f 1918//490 3094//490 1916//490
f 3503//404 2795//404 3512//404
f 1917//899 1959//899 1958//899
f 3481//501 2012//501 3087//501
f 2011//509 2013//509 2779//509
f 2779//124 2013//124 2012//124
f 1070//133 1927//133 1069//133
f 1919//133 3290//133 1920//133
f 1069//133 1920//133 2493//133
f 3515//1 1460//1 250//1
f 3293//1 2664//1 2663//1
f 1921//133 1548//133 1922//133
f 2802//7 1924//7 3050//7
f 1924//7 2459//7 989//7
f 1461//133 1926//133 1927//133
f 1926//1 2043//1 620//1
f 1927//133 620//133 1919//133
f 2043//1 1928//1 618//1
f 1928//417 3516//417 1124//417
f 618//1 907//1 2433//1
f 1919//181 619//181 3290//181
f 2433//1 2975//1 619//1
f 3517//206 1929//206 1461//206
f 2041//139 1541//139 2804//139
f 2803//124 2826//124 3104//124
f 3518//127 622//127 3519//127
f 3519//124 622//124 2496//124
f 1075//124 626//124 625//124
f 2673//124 3336//124 624//124
f 624//124 1729//124 2805//124
f 625//124 2805//124 3105//124
f 1931//124 2740//124 1726//124
f 1932//177 1726//177 1947//177
f 2671//124 462//124 1543//124
f 2039//124 1544//124 462//124
f 1713//295 1558//295 1560//295
f 1212//300 3107//300 3073//300
f 3520//134 3107//134 3106//134
f 202//674 3108//674 3026//674
f 3339//278 1964//278 1009//278
f 2824//7 1709//7 1939//7
f 3123//7 541//7 2734//7
f 541//7 3123//7 1937//7
f 3009//1 3006//1 3008//1
f 3006//1 3009//1 3333//1
f 1711//7 822//7 821//7
f 1301//1 822//1 1963//1
f 642//1030 1553//1030 643//1030
f 1556//2 629//2 2748//2
f 629//2 1556//2 2677//2
f 1554//2 2748//2 1740//2
f 643//2 1740//2 1081//2
f 2677//2 652//2 627//2
f 651//121 1942//121 3521//121
f 1942//1 1669//1 3521//1
f 1528//1 628//1 1529//1
f 1529//7 2624//7 3462//7
f 1114//1031 2977//1031 3289//1031
f 2978//121 1082//121 1733//121
f 1082//121 1081//121 3461//121
f 3461//121 229//121 1734//121
f 2747//1 1943//1 1732//1
f 1732//1 547//1 3257//1
f 425//127 2810//127 1084//127
f 646//127 2505//127 2030//127
f 1725//124 630//124 2812//124
f 2812//124 1948//124 1725//124
f 2499//1 3522//1 1085//1
f 1949//1 2816//1 635//1
f 1950//7 635//7 2697//7
f 2816//1 1552//1 633//1
f 1552//1 1699//1 1951//1
f 633//7 1951//7 2662//7
f 3523//1 2698//1 3524//1
f 634//1 2662//1 3328//1
f 3523//1 3524//1 3525//1
f 1266//1 1265//1 3110//1
f 3110//1 2817//1 638//1
f 2704//7 638//7 2702//7
f 2817//1 1086//1 636//1
f 1086//7 1085//7 1952//7
f 636//7 1952//7 2818//7
f 2702//7 637//7 3526//7
f 641//124 640//124 1089//124
f 1954//124 1089//124 2500//124
f 641//134 1089//134 1954//134
f 1955//295 2029//295 1954//295
f 656//124 2819//124 3527//124
f 1968//404 2828//404 3528//404
f 3528//134 3529//134 1968//134
f 3248//124 3530//124 1969//124
f 2693//1032 1956//1032 2023//1032
f 1957//317 2023//317 1956//317
f 90//1033 3319//1033 98//1033
f 3088//209 3087//209 1121//209
f 1959//633 69//633 1908//633
f 2868//1034 2031//1034 3531//1034
f 2714//507 3532//507 2823//507
f 2823//268 1992//268 2249//268
f 3176//203 1947//203 3533//203
f 1963//1 822//1 3534//1
f 1212//300 2898//300 3107//300
f 3535//124 2807//124 3130//124
f 2256//304 809//304 1210//304
f 3536//760 2827//760 1970//760
f 389//512 2957//512 2958//512
f 3339//660 542//660 3026//660
f 1964//786 3531//786 1010//786
f 3530//124 3248//124 3537//124
f 3538//198 3537//198 2038//198
f 3115//138 3539//138 3519//138
f 2803//124 1541//124 2670//124
f 1541//124 2803//124 2804//124
f 1461//133 1460//133 3517//133
f 1549//304 2852//304 3515//304
f 2986//315 644//315 3540//315
f 2677//121 1555//121 3541//121
f 2032//781 653//781 3541//781
f 1970//126 2827//126 1968//126
f 1972//327 1974//327 1976//327
f 3120//524 1975//524 253//524
f 1084//664 253//664 1975//664
f 1977//631 1945//631 1978//631
f 1553//1035 642//1035 2838//1035
f 3542//7 3543//7 3544//7
f 3545//7 1140//7 3142//7
f 3186//7 3546//7 1099//7
f 3547//140 3548//140 1613//140
f 1613//140 1612//140 1102//140
f 3547//140 1102//140 1107//140
f 1136//140 3547//140 1137//140
f 2501//140 1100//140 3549//140
f 1103//140 3357//140 3116//140
f 2684//182 3361//182 2327//182
f 2192//126 2454//126 2453//126
f 659//203 2453//203 657//203
f 2247//138 1993//138 3118//138
f 2249//139 1577//139 1994//139
f 1577//420 2249//420 1992//420
f 3118//177 1575//177 1998//177
f 1575//139 3118//139 1993//139
f 1991//421 1997//421 3550//421
f 1997//421 1991//421 1995//421
f 3550//138 3551//138 3552//138
f 3362//124 661//124 660//124
f 2832//124 1147//124 2000//124
f 2503//124 2000//124 1147//124
f 660//124 662//124 3553//124
f 2001//124 3554//124 662//124
f 2239//124 2067//124 1470//124
f 1469//124 261//124 682//124
f 2833//124 3555//124 3554//124
f 1111//124 1112//124 2834//124
f 3555//124 2833//124 2063//124
f 2063//124 2833//124 3556//124
f 2898//295 2099//295 2098//295
f 3557//778 3558//778 3559//778
f 2643//139 2191//139 3120//139
f 2836//766 667//766 1917//766
f 3341//269 2041//269 2804//269
f 1074//296 905//296 1125//296
f 3119//498 3560//498 3514//498
f 3026//1036 3108//1036 2199//1036
f 2030//1037 1010//1037 2031//1037
f 2633//210 2003//210 2887//210
f 2840//12 2164//12 2838//12
f 3131//139 1932//139 3176//139
f 1553//596 2838//596 1557//596
f 3541//762 1555//762 3561//762
f 3541//762 3561//762 2032//762
f 1643//203 2025//203 489//203
f 3126//316 1090//316 1092//316
f 3562//1 1966//1 2005//1
f 956//1038 2005//1038 1965//1038
f 2851//783 726//783 2040//783
f 2163//601 2845//601 2164//601
f 1953//660 3359//660 2841//660
f 2848//1027 1929//1027 3517//1027
f 70//133 1908//133 69//133
f 667//633 69//633 1959//633
f 2986//899 2839//899 642//899
f 2868//632 3531//632 3241//632
f 2679//491 1973//491 3121//491
f 3132//139 2094//139 3535//139
f 2008//7 3210//7 2006//7
f 1962//598 1308//598 256//598
f 2828//769 3127//769 654//769
f 3503//268 3512//268 3563//268
f 2009//491 3503//491 3563//491
f 2010//509 2013//509 2011//509
f 2013//124 2010//124 711//124
f 2845//1039 1555//1039 1557//1039
f 2011//209 3503//209 2009//209
f 2609//138 2015//138 2608//138
f 2017//138 663//138 2018//138
f 665//138 2018//138 663//138
f 3087//207 2012//207 2842//207
f 3119//224 2555//224 2844//224
f 59//1 3206//1 60//1
f 2021//1 852//1 666//1
f 363//1 666//1 852//1
f 69//682 667//682 363//682
f 3557//278 2628//278 2849//278
f 2120//138 3564//138 2849//138
f 3148//1040 3126//1040 3168//1040
f 956//489 1965//489 3027//489
f 1948//299 3559//299 3558//299
f 3517//682 2846//682 2848//682
f 2025//776 3126//776 1092//776
f 2026//1041 2028//1041 1967//1041
f 3565//300 3566//300 3538//300
f 2007//1041 2026//1041 1967//1041
f 3564//220 2085//220 2087//220
f 1967//329 2028//329 1965//329
f 3558//327 3533//327 1948//327
f 2031//1042 647//1042 646//1042
f 1643//175 2124//175 2025//175
f 2035//182 2252//182 3567//182
f 3568//300 3538//300 3566//300
f 3027//224 1965//224 2028//224
f 2040//761 3565//761 2038//761
f 2851//1043 2040//1043 2039//1043
f 3535//139 2094//139 3115//139
f 3339//139 3569//139 1964//139
f 2036//1 3567//1 1711//1
f 1947//761 1948//761 3533//761
f 3113//660 3570//660 3018//660
f 3131//127 3368//127 3132//127
f 2004//126 2841//126 3358//126
f 2669//207 2825//207 2121//207
f 2628//278 3557//278 3559//278
f 2850//670 3018//670 2853//670
f 1557//1044 2838//1044 2164//1044
f 3565//761 3538//761 2038//761
f 3571//1 2043//1 2044//1
f 2848//1045 1930//1045 1929//1045
f 3112//420 3174//420 3108//420
f 2031//631 1010//631 3531//631
f 2314//133 2037//133 2315//133
f 2827//668 3129//668 2828//668
f 3572//181 3210//181 2008//181
f 207//138 3573//138 3158//138
f 687//139 2518//139 727//139
f 2045//268 727//268 726//268
f 2934//1046 828//1046 827//1046
f 190//121 701//121 1476//121
f 2858//121 2274//121 2051//121
f 2274//121 2858//121 190//121
f 2052//138 2088//138 686//138
f 3574//138 2053//138 3343//138
f 3575//124 2054//124 2053//124
f 2859//138 1134//138 2860//138
f 3576//138 1134//138 1133//138
f 3577//140 673//140 2861//140
f 673//140 3577//140 2862//140
f 2862//140 3543//140 671//140
f 3543//7 1986//7 671//7
f 1135//140 2864//140 1136//140
f 1136//140 672//140 3548//140
f 1989//140 2685//140 3578//140
f 2061//124 3362//124 660//124
f 2062//124 2061//124 3553//124
f 3555//124 2063//124 2065//124
f 272//124 271//124 1580//124
f 3579//138 1580//138 3580//138
f 2067//300 3581//300 1471//300
f 718//140 1581//140 3355//140
f 1581//140 718//140 2068//140
f 2069//417 2090//417 674//417
f 675//140 674//140 2089//140
f 2089//7 674//7 2090//7
f 3582//138 3583//138 1501//138
f 678//138 677//138 3584//138
f 275//138 3304//138 273//138
f 1166//138 1183//138 1182//138
f 106//664 2023//664 114//664
f 1957//1047 114//1047 2023//1047
f 2190//765 3585//765 424//765
f 918//224 468//224 919//224
f 2881//124 2825//124 1971//124
f 2679//138 2881//138 1971//138
f 1973//124 1972//124 2226//124
f 2081//503 2226//503 1972//503
f 2043//7 3571//7 1928//7
f 3536//404 1970//404 3568//404
f 2853//501 3018//501 3570//501
f 3583//138 2883//138 1501//138
f 2082//140 3586//140 2861//140
f 1142//404 3146//404 2911//404
f 1141//138 3145//138 3587//138
f 3145//124 3362//124 2061//124
f 1501//139 435//139 3582//139
f 2032//181 3588//181 2033//181
f 2840//666 2162//666 2164//666
f 1597//12 2848//12 2847//12
f 3169//501 2025//501 2124//501
f 2029//177 3297//177 1953//177
f 2887//133 1125//133 2137//133
f 3539//664 2094//664 2093//664
f 2987//1048 921//1048 2986//1048
f 1928//7 3571//7 3516//7
f 2852//309 3367//309 2846//309
f 2588//124 739//124 738//124
f 2054//760 3575//760 3589//760
f 2140//138 1572//138 2512//138
f 2088//200 2512//200 1572//200
f 732//1 749//1 748//1
f 748//561 1145//561 733//561
f 680//300 1471//300 3581//300
f 1206//904 752//904 3149//904
f 2129//203 1162//203 2518//203
f 3152//138 679//138 678//138
f 1620//177 1478//177 1477//177
f 1128//297 3181//297 2269//297
f 3181//297 1128//297 1127//297
f 3144//295 2511//295 2377//295
f 3153//268 1397//268 1396//268
f 2067//124 2239//124 1241//124
f 2868//518 2144//518 647//518
f 2004//126 3167//126 1641//126
f 2094//203 3132//203 2092//203
f 2091//512 1477//512 2321//512
f 2052//404 2054//404 2136//404
f 2136//177 2088//177 2052//177
f 1476//7 701//7 1474//7
f 2096//127 3149//127 752//127
f 2304//200 2860//200 3582//200
f 2922//212 2082//212 3183//212
f 3590//205 645//205 2146//205
f 2099//127 1990//127 2097//127
f 2890//520 1566//520 2033//520
f 3128//134 3129//134 3172//134
f 2396//133 1283//133 3171//133
f 1155//13 2101//13 1890//13
f 1046//182 1849//182 2101//182
f 1179//13 1887//13 1180//13
f 1887//13 1179//13 714//13
f 2102//13 714//13 2515//13
f 2103//181 2516//181 2557//181
f 2557//13 3591//13 2103//13
f 2106//1 2103//1 2104//1
f 2873//1 2106//1 1894//1
f 2106//1 2873//1 2516//1
f 1284//7 2872//7 3154//7
f 1290//7 2560//7 820//7
f 1285//1 820//1 2560//1
f 1419//138 2109//138 2108//138
f 2110//124 2108//124 2109//124
f 892//138 891//138 690//138
f 691//124 690//124 891//124
f 692//124 2960//124 2111//124
f 2960//124 692//124 691//124
f 2112//124 1159//124 1158//124
f 1159//124 2112//124 2168//124
f 850//124 1161//124 851//124
f 3592//124 3593//124 3594//124
f 362//124 693//124 850//124
f 53//124 694//124 362//124
f 1903//124 2876//124 2114//124
f 2171//124 2114//124 2876//124
f 2113//124 1903//124 2114//124
f 2878//134 3595//134 1907//134
f 3595//134 3170//134 3509//134
f 2175//291 3596//291 2228//291
f 205//404 207//404 432//404
f 3363//134 3305//134 3173//134
f 732//515 2894//515 749//515
f 293//134 2520//134 2519//134
f 2922//1 1495//1 1497//1
f 2116//134 2329//134 689//134
f 3174//420 3112//420 1182//420
f 2040//404 728//404 3565//404
f 3121//588 2215//588 2881//588
f 1163//1049 1162//1049 2647//1049
f 2118//1050 3597//1050 2119//1050
f 2118//1051 3030//1051 3597//1051
f 1163//660 2183//660 3158//660
f 2855//120 2895//120 2856//120
f 3181//1045 2270//1045 2269//1045
f 2115//177 2203//177 2204//177
f 3539//509 3308//509 3518//509
f 292//420 2328//420 3152//420
f 748//520 733//520 732//520
f 2068//784 717//784 2069//784
f 2312//1 2056//1 924//1
f 2132//269 2131//269 2125//269
f 2127//316 3366//316 3157//316
f 2209//669 2208//669 2523//669
f 3570//138 3139//138 1193//138
f 726//316 2851//316 2179//316
f 2124//198 2123//198 3169//198
f 2128//207 2132//207 2126//207
f 2329//124 2130//124 2129//124
f 2130//200 2647//200 1162//200
f 2092//134 3132//134 3368//134
f 2277//140 2044//140 1930//140
f 2129//124 689//124 2329//124
f 2175//429 3184//429 3596//429
f 981//1052 2240//1052 2588//1052
f 739//299 2588//299 2240//299
f 2209//765 424//765 3585//765
f 2131//127 136//127 138//127
f 681//200 3581//200 3384//200
f 757//1053 2091//1053 2321//1053
f 2647//1054 2644//1054 1163//1054
f 2375//208 3151//208 2305//208
f 114//893 1957//893 3148//893
f 2002//495 2222//495 2133//495
f 3029//514 3040//514 2837//514
f 2643//1055 1960//1055 3590//1055
f 3561//1056 2845//1056 2163//1056
f 3241//761 3531//761 3598//761
f 3026//895 2199//895 3569//895
f 1711//133 3534//133 822//133
f 3130//299 3132//299 3535//299
f 3539//139 3115//139 2094//139
f 2041//269 3341//269 2231//269
f 2042//127 2041//127 2231//127
f 3516//121 3599//121 2138//121
f 2887//182 2003//182 1125//182
f 764//588 2512//588 2088//588
f 3598//1057 3569//1057 2198//1057
f 3176//127 3533//127 3177//127
f 726//404 728//404 2040//404
f 3570//404 2180//404 2853//404
f 728//509 3566//509 3565//509
f 3600//121 3599//121 3571//121
f 3157//278 2546//278 2128//278
f 2198//1058 3242//1058 3598//1058
f 2215//669 2880//669 2881//669
f 3168//1059 120//1059 3148//1059
f 3027//495 2028//495 2857//495
f 3359//177 1953//177 2229//177
f 2879//1041 2854//1041 2299//1041
f 3157//1036 3596//1036 2546//1036
f 3172//124 3129//124 3376//124
f 3180//630 2117//630 2119//630
f 2913//300 2116//300 2115//300
f 2179//509 2853//509 2180//509
f 3128//1054 3601//1054 2635//1054
f 698//13 700//13 3193//13
f 1208//1 3179//1 698//1
f 1193//134 3139//134 2223//134
f 1193//492 2180//492 3570//492
f 2314//137 3602//137 3603//137
f 2222//508 2134//508 2133//508
f 828//121 3210//121 1305//121
f 3027//140 2857//140 2531//140
f 3359//299 3366//299 3358//299
f 704//421 1621//421 705//421
f 2288//127 2141//127 705//127
f 2290//268 3604//268 3162//268
f 2884//134 3604//134 2871//134
f 2141//123 2143//123 3189//123
f 882//124 1192//124 2144//124
f 2145//631 2144//631 2868//631
f 2146//503 647//503 2144//503
f 1168//300 2147//300 2586//300
f 2147//203 1168//203 1167//203
f 3605//300 3606//300 3189//300
f 2149//121 3191//121 1202//121
f 1486//182 920//182 3607//182
f 3607//182 920//182 922//182
f 3607//182 2885//182 2527//182
f 2527//182 1468//182 1169//182
f 1468//182 1467//182 2150//182
f 1169//182 2150//182 1170//182
f 2073//224 2151//224 3608//224
f 2297//121 1130//121 1129//121
f 2155//1 1616//1 481//1
f 1615//7 3164//7 2154//7
f 3165//1 2154//1 3164//1
f 2154//182 3165//182 1188//182
f 1189//121 1188//121 3165//121
f 1173//1 1172//1 2292//1
f 3370//7 2156//7 2293//7
f 2156//1 3370//1 2157//1
f 2158//121 2157//121 3370//121
f 1175//182 2159//182 2682//182
f 2159//1 1175//1 2157//1
f 2306//122 195//122 194//122
f 2687//1060 3156//1060 3180//1060
f 703//520 702//520 795//520
f 2301//7 3030//7 2879//7
f 2988//297 2840//297 2839//297
f 2313//316 2177//316 2176//316
f 3363//200 3364//200 2165//200
f 3589//199 3151//199 2375//199
f 3609//291 2165//291 3364//291
f 891//138 3610//138 2112//138
f 2889//138 3611//138 2875//138
f 711//124 2010//124 664//124
f 664//134 1418//134 2170//134
f 2842//124 1122//124 1121//124
f 1122//124 2842//124 1177//124
f 1177//134 2170//134 2171//134
f 2170//134 1418//134 2114//134
f 2107//134 2114//134 1418//134
f 2798//134 3091//134 2878//134
f 714//13 1179//13 712//13
f 2172//1 713//1 712//1
f 2515//181 2019//181 1157//181
f 1913//133 1157//133 2019//133
f 1915//1 2799//1 2172//1
f 2019//1 2172//1 2799//1
f 716//133 3612//133 715//133
f 715//13 2928//13 34//13
f 2035//489 2160//489 2251//489
f 721//2 2256//2 1210//2
f 2177//511 3184//511 2175//511
f 1222//127 290//127 1206//127
f 764//268 793//268 2512//268
f 2237//1056 3597//1056 1626//1056
f 3590//660 2146//660 1191//660
f 2531//204 2222//204 2002//204
f 2026//1061 2006//1061 2046//1061
f 754//296 3613//296 755//296
f 703//498 795//498 797//498
f 2535//138 2215//138 3121//138
f 2120//506 2122//506 2216//506
f 722//121 3534//121 2252//121
f 120//1059 3168//1059 127//1059
f 3168//760 2123//760 127//760
f 3590//660 1191//660 2643//660
f 3366//327 2127//327 3358//327
f 2139//181 2904//181 2137//181
f 2307//491 3614//491 2882//491
f 2130//134 2380//134 2647//134
f 2184//1062 3609//1062 3364//1062
f 2186//886 725//886 2187//886
f 3038//1063 2187//1063 725//1063
f 2879//182 2188//182 2221//182
f 3173//501 3305//501 3601//501
f 3601//126 3305//126 2227//126
f 2176//893 2227//893 3305//893
f 2227//207 2175//207 2228//207
f 2517//307 3566//307 728//307
f 3602//174 3039//174 3603//174
f 2251//1 279//1 973//1
f 2255//182 810//182 809//182
f 720//133 2256//133 721//133
f 809//121 2256//121 2255//121
f 731//175 3585//175 2190//175
f 2454//268 2192//268 3615//268
f 2194//268 3615//268 2192//268
f 1183//268 2194//268 2195//268
f 2194//492 1183//492 2632//492
f 2196//268 3175//268 1184//268
f 3175//126 2196//126 2896//126
f 1568//139 2201//139 2232//139
f 2201//203 1568//203 2202//203
f 1567//305 2202//305 1568//305
f 2266//139 2204//139 276//139
f 277//316 2178//316 2180//316
f 726//126 2179//126 2045//126
f 2216//316 3616//316 2120//316
f 2533//742 3617//742 2206//742
f 3618//500 2206//500 3617//500
f 1616//121 2207//121 1617//121
f 2205//304 2155//304 1188//304
f 2682//182 2451//182 1176//182
f 1592//182 1176//182 2451//182
f 3241//893 3598//893 3242//893
f 2209//177 3585//177 2210//177
f 2212//138 2210//138 3619//138
f 3605//138 2143//138 2212//138
f 2143//138 3605//138 3189//138
f 2211//138 479//138 2225//138
f 479//138 2211//138 2213//138
f 2535//138 1605//138 2215//138
f 1605//138 2535//138 3374//138
f 2880//302 2217//302 2122//302
f 2217//126 2880//126 2214//126
f 2139//174 3620//174 2904//174
f 3188//210 3621//210 3161//210
f 1195//666 1197//666 3622//666
f 3138//508 1197//508 3188//508
f 3622//301 2887//301 2886//301
f 2228//200 3596//200 3366//200
f 1944//278 425//278 424//278
f 1978//522 1944//522 2523//522
f 642//298 2839//298 2838//298
f 2119//1064 3597//1064 2237//1064
f 3376//208 2827//208 3536//208
f 3596//1065 3157//1065 3366//1065
f 917//212 919//212 1190//212
f 2533//508 1190//508 919//508
f 2200//211 1185//211 2508//211
f 2223//1034 2508//1034 1185//1034
f 2226//318 2081//318 2224//318
f 2229//138 3297//138 2227//138
f 2230//1066 1490//1066 2093//1066
f 2201//268 2200//268 2042//268
f 2233//300 3308//300 1492//300
f 2904//417 2886//417 2137//417
f 3573//295 206//295 3536//295
f 978//1067 976//1067 2116//1067
f 717//604 3383//604 2069//604
f 2165//764 3609//764 2234//764
f 2648//127 2647//127 2380//127
f 3601//1057 2227//1057 3297//1057
f 3297//405 2635//405 3601//405
f 2383//224 1495//224 2922//224
f 2321//307 1477//307 2320//307
f 2236//126 2320//126 1479//126
f 2116//1068 2913//1068 978//1068
f 2270//2 3623//2 755//2
f 756//210 755//210 3623//210
f 1626//419 3597//419 2301//419
f 2691//902 3180//902 2238//902
f 2119//1069 2238//1069 3180//1069
f 2130//278 2329//278 2373//278
f 3581//300 2067//300 1628//300
f 2300//886 2299//886 3624//886
f 2299//673 2854//673 3625//673
f 1991//299 3300//299 659//299
f 3300//299 1991//299 3550//299
f 3298//139 3300//139 3556//139
f 2896//669 3626//669 3627//669
f 3626//139 2896//139 2244//139
f 1991//421 658//421 1995//421
f 2246//177 1995//177 658//177
f 1108//134 2897//134 1109//134
f 2248//295 1109//295 2897//295
f 2099//207 2897//207 2246//207
f 2897//268 2099//268 2898//268
f 3365//295 3628//295 1990//295
f 1993//127 2247//127 2250//127
f 2251//7 2160//7 279//7
f 2161//1 279//1 2160//1
f 2254//1 736//1 735//1
f 2900//1 2253//1 3372//1
f 720//1 2257//1 2256//1
f 2257//1 720//1 2538//1
f 3377//1 2902//1 2901//1
f 2255//1 2259//1 810//1
f 2259//1 2255//1 3185//1
f 3185//7 3629//7 2259//7
f 2258//121 2261//121 265//121
f 2261//1 2258//1 2260//1
f 958//138 2263//138 959//138
f 3368//203 959//203 2263//203
f 2230//491 2092//491 2263//491
f 2265//124 282//124 3630//124
f 282//761 2265//761 2264//761
f 2265//200 2140//200 1220//200
f 1186//139 740//139 1187//139
f 740//139 1186//139 738//139
f 3187//210 3631//210 2906//210
f 1195//121 2539//121 1196//121
f 2051//210 1196//210 2539//210
f 2273//210 2272//210 3621//210
f 2271//121 2273//121 3141//121
f 192//121 3141//121 2273//121
f 1131//121 2275//121 2640//121
f 668//120 2276//120 2278//120
f 741//121 2047//121 2279//121
f 2284//420 744//420 884//420
f 2908//138 2287//138 2286//138
f 1601//207 2142//207 2909//207
f 705//299 2289//299 2288//299
f 2289//299 705//299 1621//299
f 2909//588 1198//588 1602//588
f 1198//138 2909//138 1199//138
f 2095//299 2291//299 2289//299
f 1199//299 2289//299 2291//299
f 2091//177 757//177 2095//177
f 2096//139 2871//139 3604//139
f 3149//139 2096//139 2290//139
f 3164//7 1583//7 1172//7
f 1583//140 3164//140 3378//140
f 1583//140 3378//140 1614//140
f 2292//7 2294//7 2156//7
f 2294//140 2292//140 1582//140
f 2295//135 747//135 3632//135
f 2296//7 2295//7 2071//7
f 1144//135 1143//135 1201//135
f 1201//7 2296//7 2148//7
f 1617//182 3306//182 3379//182
f 1493//212 3608//212 1152//212
f 3608//135 1493//135 2073//135
f 2151//182 2528//182 2152//182
f 1154//561 1153//561 2298//561
f 2298//224 2297//224 1129//224
f 2301//140 2300//140 1626//140
f 214//203 216//203 263//203
f 1628//300 3386//300 3581//300
f 1221//1070 2512//1070 793//1070
f 2915//1071 2545//1071 3184//1071
f 752//769 1206//769 289//769
f 3383//1056 717//1056 799//1056
f 2308//1057 3633//1057 2307//1057
f 1396//198 2911//198 3146//198
f 3381//1072 3609//1072 2184//1072
f 300//495 302//495 3194//495
f 1475//210 3194//210 302//210
f 2331//1073 2545//1073 2330//1073
f 2646//200 3381//200 2645//200
f 982//126 2308//126 2240//126
f 1474//1 703//1 2893//1
f 2373//760 2380//760 2130//760
f 2098//1074 2097//1074 1079//1074
f 3628//127 1077//127 2097//127
f 3112//631 1096//631 1166//631
f 1623//316 2368//316 788//316
f 2368//316 1623//316 1622//316
f 2319//2 1138//2 1214//2
f 1214//120 156//120 2319//120
f 160//120 2319//120 156//120
f 829//2 2936//2 2912//2
f 2326//140 935//140 2324//140
f 294//1075 2313//1075 295//1075
f 760//212 1494//212 1499//212
f 1494//135 760//135 1152//135
f 1154//120 2916//120 1494//120
f 750//278 3311//278 751//278
f 2870//668 751//668 3310//668
f 1474//7 2893//7 3194//7
f 2372//886 2090//886 2920//886
f 2069//1061 2920//1061 2090//1061
f 2540//126 2328//126 1239//126
f 976//221 2373//221 2329//221
f 3634//139 2914//139 2913//139
f 2237//140 1625//140 767//140
f 793//1076 487//1076 1221//1076
f 302//140 301//140 2310//140
f 1627//140 1626//140 2300//140
f 767//140 766//140 2238//140
f 2646//403 3635//403 3381//403
f 3609//1065 3381//1065 2370//1065
f 2646//403 2648//403 2363//403
f 2344//143 2330//143 2545//143
f 1209//121 1026//121 1024//121
f 1204//315 1639//315 1638//315
f 2334//126 3369//126 2374//126
f 1499//7 761//7 760//7
f 2368//123 1622//123 2338//123
f 2368//403 2338//403 1797//403
f 2382//121 1496//121 3232//121
f 2342//2 1496//2 1495//2
f 2330//1077 1366//1077 864//1077
f 1366//1078 2330//1078 2344//1078
f 3636//1079 3637//1079 2353//1079
f 1226//1080 867//1080 866//1080
f 2378//313 2335//313 933//313
f 1634//530 486//530 1829//530
f 486//530 485//530 1830//530
f 782//1081 1835//1081 2334//1081
f 3082//1082 937//1082 936//1082
f 2343//1083 2990//1083 1826//1083
f 3232//1084 2342//1084 591//1084
f 2341//1085 2764//1085 2342//1085
f 1352//1086 2349//1086 1023//1086
f 3382//1087 3638//1087 977//1087
f 295//1088 2379//1088 778//1088
f 2348//1087 782//1087 784//1087
f 1794//273 1498//273 2989//273
f 2989//1089 1795//1089 1794//1089
f 3639//1090 3309//1090 1768//1090
f 1507//1091 3225//1091 773//1091
f 798//539 440//539 439//539
f 3196//1092 208//1092 375//1092
f 375//1093 208//1093 2575//1093
f 3640//125 1630//125 2381//125
f 372//1094 1233//1094 2360//1094
f 373//1095 2360//1095 1376//1095
f 2363//1096 1510//1096 2364//1096
f 2362//1097 2364//1097 1776//1097
f 1510//1098 1803//1098 2364//1098
f 1803//1099 1510//1099 2943//1099
f 774//1100 593//1100 2356//1100
f 3079//1101 780//1101 3641//1101
f 300//1101 3641//1101 780//1101
f 1765//1102 301//1102 781//1102
f 300//1103 781//1103 301//1103
f 485//1104 1640//1104 2918//1104
f 1384//1105 2918//1105 932//1105
f 872//1094 923//1094 1041//1094
f 2340//1106 2347//1106 923//1106
f 1821//1107 2765//1107 2367//1107
f 2341//1108 2367//1108 2765//1108
f 2341//121 2383//121 2367//121
f 2367//121 786//121 785//121
f 787//210 2309//210 2919//210
f 3642//1 2919//1 2309//1
f 2338//126 2337//126 3643//126
f 1363//403 1359//403 2910//403
f 3635//1109 2362//1109 1827//1109
f 2353//123 3637//123 3644//123
f 2358//275 1506//275 798//275
f 800//7 440//7 798//7
f 440//133 800//133 2371//133
f 209//403 208//403 1238//403
f 3633//141 2308//141 2354//141
f 3645//143 2354//143 2308//143
f 782//123 2334//123 2374//123
f 759//403 794//403 1631//403
f 1630//175 2320//175 2381//175
f 2920//296 3383//296 772//296
f 798//140 1506//140 799//140
f 939//140 938//140 1217//140
f 2356//296 2372//296 2920//296
f 2234//1110 2369//1110 2379//1110
f 783//123 2305//123 925//123
f 372//561 371//561 3623//561
f 1594//298 1236//298 1237//298
f 2350//180 788//180 790//180
f 788//180 2350//180 2376//180
f 2350//180 1537//180 2376//180
f 1537//143 298//143 215//143
f 297//143 215//143 298//143
f 1225//143 486//143 1634//143
f 797//296 1624//296 2366//296
f 3641//296 3194//296 2893//296
f 300//296 3194//296 3641//296
f 2366//424 3641//424 2893//424
f 2166//1111 2234//1111 2379//1111
f 1509//175 1508//175 2380//175
f 1239//123 3196//123 2540//123
f 2381//175 2236//175 2571//175
f 2376//123 1148//123 788//123
f 789//423 788//423 2368//423
f 787//296 786//296 2302//296
f 325//148 316//148 311//148
f 104//1112 94//1112 107//1112
f 111//1113 104//1113 107//1113
f 118//1114 111//1114 112//1114
f 129//1115 121//1115 130//1115
f 163//1116 162//1116 165//1116
f 164//1117 163//1117 165//1117
f 180//1118 163//1118 164//1118
f 910//1 2433//1 906//1
f 3646//124 2441//124 2994//124
f 3034//138 3035//138 3647//138
f 3648//7 2471//7 3057//7
f 3459//124 3649//124 3650//124
f 1846//1 1848//1 2487//1
f 264//121 266//121 2497//121
f 3373//212 2159//212 2891//212
f 280//1 1610//1 281//1
f 2497//121 266//121 2563//121
f 60//1119 3218//1119 61//1119
f 1232//1120 2574//1120 2360//1120
f 2486//1121 3230//1121 3233//1121
f 3222//1122 3221//1122 2574//1122
f 379//6 2947//6 2948//6
f 2604//512 3488//512 2605//512
f 1427//121 3258//121 1742//121
f 1430//1 3260//1 3331//1
f 3651//124 3652//124 2618//124
f 500//120 561//120 1446//120
f 2631//124 912//124 2630//124
f 283//124 738//124 1567//124
f 756//561 3623//561 371//561
f 1370//1123 2334//1123 1835//1123
f 2650//124 2649//124 2651//124
f 3580//138 3352//138 3653//138
f 495//138 3397//138 496//138
f 3423//127 3421//127 2751//127
f 506//210 508//210 2715//210
f 514//7 513//7 3428//7
f 3654//124 3655//124 2971//124
f 1703//138 2731//138 3656//138
f 3448//138 2733//138 1705//138
f 3281//1 3326//1 3466//1
f 573//1124 572//1124 3227//1124
f 3657//7 2801//7 1922//7
f 652//121 3541//121 653//121
f 3658//7 3546//7 3659//7
f 2860//138 3660//138 3582//138
f 2886//500 1195//500 3622//500
f 3620//306 3631//306 2904//306
f 29//7 2392//7 2394//7
f 3231//1125 1793//1125 1839//1125
f 1886//307 3484//307 3487//307
f 3661//210 3465//210 3662//210
f 3390//124 3663//124 3664//124
f 912//124 2631//124 913//124
f 1482//1028 2987//1028 1480//1028
f 2916//140 2311//140 931//140
f 3665//124 3001//124 3666//124
f 196//1 1698//1 3004//1
f 3410//901 2135//901 3667//901
f 2332//13 2270//13 3181//13
f 3162//124 3668//124 3669//124
f 36//1 35//1 3670//1
f 3671//7 3061//7 3648//7
f 3464//126 2599//126 2598//126
f 1022//1126 1379//1126 3079//1126
f 2347//1127 2346//1127 1040//1127
f 3672//132 3673//132 3674//132
f 1057//132 1059//132 3492//132
f 3675//7 3676//7 3677//7
f 2303//7 2685//7 1595//7
f 3182//140 2917//140 1129//140
f 1594//182 3192//182 1595//182
f 2303//210 1595//210 3192//210
f 280//1 279//1 2161//1
f 437//1128 436//1128 1635//1128
f 314//121 319//121 803//121
f 318//1 803//1 319//1
f 3678//7 3679//7 3680//7
f 3199//140 3681//140 3200//140
f 3201//7 3544//7 3543//7
f 103//1129 1116//1129 96//1129
f 3207//224 1064//224 3682//224
f 1063//224 3682//224 1064//224
f 3683//132 3684//132 1317//132
f 45//1130 44//1130 3685//1130
f 1332//1131 837//1131 1329//1131
f 1387//1132 1828//1132 2485//1132
f 2486//1133 2485//1133 1828//1133
f 3233//1134 1372//1134 2486//1134
f 1376//1135 2484//1135 1372//1135
f 1379//1136 1022//1136 1377//1136
f 2573//1137 2359//1137 3640//1137
f 3236//6 3686//6 3235//6
f 3237//6 2579//6 2580//6
f 186//138 1392//138 3687//138
f 2582//138 3239//138 3688//138
f 2591//124 2590//124 3246//124
f 2951//124 2952//124 3537//124
f 1744//177 2480//177 3011//177
f 1533//138 2479//138 3074//138
f 2959//138 390//138 3689//138
f 1417//138 3610//138 890//138
f 3610//138 1417//138 3249//138
f 3662//1 3330//1 3690//1
f 392//181 421//181 260//181
f 3272//124 3274//124 3651//124
f 3651//138 3274//138 3275//138
f 203//300 1675//300 3419//300
f 991//120 3280//120 1456//120
f 187//175 189//175 1744//175
f 1919//133 1069//133 1927//133
f 1768//1138 1767//1138 3639//1138
f 2651//124 3691//124 2652//124
f 2652//124 3691//124 3692//124
f 1691//124 3444//124 2992//124
f 3002//124 2776//124 2777//124
f 2997//138 3318//138 2999//138
f 3317//124 3318//124 442//124
f 1511//124 2489//124 1512//124
f 3319//124 1511//124 3693//124
f 3694//1 3328//1 2661//1
f 1016//174 1019//174 455//174
f 3016//124 1535//124 1464//124
f 3695//138 3346//138 3696//138
f 1579//138 3352//138 3580//138
f 3697//138 3698//138 3699//138
f 3700//138 3354//138 1394//138
f 2325//12 3701//12 2326//12
f 1618//7 3379//7 2071//7
f 1619//124 744//124 2284//124
f 2544//1069 968//1069 1632//1069
f 2308//143 982//143 3645//143
f 3645//1139 484//1139 483//1139
f 436//1140 761//1140 1636//1140
f 3268//124 2820//124 3388//124
f 3398//138 2589//138 494//138
f 3397//138 3245//138 1702//138
f 1701//7 3702//7 3447//7
f 3703//7 3704//7 3702//7
f 2478//420 2656//420 1651//420
f 1678//7 1271//7 1116//7
f 3671//7 3705//7 3059//7
f 1001//7 3431//7 1449//7
f 3062//7 3432//7 3433//7
f 3435//7 3436//7 406//7
f 3396//138 3656//138 3066//138
f 3265//138 3706//138 3264//138
f 3448//138 2732//138 3707//138
f 3708//127 1718//127 1717//127
f 3709//124 3460//124 3459//124
f 1750//174 503//174 2478//174
f 3090//124 3089//124 1752//124
f 1688//124 1752//124 3089//124
f 2729//127 3438//127 1696//127
f 1792//1141 1835//1141 2348//1141
f 1539//1142 1817//1142 1762//1142
f 2781//124 602//124 1859//124
f 1856//124 3482//124 3692//124
f 443//124 1512//124 2775//124
f 3484//175 2605//175 3488//175
f 2491//132 3494//132 3493//132
f 3494//132 2491//132 3491//132
f 3494//132 3499//132 3493//132
f 3683//132 3216//132 3499//132
f 1050//7 1874//7 1891//7
f 3710//7 3702//7 1071//7
f 3657//7 3051//7 217//7
f 1544//124 2952//124 1543//124
f 2952//124 1544//124 3537//124
f 3120//524 253//524 1946//524
f 3532//507 3711//507 1992//507
f 3711//295 3532//295 309//295
f 1962//802 256//802 255//802
f 3712//124 3713//124 2059//124
f 712//1 2100//1 2173//1
f 2100//13 712//13 1179//13
f 1285//1 2930//1 820//1
f 3714//222 2302//222 2084//222
f 2301//1143 3597//1143 3030//1143
f 2169//138 2112//138 3610//138
f 368//124 851//124 2875//124
f 2193//507 2195//507 2194//507
f 3300//299 2242//299 659//299
f 883//268 2283//268 884//268
f 2283//268 883//268 2287//268
f 2153//182 1153//182 3608//182
f 1216//491 757//491 759//491
f 2893//296 797//296 2366//296
f 1496//121 2342//121 3232//121
f 1364//1144 1361//1144 1363//1144
f 2357//1145 773//1145 3225//1145
f 2366//1146 3079//1146 3641//1146
f 1797//403 2338//403 1356//403
f 1827//560 2370//560 3635//560
f 2371//1 769//1 440//1
f 1230//403 791//403 792//403
f 2332//520 372//520 3623//520
f 2392//7 29//7 2393//7
f 76//1147 88//1147 79//1147
f 111//1148 107//1148 112//1148
f 118//1149 112//1149 117//1149
f 1361//1150 564//1150 1362//1150
f 313//6 185//6 184//6
f 2589//124 2411//124 2590//124
f 1415//211 1414//211 3487//211
f 3715//138 2609//138 2959//138
f 2416//121 2415//121 2418//121
f 2418//121 2417//121 2612//121
f 2418//121 2612//121 1426//121
f 189//121 2426//121 559//121
f 3287//126 3285//126 2712//126
f 2429//126 2626//126 2466//126
f 1977//124 1976//124 2435//124
f 3646//138 2439//138 2441//138
f 2439//138 3716//138 2440//138
f 2441//124 2440//124 3665//124
f 2994//124 2441//124 2995//124
f 2441//138 3665//138 2995//138
f 2442//1 2660//1 197//1
f 3012//124 2444//124 2446//124
f 3347//138 3033//138 962//138
f 3717//124 1604//124 3718//124
f 3430//1 3648//1 3719//1
f 3719//7 3648//7 3057//7
f 3648//7 2469//7 2471//7
f 2469//7 3720//7 2470//7
f 2471//7 2470//7 1000//7
f 3057//7 2471//7 3721//7
f 2471//7 1000//7 3721//7
f 336//1 3053//1 3025//1
f 1372//1151 2484//1151 2486//1151
f 1786//1152 238//1152 3085//1152
f 2487//1 1682//1 1843//1
f 1317//132 3215//132 3683//132
f 1072//133 1547//133 250//133
f 251//133 250//133 1460//133
f 2680//785 2682//785 3373//785
f 1849//7 609//7 608//7
f 724//121 1608//121 2534//121
f 2362//1104 3635//1104 2363//1104
f 935//140 1226//140 2324//140
f 3722//7 3723//7 1984//7
f 3200//140 3724//140 3201//140
f 3207//1 3682//1 2873//1
f 2874//1 2873//1 3682//1
f 2929//1 819//1 2398//1
f 825//121 222//121 2497//121
f 3725//132 3672//132 3684//132
f 3725//132 3096//132 3673//132
f 44//1153 1332//1153 1331//1153
f 2990//1154 2766//1154 1035//1154
f 589//1155 3229//1155 3471//1155
f 2572//1156 1374//1156 2768//1156
f 2485//1157 2484//1157 2574//1157
f 2360//1158 2484//1158 1376//1158
f 2403//1159 210//1159 1773//1159
f 2578//6 3235//6 1393//6
f 2408//6 1259//6 880//6
f 1392//138 1391//138 3239//138
f 495//124 2589//124 2591//124
f 2592//124 2593//124 3527//124
f 1543//124 2952//124 2412//124
f 1741//121 1427//121 1742//121
f 1427//121 1426//121 3258//121
f 3259//121 1430//121 3331//121
f 3331//121 3260//121 2414//121
f 2619//124 2618//124 3269//124
f 3651//124 3275//124 3652//124
f 3275//124 2654//124 3652//124
f 403//602 405//602 3279//602
f 2972//120 2621//120 408//120
f 2623//7 1447//7 2622//7
f 3137//121 259//121 258//121
f 2637//663 2636//663 2506//663
f 2650//124 3312//124 2473//124
f 2649//124 3314//124 2651//124
f 3312//124 2650//124 2773//124
f 2652//138 2773//138 2650//138
f 2655//124 3726//124 3727//124
f 3728//124 3729//124 3730//124
f 3731//124 3726//124 3732//124
f 3730//124 3729//124 3731//124
f 444//124 3317//124 442//124
f 443//124 442//124 3733//124
f 2775//124 444//124 443//124
f 2674//899 2676//899 3409//899
f 1937//135 3028//135 1938//135
f 1516//124 1653//124 1513//124
f 3734//124 1513//124 1653//124
f 3734//124 1653//124 2672//124
f 3400//7 3402//7 3735//7
f 2705//7 3406//7 1268//7
f 2802//7 2676//7 2675//7
f 2676//7 2802//7 3050//7
f 2710//7 3703//7 3736//7
f 2711//298 1666//298 3277//298
f 2715//2 508//2 2626//2
f 3720//1 3433//1 3737//1
f 3433//7 3434//7 3435//7
f 3737//7 3435//7 2622//7
f 3435//7 3737//7 3433//7
f 2726//124 3654//124 2971//124
f 2971//124 3655//124 2973//124
f 529//1 528//1 2475//1
f 3396//138 1703//138 3656//138
f 2732//138 3448//138 1705//138
f 3448//124 3738//124 2467//124
f 2466//138 2733//138 2467//138
f 2733//138 2466//138 2625//138
f 2736//124 546//124 3335//124
f 3739//124 3740//124 3457//124
f 584//1160 1030//1160 585//1160
f 3229//1161 3470//1161 3471//1161
f 1842//1 3086//1 1843//1
f 3086//1 597//1 596//1
f 599//124 1860//124 522//124
f 2603//124 2777//124 2775//124
f 2776//124 2775//124 2777//124
f 3491//132 2491//132 2490//132
f 3491//132 3490//132 3495//132
f 2784//132 2785//132 1866//132
f 3495//132 3096//132 3725//132
f 608//1 248//1 1051//1
f 2789//198 3099//198 3100//198
f 1414//203 2606//203 1885//203
f 2800//7 3657//7 1922//7
f 3657//7 2459//7 2801//7
f 1924//7 2801//7 2459//7
f 2801//7 1924//7 2802//7
f 1009//904 543//904 3339//904
f 3733//124 2822//124 2821//124
f 2820//124 2822//124 3389//124
f 2250//268 1211//268 2714//268
f 3544//7 3741//7 3659//7
f 3742//7 3142//7 3743//7
f 3743//7 3678//7 3742//7
f 3744//7 3742//7 3678//7
f 2900//140 1103//140 2501//140
f 1161//124 2875//124 851//124
f 2854//224 3745//224 3625//224
f 2333//2 3181//2 1127//2
f 730//203 2585//203 3606//203
f 2149//182 1487//182 707//182
f 1171//121 1170//121 1130//121
f 3249//138 2169//138 3610//138
f 2168//138 2169//138 2889//138
f 2169//138 3249//138 2888//138
f 2889//138 2888//138 3611//138
f 2899//1 280//1 3603//1
f 2905//210 3187//210 2539//210
f 1195//210 2905//210 2539//210
f 2905//120 1195//120 2886//120
f 3567//1 3534//1 1711//1
f 2912//2 2319//2 829//2
f 312//148 324//148 325//148
f 805//7 1260//7 3723//7
f 3199//140 3586//140 3681//140
f 2394//7 2392//7 3426//7
f 1291//1 2929//1 348//1
f 2929//1 331//1 349//1
f 331//1 2929//1 2398//1
f 820//1 2930//1 818//1
f 816//1 818//1 2930//1
f 3332//7 1707//7 403//7
f 338//132 3673//132 3096//132
f 46//1162 1332//1162 44//1162
f 1332//1163 46//1163 345//1163
f 3084//1164 1816//1164 3082//1164
f 875//1165 874//1165 2989//1165
f 2364//1166 1802//1166 1776//1166
f 2944//1167 1793//1167 2407//1167
f 875//1168 775//1168 873//1168
f 3236//6 2945//6 877//6
f 3688//138 3746//138 3351//138
f 3687//138 1392//138 2584//138
f 2596//124 888//124 886//124
f 2590//124 2951//124 3246//124
f 2413//124 2952//124 2951//124
f 3246//124 2951//124 3248//124
f 2111//138 2961//138 3253//138
f 3507//138 2961//138 2960//138
f 2749//133 3465//133 1428//133
f 3661//121 1428//121 3465//121
f 3661//121 2416//121 2418//121
f 1428//121 3661//121 1426//121
f 2418//121 1426//121 3661//121
f 2414//1 3261//1 2415//1
f 1426//121 2612//121 1431//121
f 488//138 1441//138 1645//138
f 3747//138 3748//138 3749//138
f 2619//124 3663//124 3749//124
f 3663//124 2619//124 3664//124
f 3391//124 3390//124 3664//124
f 1453//121 559//121 2750//121
f 900//123 557//123 901//123
f 1003//126 3282//126 1004//126
f 904//420 903//420 3443//420
f 1690//184 902//184 904//184
f 2433//1 907//1 906//1
f 619//1 2975//1 3290//1
f 2976//124 1974//124 419//124
f 2668//124 2434//124 2630//124
f 1002//124 2991//124 3750//124
f 2993//124 3750//124 2991//124
f 2992//124 3730//124 2994//124
f 3750//124 2993//124 3314//124
f 2995//124 3314//124 2993//124
f 3731//124 3732//124 3646//124
f 3646//124 2998//124 2439//124
f 2998//124 2997//124 2999//124
f 2439//124 2999//124 3716//124
f 2995//124 3665//124 3315//124
f 3665//124 2440//124 3001//124
f 2440//124 3716//124 3000//124
f 3001//138 3000//138 3002//138
f 3525//1 3004//1 3751//1
f 2442//1 196//1 3694//1
f 526//1 2660//1 942//1
f 3011//124 3012//124 2446//124
f 3010//124 2446//124 3015//124
f 3015//124 3016//124 3017//124
f 2446//124 2445//124 3016//124
f 3017//124 1464//124 631//124
f 2005//224 955//224 2447//224
f 2089//140 964//140 965//140
f 967//140 675//140 965//140
f 3041//121 3042//121 2254//121
f 3163//124 3162//124 3669//124
f 3403//7 3405//7 3752//7
f 3753//7 3754//7 3755//7
f 3049//7 3050//7 1657//7
f 2563//121 3//121 36//121
f 3415//124 3421//124 1712//124
f 3520//124 3421//124 3423//124
f 3756//121 825//121 3670//121
f 824//121 3757//121 1299//121
f 1297//121 1299//121 3424//121
f 1716//124 997//124 3054//124
f 3056//7 3719//7 3057//7
f 3427//7 3056//7 3058//7
f 3058//7 3721//7 2723//7
f 3430//7 3671//7 3648//7
f 3671//7 3059//7 3061//7
f 3061//7 3060//7 3062//7
f 3648//7 3061//7 2469//7
f 2469//7 3062//7 3720//7
f 2723//7 1000//7 999//7
f 1000//7 2723//7 3721//7
f 1000//7 2470//7 1001//7
f 999//1 1001//1 2967//1
f 1449//7 2967//7 1001//7
f 3063//406 1457//406 507//406
f 3265//138 3758//138 3759//138
f 3068//138 3760//138 3069//138
f 1715//126 1011//126 3761//126
f 631//124 2739//124 3762//124
f 3459//124 2743//124 2742//124
f 3649//124 2954//124 2953//124
f 1015//174 1019//174 1016//174
f 1378//321 1369//321 3231//321
f 1369//321 1378//321 1377//321
f 1021//1169 1377//1169 1022//1169
f 1371//1170 1020//1170 1022//1170
f 1041//1171 3085//1171 238//1171
f 1825//1172 1035//1172 1037//1172
f 2766//1173 2402//1173 1036//1173
f 3086//1 596//1 2487//1
f 1846//1 2487//1 596//1
f 3763//124 3089//124 2877//124
f 3674//132 3673//132 338//132
f 3684//132 3672//132 1318//132
f 3490//132 3096//132 3495//132
f 3096//132 3490//132 339//132
f 3097//132 339//132 1059//132
f 1879//198 3099//198 1880//198
f 2956//1174 615//1174 2602//1174
f 2604//291 615//291 617//291
f 617//1058 3488//1058 2604//1058
f 3764//509 243//509 3088//509
f 1912//1 1909//1 1047//1
f 1068//134 2963//134 1066//134
f 3018//887 949//887 3113//887
f 108//604 1267//604 3125//604
f 1265//12 3140//12 1961//12
f 2674//1175 3667//1175 3159//1175
f 2448//1176 2674//1176 3159//1176
f 2135//561 2189//561 3667//561
f 3340//304 2891//304 3765//304
f 3340//495 3124//495 473//495
f 1550//1063 2135//1063 3410//1063
f 2674//603 3409//603 3667//603
f 1139//7 3143//7 3766//7
f 1609//416 3156//416 2686//416
f 3154//1 2874//1 2930//1
f 2874//7 3154//7 2872//7
f 2152//182 2527//182 1169//182
f 2189//671 3159//671 3667//671
f 1113//270 1466//270 1481//270
f 2242//299 2241//299 2453//299
f 2513//525 211//525 2322//525
f 213//487 212//487 2687//487
f 770//890 928//890 2355//890
f 1248//321 1247//321 2547//321
f 1249//321 1252//321 1250//321
f 13//321 1251//321 14//321
f 1253//138 10//138 7//138
f 1246//138 307//138 2547//138
f 384//139 1258//139 316//139
f 1259//7 807//7 881//7
f 3767//7 3768//7 1263//7
f 3681//140 2921//140 3769//140
f 2862//140 3201//140 3543//140
f 1678//7 1268//7 3406//7
f 1117//7 2706//7 1268//7
f 2391//7 2770//7 2392//7
f 2392//7 2770//7 3426//7
f 2394//7 3426//7 3425//7
f 2100//1 1280//1 2173//1
f 815//13 814//13 847//13
f 60//13 1289//13 847//13
f 2735//121 821//121 3770//121
f 403//7 3279//7 3332//7
f 991//7 3332//7 3279//7
f 799//140 1506//140 3383//140
f 332//132 2491//132 3211//132
f 39//132 3211//132 1323//132
f 3215//132 3216//132 3683//132
f 3216//132 45//132 3685//132
f 3684//132 3683//132 3496//132
f 3685//1177 43//1177 42//1177
f 44//1178 1331//1178 43//1178
f 834//1179 1327//1179 1326//1179
f 837//1180 51//1180 1329//1180
f 2567//1181 1337//1181 1338//1181
f 780//1182 1379//1182 1027//1182
f 3222//1183 2574//1183 1232//1183
f 3470//1184 3229//1184 1815//1184
f 582//1185 3229//1185 589//1185
f 2359//1186 3078//1186 3083//1186
f 927//456 3639//456 1767//456
f 1381//1187 1383//1187 3771//1187
f 1386//1188 3221//1188 3223//1188
f 2485//1189 3221//1189 1387//1189
f 1027//1190 1379//1190 1378//1190
f 2574//1191 3221//1191 2485//1191
f 1372//1192 1371//1192 237//1192
f 1371//1193 1022//1193 235//1193
f 567//1194 3222//1194 1353//1194
f 1773//1195 210//1195 868//1195
f 2359//1196 2573//1196 2572//1196
f 3640//1197 232//1197 2573//1197
f 879//6 2948//6 2947//6
f 380//6 382//6 3237//6
f 2579//6 3237//6 382//6
f 2578//138 3240//138 3772//138
f 3240//138 2578//138 1393//138
f 3245//124 2592//124 3527//124
f 3246//124 2593//124 2591//124
f 2412//124 886//124 2671//124
f 3537//124 3248//124 2951//124
f 3483//127 2956//127 2601//127
f 87//203 86//203 3483//203
f 1412//503 615//503 2956//503
f 1415//503 3487//503 3510//503
f 2829//138 3250//138 3773//138
f 3715//138 2959//138 2888//138
f 1350//138 3611//138 3689//138
f 368//138 3611//138 1350//138
f 891//138 890//138 3610//138
f 1742//121 3258//121 1731//121
f 3258//121 1431//121 2746//121
f 2416//1 3690//1 2414//1
f 1430//1 1429//1 1462//1
f 3260//1 1462//1 2974//1
f 1518//1 3263//1 3449//1
f 3264//124 395//124 1440//124
f 3265//124 1647//124 3758//124
f 3758//138 3391//138 3707//138
f 3391//124 3664//124 3774//124
f 3664//138 2619//138 3774//138
f 3707//124 3391//124 3774//124
f 3738//124 3269//124 3271//124
f 3775//124 3272//124 3651//124
f 3272//124 3776//124 3273//124
f 3776//124 3777//124 3273//124
f 3275//124 2655//124 2654//124
f 3270//124 3778//124 3271//124
f 3778//124 3652//124 2654//124
f 3778//124 3654//124 2726//124
f 1445//2 3278//2 404//2
f 1446//120 3278//120 501//120
f 3279//886 405//886 3280//886
f 992//174 1456//174 1455//174
f 1456//602 992//602 991//602
f 508//120 507//120 1457//120
f 2715//2 2626//2 1523//2
f 1450//2 2725//2 1451//2
f 2429//2 1450//2 1452//2
f 2972//120 903//120 2621//120
f 2623//602 2621//602 903//602
f 1447//137 2623//137 902//137
f 2725//120 2972//120 408//120
f 1451//7 408//7 407//7
f 2722//182 3779//182 3284//182
f 3285//306 1670//306 3286//306
f 1670//174 3285//174 3287//174
f 411//120 410//120 901//120
f 1719//126 1454//126 899//126
f 3437//127 224//127 3288//127
f 2472//127 2627//127 2474//127
f 2976//124 419//124 418//124
f 2435//124 2976//124 2631//124
f 3075//124 912//124 911//124
f 1489//121 2150//121 1467//121
f 2885//121 1482//121 1466//121
f 1113//121 3166//121 1489//121
f 3639//175 927//175 433//175
f 3313//124 1002//124 3750//124
f 3313//124 3750//124 3314//124
f 3692//138 3691//138 3485//138
f 3691//124 3666//124 3485//124
f 1002//124 1004//124 2991//124
f 1691//124 904//124 3444//124
f 2992//124 3444//124 3730//124
f 3444//138 3728//138 3730//138
f 3732//124 3726//124 3316//124
f 3726//124 2655//124 3316//124
f 3316//124 2655//124 3274//124
f 3316//124 3274//124 3273//124
f 2996//124 3273//124 3777//124
f 1411//124 3002//124 2777//124
f 3002//124 3000//124 2776//124
f 3000//124 3716//124 3317//124
f 2776//124 3317//124 444//124
f 3716//124 2999//124 3317//124
f 3317//124 2999//124 3318//124
f 3318//124 2997//124 3389//124
f 3318//124 3389//124 2822//124
f 442//124 2822//124 3733//124
f 443//124 3733//124 1511//124
f 3693//124 1511//124 3733//124
f 3319//124 2489//124 1511//124
f 3320//124 1652//124 3322//124
f 445//124 1514//124 2656//124
f 3324//127 447//127 2657//127
f 449//7 2658//7 3780//7
f 2659//1 449//1 3781//1
f 2442//1 3694//1 2661//1
f 3694//1 3525//1 3328//1
f 3324//120 2657//120 2421//120
f 3333//1 1530//1 3006//1
f 3395//124 1401//124 2595//124
f 652//121 2677//121 3541//121
f 653//121 2034//121 2678//121
f 2678//121 470//121 201//121
f 1093//292 2681//292 3009//292
f 1550//120 957//120 2133//120
f 3552//138 3551//138 2064//138
f 3551//138 2831//138 3782//138
f 3713//138 3783//138 3784//138
f 3713//138 3784//138 2058//138
f 271//138 3037//138 1579//138
f 3579//138 3580//138 3785//138
f 3036//138 3350//138 3353//138
f 3698//138 3786//138 3350//138
f 3350//138 3351//138 3698//138
f 3785//138 3653//138 3354//138
f 3653//138 3772//138 3354//138
f 3240//138 3354//138 3772//138
f 2293//140 1585//140 3357//140
f 1591//298 2326//298 3701//298
f 3787//124 3668//124 2884//124
f 3788//124 3789//124 3660//124
f 3573//138 207//138 206//138
f 205//134 3376//134 206//134
f 970//121 1588//121 742//121
f 2241//300 2193//300 2192//300
f 792//295 293//295 2519//295
f 2694//124 3693//124 2821//124
f 3388//124 3389//124 3777//124
f 1647//124 3391//124 3758//124
f 3392//138 1650//138 3394//138
f 1546//124 3790//124 3734//124
f 3022//124 3021//124 3790//124
f 3398//124 2411//124 2589//124
f 3396//138 3397//138 1702//138
f 3397//138 495//138 3245//138
f 3791//7 1663//7 3400//7
f 1662//1 407//1 3401//1
f 3402//7 3401//7 3434//7
f 3792//7 3793//7 3735//7
f 3403//7 3402//7 3404//7
f 3405//7 3404//7 3060//7
f 1266//1 2705//1 2706//1
f 2705//1 1266//1 2704//1
f 2702//7 3526//7 2703//7
f 3526//7 3794//7 3407//7
f 3049//7 3024//7 3337//7
f 2676//7 3049//7 3409//7
f 3049//7 2676//7 3050//7
f 3447//7 2730//7 534//7
f 2422//1 2965//1 2663//1
f 2711//7 1708//7 1666//7
f 561//886 2711//886 3277//886
f 3285//184 3284//184 2427//184
f 3795//126 1455//126 994//126
f 1712//124 1659//124 3415//124
f 35//124 37//124 3796//124
f 2478//174 503//174 2964//174
f 3045//220 1746//220 538//220
f 1746//123 1747//123 538//123
f 536//422 538//422 1747//422
f 1750//126 2478//126 2477//126
f 2478//127 3416//127 2656//127
f 446//127 2656//127 3416//127
f 3415//127 2752//127 3421//127
f 3797//127 3415//127 1661//127
f 3420//127 3798//127 1714//127
f 3415//127 3797//127 2752//127
f 2462//127 2461//127 3757//127
f 3424//127 2461//127 3423//127
f 2465//127 2462//127 3799//127
f 2462//127 3757//127 3799//127
f 509//7 3058//7 2723//7
f 3426//7 2770//7 3800//7
f 3801//7 2771//7 3428//7
f 3802//7 1677//7 514//7
f 513//7 512//7 3429//7
f 3430//7 3429//7 3671//7
f 512//7 3803//7 3408//7
f 3803//7 3406//7 3408//7
f 3705//7 3408//7 3407//7
f 3671//7 3429//7 3705//7
f 3059//7 3705//7 3794//7
f 2470//7 3737//7 3431//7
f 3737//7 2470//7 3720//7
f 3431//1 2622//1 1447//1
f 2622//7 3431//7 3737//7
f 3433//7 3720//7 3062//7
f 3060//7 3404//7 3432//7
f 3434//7 3432//7 3404//7
f 3401//7 3436//7 3434//7
f 3436//7 3401//7 407//7
f 3439//1 1847//1 2769//1
f 1683//120 1686//120 3441//120
f 1687//1 1047//1 2724//1
f 2973//184 903//184 2972//184
f 3444//138 3443//138 3728//138
f 2991//124 1691//124 2992//124
f 3417//124 988//124 3418//124
f 3418//138 2458//138 3065//138
f 3065//138 3047//138 3066//138
f 2720//138 3067//138 2718//138
f 3396//138 1702//138 1703//138
f 2731//138 3264//138 3706//138
f 3264//138 2731//138 2615//138
f 1704//138 3759//138 2732//138
f 3759//138 3758//138 2732//138
f 3707//138 2732//138 3758//138
f 3738//138 3448//138 3707//138
f 3449//175 1746//175 3045//175
f 3761//126 1011//126 3450//126
f 1718//295 3708//295 545//295
f 1517//127 3324//127 3804//127
f 2482//124 2481//124 3804//124
f 2481//124 1018//124 3453//124
f 3453//124 2736//124 3321//124
f 3455//124 3015//124 3456//124
f 3739//124 3456//124 3762//124
f 1403//124 3457//124 2600//124
f 1730//121 3257//121 547//121
f 1746//133 3263//133 1433//133
f 2717//120 2614//120 1749//120
f 1748//174 1435//174 1750//174
f 2478//174 2964//174 3416//174
f 2966//174 3416//174 2964//174
f 3325//175 3417//175 2721//175
f 3466//175 2719//175 3281//175
f 2970//175 3281//175 2719//175
f 1666//602 1668//602 3420//602
f 3278//126 1673//126 404//126
f 405//126 3054//126 3280//126
f 562//126 561//126 3277//126
f 1003//886 2627//886 896//886
f 225//120 224//120 2753//120
f 2753//174 2425//174 225//174
f 1686//124 2754//124 3441//124
f 3441//124 2754//124 2755//124
f 3805//124 1043//124 1751//124
f 1043//124 3805//124 3806//124
f 3442//124 1751//124 1752//124
f 2406//1198 3807//1198 930//1198
f 3231//1199 1836//1199 1793//1199
f 1793//1200 1836//1200 1792//1200
f 1755//1201 1769//1201 1833//1201
f 865//258 3642//258 3195//258
f 3808//1202 3472//1202 1779//1202
f 2355//1203 576//1203 1788//1203
f 1365//1204 1792//1204 1229//1204
f 1539//1088 298//1088 1537//1088
f 24//1205 1800//1205 25//1205
f 1800//1206 24//1206 863//1206
f 1825//1207 1824//1207 1826//1207
f 2766//1208 2990//1208 592//1208
f 1758//1209 576//1209 575//1209
f 1767//1210 1769//1210 157//1210
f 1385//1211 1021//1211 1020//1211
f 598//124 520//124 3486//124
f 3446//124 599//124 522//124
f 601//124 3482//124 1857//124
f 1851//124 1697//124 1853//124
f 3482//124 2772//124 2774//124
f 2774//124 2652//124 3692//124
f 2652//138 2774//138 2773//138
f 3485//124 1856//124 3692//124
f 1512//127 3483//127 2601//127
f 3500//132 3502//132 3213//132
f 2490//132 3492//132 3491//132
f 1059//132 339//132 3490//132
f 3211//132 2491//132 3493//132
f 3495//132 3494//132 3491//132
f 3496//132 3499//132 3494//132
f 3674//132 830//132 3672//132
f 607//132 1049//132 1048//132
f 1875//132 3489//132 1868//132
f 42//132 3498//132 3685//132
f 3216//132 3685//132 3498//132
f 3725//132 3496//132 3495//132
f 3499//132 3496//132 3683//132
f 1055//132 1869//132 1868//132
f 1051//7 1891//7 608//7
f 2514//7 1156//7 1872//7
f 1064//224 3207//224 1893//224
f 3809//138 2961//138 2962//138
f 1903//669 3254//669 1904//669
f 1061//269 3509//269 695//269
f 3290//133 3810//133 1920//133
f 3810//133 3292//133 3811//133
f 1920//133 3812//133 2493//133
f 3293//1 2663//1 2965//1
f 249//133 3710//133 1071//133
f 3710//7 3703//7 3702//7
f 1071//7 3702//7 1701//7
f 2800//133 1548//133 1547//133
f 1923//7 1922//7 2801//7
f 2459//7 3657//7 217//7
f 652//121 651//121 627//121
f 3523//1 3525//1 3751//1
f 2821//124 3693//124 3733//124
f 1992//507 2823//507 3532//507
f 1256//1212 3711//1212 9//1212
f 3711//268 1256//268 1992//268
f 73//1213 2958//1213 74//1213
f 3813//7 3675//7 3677//7
f 3675//7 3814//7 3676//7
f 3676//7 3815//7 3816//7
f 3744//7 3816//7 3815//7
f 3817//212 3818//212 3819//212
f 3820//7 3766//7 3818//7
f 3816//7 3744//7 3821//7
f 2501//140 3549//140 2900//140
f 3357//140 3371//140 2293//140
f 1961//1 3110//1 1265//1
f 3602//212 650//212 2837//212
f 2958//220 73//220 389//220
f 2021//1 3206//1 59//1
f 3567//1 2036//1 2035//1
f 3137//1061 2633//1061 3622//1061
f 2037//133 2036//133 2315//133
f 2063//124 3552//124 2064//124
f 2065//124 2064//124 2865//124
f 3587//124 2060//124 2059//124
f 2059//124 3713//124 2058//124
f 271//138 2058//138 3037//138
f 3580//138 1580//138 1579//138
f 3147//138 2080//138 2908//138
f 3822//138 2286//138 3823//138
f 3586//140 2921//140 3681//140
f 2921//140 3586//140 2082//140
f 3586//140 3577//140 2861//140
f 2100//181 3171//181 1283//181
f 2101//181 608//181 1891//181
f 1284//7 3154//7 1285//7
f 3254//124 1903//124 2113//124
f 2252//121 3534//121 3567//121
f 2037//137 2314//137 2161//137
f 2141//134 706//134 705//134
f 2297//121 1171//121 1130//121
f 3180//1214 3156//1214 2117//1214
f 2168//138 2889//138 2875//138
f 2875//138 3611//138 368//138
f 1123//124 3595//124 3093//124
f 2531//135 2002//135 3027//135
f 3824//127 2198//127 2197//127
f 2095//299 1621//299 2091//299
f 2295//135 3632//135 2071//135
f 2071//212 3379//212 2296//212
f 3182//121 2310//121 2311//121
f 2370//403 3381//403 3635//403
f 3635//403 2646//403 2363//403
f 484//143 982//143 980//143
f 982//143 484//143 3645//143
f 2382//121 3232//121 2340//121
f 1382//1215 3645//1215 483//1215
f 1359//1216 1363//1216 1362//1216
f 3309//1217 1796//1217 1833//1217
f 1233//1218 1232//1218 2360//1218
f 301//1219 1765//1219 929//1219
f 923//1220 2347//1220 1041//1220
f 872//1221 1041//1221 154//1221
f 2332//7 1233//7 372//7
f 2354//175 2353//175 3633//175
f 2236//175 2540//175 2571//175
f 77//1222 71//1222 74//1222
f 95//1223 89//1223 98//1223
f 3825//1224 126//1224 124//1224
f 285//140 287//140 2070//140
f 3642//1 2309//1 3195//1
f 3479//1225 1781//1225 3473//1225
f 472//561 2680//561 3340//561
f 3372//1 2688//1 3370//1
f 203//138 400//138 1675//138
f 1727//124 2741//124 2739//124
f 2759//1226 2758//1226 3469//1226
f 621//124 623//124 2804//124
f 3371//140 3357//140 1103//140
f 701//121 190//121 2858//121
f 2065//124 2866//124 2062//124
f 2142//268 2141//268 2288//268
f 707//182 709//182 2149//182
f 737//1 736//1 3549//1
f 2905//210 3631//210 3187//210
f 294//142 296//142 2915//142
f 835//1227 43//1227 836//1227
f 43//1228 835//1228 41//1228
f 93//1229 84//1229 85//1229
f 1230//1230 3476//1230 1231//1230
f 962//138 3647//138 963//138
f 3783//138 963//138 3647//138
f 973//1 3043//1 974//1
f 505//1 504//1 535//1
f 401//126 543//126 1715//126
f 1770//1231 777//1231 3078//1231
f 2395//1 2925//1 2393//1
f 3508//138 1067//138 1066//138
f 1104//140 3826//140 2502//140
f 3133//1 3136//1 3134//1
f 2219//1 1128//1 2269//1
f 3607//182 2527//182 2528//182
f 924//120 872//120 1214//120
f 1262//7 881//7 807//7
f 3203//797 3204//797 1282//797
f 1289//13 2927//13 815//13
f 343//1232 835//1232 834//1232
f 2285//126 2287//126 2587//126
f 3291//1 2975//1 417//1
f 1463//124 3559//124 2812//124
f 1472//138 1471//138 2983//138
f 1472//138 2983//138 1473//138
f 433//175 1502//175 3639//175
f 449//7 3780//7 3781//7
f 718//224 3827//224 3828//224
f 1582//140 3356//140 2294//140
f 3701//329 3829//329 1590//329
f 3787//124 3583//124 3789//124
f 1610//1 2899//1 735//1
f 1671//124 1716//124 3054//124
f 1716//124 1715//124 3761//124
f 1011//126 2030//126 3450//126
f 2954//124 2745//124 3708//124
f 159//1233 1365//1233 1228//1233
f 2384//1234 2386//1234 568//1234
f 1759//1235 2758//1235 1223//1235
f 1834//1236 3480//1236 2756//1236
f 1875//132 1876//132 1867//132
f 1924//7 1925//7 3050//7
f 3114//124 2807//124 3535//124
f 737//212 3549//212 1100//212
f 2804//127 623//127 3341//127
f 1277//1 1279//1 2843//1
f 2853//291 2179//291 2851//291
f 2072//140 2071//140 3632//140
f 3822//138 3304//138 275//138
f 2870//327 2883//327 2871//327
f 1907//134 3595//134 3509//134
f 3622//174 2633//174 2887//174
f 2142//268 1601//268 2143//268
f 3133//1 3612//1 716//1
f 2197//198 3174//198 3175//198
f 2178//126 2045//126 2179//126
f 2276//495 3830//495 3600//495
f 2209//588 2523//588 1944//588
f 2913//124 2204//124 3634//124
f 2220//222 2139//222 3830//222
f 2138//204 3599//204 2139//204
f 2279//121 669//121 3831//121
f 3604//139 2290//139 2096//139
f 2148//1 2296//1 1488//1
f 3832//182 2528//182 2151//182
f 3195//182 2309//182 3192//182
f 2359//1237 1630//1237 3640//1237
f 2382//210 2339//210 2055//210
f 2386//1238 2385//1238 1800//1238
f 3723//7 3833//7 805//7
f 806//7 805//7 3833//7
f 2393//7 29//7 31//7
f 1309//1061 129//1061 1310//1061
f 173//175 876//175 3834//175
f 2436//121 3141//121 192//121
f 281//1 3043//1 973//1
f 2480//124 2479//124 3012//124
f 3013//124 3012//124 2479//124
f 1067//138 1899//138 2492//138
f 2501//140 1105//140 1101//140
f 2504//176 646//176 645//176
f 2855//1239 2857//1239 2027//1239
f 3835//138 1133//138 3836//138
f 748//135 747//135 1143//135
f 2448//1240 2187//1240 2449//1240
f 2397//13 2927//13 1288//13
f 377//6 2577//6 2576//6
f 3292//1 417//1 416//1
f 914//138 1472//138 915//138
f 3309//175 3639//175 1502//175
f 3782//138 3695//138 2865//138
f 3837//140 1584//140 476//140
f 966//140 3356//140 1582//140
f 2294//140 3356//140 1585//140
f 2688//1 3372//1 2253//1
f 742//121 2279//121 1596//121
f 2704//7 2703//7 2705//7
f 2703//7 3406//7 2705//7
f 1748//491 2716//491 1648//491
f 3413//1 3838//1 3412//1
f 3437//222 1679//222 3467//222
f 1681//7 3467//7 1679//7
f 1450//268 2430//268 2726//268
f 1520//1 527//1 529//1
f 3839//126 3451//126 2423//126
f 1521//1 3325//1 3466//1
f 1801//1241 3477//1241 865//1241
f 3840//1242 3080//1242 2757//1242
f 2406//1243 1764//1243 2944//1243
f 3230//1244 2486//1244 1828//1244
f 1860//420 598//420 1861//420
f 1319//132 3217//132 1317//132
f 623//295 622//295 3518//295
f 2807//124 2740//124 1931//124
f 2502//140 3826//140 3841//140
f 2849//327 1536//327 2121//327
f 3555//124 2065//124 2062//124
f 2866//124 2865//124 3842//124
f 2866//124 3712//124 2060//124
f 2867//1031 2074//1031 2073//1031
f 2908//138 2286//138 3822//138
f 2516//181 2558//181 2557//181
f 694//124 3592//124 693//124
f 2197//200 2199//200 3174//200
f 2307//521 739//521 2240//521
f 2868//494 3241//494 2145//494
f 746//207 745//207 2281//207
f 2908//203 2283//203 2287//203
f 1240//403 1629//403 1241//403
f 1262//7 1263//7 3768//7
f 1261//7 1262//7 3768//7
f 2925//1 2391//1 2393//1
f 33//13 2926//13 2397//13
f 815//13 2926//13 813//13
f 2926//13 815//13 2927//13
f 1813//1245 1820//1245 2940//1245
f 2406//1246 2944//1246 2407//1246
f 2436//121 269//121 427//121
f 3004//1 2659//1 3751//1
f 948//124 3334//124 3020//124
f 961//138 3347//138 962//138
f 3696//138 963//138 3783//138
f 3783//138 3647//138 3784//138
f 1614//140 676//140 675//140
f 3843//124 3717//124 3844//124
f 3717//124 3843//124 3845//124
f 3393//138 2410//138 3398//138
f 3792//7 3403//7 3752//7
f 3522//7 3846//7 1085//7
f 1657//7 1925//7 2707//7
f 3424//121 2751//121 1297//121
f 2731//138 3706//138 3760//138
f 3070//138 1704//138 414//138
f 2477//300 1399//300 1649//300
f 543//126 1009//126 1715//126
f 1533//124 3075//124 911//124
f 3650//124 3740//124 3847//124
f 1018//174 2665//174 455//174
f 1374//1247 2573//1247 234//1247
f 3497//132 606//132 1048//132
f 3115//124 3114//124 3535//124
f 3821//7 3848//7 1981//7
f 1099//7 3849//7 1097//7
f 1103//140 3116//140 1104//140
f 3116//140 3837//140 3117//140
f 1104//140 3117//140 3826//140
f 2436//121 427//121 1131//121
f 3344//124 3836//124 2509//124
f 3576//138 1133//138 3835//138
f 2912//181 2936//181 3143//181
f 1151//138 678//138 2078//138
f 709//182 3850//182 3832//182
f 3170//134 1122//134 1178//134
f 1592//304 917//304 1189//304
f 2280//316 706//316 3189//316
f 1219//1248 2090//1248 2372//1248
f 294//200 2915//200 2177//200
f 928//1 770//1 2306//1
f 734//1 2306//1 770//1
f 806//7 3833//7 1264//7
f 3833//7 3723//7 3722//7
f 3679//7 3238//7 3680//7
f 3577//140 3199//140 2862//140
f 3201//140 2862//140 3199//140
f 2552//7 2394//7 3425//7
f 3204//1 2174//1 1282//1
f 2560//181 1290//181 1286//181
f 1291//7 355//7 1292//7
f 1304//7 3332//7 991//7
f 3215//132 1324//132 45//132
f 3222//1249 567//1249 3223//1249
f 794//1250 2359//1250 3083//1250
f 2577//6 3235//6 2578//6
f 2945//6 3236//6 2579//6
f 2587//126 3241//126 3242//126
f 2888//138 3249//138 3715//138
f 2960//138 3252//138 3507//138
f 3506//138 3505//138 2610//138
f 1440//124 1439//124 1646//124
f 2726//124 2468//124 3778//124
f 2967//120 3282//120 1003//120
f 3290//133 3291//133 3810//133
f 3810//133 3291//133 3292//133
f 3292//1 416//1 3294//1
f 2628//124 3559//124 1463//124
f 3559//124 1948//124 2812//124
f 2630//124 912//124 1720//124
f 3556//124 3552//124 2063//124
f 3303//139 2984//139 2245//139
f 3851//138 3626//138 429//138
f 924//120 2339//120 923//120
f 1501//509 2870//509 1502//509
f 3310//127 1502//127 2870//127
f 223//124 1459//124 3312//124
f 1518//1 1521//1 1519//1
f 3326//1 3064//1 2443//1
f 3012//124 3011//124 2480//124
f 3014//124 3013//124 1532//124
f 3021//124 2950//124 1401//124
f 3336//124 2673//124 3320//124
f 2681//2 2451//2 2682//2
f 3852//124 3853//124 2085//124
f 2831//138 3346//138 3782//138
f 3695//138 3696//138 3783//138
f 3712//138 3842//138 3713//138
f 3783//138 3713//138 3842//138
f 1583//140 1614//140 967//140
f 3356//140 474//140 1585//140
f 432//209 3364//209 431//209
f 3373//1061 2891//1061 3340//1061
f 2293//7 3372//7 3370//7
f 3660//124 3789//124 3583//124
f 3788//124 3843//124 3789//124
f 3831//495 2278//495 3854//495
f 492//124 2696//124 3663//124
f 3048//138 496//138 3397//138
f 3751//7 3781//7 3855//7
f 2658//7 1663//7 3856//7
f 1663//7 2658//7 1524//7
f 2719//138 2718//138 2969//138
f 1710//121 2735//121 3413//121
f 509//7 3427//7 3058//7
f 3801//7 513//7 3430//7
f 3048//138 3396//138 3066//138
f 3451//126 1118//126 995//126
f 2955//124 2954//124 3708//124
f 3330//174 3452//174 1717//174
f 3283//1 943//1 945//1
f 1406//139 1745//139 3455//139
f 2753//7 3467//7 1681//7
f 3467//602 2753//602 224//602
f 2939//1251 3469//1251 1759//1251
f 1768//1252 1833//1252 1769//1252
f 2386//1253 1800//1253 1799//1253
f 1625//1254 1627//1254 1808//1254
f 3478//1255 1538//1255 2404//1255
f 1795//1256 3480//1256 1834//1256
f 874//1257 575//1257 2756//1257
f 3480//1258 874//1258 2756//1258
f 2923//797 2794//797 2924//797
f 1870//132 1876//132 1868//132
f 2565//198 2611//198 893//198
f 1880//198 3099//198 1335//198
f 1421//200 3506//200 3809//200
f 1067//138 3508//138 2796//138
f 1907//199 3509//199 1060//199
f 2707//7 1925//7 989//7
f 3107//127 3520//127 3055//127
f 628//1 1940//1 451//1
f 2505//127 2504//127 3451//127
f 3399//1 1949//1 1950//1
f 3526//7 637//7 3857//7
f 3752//7 3857//7 3858//7
f 656//138 3529//138 3528//138
f 654//139 3528//139 2828//139
f 3529//124 3247//124 1969//124
f 3530//124 1970//124 1969//124
f 309//127 10//127 3711//127
f 3530//203 3537//203 3538//203
f 2038//127 3537//127 1544//127
f 1082//772 3540//772 644//772
f 1945//1259 1944//1259 1978//1259
f 3741//7 3544//7 3724//7
f 3815//7 3742//7 3744//7
f 1584//140 3116//140 3357//140
f 3837//140 3116//140 1584//140
f 3551//139 3550//139 1997//139
f 3556//138 2835//138 3298//138
f 3135//1 2844//1 1279//1
f 3136//1 3133//1 3859//1
f 2827//893 3376//893 3129//893
f 3590//1047 1960//1047 1119//1047
f 3712//138 2866//138 3842//138
f 3147//138 3822//138 275//138
f 2870//421 1501//421 2883//421
f 2921//7 2082//7 2922//7
f 3581//134 681//134 680//134
f 2115//124 2204//124 2913//124
f 2093//632 3308//632 3539//632
f 3531//124 1964//124 3598//124
f 3850//182 709//182 1486//182
f 3191//182 709//182 3832//182
f 964//886 1219//886 1218//886
f 3595//134 2878//134 3093//134
f 2006//121 2934//121 2046//121
f 3307//304 3618//304 3860//304
f 3600//495 3830//495 3599//495
f 281//1 973//1 279//1
f 2251//1 973//1 972//1
f 2027//633 2857//633 2028//633
f 3556//138 3550//138 3552//138
f 3380//299 3303//299 2245//299
f 735//1 3041//1 2254//1
f 1103//140 2900//140 3371//140
f 2093//1260 1490//1260 3308//1260
f 2266//124 3634//124 2204//124
f 3634//134 2266//134 2882//134
f 2906//1 3620//1 2907//1
f 741//121 2279//121 742//121
f 3606//491 2585//491 2280//491
f 2142//126 2288//126 2909//126
f 3832//182 2075//182 3191//182
f 929//140 2310//140 301//140
f 130//1261 121//1261 122//1261
f 3754//7 3861//7 3862//7
f 3218//1262 1338//1262 61//1262
f 3326//1 1521//1 3466//1
f 3631//2 2905//2 2904//2
f 1441//124 3747//124 1645//124
f 2311//140 929//140 931//140
f 196//1 3004//1 3694//1
f 3030//182 2186//182 2188//182
f 3718//124 1604//124 1603//124
f 3717//124 3718//124 3844//124
f 3706//138 3071//138 3760//138
f 2220//174 3620//174 2139//174
f 3551//138 3782//138 2064//138
f 3696//138 3346//138 3032//138
f 3863//7 3780//7 3856//7
f 1662//7 3401//7 3400//7
f 3067//138 3656//138 3068//138
f 3322//124 3804//124 3453//124
f 3813//7 3677//7 3864//7
f 3658//7 3741//7 3864//7
f 3385//1263 3476//1263 1230//1263
f 2357//1264 774//1264 773//1264
f 2411//124 887//124 2413//124
f 2411//124 2413//124 2590//124
f 962//138 3034//138 3647//138
f 2731//138 3760//138 3068//138
f 3709//124 3459//124 3650//124
f 3865//7 3866//7 3864//7
f 2945//6 2579//6 382//6
f 495//124 2591//124 2592//124
f 3652//124 3778//124 3270//124
f 3013//124 2479//124 1532//124
f 3695//138 3842//138 2865//138
f 3842//138 3695//138 3783//138
f 3803//7 1677//7 1678//7
f 3741//7 3658//7 3659//7
f 3632//140 749//140 3827//140
f 749//135 3632//135 747//135
f 2387//1265 1790//1265 2385//1265
f 1260//7 3197//7 3723//7
f 806//7 1262//7 807//7
f 30//7 2394//7 2552//7
f 3867//1266 2762//1266 3638//1266
f 3747//124 3266//124 3748//124
f 1645//124 3747//124 2696//124
f 1716//124 3761//124 997//124
f 3839//126 998//126 3450//126
f 557//123 556//123 901//123
f 3282//126 1690//126 1004//126
f 2434//124 2435//124 2631//124
f 3003//124 3002//124 1411//124
f 3694//1 3004//1 3525//1
f 3647//138 3035//138 3784//138
f 1603//124 478//124 3669//124
f 3793//1 3792//1 3861//1
f 3755//7 3846//7 3522//7
f 3858//7 2818//7 3862//7
f 3846//7 1952//7 1085//7
f 825//121 3756//121 3799//121
f 3706//138 3265//138 3759//138
f 3760//138 3071//138 3069//138
f 3070//138 3069//138 3071//138
f 3452//127 1408//127 1407//127
f 3650//124 3649//124 3458//124
f 3459//124 2742//124 3649//124
f 2954//124 3649//124 2742//124
f 3497//132 1048//132 2937//132
f 3676//7 3816//7 3865//7
f 2383//1 3183//1 786//1
f 437//1128 1635//1128 928//1128
f 3197//7 16//7 315//7
f 3238//7 1261//7 3768//7
f 2552//1 3425//1 2553//1
f 3217//132 3215//132 1317//132
f 44//1267 43//1267 3685//1267
f 3247//124 3529//124 2593//124
f 2888//138 2959//138 3611//138
f 3281//1 3064//1 3326//1
f 1690//886 3282//886 1448//886
f 3323//124 2595//124 1400//124
f 2659//1 3781//1 3751//1
f 3395//124 3021//124 1401//124
f 2865//138 2064//138 3782//138
f 3782//138 3346//138 3695//138
f 3696//138 3032//138 963//138
f 676//140 286//140 285//140
f 3668//124 3162//124 2884//124
f 3660//138 3583//138 3582//138
f 2214//124 1605//124 1604//124
f 492//124 3663//124 3390//124
f 3790//124 3395//124 3734//124
f 1546//124 3734//124 2672//124
f 3781//7 3780//7 3855//7
f 3861//7 3868//7 3793//7
f 1663//7 1662//7 3400//7
f 3402//7 3434//7 3404//7
f 2965//181 3736//181 3811//181
f 2464//124 309//124 3532//124
f 3797//127 1661//127 3422//127
f 3719//7 3801//7 3430//7
f 3803//7 1678//7 3406//7
f 1685//174 3440//174 1686//174
f 1687//121 3442//121 1688//121
f 3068//138 3656//138 2731//138
f 545//124 3708//124 2745//124
f 3804//124 3324//124 2482//124
f 3804//124 2481//124 3453//124
f 1517//124 3804//124 3322//124
f 1019//127 1015//127 544//127
f 1018//127 2736//127 3453//127
f 3321//124 2736//124 3335//124
f 631//124 630//124 2739//124
f 2741//124 3847//124 2739//124
f 1730//121 547//121 549//121
f 3440//127 2728//127 1686//127
f 3442//124 1752//124 1688//124
f 1385//1268 3233//1268 1384//1268
f 1054//7 1872//7 1873//7
f 3812//133 3810//133 3811//133
f 3794//7 3526//7 3857//7
f 3869//7 3546//7 3186//7
f 3848//7 3767//7 1263//7
f 3135//1 1279//1 3612//1
f 146//1269 143//1269 136//1269
f 971//899 1597//899 2847//899
f 1335//1270 353//1270 352//1270
f 1578//138 2683//138 1576//138
f 491//124 493//124 1644//124
f 2962//138 3507//138 1066//138
f 3870//406 2007//406 1966//406
f 1171//182 2153//182 2152//182
f 2153//182 1171//182 2297//182
f 724//182 3038//182 725//182
f 3854//785 1930//785 2848//785
f 1619//177 3584//177 2077//177
f 1032//1271 1034//1271 1627//1271
f 3105//124 3871//124 2494//124
f 2681//495 3333//495 3009//495
f 1119//295 1960//295 1120//295
f 1121//209 3764//209 3088//209
f 1251//321 1250//321 14//321
f 1278//798 3872//798 715//798
f 115//409 121//409 2522//409
f 3225//1272 233//1272 2357//1272
f 594//1273 3226//1273 148//1273
f 3295//124 1945//124 1977//124
f 2049//210 3187//210 2638//210
f 194//1031 193//1031 438//1031
f 1498//403 1794//403 750//403
f 1794//423 3311//423 750//423
f 3327//1 1951//1 1699//1
f 1597//212 1596//212 3831//212
f 2884//300 2883//300 3787//300
f 1956//138 2695//138 3267//138
f 1646//124 3390//124 1647//124
f 2969//138 2718//138 3069//138
f 2955//127 3708//127 1717//127
f 563//126 1674//126 1446//126
f 1863//132 1425//132 1864//132
f 3336//124 1729//124 624//124
f 634//7 3328//7 3524//7
f 3110//1 638//1 2704//1
f 1997//139 2831//139 3551//139
f 1281//1 1277//1 2843//1
f 3660//138 2860//138 3576//138
f 3827//140 718//140 3355//140
f 2796//138 3592//138 1900//138
f 2934//182 2006//182 3210//182
f 2251//1 972//1 3873//1
f 479//138 3374//138 2225//138
f 2086//134 3345//134 3177//134
f 3608//7 1153//7 1152//7
f 3624//7 2349//7 1032//7
f 1236//135 2324//135 1226//135
f 812//13 2926//13 33//13
f 128//1274 125//1274 131//1274
f 241//7 1274//7 1272//7
f 1274//7 2553//7 1275//7
f 2559//13 2558//13 3205//13
f 3592//138 694//138 1900//138
f 2422//120 2483//120 2482//120
f 2683//138 2583//138 3348//138
f 1576//138 2683//138 3347//138
f 3348//138 3033//138 2683//138
f 489//138 1092//138 490//138
f 1644//138 493//138 1439//138
f 2698//7 3874//7 2699//7
f 3874//7 2698//7 3875//7
f 2744//124 3105//124 2805//124
f 1045//1 1047//1 1687//1
f 3486//184 3445//184 3512//184
f 1906//669 2798//669 1907//669
f 3518//295 3341//295 623//295
f 1281//1 2843//1 2554//1
f 2555//1 2554//1 2843//1
f 1581//140 674//140 676//140
f 2879//1275 2299//1275 2301//1275
f 2890//140 919//140 1566//140
f 3540//798 1480//798 2987//798
f 731//203 2892//203 3585//203
f 2234//1276 3609//1276 2370//1276
f 877//1277 2945//1277 2581//1277
f 2438//182 1484//182 2162//182
f 3463//902 1408//902 3452//902
f 3019//124 3022//124 3023//124
f 3022//124 3019//124 3020//124
f 3033//138 3876//138 3034//138
f 3876//138 3349//138 3350//138
f 3035//138 3034//138 3036//138
f 3831//121 1596//121 2279//121
f 2689//177 2077//177 2690//177
f 2077//421 2689//421 1619//421
f 3071//138 3759//138 1704//138
f 1694//124 3088//124 243//124
f 3492//132 2490//132 1057//132
f 3871//124 2743//124 3460//124
f 3519//124 2495//124 3115//124
f 3877//7 3878//7 3821//7
f 3560//210 3119//210 2844//210
f 2636//13 2634//13 1737//13
f 3029//1 2837//1 1938//1
f 693//124 3879//124 1161//124
f 2312//135 1138//135 1140//135
f 2634//781 3166//781 1115//781
f 3042//121 3041//121 3040//121
f 3374//203 2535//203 2225//203
f 2399//224 1026//224 1209//224
f 2919//1278 3642//1278 3880//1278
f 264//120 810//120 2258//120
f 3205//13 2558//13 1284//13
f 358//1279 3218//1279 847//1279
f 774//1280 3226//1280 593//1280
f 148//1281 1355//1281 149//1281
f 1355//1282 148//1282 3226//1282
f 934//1283 1385//1283 932//1283
f 385//138 384//138 3687//138
f 2584//138 385//138 3687//138
f 3246//124 3248//124 3247//124
f 2796//138 3593//138 3592//138
f 3593//138 2796//138 3252//138
f 3295//124 1977//124 2434//124
f 3302//138 2982//138 2984//138
f 1472//138 914//138 1470//138
f 3823//138 3304//138 3822//138
f 2988//2 920//2 1486//2
f 2367//121 2383//121 786//121
f 3311//141 1796//141 3310//141
f 2997//124 3777//124 3389//124
f 3327//1 1525//1 1951//1
f 1536//499 458//499 2669//499
f 3336//124 3320//124 3321//124
f 1949//1 3399//1 3338//1
f 1949//1 1551//1 2816//1
f 1941//121 201//121 200//121
f 3358//126 3167//126 2004//126
f 3033//138 3349//138 3876//138
f 3349//138 3688//138 3351//138
f 3150//407 2450//407 2449//407
f 3364//670 432//670 2184//670
f 3342//409 2048//409 2543//409
f 3028//120 3765//120 2452//120
f 3163//124 477//124 1602//124
f 3374//124 479//124 478//124
f 1987//1 1986//1 3044//1
f 3584//177 1619//177 3881//177
f 978//1284 2914//1284 3382//1284
f 493//138 492//138 1646//138
f 3390//124 1646//124 492//124
f 2700//7 3755//7 3522//7
f 3410//768 3667//768 3409//768
f 1664//1 1663//1 1524//1
f 3438//174 3439//174 1679//174
f 1701//7 1700//7 3052//7
f 558//124 557//124 2666//124
f 3471//313 1240//313 299//313
f 2345//1285 3477//1285 572//1285
f 1817//1286 580//1286 589//1286
f 3474//1287 3476//1287 3475//1287
f 1863//132 1905//132 1425//132
f 3519//124 2496//124 2495//124
f 3336//124 3335//124 1729//124
f 2680//296 3333//296 2681//296
f 1529//7 451//7 2624//7
f 3461//121 1081//121 229//121
f 2697//7 3524//7 2698//7
f 3524//7 2697//7 634//7
f 3525//7 3524//7 3328//7
f 3711//1288 10//1288 9//1288
f 3539//509 3518//509 3519//509
f 3722//7 1982//7 3833//7
f 3841//140 1989//140 1106//140
f 2833//124 2835//124 3556//124
f 3870//7 1966//7 3338//7
f 3513//268 2607//268 3882//268
f 1123//124 3093//124 3764//124
f 3126//521 2025//521 3169//521
f 2233//134 3341//134 3518//134
f 645//1047 1119//1047 2504//1047
f 2098//134 3107//134 2898//134
f 2053//138 3574//138 3575//138
f 2077//203 3584//203 677//203
f 678//138 3584//138 2078//138
f 273//138 680//138 274//138
f 3167//126 2869//126 1641//126
f 2533//293 2890//293 3617//293
f 2033//174 3617//174 2890//174
f 3593//138 3252//138 3155//138
f 3363//124 3173//124 431//124
f 2233//203 3518//203 3308//203
f 3602//133 2314//133 648//133
f 706//123 2280//123 2282//123
f 3607//182 922//182 2885//182
f 3171//13 2100//13 1181//13
f 3367//1061 971//1061 2847//1061
f 3167//299 3358//299 2127//299
f 2438//315 2840//315 2988//315
f 3854//772 1597//772 3831//772
f 2314//120 3603//120 2161//120
f 2899//121 3603//121 3039//121
f 2632//887 1183//887 1166//887
f 3883//304 2207//304 2206//304
f 2207//304 3883//304 1617//304
f 3619//138 3585//138 2892//138
f 3585//138 3619//138 2210//138
f 3619//138 2892//138 3605//138
f 2212//138 3619//138 3605//138
f 1605//124 3374//124 1603//124
f 2986//487 3540//487 2987//487
f 3634//268 2882//268 3614//268
f 2078//138 3584//138 3881//138
f 2284//295 884//295 2283//295
f 1153//121 2153//121 2297//121
f 2300//7 3624//7 1032//7
f 3311//213 3310//213 751//213
f 772//140 3383//140 1506//140
f 3192//417 1237//417 3195//417
f 3884//138 3653//138 3352//138
f 2771//7 3801//7 3800//7
f 36//121 3670//121 2563//121
f 670//1 2047//1 3342//1
f 3704//7 3447//7 3702//7
f 3839//126 3450//126 2505//126
f 3438//127 3437//127 1696//127
f 3771//1289 3636//1289 1381//1289
f 3608//182 2151//182 2153//182
f 2234//1110 2370//1110 2369//1110
f 3653//138 3884//138 3772//138
f 3580//138 3653//138 3785//138
f 3447//7 3704//7 2730//7
f 3603//1 280//1 2161//1
f 708//2 2438//2 2988//2
f 2997//138 2996//138 3777//138
f 3163//124 3669//124 478//124
f 3755//7 3754//7 3846//7
f 3670//121 825//121 2563//121
f 3560//1 3135//1 3134//1
f 3837//140 3829//140 3360//140
f 3808//1290 3771//1290 3472//1290
f 680//138 273//138 2983//138
f 3790//124 3021//124 3395//124
f 3380//177 2193//177 3303//177
f 3023//124 3790//124 1546//124
f 3790//124 3023//124 3022//124
f 3792//1 3735//1 3403//1
f 2703//7 3526//7 3407//7
f 3705//7 3407//7 3794//7
f 1407//127 2955//127 3452//127
f 3422//121 3838//121 3797//121
f 1043//124 3806//124 2755//124
f 3642//1291 865//1291 3880//1291
f 42//132 1323//132 3493//132
f 2493//133 3812//133 3710//133
f 3841//140 1106//140 2502//140
f 3836//124 3345//124 3853//124
f 2080//138 2079//138 2908//138
f 3594//124 3593//124 1160//124
f 706//139 2282//139 704//139
f 504//1 2476//1 535//1
f 2899//1 3041//1 735//1
f 2843//1 1279//1 2844//1
f 1057//1 3209//1 2932//1
f 3668//124 3787//124 3844//124
f 2883//124 3583//124 3787//124
f 3876//138 3350//138 3036//138
f 3846//7 3862//7 1952//7
f 2969//138 3069//138 3070//138
f 2878//134 3091//134 3093//134
f 3576//138 3835//138 3885//138
f 1249//1 1251//1 801//1
f 223//124 3312//124 1852//124
f 2034//224 1566//224 470//224
f 1987//1 3044//1 974//1
f 2717//123 3886//123 1747//123
f 3224//1292 3887//1292 1779//1292
f 1382//540 2354//540 3645//540
f 2504//127 1118//127 3451//127
f 1266//1 3110//1 2704//1
f 3866//7 3658//7 3864//7
f 3870//210 2813//210 2008//210
f 3590//1047 1119//1047 645//1047
f 3199//140 3577//140 3586//140
f 2900//7 3372//7 3371//7
f 1614//140 3378//140 286//140
f 3858//7 3862//7 3861//7
f 3754//7 3862//7 3846//7
f 3759//138 3071//138 3706//138
f 3451//126 3839//126 2505//126
f 2007//406 3870//406 2008//406
f 2741//124 3709//124 3847//124
f 3650//124 3847//124 3709//124
f 2578//138 3697//138 3234//138
f 3403//7 3735//7 3402//7
f 1790//1293 804//1293 2385//1293
f 3858//7 3861//7 3792//7
f 3862//7 2818//7 1952//7
f 2598//126 1408//126 3464//126
f 3868//7 3863//7 3793//7
f 3439//174 3438//174 3440//174
f 2724//121 3805//121 3442//121
f 3798//120 3420//120 1668//120
f 3440//127 3438//127 2729//127
f 3805//124 1751//124 3442//124
f 3835//124 3836//124 3853//124
f 3170//124 3595//124 1123//124
f 126//1294 122//1294 119//1294
f 124//1295 126//1295 119//1295
f 126//1296 132//1296 125//1296
f 181//1297 177//1297 878//1297
f 2456//138 2457//138 987//138
f 3575//138 2509//138 1132//138
f 1119//295 1118//295 2504//295
f 2835//124 2834//124 3888//124
f 2066//124 3146//124 272//124
f 688//139 2203//139 2115//139
f 3889//7 2349//7 3624//7
f 1800//1298 804//1298 25//1298
f 804//1299 1800//1299 2385//1299
f 3013//124 1534//124 2444//124
f 3393//138 3398//138 2456//138
f 2614//140 1434//140 228//140
f 1121//124 1123//124 3764//124
f 3134//1 3890//1 3560//1
f 2345//1300 785//1300 2919//1300
f 1295//1 2562//1 333//1
f 1409//420 2598//420 2600//420
f 1433//308 1434//308 2614//308
f 2666//124 2668//124 2630//124
f 3301//138 2980//138 2982//138
f 2244//138 430//138 3626//138
f 1165//175 3296//175 2632//175
f 2534//121 1608//121 2526//121
f 1734//121 1733//121 3461//121
f 1882//296 3203//296 1854//296
f 1926//121 1930//121 2044//121
f 1120//295 252//295 2811//295
f 1983//7 1985//7 3891//7
f 2001//124 1111//124 2834//124
f 653//500 2032//500 2034//500
f 2034//500 2033//500 1566//500
f 3344//124 3345//124 3836//124
f 2066//124 1580//124 3579//124
f 1241//127 1628//127 2067//127
f 2165//200 2167//200 3363//200
f 3851//127 3627//127 3626//127
f 1319//132 614//132 3217//132
f 164//1301 181//1301 878//1301
f 2829//138 3773//138 3882//138
f 2282//177 2690//177 704//177
f 3046//138 2456//138 987//138
f 2509//124 3836//124 1133//124
f 2532//174 2531//174 2856//174
f 2449//899 3038//899 2534//899
f 2490//1 2562//1 3209//1
f 402//138 1675//138 400//138
f 3888//138 3302//138 3299//138
f 3299//138 3302//138 2243//138
f 3626//138 430//138 429//138
f 3655//124 2653//124 3727//124
f 2684//140 1593//140 3841//140
f 516//121 3805//121 2724//121
f 583//1302 2757//1302 3080//1302
f 1882//1 1854//1 597//1
f 894//200 1421//200 3809//200
f 3554//124 2001//124 2833//124
f 2834//124 2833//124 2001//124
f 2856//222 2531//222 2857//222
f 3853//124 3852//124 3835//124
f 2928//13 3872//13 3205//13
f 3872//13 2559//13 3205//13
f 3173//588 3601//588 3128//588
f 736//1 2900//1 3549//1
f 2907//1 2269//1 2268//1
f 2269//1 2907//1 2219//1
f 2935//133 2541//133 1790//133
f 2936//121 829//121 183//121
f 168//776 173//776 3892//776
f 2282//177 2689//177 2690//177
f 3046//138 3393//138 2456//138
f 2942//1303 2767//1303 1358//1303
f 2767//1304 2942//1304 1031//1304
f 2493//133 3710//133 249//133
f 2842//209 1121//209 3087//209
f 1150//138 3152//138 1151//138
f 2869//404 2125//404 2124//404
f 693//124 3592//124 3594//124
f 2290//126 3163//126 1602//126
f 1278//181 2396//181 3872//181
f 2559//13 3872//13 2396//13
f 2331//670 2128//670 2546//670
f 2935//798 698//798 3193//798
f 2541//182 2935//182 3193//182
f 1985//7 315//7 28//7
f 2550//7 3202//7 3802//7
f 1296//1 2562//1 1294//1
f 1295//1 1294//1 2562//1
f 3893//1305 3224//1305 3469//1305
f 1352//1306 1351//1306 1033//1306
f 1257//138 3687//138 384//138
f 1411//138 1855//138 3003//138
f 1434//1 529//1 2475//1
f 2317//893 2316//893 2808//893
f 3296//1307 1559//1307 2316//1307
f 2906//210 2638//210 3187//210
f 3888//138 3301//138 3302//138
f 3301//138 2979//138 2980//138
f 3302//138 3301//138 2982//138
f 2176//211 2167//211 2313//211
f 2666//124 2630//124 1720//124
f 3562//1 2005//1 2447//1
f 1551//7 3562//7 2447//7
f 3042//120 3029//120 1599//120
f 3375//138 3158//138 3573//138
f 1950//1 2699//1 2701//1
f 539//133 502//133 501//133
f 3411//1 3072//1 3413//1
f 1710//121 3413//121 3072//121
f 2423//491 998//491 3839//491
f 3798//2 1668//2 3412//2
f 2551//7 2550//7 3802//7
f 3429//7 3408//7 3705//7
f 2666//124 1720//124 558//124
f 1734//121 549//121 548//121
f 3470//313 1629//313 1240//313
f 572//1308 3228//1308 3227//1308
f 517//1 2780//1 515//1
f 3485//124 1855//124 1856//124
f 597//1 1883//1 1882//1
f 3502//132 3501//132 2787//132
f 3511//509 3563//509 3512//509
f 3399//1 2813//1 3870//1
f 2830//7 3722//7 1983//7
f 2261//7 1985//7 28//7
f 2863//7 671//7 1987//7
f 2137//224 1125//224 2138//224
f 2836//1 3890//1 2020//1
f 2050//121 2639//121 702//121
f 2922//224 3183//224 2383//224
f 2895//417 3894//417 3745//417
f 3363//134 2167//134 3305//134
f 2546//1309 3596//1309 3184//1309
f 2085//175 3564//175 3616//175
f 2126//327 3167//327 2127//327
f 688//139 2178//139 2203//139
f 3307//304 3883//304 3618//304
f 795//742 3613//742 754//742
f 3376//127 3536//127 206//127
f 2299//802 3625//802 3624//802
f 2195//268 3380//268 2196//268
f 2280//268 2585//268 2281//268
f 1023//7 2349//7 3889//7
f 1023//135 3889//135 1207//135
f 3661//1 3662//1 2416//1
f 3689//138 390//138 858//138
f 3662//1 3690//1 2416//1
f 3810//133 3812//133 1920//133
f 2617//124 2619//124 3749//124
f 3731//124 3646//124 2994//124
f 2807//124 3114//124 3895//124
f 3723//7 3197//7 1984//7
f 3443//124 3655//124 3728//124
f 514//7 1677//7 3803//7
f 3625//212 3894//212 3889//212
f 3776//124 3896//124 3897//124
f 3730//124 3731//124 2994//124
f 3666//124 3001//124 3003//124
f 1383//1310 3472//1310 3771//1310
f 177//1311 3686//1311 877//1311
f 3851//295 2285//295 3243//295
f 1350//138 3689//138 858//138
f 2959//138 3689//138 3611//138
f 2973//124 3655//124 3443//124
f 1999//138 1998//138 3032//138
f 3700//124 1394//124 3244//124
f 494//138 2589//138 495//138
f 3065//138 2458//138 3047//138
f 1407//588 1409//588 2953//588
f 3709//124 2741//124 2806//124
f 2863//7 1987//7 3898//7
f 2060//124 3712//124 2059//124
f 2906//210 3631//210 3620//210
f 2571//175 2540//175 3196//175
f 2066//138 3579//138 3153//138
f 2278//673 2277//673 3854//673
f 3844//124 3787//124 3789//124
f 3844//124 3789//124 3843//124
f 1593//140 1989//140 3841//140
f 402//124 1673//124 1675//124
f 3385//1312 1629//1312 3475//1312
f 2741//124 2740//124 2806//124
f 3811//7 3736//7 3812//7
f 1629//403 3385//403 1628//403
f 3224//1313 3893//1313 2763//1313
f 3013//124 3014//124 1534//124
f 3753//7 3868//7 3754//7
f 3861//7 3754//7 3868//7
f 3066//138 3656//138 3067//138
f 3344//138 2509//138 3574//138
f 3143//1 2936//1 3819//1
f 1145//135 1144//135 1146//135
f 1151//138 2078//138 2080//138
f 3851//138 429//138 3823//138
f 3852//124 2085//124 3616//124
f 3853//134 2086//134 2085//134
f 3875//7 2698//7 3523//7
f 3413//1 2735//1 3838//1
f 1034//1314 1808//1314 1627//1314
f 3100//198 3899//198 1062//198
f 3380//404 2245//404 2196//404
f 737//1 1612//1 1610//1
f 3465//212 3463//212 3662//212
f 1999//138 3032//138 3346//138
f 3826//140 2684//140 3841//140
f 3777//138 3776//138 3388//138
f 3855//1 3900//1 3875//1
f 3089//124 3763//124 1688//124
f 1384//1315 3233//1315 3230//1315
f 849//1316 851//1316 370//1316
f 1966//672 2007//672 1967//672
f 194//133 928//133 2306//133
f 2829//300 3882//300 2606//300
f 3299//139 2243//139 2242//139
f 3874//7 2700//7 2699//7
f 2700//7 3874//7 3755//7
f 3755//1 3874//1 3753//1
f 3875//7 3753//7 3874//7
f 3382//1087 3637//1087 3638//1087
f 2162//2 1484//2 1483//2
f 3034//138 3876//138 3036//138
f 2345//1317 3880//1317 3477//1317
f 3880//1318 2345//1318 2919//1318
f 3224//1319 2759//1319 3469//1319
f 2638//210 2906//210 2268//210
f 3870//1 3338//1 3399//1
f 1551//7 3338//7 3562//7
f 3347//138 2683//138 3033//138
f 737//1 1610//1 735//1
f 3798//2 3412//2 3422//2
f 2806//124 3460//124 3709//124
f 3338//7 1966//7 3562//7
f 2045//139 688//139 687//139
f 3606//203 3605//203 2892//203
f 3636//1320 2353//1320 1381//1320
f 3624//7 3625//7 3889//7
f 3485//124 3666//124 3003//124
f 3880//1321 865//1321 3477//1321
f 42//132 3493//132 3498//132
f 1316//132 1321//132 3214//132
f 13//1 12//1 3901//1
f 1566//417 468//417 470//417
f 3392//138 3886//138 1650//138
f 3887//1322 3808//1322 1779//1322
f 1381//1323 2354//1323 1382//1323
f 3606//203 2892//203 730//203
f 26//1324 20//1324 134//1324
f 20//1325 135//1325 134//1325
f 193//174 195//174 1146//174
f 2793//1 2549//1 2924//1
f 517//1 2724//1 1047//1
f 803//148 1255//148 323//148
f 1203//304 2333//304 1127//304
f 2278//121 3831//121 669//121
f 3039//306 3602//306 2837//306
f 3502//132 2786//132 3213//132
f 337//132 3213//132 2786//132
f 1322//132 1321//132 1316//132
f 3474//1326 3475//1326 1815//1326
f 746//295 2586//295 2147//295
f 1091//124 3267//124 397//124
f 1506//1327 2358//1327 1507//1327
f 3375//127 3566//127 2517//127
f 2278//121 669//121 668//121
f 3394//138 1650//138 2594//138
f 1819//1328 1818//1328 3227//1328
f 3293//7 2965//7 3811//7
f 1982//7 1264//7 3833//7
f 1112//138 3301//138 3888//138
f 2082//1 2084//1 3183//1
f 2389//140 3902//140 3813//140
f 2924//1 2549//1 2391//1
f 2938//1329 2568//1329 1348//1329
f 2586//126 746//126 2281//126
f 2701//1 2700//1 2814//1
f 3477//1330 1801//1330 3228//1330
f 681//509 3384//509 2519//509
f 3808//1331 3887//1331 3867//1331
f 2762//1332 3887//1332 2763//1332
f 3506//138 3253//138 3809//138
f 947//124 1542//124 948//124
f 948//124 1542//124 3334//124
f 3343//124 685//124 960//124
f 102//1333 108//1333 3125//1333
f 1912//1 1046//1 1155//1
f 434//127 925//127 2304//127
f 3161//293 2637//293 3138//293
f 2793//7 2792//7 2550//7
f 2549//7 2551//7 2770//7
f 3502//132 2788//132 2786//132
f 3220//1334 56//1334 848//1334
f 1801//1335 580//1335 1819//1335
f 1828//1336 1830//1336 3230//1336
f 378//6 2576//6 3234//6
f 2610//138 3253//138 3506//138
f 1091//138 1090//138 3267//138
f 1671//124 402//124 401//124
f 2835//138 3888//138 3299//138
f 3298//177 3299//177 2242//177
f 2985//138 430//138 2244//138
f 1485//2 3307//2 1483//2
f 2651//124 3315//124 3691//124
f 3365//134 2317//134 3628//134
f 1126//1337 3342//1337 1127//1337
f 3394//138 1398//138 2410//138
f 2465//127 3756//127 3796//127
f 602//124 1693//124 1692//124
f 1817//1338 1819//1338 580//1338
f 1883//1 3086//1 1842//1
f 2792//1 3202//1 2550//1
f 3292//181 3293//181 3811//181
f 3130//124 2807//124 1931//124
f 3903//7 1982//7 2830//7
f 1982//7 3903//7 1981//7
f 1981//7 3848//7 1264//7
f 2830//7 1982//7 3722//7
f 3553//124 662//124 3554//124
f 2834//124 1112//124 3888//124
f 3557//138 2849//138 3564//138
f 3574//124 3343//124 3344//124
f 3548//140 672//140 2863//140
f 3553//124 3554//124 3555//124
f 2062//124 3553//124 3555//124
f 2075//7 2074//7 3190//7
f 3198//7 2181//7 2182//7
f 2304//139 3582//139 435//139
f 730//203 1168//203 2585//203
f 2009//124 3563//124 2529//124
f 2045//139 2178//139 688//139
f 2272//210 2271//210 3160//210
f 3188//293 3161//293 3138//293
f 295//776 2313//776 2166//776
f 208//1339 210//1339 2575//1339
f 1640//1340 932//1340 2918//1340
f 932//1341 1640//1341 2378//1341
f 1813//1342 3893//1342 2939//1342
f 3463//1 3330//1 3662//1
f 3499//132 3498//132 3493//132
f 2084//799 2302//799 3183//799
f 3729//124 3726//124 3731//124
f 2653//124 3655//124 3654//124
f 3638//1343 2351//1343 977//1343
f 3253//138 2961//138 3809//138
f 3663//124 2696//124 3749//124
f 3314//124 2995//124 3315//124
f 3315//138 3665//138 3666//138
f 1139//7 3766//7 3142//7
f 3250//138 1417//138 1416//138
f 3691//138 3315//138 3666//138
f 3354//138 3700//138 3785//138
f 2193//139 2241//139 3303//139
f 3392//138 3394//138 3393//138
f 494//138 2456//138 3398//138
f 3796//124 2464//124 2465//124
f 3097//132 3213//132 339//132
f 3213//132 3097//132 3500//132
f 3142//7 3766//7 3743//7
f 3678//7 3767//7 3744//7
f 3700//124 3904//124 3785//124
f 3303//299 2241//299 2243//299
f 1382//1344 3479//1344 1383//1344
f 2855//1 699//1 3179//1
f 3893//1345 3469//1345 2939//1345
f 2638//210 2268//210 3613//210
f 3604//268 2884//268 3162//268
f 3848//7 1263//7 1264//7
f 3553//124 2061//124 660//124
f 3307//120 3860//120 1483//120
f 3606//295 2280//295 3189//295
f 3904//200 3153//200 3579//200
f 3761//124 998//124 997//124
f 3450//126 998//126 3761//126
f 516//121 1684//121 3806//121
f 3823//138 2286//138 2285//138
f 3872//13 2928//13 715//13
f 1019//127 544//127 2736//127
f 1160//124 1159//124 3594//124
f 3883//304 3306//304 1617//304
f 3881//177 1619//177 2284//177
f 3881//177 2284//177 2079//177
f 1999//139 2831//139 1996//139
f 2388//140 2057//140 3902//140
f 2078//138 3881//138 2079//138
f 2399//495 1209//495 1208//495
f 2653//124 3654//124 2654//124
f 2855//7 2027//7 699//7
f 3613//523 2268//523 755//523
f 2270//308 755//308 2268//308
f 3392//203 536//203 3886//203
f 1747//123 3886//123 536//123
f 1999//139 1996//139 1110//139
f 3904//124 3579//124 3785//124
f 3851//138 3823//138 2285//138
f 26//1346 23//1346 25//1346
f 2582//138 2584//138 3239//138
f 894//200 3809//200 2962//200
f 3224//1347 2763//1347 3887//1347
f 881//6 1261//6 879//6
f 474//140 476//140 1584//140
f 1983//7 3722//7 1984//7
f 3616//175 3564//175 2120//175
f 948//124 3020//124 3019//124
f 3244//300 1394//300 175//300
f 55//138 1901//138 1900//138
f 2277//487 1930//487 3854//487
f 1425//132 1320//132 1322//132
f 3638//1348 2762//1348 2351//1348
f 26//1349 25//1349 21//1349
f 851//1350 368//1350 370//1350
f 3788//124 3660//124 3576//124
f 3412//121 3838//121 3422//121
f 1425//132 1322//132 1864//132
f 1316//132 1864//132 1322//132
f 795//742 2639//742 3613//742
f 694//124 53//124 1900//124
f 3886//300 1648//300 1650//300
f 1648//512 3886//512 2717//512
f 99//1351 103//1351 96//1351
f 2135//892 1550//892 2133//892
f 969//892 3367//892 1565//892
f 3101//682 2556//682 2555//682
f 103//1352 102//1352 1117//1352
f 3294//1 416//1 453//1
f 1485//304 1488//304 3306//304
f 3384//403 3386//403 1230//403
f 3545//7 3142//7 3742//7
f 3561//308 3860//308 3588//308
f 2050//121 2858//121 2051//121
f 2087//209 2086//209 3558//209
f 1159//124 2168//124 3879//124
f 2075//182 3832//182 2151//182
f 1764//1353 929//1353 1765//1353
f 2795//783 598//783 3486//783
f 1979//7 3891//7 1980//7
f 2168//124 1161//124 3879//124
f 710//134 1177//134 2842//134
f 3600//508 2277//508 2276//508
f 2982//138 2981//138 2984//138
f 3031//134 959//134 3178//134
f 3092//181 3103//181 2395//181
f 3102//508 3103//508 3092//508
f 1689//181 1849//181 1045//181
f 3103//1354 3102//1354 3514//1354
f 2555//903 3119//903 3101//903
f 3119//1354 3514//1354 3102//1354
f 3130//177 1932//177 3131//177
f 3574//138 2509//138 3575//138
f 2510//140 1135//140 3578//140
f 3612//1 1279//1 1278//1
f 3294//1 453//1 2664//1
f 2639//210 2050//210 2049//210
f 2985//138 2437//138 430//138
f 1812//1355 2763//1355 3893//1355
f 3486//1356 3512//1356 2795//1356
f 3496//132 3725//132 3684//132
f 2785//224 1892//224 3905//224
f 3507//138 2962//138 2961//138
f 2803//124 3104//124 621//124
f 3060//7 3059//7 3405//7
f 3568//138 1970//138 3530//138
f 2260//7 3891//7 2261//7
f 3547//140 1107//140 1137//140
f 1988//140 1137//140 1107//140
f 1563//297 1565//297 3367//297
f 3564//300 2087//300 3557//300
f 3700//127 3892//127 3904//127
f 3367//633 2852//633 1563//633
f 2087//300 3558//300 3557//300
f 608//121 2101//121 1849//121
f 2044//13 2277//13 3600//13
f 3860//773 3561//773 2163//773
f 3600//121 3571//121 2044//121
f 2148//182 1488//182 1487//182
f 2270//409 2332//409 3623//409
f 3621//121 2272//121 3161//121
f 3300//177 3550//177 3556//177
f 3621//210 3188//210 2267//210
f 2273//121 3621//121 2267//121
f 2073//181 2075//181 2151//181
f 933//1357 932//1357 2378//1357
f 937//1358 1226//1358 935//1358
f 796//210 754//210 756//210
f 3728//124 3727//124 3729//124
f 3729//124 3727//124 3726//124
f 2016//138 2530//138 1416//138
f 3732//138 2998//138 3646//138
f 2655//124 3727//124 2653//124
f 1441//124 3266//124 3747//124
f 2998//124 3732//124 2996//124
f 266//121 3//121 2563//121
f 2488//7 2395//7 31//7
f 2390//140 3769//140 3198//140
f 3250//138 2014//138 3249//138
f 3732//124 3316//124 2996//124
f 2457//138 494//138 496//138
f 3059//7 3794//7 3405//7
f 3486//124 520//124 1693//124
f 2783//132 1318//132 3672//132
f 3815//7 3545//7 3742//7
f 3852//124 3885//124 3835//124
f 3852//138 3616//138 3885//138
f 3386//403 1628//403 3385//403
f 876//316 1397//316 3834//316
f 3153//126 3834//126 1397//126
f 1146//212 1144//212 3190//212
f 3612//133 1278//133 715//133
f 3292//1 3294//1 3293//1
f 3472//1359 3473//1359 1780//1359
f 2860//138 1134//138 3576//138
f 709//182 3191//182 2149//182
f 3244//1360 169//1360 168//1360
f 3906//140 2312//140 1140//140
f 2061//138 3587//138 3145//138
f 429//138 3304//138 3823//138
f 2047//301 2048//301 3342//301
f 2695//124 2694//124 3387//124
f 3576//138 3885//138 3788//138
f 15//145 3901//145 12//145
f 2582//138 3348//138 2583//138
f 3153//295 3904//295 3834//295
f 3892//127 3834//127 3904//127
f 3891//7 1985//7 2261//7
f 3655//124 3727//124 3728//124
f 173//316 3834//316 3892//316
f 1383//1361 3473//1361 3472//1361
f 3892//127 3700//127 3244//127
f 3618//304 3883//304 2206//304
f 2736//127 1018//127 1019//127
f 3636//1362 3867//1362 3637//1362
f 1251//1 3901//1 801//1
f 3901//1 1251//1 13//1
f 801//145 3901//145 306//145
f 3394//138 2594//138 1398//138
f 710//134 2842//134 711//134
f 3906//140 3814//140 3907//140
f 1168//138 2586//138 2585//138
f 236//495 796//495 756//495
f 3885//124 3908//124 3788//124
f 3892//203 3244//203 168//203
f 2639//121 2638//121 3613//121
f 1900//138 53//138 55//138
f 101//1363 99//1363 105//1363
f 143//1364 146//1364 145//1364
f 3082//1365 2761//1365 937//1365
f 2014//138 2015//138 3715//138
f 1469//138 916//138 2980//138
f 1473//138 428//138 2642//138
f 1079//175 1078//175 3106//175
f 3090//209 243//209 3764//209
f 3462//121 556//121 899//121
f 1542//124 889//124 3334//124
f 3418//138 3065//138 2720//138
f 1812//1366 1814//1366 2352//1366
f 1876//132 1870//132 1878//132
f 1613//140 1102//140 3547//140
f 2847//1046 2846//1046 3367//1046
f 1180//13 2103//13 3591//13
f 3615//302 2632//302 3296//302
f 916//138 2437//138 2981//138
f 1079//521 3106//521 2098//521
f 2786//132 3212//132 607//132
f 2790//138 2492//138 1899//138
f 1809//1367 2761//1367 581//1367
f 2761//1368 1809//1368 867//1368
f 914//138 682//138 1470//138
f 2761//1369 3082//1369 1816//1369
f 2829//124 2014//124 3250//124
f 2980//138 916//138 2981//138
f 915//138 2642//138 2437//138
f 2826//124 1545//124 465//124
f 3365//507 657//507 2454//507
f 243//300 3090//300 244//300
f 3507//138 3252//138 3508//138
f 115//1370 2522//1370 1267//1370
f 3133//1 3135//1 3612//1
f 3122//181 3161//181 2272//181
f 1217//212 1219//212 2372//212
f 3212//132 2788//132 3214//132
f 2568//1371 57//1371 56//1371
f 2015//138 2609//138 3715//138
f 1536//305 2849//305 2628//305
f 1542//124 463//124 889//124
f 3104//124 2826//124 467//124
f 2721//124 3418//124 2720//124
f 1812//1372 2352//1372 2351//1372
f 1049//132 607//132 3212//132
f 3212//132 1321//132 1049//132
f 2963//200 895//200 2962//200
f 2845//1214 3561//1214 1555//1214
f 1210//121 1963//121 721//121
f 3198//7 1497//7 2181//7
f 3384//588 3581//588 3386//588
f 665//138 2529//138 2018//138
f 2529//124 665//124 2009//124
f 2170//134 710//134 664//134
f 3615//1057 2194//1057 2632//1057
f 1488//121 3379//121 3306//121
f 2454//497 3615//497 2318//497
f 3296//1040 2318//1040 3615//1040
f 2220//121 2219//121 2907//121
f 3607//182 2528//182 3850//182
f 3749//124 3748//124 2617//124
f 3020//124 3334//124 2950//124
f 3850//182 1486//182 3607//182
f 1354//1373 374//1373 149//1373
f 3800//1 2770//1 2771//1
f 1857//124 3482//124 1856//124
f 2080//138 3147//138 1149//138
f 2908//138 3822//138 3147//138
f 3850//182 2528//182 3832//182
f 3883//137 3307//137 3306//137
f 3190//224 3191//224 2075//224
f 1151//138 2080//138 1149//138
f 1901//138 2790//138 1899//138
f 3588//7 2032//7 3561//7
f 108//1374 115//1374 1267//1374
f 1536//124 2628//124 2629//124
f 2639//1375 795//1375 702//1375
f 3296//429 2316//429 2318//429
f 3814//7 3545//7 3815//7
f 2220//1 2907//1 3620//1
f 3676//7 3814//7 3815//7
f 2568//1376 3220//1376 1348//1376
f 3220//1377 2568//1377 56//1377
f 3887//1378 2762//1378 3867//1378
f 1136//140 3548//140 3547//140
f 2303//498 2302//498 3714//498
f 3860//1143 2163//1143 1483//1143
f 2584//138 1392//138 3239//138
f 3122//212 2272//212 3160//212
f 3588//13 3860//13 3618//13
f 2981//138 2985//138 2984//138
f 2318//760 3365//760 2454//760
f 3690//1 3331//1 2414//1
f 3266//124 399//124 398//124
f 3020//124 2950//124 3021//124
f 1488//1 2296//1 3379//1
f 3464//902 1408//902 3463//902
f 3464//487 3463//487 3465//487
f 3617//784 3588//784 3618//784
f 3640//1379 2381//1379 1380//1379
f 865//1380 867//1380 1809//1380
f 2670//124 1545//124 2826//124
f 2323//523 1217//523 938//523
f 2603//124 2602//124 1410//124
f 1990//507 657//507 3365//507
f 1415//198 2015//198 1413//198
f 2351//1381 2763//1381 1812//1381
f 1858//124 605//124 604//124
f 2670//124 460//124 1545//124
f 953//7 951//7 531//7
f 2036//181 3072//181 2315//181
f 648//7 2315//7 649//7
f 3072//7 649//7 2315//7
f 1380//1382 232//1382 3640//1382
f 1292//13 357//13 813//13
f 1351//1383 1028//1383 1811//1383
f 2966//7 2964//7 2709//7
f 2781//124 1693//124 602//124
f 2605//124 604//124 603//124
f 467//124 2673//124 626//124
f 2115//139 689//139 688//139
f 3907//140 2057//140 3909//140
f 3854//892 2848//892 1597//892
f 2895//212 1207//212 3894//212
f 1990//126 3628//126 2097//126
f 2343//296 2323//296 938//296
f 3800//1 3056//1 3427//1
f 3426//7 3800//7 3427//7
f 2703//7 3407//7 3406//7
f 3056//7 3801//7 3719//7
f 2844//1 3135//1 3560//1
f 3749//124 2696//124 3747//124
f 2962//200 1066//200 2963//200
f 3617//515 2033//515 3588//515
f 3813//140 3902//140 3675//140
f 3893//1384 1813//1384 1812//1384
f 2685//140 2510//140 3578//140
f 2014//138 3715//138 3249//138
f 3907//140 3814//140 3675//140
f 1858//420 604//420 1886//420
f 374//1385 1354//1385 1380//1385
f 66//1386 75//1386 70//1386
f 149//1387 375//1387 2575//1387
f 685//124 3343//124 2053//124
f 1355//1388 1354//1388 149//1388
f 1532//124 911//124 3014//124
f 3514//329 3890//329 1916//329
f 3907//140 3902//140 2057//140
f 2246//207 1990//207 2099//207
f 2352//1389 975//1389 977//1389
f 3134//1 3136//1 2020//1
f 2575//1390 150//1390 149//1390
f 2841//660 641//660 1953//660
f 3091//134 2798//134 2877//134
f 49//1391 350//1391 1340//1391
f 3048//138 2457//138 496//138
f 1340//1392 1339//1392 49//1392
f 2616//138 2695//138 3387//138
f 1080//224 649//224 1667//224
f 1684//1 1841//1 1682//1
f 3871//124 3105//124 2743//124
f 1077//209 2808//209 1934//209
f 2042//660 2508//660 1540//660
f 3628//295 2317//295 1077//295
f 2072//140 2070//140 480//140
f 3148//213 120//213 114//213
f 2305//279 3151//279 2859//279
f 2056//1 2055//1 2339//1
f 658//295 1990//295 2246//295
f 924//1 2056//1 2339//1
f 2097//492 1077//492 1079//492
f 2808//177 1077//177 2317//177
f 3221//1393 1386//1393 1387//1393
f 1038//1394 1040//1394 590//1394
f 3058//7 3057//7 3721//7
f 3622//1374 1197//1374 3137//1374
f 3800//7 3801//7 3056//7
f 1059//132 3490//132 3492//132
f 2895//183 2855//183 3179//183
f 2199//124 3108//124 3174//124
f 1403//124 3739//124 3457//124
f 229//121 1081//121 1739//121
f 2559//13 3171//13 3591//13
f 3890//121 2836//121 1916//121
f 3884//138 3698//138 3697//138
f 3902//140 3907//140 3675//140
f 3890//308 3514//308 3560//308
f 2388//140 3902//140 2389//140
f 3906//140 3909//140 2312//140
f 939//140 1217//140 2372//140
f 2941//1395 1029//1395 1782//1395
f 2303//181 3714//181 2685//181
f 3890//1 3134//1 2020//1
f 2966//7 2709//7 2419//7
f 3894//212 1207//212 3889//212
f 842//1396 1340//1396 1330//1396
f 1774//945 1038//945 2942//945
f 3329//121 3331//121 3690//121
f 2824//7 650//7 1080//7
f 1080//7 1709//7 2824//7
f 639//138 2841//138 2004//138
f 2361//1397 2943//1397 1509//1397
f 1340//1398 1328//1398 1330//1398
f 2404//1399 2405//1399 3840//1399
f 789//1400 2405//1400 790//1400
f 2789//200 2791//200 3099//200
f 2532//224 3745//224 2854//224
f 1362//1401 1360//1401 1359//1401
f 231//1 1734//1 229//1
f 1038//1402 1030//1402 2942//1402
f 2352//1403 2361//1403 975//1403
f 47//1404 49//1404 1342//1404
f 398//138 3268//138 3897//138
f 3081//1405 2405//1405 1798//1405
f 1814//1406 2361//1406 2352//1406
f 3692//124 3482//124 2774//124
f 3099//134 2791//134 1335//134
f 3558//127 2086//127 3177//127
f 3177//127 3533//127 3558//127
f 1979//7 3903//7 2830//7
f 2455//138 639//138 2004//138
f 3168//1065 3126//1065 3169//1065
f 3026//497 3569//497 3339//497
f 3598//124 1964//124 3569//124
f 2223//769 3139//769 2508//769
f 3569//404 2199//404 2198//404
f 1289//133 3206//133 1287//133
f 3673//132 3672//132 3725//132
f 3745//224 3894//224 3625//224
f 3268//124 3387//124 2820//124
f 3017//124 3762//124 3456//124
f 3762//124 3017//124 631//124
f 3910//181 1072//181 1701//181
f 1781//1407 3223//1407 567//1407
f 3200//140 2390//140 2389//140
f 2494//124 3871//124 2495//124
f 3812//7 3736//7 3703//7
f 3387//124 3268//124 2616//124
f 2895//1038 3745//1038 2856//1038
f 2532//1 2856//1 3745//1
f 2529//138 3563//138 2530//138
f 3896//124 3266//124 398//124
f 879//6 1261//6 2948//6
f 3906//7 1140//7 3545//7
f 47//1408 1342//1408 1325//1408
f 3909//7 2057//7 2056//7
f 3714//7 2510//7 2685//7
f 3814//140 3906//140 3545//140
f 3330//133 3329//133 3690//133
f 515//1 1841//1 1684//1
f 3909//140 3906//140 3907//140
f 590//1409 1040//1409 2346//1409
f 3909//7 2056//7 2312//7
f 2494//124 2496//124 1076//124
f 1017//1 1016//1 3259//1
f 1436//138 2819//138 1088//138
f 3259//1 3329//1 1017//1
f 625//124 2494//124 1076//124
f 2018//138 2530//138 2016//138
f 1851//138 1853//138 2772//138
f 1979//7 1983//7 3891//7
f 1287//133 3859//133 1288//133
f 3739//124 3762//124 3740//124
f 1717//1038 1017//1038 3329//1038
f 1947//203 3176//203 1932//203
f 3589//279 3575//279 1132//279
f 2709//1 505//1 2730//1
f 3515//133 250//133 1549//133
f 3657//7 2800//7 3051//7
f 1853//124 2774//124 2772//124
f 648//212 650//212 3602//212
f 1030//1410 590//1410 585//1410
f 338//132 606//132 3674//132
f 879//6 2947//6 2946//6
f 1402//124 3456//124 3739//124
f 3763//133 609//133 1689//133
f 1547//133 3910//133 2800//133
f 3051//7 2800//7 3910//7
f 3910//133 1547//133 1072//133
f 3570//124 3113//124 3139//124
f 2824//7 2837//7 650//7
f 505//1 535//1 2730//1
f 1403//124 1402//124 3739//124
f 2780//7 1911//7 1842//7
f 3151//492 3589//492 1132//492
f 3884//138 3697//138 3772//138
f 3763//1 1689//1 1688//1
f 3345//124 2086//124 3853//124
f 2510//7 3714//7 2084//7
f 1980//7 3891//7 2260//7
f 960//134 3031//134 3343//134
f 1849//133 1046//133 1045//133
f 1841//1 2780//1 1842//1
f 844//138 2790//138 1901//138
f 2388//140 2390//140 3198//140
f 3139//769 2507//769 2508//769
f 3762//124 2739//124 3740//124
f 3871//124 3460//124 3895//124
f 2510//7 2084//7 2083//7
f 2171//134 696//134 1178//134
f 3170//134 695//134 3509//134
f 3778//124 2654//124 3654//124
f 3100//198 3098//198 1423//198
f 3515//1 3517//1 1460//1
f 3136//1 1287//1 2021//1
f 683//126 753//126 2239//126
f 217//7 3052//7 1700//7
f 1424//198 3098//198 611//198
f 3178//138 959//138 3911//138
f 1300//121 1297//121 823//121
f 1909//1 2780//1 517//1
f 3517//602 3515//602 2846//602
f 2852//901 2846//901 3515//901
f 3629//7 1098//7 1980//7
f 3629//7 1980//7 2259//7
f 3186//7 3629//7 3185//7
f 2054//302 3589//302 3369//302
f 2806//124 3895//124 3460//124
f 3699//138 3698//138 3351//138
f 2465//127 3799//127 3756//127
f 3801//7 3428//7 513//7
f 852//1 2021//1 59//1
f 825//121 3799//121 824//121
f 3757//121 3424//121 1299//121
f 3757//127 2461//127 3424//127
f 1701//7 3052//7 3910//7
f 2807//124 3895//124 2806//124
f 2495//124 3895//124 3114//124
f 1135//140 1137//140 3578//140
f 1988//140 3578//140 1137//140
f 1301//121 1300//121 823//121
f 3867//1411 3638//1411 3637//1411
f 682//124 683//124 2239//124
f 3699//138 3351//138 1390//138
f 3899//198 3100//198 1879//198
f 3200//140 2389//140 3724//140
f 1549//133 250//133 1547//133
f 3051//7 3910//7 3052//7
f 3697//138 2578//138 3772//138
f 824//121 3799//121 3757//121
f 127//760 2123//760 2131//760
f 3871//124 3895//124 2495//124
f 138//904 127//904 2131//904
f 556//121 3462//121 2624//121
f 901//2 556//2 2624//2
f 88//1412 76//1412 77//1412
f 1062//198 3899//198 832//198
f 1504//1413 1757//1413 1766//1413
f 1912//182 1910//182 1909//182
f 1548//672 1563//672 1549//672
f 673//140 2864//140 2861//140
f 2742//124 2744//124 2745//124
f 2864//140 672//140 1136//140
f 1912//1 1047//1 1046//1
f 2083//140 2864//140 1135//140
f 3131//127 3176//127 3911//127
f 1113//1370 1115//1370 3166//1370
f 3867//1414 3636//1414 3808//1414
f 3243//295 2285//295 2587//295
f 2474//124 1002//124 3313//124
f 2744//124 2743//124 3105//124
f 2815//1 2814//1 2499//1
f 3681//140 2390//140 3200//140
f 3636//1415 3771//1415 3808//1415
f 3802//7 514//7 3428//7
f 3136//1 3859//1 1287//1
f 3578//140 1988//140 1989//140
f 2745//124 2744//124 1728//124
f 3387//138 2694//138 2821//138
f 693//124 3594//124 3879//124
f 2551//7 3802//7 3428//7
f 3572//1 2815//1 2024//1
f 3479//1416 3473//1416 1383//1416
f 716//133 3859//133 3133//133
f 3859//133 716//133 1288//133
f 611//198 1062//198 831//198
f 3178//124 3177//124 3345//124
f 3699//138 1389//138 3234//138
f 3031//134 3178//134 3345//134
f 3697//138 3699//138 3234//138
f 86//1417 88//1417 77//1417
f 1287//1 3206//1 2021//1
f 3369//126 3589//126 2375//126
f 3098//198 1062//198 611//198
f 1261//6 3238//6 2948//6
f 2793//1 2550//1 2549//1
f 1040//1418 3085//1418 2347//1418
f 1288//13 2927//13 1289//13
f 1386//1419 3479//1419 483//1419
f 2334//126 2336//126 3369//126
f 3643//403 2377//403 1357//403
f 34//13 2397//13 716//13
f 1114//1420 1481//1420 2977//1420
f 3458//124 3649//124 2953//124
f 3085//1421 1041//1421 2347//1421
f 2400//198 832//198 3899//198
f 263//138 216//138 683//138
f 1386//1422 3223//1422 3479//1422
f 2336//669 2136//669 2054//669
f 2600//203 3458//203 1409//203
f 2979//124 261//124 1469//124
f 2136//588 2336//588 765//588
f 2338//403 3643//403 1356//403
f 1357//403 1356//403 3643//403
f 765//628 2336//628 2335//628
f 262//124 261//124 2979//124
f 3769//7 2921//7 1497//7
f 3202//7 1677//7 3802//7
f 1714//127 3798//127 3414//127
f 816//1 1897//1 817//1
f 3479//1423 3223//1423 1781//1423
f 3236//6 2577//6 2579//6
f 3593//124 3155//124 1160//124
f 1409//200 3458//200 2953//200
f 1159//124 3879//124 3594//124
f 3769//7 1497//7 3198//7
f 3090//127 3764//127 3093//127
f 2390//140 3681//140 3769//140
f 3840//1424 2757//1424 573//1424
f 3911//138 959//138 3368//138
f 3131//127 3911//127 3368//127
f 3840//1425 573//1425 3478//1425
f 261//124 263//124 683//124
f 3911//420 3176//420 3178//420
f 2948//6 3238//6 2580//6
f 134//1426 131//1426 140//1426
f 2257//1 2537//1 3185//1
f 1713//138 1714//138 3414//138
f 3572//1 1305//1 3210//1
f 2024//121 1306//121 3572//121
f 1305//1 3572//1 1306//1
f 3175//295 3627//295 2197//295
f 1473//138 273//138 428//138
f 2503//404 1147//404 214//404
f 2569//1427 2568//1427 2938//1427
f 428//138 273//138 3304//138
f 3422//127 3414//127 3798//127
f 1097//7 3903//7 1098//7
f 81//1428 79//1428 88//1428
f 117//1429 124//1429 118//1429
f 3686//6 176//6 3235//6
f 2473//124 3313//124 2649//124
f 124//1430 117//1430 123//1430
f 3323//124 1513//124 3734//124
f 176//1431 3686//1431 177//1431
f 3627//295 3851//295 3243//295
f 2473//124 2474//124 3313//124
f 836//1432 43//1432 1331//1432
f 3869//7 2537//7 2536//7
f 3395//124 3323//124 3734//124
f 3252//138 2796//138 3508//138
f 3704//7 3703//7 2710//7
f 514//7 3803//7 512//7
f 3686//6 3236//6 877//6
f 2569//1433 2938//1433 2566//1433
f 3840//1434 3478//1434 2404//1434
f 3704//7 2710//7 2709//7
f 3812//181 3703//181 3710//181
f 3899//198 1879//198 2400//198
f 3840//1435 2405//1435 3081//1435
f 2374//126 3369//126 2375//126
f 3825//1436 123//1436 3912//1436
f 3825//1437 3912//1437 2401//1437
f 85//1438 81//1438 88//1438
f 3824//268 3627//268 3243//268
f 3869//7 2536//7 3913//7
f 82//1439 80//1439 81//1439
f 84//1440 82//1440 81//1440
f 1031//1441 3081//1441 1798//1441
f 868//1442 1772//1442 1773//1442
f 3186//7 2537//7 3869//7
f 1503//1443 1505//1443 3914//1443
f 3219//1444 1342//1444 1341//1444
f 2896//268 3627//268 3175//268
f 3081//1445 1031//1445 584//1445
f 2569//1446 1341//1446 57//1446
f 1400//138 1514//138 3323//138
f 1859//420 1858//420 2782//420
f 712//1 2173//1 2172//1
f 3546//7 3869//7 3659//7
f 3849//7 3546//7 3658//7
f 3865//7 3878//7 3866//7
f 3704//7 2709//7 2730//7
f 2701//1 2814//1 2813//1
f 2813//1 3399//1 2701//1
f 3819//515 2936//515 182//515
f 3100//198 1062//198 3098//198
f 1858//420 1886//420 2782//420
f 3740//124 2739//124 3847//124
f 2024//1 2815//1 2499//1
f 3824//268 3243//268 3242//268
f 3824//295 3242//295 2198//295
f 1098//7 3903//7 1979//7
f 3825//1447 2401//1447 132//1447
f 158//1448 1840//1448 3807//1448
f 374//1449 3196//1449 375//1449
f 374//1450 2571//1450 3196//1450
f 140//1451 2401//1451 141//1451
f 3915//1 2105//1 2104//1
f 288//143 290//143 776//143
f 356//1452 1325//1452 3219//1452
f 290//143 1215//143 776//143
f 3219//1453 2566//1453 356//1453
f 3629//7 1099//7 1098//7
f 3219//1454 1325//1454 1342//1454
f 2275//121 1170//121 2150//121
f 2814//1 2700//1 3522//1
f 1503//1455 3914//1455 3807//1455
f 3857//7 637//7 2818//7
f 3186//7 1099//7 3629//7
f 3153//300 1396//300 3146//300
f 3677//7 3865//7 3864//7
f 1489//121 2275//121 2150//121
f 1489//121 3166//121 2641//121
f 1591//1239 3701//1239 1590//1239
f 2946//6 2409//6 880//6
f 3857//7 2818//7 3858//7
f 3457//124 3740//124 3650//124
f 3676//7 3865//7 3677//7
f 2499//1 2814//1 3522//1
f 2946//6 880//6 879//6
f 3458//124 3457//124 3650//124
f 134//1456 140//1456 27//1456
f 931//1457 3914//1457 1500//1457
f 3914//1458 931//1458 930//1458
f 3818//7 381//7 3820//7
f 2197//295 3627//295 3824//295
f 3914//1459 1505//1459 1500//1459
f 3866//7 3877//7 1097//7
f 930//1460 3807//1460 3914//1460
f 3807//1461 2406//1461 158//1461
f 2218//137 2220//137 3830//137
f 2640//121 2275//121 2641//121
f 3829//140 3701//140 3360//140
f 3633//203 3644//203 3614//203
f 2978//121 1733//121 2809//121
f 2669//291 1971//291 2825//291
f 1971//1037 2669//1037 457//1037
f 3144//126 3643//126 2337//126
f 2640//121 2271//121 3141//121
f 1131//121 2640//121 3141//121
f 2218//120 3830//120 2276//120
f 3599//495 3830//495 2139//495
f 3849//7 3658//7 3866//7
f 3766//7 3143//7 3818//7
f 974//1 3043//1 3898//1
f 3143//7 3819//7 3818//7
f 3807//1462 1840//1462 1503//1462
f 97//1463 83//1463 82//1463
f 3743//7 3766//7 3820//7
f 1346//1464 2567//1464 360//1464
f 3419//300 1675//300 1674//300
f 2218//121 668//121 1126//121
f 1082//742 2978//742 3540//742
f 2911//139 2511//139 1142//139
f 1318//132 1317//132 3684//132
f 1141//138 2511//138 3144//138
f 3633//203 3614//203 2307//203
f 719//222 800//222 799//222
f 2218//120 2276//120 668//120
f 1128//1 2218//1 1126//1
f 2679//138 1971//138 420//138
f 3644//175 3633//175 2353//175
f 3117//140 3361//140 2684//140
f 3516//121 3571//121 3599//121
f 2511//209 2911//209 2377//209
f 717//294 719//294 799//294
f 2218//1 1128//1 2219//1
f 3540//801 2978//801 1480//801
f 2977//297 1480//297 2978//297
f 3849//7 3866//7 1097//7
f 3813//7 3864//7 3741//7
f 1346//1465 360//1465 1348//1465
f 3837//140 476//140 3829//140
f 476//140 1587//140 3829//140
f 1590//121 3829//121 1587//121
f 2783//132 832//132 2400//132
f 1363//403 2910//403 1364//403
f 2863//140 3898//140 3548//140
f 1613//7 3898//7 1611//7
f 1037//1466 1036//1466 1773//1466
f 563//124 3419//124 1674//124
f 3644//1053 2914//1053 3614//1053
f 2809//121 1733//121 1943//121
f 1319//132 2783//132 2400//132
f 2910//403 1396//403 1364//403
f 92//1467 97//1467 82//1467
f 1124//121 2138//121 1125//121
f 2377//316 2911//316 2910//316
f 1095//491 3276//491 1562//491
f 1124//121 3516//121 2138//121
f 2377//143 2910//143 1359//143
f 2402//1468 150//1468 2403//1468
f 2403//1469 2575//1469 210//1469
f 3286//7 1669//7 1941//7
f 612//198 893//198 610//198
f 1124//296 905//296 907//296
f 1712//124 3421//124 3520//124
f 1443//138 3276//138 3419//138
f 3276//300 203//300 3419//300
f 3289//140 2809//140 2747//140
f 1114//407 3289//407 1465//407
f 3117//140 3360//140 3361//140
f 2785//224 3905//224 3489//224
f 3289//495 2977//495 2809//495
f 2158//121 1600//121 2891//121
f 1712//124 3520//124 3106//124
f 830//132 2783//132 3672//132
f 1942//121 2678//121 201//121
f 656//134 3527//134 3529//134
f 2251//1 3873//1 2252//1
f 3837//140 3360//140 3117//140
f 1099//7 3546//7 3849//7
f 2881//669 2679//669 3121//669
f 3915//1 1889//1 3916//1
f 3360//13 3701//13 2325//13
f 1941//1 1942//1 201//1
f 1036//1470 2403//1470 1773//1470
f 654//124 656//124 3528//124
f 370//1471 369//1471 1347//1471
f 2104//7 1180//7 1889//7
f 1345//1472 1348//1472 3220//1472
f 1940//1 3521//1 452//1
f 3497//132 830//132 3674//132
f 3916//1 1889//1 1888//1
f 651//121 3521//121 1940//121
f 3521//1 1669//1 452//1
f 1969//124 1968//124 3529//124
f 3144//126 2377//126 3643//126
f 3340//181 3765//181 3124//181
f 3752//7 3405//7 3794//7
f 3791//1 3400//1 3735//1
f 1318//132 2783//132 1319//132
f 697//488 1878//488 1061//488
f 3793//7 3791//7 3735//7
f 1504//1473 1766//1473 1637//1473
f 3825//1474 124//1474 123//1474
f 143//1475 141//1475 137//1475
f 1505//1476 1504//1476 1637//1476
f 3857//7 3752//7 3794//7
f 3915//1 2104//1 1889//1
f 2564//132 1895//132 2784//132
f 2564//132 2784//132 1315//132
f 1888//7 1056//7 3916//7
f 849//1477 1345//1477 3220//1477
f 3527//124 2593//124 3529//124
f 697//199 1061//199 695//199
f 143//1478 137//1478 136//1478
f 1345//1479 370//1479 1347//1479
f 2530//138 3773//138 1416//138
f 1902//669 2797//669 2876//669
f 696//200 2797//200 697//200
f 2538//1 2901//1 2902//1
f 3468//1480 1503//1480 1840//1480
f 1757//1481 1503//1481 3468//1481
f 3527//124 2819//124 3111//124
f 3856//1 3780//1 2658//1
f 3792//7 3752//7 3858//7
f 3856//7 1663//7 3791//7
f 3905//224 1892//224 3915//224
f 1180//13 3591//13 1181//13
f 2557//13 2559//13 3591//13
f 3497//132 3674//132 606//132
f 138//1482 3912//1482 127//1482
f 3912//1483 138//1483 137//1483
f 3912//1484 137//1484 2401//1484
f 722//182 721//182 3534//182
f 3527//124 3111//124 3245//124
f 1346//1485 1345//1485 1347//1485
f 3905//224 3916//224 3489//224
f 96//661 1271//661 97//661
f 3905//224 3915//224 3916//224
f 2421//120 2422//120 3324//120
f 525//1 2443//1 526//1
f 2443//1 525//1 3326//1
f 3511//295 3882//295 3773//295
f 2876//134 696//134 2171//134
f 2420//7 2710//7 3736//7
f 198//1 2443//1 3064//1
f 3511//203 2530//203 3563//203
f 146//767 136//767 2524//767
f 2420//7 3736//7 2965//7
f 1334//138 2791//138 844//138
f 3171//13 1181//13 3591//13
f 2791//138 2790//138 844//138
f 722//1 2252//1 3873//1
f 722//1 3873//1 2901//1
f 2538//1 2902//1 2536//1
f 198//1 3064//1 941//1
f 3915//1 1892//1 2105//1
f 1116//1375 1271//1375 96//1375
f 2781//307 2607//307 3445//307
f 940//1 196//1 198//1
f 940//1 1698//1 196//1
f 3170//134 1178//134 695//134
f 2107//138 2108//138 3251//138
f 3513//203 3512//203 3445//203
f 3513//126 3882//126 3511//126
f 2902//1 3377//1 3044//1
f 2415//1 3261//1 3262//1
f 3840//1486 3081//1486 3080//1486
f 3534//182 721//182 1963//182
f 110//1487 105//1487 104//1487
f 105//1488 110//1488 101//1488
f 269//308 191//308 1475//308
f 3262//1 3261//1 3917//1
f 3773//127 2530//127 3511//127
f 3262//1 3917//1 422//1
f 267//181 269//181 1475//181
f 3286//7 1941//7 2722//7
f 3254//138 2113//138 3505//138
f 1955//134 1954//134 2500//134
f 91//1489 93//1489 94//1489
f 3542//7 3913//7 2903//7
f 3869//7 3913//7 3659//7
f 2607//203 2606//203 3882//203
f 3913//7 2536//7 2903//7
f 1798//1490 2767//1490 1031//1490
f 3817//886 3819//886 182//886
f 3817//1491 2581//1491 381//1491
f 974//1 3898//1 1987//1
f 105//1492 91//1492 94//1492
f 99//1493 92//1493 91//1493
f 3423//124 2461//124 3055//124
f 3025//1 199//1 3007//1
f 3784//138 3037//138 2058//138
f 3035//138 3037//138 3784//138
f 200//1 3025//1 3053//1
f 3025//121 200//121 199//121
f 2781//422 2782//422 2607//422
f 3568//300 3566//300 3375//300
f 3250//138 1416//138 3773//138
f 3536//669 3568//669 3573//669
f 3820//7 381//7 380//7
f 3898//140 1613//140 3548//140
f 3898//1 3043//1 1611//1
f 2607//669 3513//669 3445//669
f 1455//2 3795//2 335//2
f 3109//124 2498//124 2738//124
f 895//269 2963//269 610//269
f 1527//1 1529//1 3462//1
f 2891//137 2452//137 3765//137
f 3678//7 3743//7 3679//7
f 3055//124 3520//124 3423//124
f 3779//2 3795//2 3284//2
f 1722//127 1721//127 2738//127
f 2713//127 3109//127 2738//127
f 3780//7 3863//7 3900//7
f 3568//300 3530//300 3538//300
f 381//7 3818//7 3817//7
f 3261//1 2974//1 3917//1
f 908//1 3917//1 2974//1
f 1073//1 3917//1 908//1
f 3917//1 1073//1 422//1
f 3053//7 3779//7 2722//7
f 1722//124 2738//124 1724//124
f 3779//2 335//2 3795//2
f 335//7 3779//7 3053//7
f 380//7 3238//7 3679//7
f 380//7 3679//7 3820//7
f 557//124 2737//124 2666//124
f 2667//124 2737//124 1722//124
f 3073//124 3055//124 2463//124
f 945//1 3077//1 3283//1
f 1212//124 3073//124 1213//124
f 2417//1 2415//1 3262//1
f 3283//1 3077//1 3462//1
f 2737//124 900//124 1722//124
f 3077//1 1014//1 1527//1
f 1527//1 1738//1 1528//1
f 3073//300 3107//300 3055//300
f 722//1 2901//1 720//1
f 2811//127 3109//127 3454//127
f 3348//138 3688//138 3349//138
f 2582//138 3688//138 3348//138
f 3283//121 3462//121 899//121
f 178//1494 180//1494 164//1494
f 878//1495 178//1495 164//1495
f 3117//140 2684//140 3826//140
f 2787//132 1896//132 2564//132
f 2417//121 3262//121 391//121
f 3352//138 3353//138 3786//138
f 3746//138 3239//138 1388//138
f 2787//132 2564//132 1314//132
f 3353//138 1579//138 3037//138
f 3353//138 3037//138 3036//138
f 178//1496 878//1496 2581//1496
f 179//1497 182//1497 180//1497
f 1388//138 1390//138 3746//138
f 2428//126 2427//126 3284//126
f 2417//121 391//121 393//121
f 3587//124 2059//124 270//124
f 2811//127 3454//127 995//127
f 2428//126 3795//126 994//126
f 1141//138 3587//138 270//138
f 2428//126 3284//126 3795//126
f 3786//138 3353//138 3350//138
f 2788//132 3502//132 2787//132
f 1390//138 1389//138 3699//138
f 1390//138 3351//138 3746//138
f 178//1498 2581//1498 179//1498
f 3817//1499 179//1499 2581//1499
f 140//1500 131//1500 132//1500
f 2401//1501 140//1501 132//1501
f 182//1502 179//1502 3817//1502
f 3679//7 3743//7 3820//7
f 252//295 3109//295 2811//295
f 3884//138 3786//138 3698//138
f 3786//138 3884//138 3352//138
f 1314//132 3214//132 2788//132
f 3775//124 3651//124 2618//124
f 3678//7 3680//7 3767//7
f 3688//138 3239//138 3746//138
f 2617//124 3775//124 2618//124
f 3680//7 3238//7 3768//7
f 3768//7 3767//7 3680//7
f 2060//124 3587//124 2061//124
f 132//1503 126//1503 3825//1503
f 2735//1 3770//1 3838//1
f 3797//121 3770//121 2752//121
f 3454//127 993//127 995//127
f 127//1504 3912//1504 123//1504
f 2668//124 1723//124 3295//124
f 3918//1 1065//1 3501//1
f 2337//138 3362//138 3145//138
f 1056//224 1055//224 3489//224
f 2668//124 2667//124 1723//124
f 3144//138 2337//138 3145//138
f 3377//1 2901//1 3873//1
f 3916//224 1056//224 3489//224
f 3377//1 3873//1 972//1
f 3918//1 3501//1 3500//1
f 3500//1 1058//1 3208//1
f 2489//203 87//203 3483//203
f 1877//199 2797//199 1902//199
f 1888//1 1871//1 1056//1
f 3919//124 3272//124 3775//124
f 3355//140 2072//140 3827//140
f 2903//1 3044//1 1986//1
f 3044//1 2903//1 2902//1
f 993//127 2713//127 2427//127
f 2894//174 3828//174 749//174
f 3208//1 2933//1 1897//1
f 285//140 3355//140 1581//140
f 1063//1 3920//1 2931//1
f 3877//7 1981//7 3903//7
f 1897//1 816//1 3920//1
f 2070//140 3355//140 285//140
f 3877//7 3903//7 1097//7
f 816//1 2931//1 3920//1
f 1872//1 1874//1 1873//1
f 3770//121 3797//121 3838//121
f 3770//121 1298//121 2752//121
f 2894//520 732//520 2371//520
f 800//523 2894//523 2371//523
f 3827//140 2072//140 3632//140
f 2462//124 2465//124 1936//124
f 2931//1 3682//1 1063//1
f 3375//124 3573//124 3568//124
f 2930//1 2931//1 816//1
f 1156//7 1874//7 1872//7
f 3816//7 3878//7 3865//7
f 2874//1 3682//1 2931//1
f 1156//1 1890//1 1874//1
f 718//135 3828//135 719//135
f 3748//124 3266//124 3896//124
f 3821//7 1981//7 3877//7
f 3816//7 3821//7 3878//7
f 3616//124 2216//124 3908//124
f 3878//7 3877//7 3866//7
f 3614//668 2914//668 3634//668
f 3644//123 3637//123 3382//123
f 3454//127 2713//127 993//127
f 2894//682 719//682 3828//682
f 3828//133 3827//133 749//133
f 2617//124 3748//124 3919//124
f 2914//1032 3644//1032 3382//1032
f 1065//224 3918//224 1063//224
f 2517//138 1164//138 3375//138
f 2680//601 3373//601 3340//601
f 3863//7 3791//7 3793//7
f 3848//7 3821//7 3744//7
f 3767//7 3848//7 3744//7
f 3269//124 2618//124 3270//124
f 1231//1505 1772//1505 868//1505
f 3863//1 3856//1 3791//1
f 1598//121 1600//121 2688//121
f 2688//121 1600//121 2158//121
f 207//138 3158//138 2183//138
f 3738//124 3774//124 3269//124
f 3765//181 3123//181 3124//181
f 3774//124 2619//124 3269//124
f 3707//124 3774//124 3738//124
f 1065//224 1064//224 1896//224
f 1600//133 2452//133 2891//133
f 3765//7 3028//7 3123//7
f 2617//124 3919//124 3775//124
f 3028//120 2452//120 1599//120
f 3501//1 1065//1 1896//1
f 3270//124 2618//124 3652//124
f 821//121 1298//121 3770//121
f 1898//1 2932//1 3504//1
f 2561//1 1898//1 3504//1
f 2933//1 1898//1 1897//1
f 2467//138 3271//138 2468//138
f 2464//124 3532//124 1935//124
f 1886//588 3487//588 1414//588
f 3896//124 3776//124 3919//124
f 3738//124 3271//124 2467//124
f 3271//124 3778//124 2468//124
f 3919//124 3776//124 3272//124
f 2107//138 3251//138 2113//138
f 3748//124 3896//124 3919//124
f 3523//7 3751//7 3855//7
f 1063//1 3918//1 3920//1
f 3921//134 3319//134 3693//134
f 3921//420 3693//420 3922//420
f 2693//126 2022//126 3922//126
f 3921//317 100//317 98//317
f 3921//318 98//318 3319//318
f 823//210 1298//210 821//210
f 106//302 100//302 2022//302
f 2693//138 3922//138 2694//138
f 2933//1 2932//1 1898//1
f 1573//134 1572//134 2140//134
f 2957//305 3510//305 617//305
f 3488//177 617//177 3510//177
f 3104//124 467//124 626//124
f 2262//134 1574//134 1571//134
f 1570//299 1490//299 2230//299
f 1570//299 2230//299 2262//299
f 2140//124 2265//124 1573//124
f 3630//124 1573//124 2265//124
f 2608//674 3510//674 2957//674
f 3388//124 3897//124 3268//124
f 3505//138 3251//138 2610//138
f 2464//127 37//127 309//127
f 3209//1 1296//1 3504//1
f 3776//124 3897//124 3388//124
f 2464//124 3796//124 37//124
f 3104//124 626//124 1075//124
f 398//124 3897//124 3896//124
f 3254//138 3505//138 1420//138
f 1420//138 3505//138 3506//138
f 3875//1 3900//1 3753//1
f 3544//7 3913//7 3542//7
f 1935//124 3532//124 2714//124
f 3922//124 3693//124 2694//124
f 2022//126 3921//126 3922//126
f 3921//512 2022//512 100//512
f 2023//211 2022//211 2693//211
f 1491//300 1569//300 3630//300
f 1569//177 1490//177 1570//177
f 3630//124 1569//124 1571//124
f 1571//124 1573//124 3630//124
f 1936//124 1213//124 2463//124
f 3510//674 2608//674 1415//674
f 958//404 2262//404 2263//404
f 3630//124 282//124 284//124
f 3209//1 1057//1 2490//1
f 1491//138 3630//138 284//138
f 856//1506 854//1506 1337//1506
f 3500//1 3208//1 3918//1
f 3918//1 3208//1 3920//1
f 1897//1 3920//1 3208//1
f 856//1507 1337//1507 1347//1507
f 1936//124 2465//124 1935//124
f 1936//124 2463//124 2462//124
f 3616//124 3908//124 3885//124
f 3523//7 3855//7 3875//7
f 1571//134 1574//134 1573//134
f 2262//124 1571//124 1570//124
f 369//1508 1349//1508 856//1508
f 1807//1509 2570//1509 1808//1509
f 857//1510 1349//1510 859//1510
f 1350//1511 1349//1511 369//1511
f 3724//7 3544//7 3201//7
f 3845//124 3908//124 2216//124
f 2214//124 1604//124 3717//124
f 3908//124 3845//124 3843//124
f 3908//124 3843//124 3788//124
f 3780//1 3900//1 3855//1
f 2217//124 3845//124 2216//124
f 3504//1 2932//1 3209//1
f 3868//7 3900//7 3863//7
f 3900//7 3868//7 3753//7
f 3659//7 3913//7 3544//7
f 3806//124 3441//124 2755//124
f 3806//121 1684//121 3441//121
f 1245//1 1243//1 304//1
f 1254//6 318//6 322//6
f 14//138 1250//138 15//138
f 248//1 609//1 246//1
f 2524//1512 147//1512 146//1512
f 346//132 3217//132 614//132
f 1807//1513 1034//1513 1351//1513
f 1898//1 2561//1 817//1
f 2217//124 2214//124 3717//124
f 1034//1514 1033//1514 1351//1514
f 3668//124 3718//124 3669//124
f 1603//124 3669//124 3718//124
f 3718//124 3668//124 3844//124
f 3724//140 2389//140 3813//140
f 3724//7 3813//7 3741//7
f 3845//124 2217//124 3717//124
f 2008//182 2813//182 2815//182
f 2008//798 2815//798 3572//798
f 100//1515 107//1515 94//1515
f 100//1516 94//1516 95//1516
f 3542//7 2903//7 1986//7
f 3543//7 3542//7 1986//7
f 516//121 3806//121 3805//121
f 322//6 1255//6 1254//6
f 304//1 303//1 1245//1
f 997//126 996//126 1456//126
f 997//126 1456//126 3280//126
f 1753//121 1743//121 1730//121
f 2968//182 1753//182 1730//182
f 1389//6 1388//6 2946//6
f 1389//6 2946//6 2947//6
f 184//138 186//138 1257//138
f 186//138 3687//138 1257//138
f 2877//124 246//124 3763//124
f 11//1517 310//1517 1258//1517
f 306//138 15//138 1250//138
f 15//145 306//145 3901//145
f 35//124 3796//124 3756//124
f 3763//1 246//1 609//1
f 2331//403 147//403 2524//403
f 3670//121 35//121 3756//121
f 1324//132 3217//132 346//132
f 246//200 2877//200 247//200
f 1051//132 248//132 1906//132
f 248//132 247//132 1906//132
f 9//1517 11//1517 1258//1517
f 2//145 303//145 5//145
