/*--------------------------------*- C++ -*----------------------------------*\
  =========                 |
  \\      /  F ield         | OpenFOAM: The Open Source CFD Toolbox
   \\    /   O peration     | Website:  https://openfoam.org
    \\  /    A nd           | Version:  dev
     \\/     M anipulation  |
\*---------------------------------------------------------------------------*/
FoamFile
{
    format      ascii;
    class       labelList;
    note        "nPoints:21246  nCells:13282  nFaces:47454  nInternalFaces:39846";
    location    "constant/polyMesh";
    object      neighbour;
}
// * * * * * * * * * * * * * * * * * * * * * * * * * * * * * * * * * * * * * //


39846
(
1
4
607
2
5
610
3
6
59
613
1487
1488
7
26
257
616
1479
1480
5
8
619
6
9
60
622
1487
1489
59
60
1487
26
27
59
1479
9
12
629
10
13
30
632
1483
1484
29
30
60
1483
27
29
63
64
65
13
16
639
14
17
33
642
1485
1486
30
32
33
1485
21
32
70
71
72
17
648
18
201
651
1514
1516
33
200
201
1514
24
76
77
200
1491
28
80
81
82
188
31
87
88
89
23
94
95
96
230
101
102
103
189
25
34
69
72
74
75
107
108
109
110
76
100
103
105
106
111
112
113
114
191
28
186
1480
28
61
63
64
66
1481
80
81
83
187
1482
31
61
63
65
67
115
116
117
118
31
1484
32
87
88
90
119
120
121
122
34
70
72
74
123
124
125
126
34
1486
200
203
204
205
206
39
43
62
128
129
130
37
38
63
115
1174
1481
41
66
127
128
131
132
1182
1481
45
67
116
127
129
131
133
1439
1440
1497
1498
47
79
135
136
41
81
139
141
142
193
199
1175
1482
83
134
135
137
138
1183
1482
49
84
140
141
241
47
86
144
145
146
45
52
88
119
150
152
154
156
1433
1434
1495
1496
90
120
143
144
147
148
1441
1442
1502
1503
50
53
91
151
152
153
93
207
208
56
96
157
158
245
97
160
161
196
57
98
210
211
55
69
107
164
165
166
54
70
123
170
172
174
175
1435
1436
1437
1438
57
73
171
172
173
74
109
124
163
165
167
169
1443
1444
1445
1446
100
111
177
178
102
180
181
197
104
213
214
105
113
183
184
198
61
1488
61
1489
1490
66
67
68
79
86
128
129
131
66
67
66
68
80
67
68
87
83
90
85
92
73
74
75
100
164
165
167
73
74
88
73
75
89
101
74
75
91
104
171
172
174
106
78
258
1492
78
202
1493
277
1494
83
84
85
93
135
136
138
83
85
83
84
216
84
85
94
217
97
140
141
142
218
99
90
91
92
93
144
146
148
90
92
90
91
91
92
95
98
151
152
154
99
97
98
99
207
208
209
97
99
190
98
99
101
97
98
102
157
158
159
232
160
161
162
231
104
210
211
212
104
105
106
177
178
179
104
106
104
105
180
181
182
225
105
106
223
213
214
215
183
184
185
224
109
110
111
165
166
169
1518
1519
1520
1521
109
110
203
1176
1491
204
1447
1448
1449
1450
114
1186
1491
113
114
178
1189
113
114
192
1177
1492
183
237
1187
1188
1492
116
118
1178
1490
117
120
1190
118
121
1192
1483
1191
1483
1490
120
122
123
1179
121
1193
122
1195
1484
126
1194
1484
124
126
1180
125
204
1196
126
205
1198
1485
1197
1485
131
132
133
1499
131
132
135
131
133
144
132
133
145
137
1500
147
1501
137
138
139
1185
137
138
138
140
207
1185
142
142
199
1184
142
160
142
194
199
147
148
149
150
1506
147
148
147
149
148
149
151
208
1507
154
155
154
155
156
1504
154
155
210
154
156
172
155
156
173
175
1505
159
161
195
159
180
211
162
212
162
207
162
248
209
167
168
169
170
1510
167
168
171
177
167
169
168
169
174
176
1511
174
175
176
1508
174
176
213
174
175
175
176
1509
179
213
179
183
185
215
182
214
182
184
251
185
215
185
185
254
187
257
268
1512
188
216
219
220
267
1513
216
217
220
223
225
227
230
217
230
231
234
192
223
224
228
229
237
238
239
258
265
340
341
342
237
239
1204
1524
194
216
240
242
244
270
1199
1513
218
240
241
244
232
245
247
248
231
241
248
249
225
245
251
252
224
237
254
255
240
1184
202
1515
202
1516
1517
204
206
1181
1515
205
1201
206
1203
1486
1202
1486
1515
209
209
210
212
212
212
214
215
215
218
219
218
222
221
231
241
243
244
220
221
270
313
222
259
222
233
269
315
350
351
353
234
314
224
229
225
228
254
255
256
226
232
251
252
253
227
228
235
263
274
310
311
312
330
331
332
229
236
291
229
273
292
307
308
309
385
386
387
293
232
236
232
233
248
249
250
235
245
246
247
234
235
261
271
301
302
303
320
321
322
236
281
236
272
282
304
305
306
355
356
357
283
238
255
1205
239
307
308
347
1206
266
1207
1524
242
1200
243
244
352
1200
244
249
353
350
246
247
252
305
250
306
250
250
302
303
253
254
253
311
256
312
256
256
308
309
268
498
783
1512
1522
275
277
1524
267
313
314
317
270
278
279
313
430
431
433
1210
1523
281
315
320
321
325
271
321
327
328
429
291
330
331
335
355
274
331
337
338
376
293
340
342
344
341
347
349
1214
1525
268
313
316
317
469
1523
468
1522
270
278
350
351
354
350
352
354
1208
1513
301
302
351
288
301
304
306
307
309
310
406
304
310
311
276
340
341
345
346
467
1525
277
470
1526
1527
315
429
430
433
280
316
415
434
436
438
1212
1523
434
436
439
1213
283
285
314
320
323
325
283
320
355
356
358
287
291
355
358
361
289
318
363
364
365
444
287
319
362
364
366
367
423
290
294
370
371
372
461
295
369
372
373
375
425
327
356
376
378
379
380
422
435
299
382
383
458
293
295
330
333
335
293
330
385
387
388
297
385
388
391
299
393
394
395
447
297
392
394
396
397
426
300
343
400
401
402
463
344
399
402
403
405
428
307
347
386
406
407
409
410
453
348
412
413
421
303
327
303
353
306
305
376
306
311
308
309
312
312
337
312
315
316
315
319
318
321
324
325
429
432
433
317
318
440
319
416
319
363
364
367
434
435
437
438
442
441
322
323
322
324
326
327
356
325
326
358
362
325
326
328
363
367
329
360
368
329
329
379
432
378
381
332
333
332
334
357
336
337
387
335
336
388
392
335
336
338
359
393
361
397
339
390
398
339
406
339
377
409
408
411
341
346
342
345
343
347
385
386
389
391
344
345
348
400
402
405
451
346
419
346
349
450
449
348
407
1215
349
412
452
1217
420
1216
1525
352
353
353
429
354
1209
430
1209
357
361
357
360
359
376
360
361
369
360
361
370
377
374
378
375
366
367
368
369
367
368
379
366
367
417
366
368
371
380
445
373
443
374
381
373
374
375
374
375
382
393
373
374
383
460
373
375
394
459
424
384
397
377
378
382
384
381
437
381
383
456
384
384
409
384
457
386
391
387
389
390
406
390
391
399
390
391
400
407
404
408
405
396
397
398
399
397
398
409
396
397
418
396
398
401
410
448
403
446
404
411
403
404
405
404
405
412
403
404
413
464
403
405
462
427
414
408
408
412
414
411
411
413
454
414
414
414
455
439
440
465
496
497
524
1218
1529
440
441
469
526
423
442
443
444
473
426
446
447
459
478
428
449
451
536
450
452
538
1220
1531
452
455
463
481
444
456
466
483
425
441
443
471
473
506
425
443
459
460
487
426
459
487
490
504
428
446
475
478
514
428
446
462
464
491
462
491
494
516
432
431
1211
433
436
1211
433
437
438
435
438
465
437
466
438
1213
438
465
496
1219
442
469
527
442
528
444
465
466
472
473
495
497
525
445
471
445
472
456
460
474
448
475
448
453
461
476
454
464
477
450
467
534
451
467
535
452
462
463
492
494
533
481
537
1221
454
458
479
455
480
464
482
457
484
458
460
486
461
485
461
490
461
489
488
463
494
464
492
493
466
497
495
470
534
535
1531
9030
469
498
1528
9021
526
527
1529
9022
1530
9031
473
474
487
556
473
474
483
557
560
484
489
561
477
478
491
585
477
478
479
488
586
480
493
589
490
590
480
485
547
482
549
482
492
544
493
546
484
495
550
486
552
486
488
553
489
555
489
490
563
489
490
564
567
569
493
494
578
493
494
579
582
583
497
600
497
601
1219
603
1528
1536
6641
9021
11735
513
521
537
544
545
502
515
522
547
548
503
511
523
550
551
505
512
553
554
507
525
557
558
559
506
508
514
563
566
568
569
509
515
564
565
566
510
528
556
559
560
562
511
529
570
571
9074
510
518
574
575
8996
9091
9094
512
519
573
574
9092
531
571
572
9004
9073
9075
532
576
9095
522
577
9103
517
533
579
580
581
516
518
585
588
590
591
519
586
587
588
520
536
578
581
583
584
521
539
592
593
9126
520
596
597
8998
9136
9138
522
595
596
9137
542
593
594
9015
9125
9128
598
9045
9147
599
9152
525
532
600
602
527
601
602
603
604
1529
1532
9037
527
528
529
557
559
560
600
602
603
527
528
530
9034
531
531
532
571
605
9034
9035
9074
9075
9336
9338
531
8995
9022
9034
9033
605
9336
535
536
537
539
579
581
583
535
536
540
538
541
542
538
544
1534
9045
543
1531
1535
541
542
593
9044
9045
9126
9128
541
542
8999
9030
543
9030
9043
9042
9045
9046
11158
11737
546
579
546
548
580
598
549
582
549
553
586
549
587
599
589
552
557
600
552
554
558
576
555
561
555
564
555
565
577
567
560
561
562
563
560
561
561
562
565
570
560
562
571
567
568
572
567
568
569
567
569
586
567
568
573
568
569
574
588
575
590
572
573
576
9076
572
9075
575
9073
575
577
9093
575
596
9094
9091
577
9096
9104
582
583
584
585
582
583
582
584
587
592
583
584
593
589
591
594
589
590
591
589
590
589
591
595
590
591
596
597
594
595
598
9127
594
9128
597
9125
597
599
9139
597
9138
9136
599
9148
9153
603
603
604
1533
603
604
605
606
1533
606
9037
9338
9037
9337
11153
608
610
619
609
611
620
612
621
3872
611
613
622
612
614
623
615
624
3863
614
616
680
681
1000
1001
615
617
625
1336
1337
1338
618
626
1343
1346
1347
3864
617
666
667
783
925
939
618
684
685
686
687
784
628
691
785
1223
1224
3865
620
622
629
621
623
630
624
631
3873
623
632
680
682
1000
1002
624
625
633
1336
1339
1340
634
1343
1345
1346
1348
3866
680
1336
1337
1339
1223
1343
1344
1347
3867
637
669
686
688
690
801
685
691
692
1223
1347
630
632
639
631
633
640
634
641
3874
633
642
670
672
926
943
634
635
643
694
697
698
636
644
702
1231
1233
3868
670
694
697
1339
1351
1352
1353
1355
694
702
1231
1348
1364
1366
1368
1370
661
706
807
1041
1043
1044
1046
692
705
1011
1012
1367
1372
1373
1374
1375
640
642
648
641
643
649
644
650
3875
643
651
674
676
928
949
644
645
652
711
714
715
646
653
817
1265
1267
3869
674
697
711
714
879
880
881
883
702
711
817
1091
1094
1095
1097
1265
710
720
816
1017
1018
649
651
650
652
653
3876
652
654
653
655
656
3870
655
676
677
726
727
949
950
1004
1006
1514
1515
1516
1517
656
714
715
716
717
1023
1024
1025
1026
817
818
1030
1031
1032
1033
1267
1268
3871
658
665
726
728
792
1005
718
793
1020
1022
1023
794
1021
1027
1028
1032
661
668
749
822
824
826
669
678
822
826
828
932
663
673
707
829
830
675
719
832
833
677
726
756
835
837
838
679
718
835
836
840
841
935
667
668
681
684
925
669
686
939
1431
669
683
688
824
825
826
940
941
1432
671
672
682
926
1034
1039
1040
736
761
1034
1036
1040
674
697
736
737
738
739
943
675
699
733
734
737
829
830
831
676
743
744
745
746
928
712
740
741
744
832
833
834
677
714
949
716
741
742
743
746
837
838
839
950
789
807
963
1432
792
795
812
964
681
682
1000
683
1001
1337
683
1002
1339
1003
1034
1035
1037
1039
1341
685
686
688
1337
687
689
1338
687
799
690
691
800
689
704
1041
1045
1046
1341
690
692
705
1049
1050
1052
1342
693
706
802
693
804
1224
693
1011
1012
1014
1225
1349
709
805
1226
698
1340
1357
1358
1361
1362
704
1037
1341
1350
1351
1354
705
1342
1358
1359
1360
1367
698
843
844
845
848
702
711
849
851
853
855
707
712
842
843
846
1055
1056
1057
703
708
713
850
851
852
1058
1059
1060
1011
1349
1364
1365
1367
1402
856
858
860
862
1233
710
816
857
858
859
1061
1062
1063
825
1041
1045
1381
1383
1384
1385
1049
1050
1392
1393
1394
1395
709
808
1048
1050
1052
1054
719
1055
1056
710
720
1058
1059
809
1010
1012
1014
1016
1238
1061
1062
715
885
886
889
890
719
878
879
882
1064
1065
1066
720
816
886
887
888
1067
1068
1069
715
716
717
817
717
721
878
880
881
884
1070
1074
1075
722
818
885
888
890
891
1078
1079
1081
723
812
1071
1072
1073
1076
1064
1065
1067
1068
838
1023
1070
1071
1074
724
1024
1078
1079
1080
725
813
1022
1077
1080
1082
1083
818
1030
1085
1086
1087
815
1027
1084
1087
1089
1090
1245
727
835
838
840
1004
1023
728
1006
1025
792
1007
1020
733
827
867
900
901
734
753
903
904
910
740
772
910
912
917
741
839
892
913
914
735
738
842
900
901
902
1038
735
739
740
763
903
904
905
736
764
906
907
908
909
1036
738
739
765
738
739
744
843
844
1040
745
766
742
745
767
910
911
912
742
746
878
913
914
915
743
768
916
917
918
919
745
746
769
745
746
879
770
880
749
750
822
922
932
947
749
750
759
824
921
922
924
927
940
932
940
945
823
921
922
753
767
771
772
910
757
768
774
775
916
763
777
778
764
780
781
907
920
757
758
836
935
973
757
758
934
950
1004
774
837
950
971
835
935
972
1004
760
762
942
1003
1035
761
764
920
921
923
924
974
1036
762
765
926
976
926
975
1003
1034
764
766
767
777
778
779
944
765
780
781
782
977
766
943
979
770
943
978
768
770
771
772
773
948
769
774
775
776
950
985
770
928
950
987
928
986
773
777
966
773
775
776
967
776
989
776
917
990
779
969
779
781
903
782
970
782
923
998
782
906
999
784
1427
1428
1430
1431
1536
785
787
797
799
800
1537
788
804
1250
1251
1538
3879
1008
1426
1428
1429
1452
1523
796
797
799
1427
1455
797
803
804
1250
1456
790
1008
1429
1457
796
806
807
1458
803
806
809
1257
1459
793
795
964
1005
1007
1009
1524
1525
1526
1527
1539
794
810
811
812
813
1020
1021
1022
1540
814
815
1027
1028
1029
1261
1262
1541
3880
810
1009
1470
798
801
1429
1462
798
800
1463
802
803
806
1464
800
801
1431
802
804
802
807
1432
805
808
805
1249
1465
805
1251
809
1252
808
1468
808
809
1258
811
812
1471
813
814
1472
813
815
815
1261
1473
1262
1017
1018
1019
1091
1092
1093
818
1267
1085
1086
1088
1093
1095
1096
1097
1268
874
898
1092
1098
1099
896
1085
1093
1101
1102
899
1088
1096
1104
1105
823
828
1110
824
1108
1110
825
1035
1108
1110
1111
826
1037
1113
1114
1115
1116
828
1041
1038
1042
1112
1114
1043
1113
1116
831
900
1055
831
832
904
902
905
834
911
834
913
1064
912
915
836
840
837
841
839
916
918
839
840
841
914
1070
841
1071
1072
844
847
867
1117
1118
1119
1350
844
848
879
845
1352
847
848
849
1353
847
848
852
868
882
1120
1121
1122
854
869
1123
1124
1125
1356
855
883
853
854
855
1357
853
854
857
870
1126
1127
1128
1360
853
855
858
886
854
855
871
887
1129
1130
1131
860
1362
872
1132
1133
1134
1363
889
860
861
862
863
1366
860
861
873
1135
1136
1137
1369
860
862
1091
861
862
864
874
1092
1138
1139
1140
1370
865
875
1141
1142
1143
1365
866
1094
865
866
1233
1272
1405
865
866
876
1144
1145
1146
1234
1315
877
1147
1148
1149
1270
1404
1233
1271
1317
1042
1117
1118
871
893
1120
1121
872
1047
1123
1124
873
1051
1126
1127
895
1129
1130
1053
1132
1133
1013
1135
1136
876
1138
1139
877
1141
1142
1376
898
1144
1145
1147
1148
1416
880
884
892
1150
1151
1152
880
883
881
883
884
885
883
884
887
893
1153
1154
1155
889
891
894
1156
1157
1158
889
890
891
889
890
1091
889
891
895
1159
1160
1161
890
891
896
1093
1162
1163
1164
1095
897
1165
1166
1167
1070
1150
1151
895
1153
1154
897
1075
1156
1157
1159
1160
1078
1162
1163
1081
1165
1166
1168
1169
1315
1171
1172
1305
1318
902
1117
902
908
1112
909
905
906
905
911
909
907
909
908
1107
909
1109
911
912
919
915
1150
915
918
919
917
918
919
919
921
923
1107
924
1108
924
982
924
983
984
939
940
1001
1479
943
975
976
1002
1483
940
942
945
980
981
982
984
1174
943
949
986
987
1485
931
933
948
965
966
931
933
952
1179
1433
953
1180
1436
941
945
947
963
1175
1183
1184
1185
944
968
969
950
971
972
1004
1176
964
972
973
1005
1177
1187
1188
1189
937
946
957
1190
1439
956
961
1193
1441
951
954
962
1196
1444
941
1430
1480
941
945
1003
1481
1426
1482
974
975
1003
1178
978
979
1484
948
968
969
970
977
978
1179
947
1182
956
974
980
983
959
960
981
982
965
966
967
985
986
1180
950
1486
971
985
987
1181
1201
1202
1203
971
985
988
989
961
968
1179
1434
962
965
1180
1437
971
991
992
1201
1447
973
994
995
1189
1518
977
997
998
958
980
1174
1190
1440
960
981
1174
1497
960
1182
1185
1500
1182
1499
997
1193
1442
988
1196
1445
1008
1199
1200
1208
1209
1426
1009
1204
1205
1206
1207
967
988
967
969
990
970
997
970
999
973
989
991
992
993
973
1004
1186
994
995
996
976
977
980
983
984
1190
976
1003
1191
979
1192
979
997
998
999
1193
979
986
1194
1195
981
984
982
984
984
998
987
988
989
990
1196
987
1197
1198
990
990
993
994
1448
993
1176
1201
1450
996
1176
1449
996
1519
996
1186
1189
1521
1186
1520
999
999
1001
1002
1487
1003
1488
1003
1489
1490
1005
1006
1491
1007
1492
1007
1493
1494
1210
1211
1212
1213
1453
1214
1215
1216
1217
1454
1014
1016
1282
1377
1379
1014
1015
1283
1377
1379
1380
1014
1016
1050
1051
1369
1371
1373
1286
1287
1365
1376
1377
1380
1054
1372
1375
1019
1062
1098
1019
1068
1101
1100
1103
1021
1025
1022
1026
1024
1027
1024
1025
1071
1074
1076
1026
1030
1079
1080
1083
1026
1032
1029
1030
1029
1033
1222
1031
1245
1280
1031
1032
1086
1087
1090
1033
1244
1281
1303
1304
1307
1033
3892
1035
1039
1036
1037
1038
1107
1108
1109
1111
1038
1039
1040
1112
1114
1115
1350
1040
1351
1352
1043
1046
1350
1381
1382
1044
1383
1384
1046
1048
1387
1390
1046
1049
1354
1387
1388
1389
1390
1052
1053
1356
1386
1388
1052
1054
1397
1400
1052
1359
1397
1398
1399
1400
1052
1054
1360
1391
1393
1363
1396
1398
1392
1394
1057
1117
1057
1065
1120
1119
1122
1060
1061
1126
1060
1067
1129
1128
1131
1063
1135
1063
1138
1137
1140
1066
1150
1066
1153
1152
1155
1069
1159
1069
1162
1161
1164
1072
1075
1151
1072
1076
1073
1075
1076
1077
1075
1076
1079
1081
1156
1083
1081
1082
1083
1081
1082
1085
1163
1081
1083
1082
1083
1087
1166
1089
1088
1089
1090
1301
1088
1089
1102
1088
1090
1303
1089
1090
1105
1305
1307
1094
1095
1094
1096
1098
1099
1100
1315
1095
1096
1101
1102
1103
1097
1317
1097
1097
1104
1105
1106
1318
1319
1100
1138
1100
1104
1169
1106
1103
1162
1103
1105
1106
1106
1171
1106
1108
1109
1111
1111
1112
1111
1113
1115
1115
1115
1116
1115
1116
1381
1383
1119
1119
1123
1382
1125
1122
1153
1122
1124
1130
1125
1125
1386
1125
1133
1128
1135
1128
1132
1391
1134
1131
1159
1131
1133
1134
1134
1396
1134
1137
1137
1141
1371
1143
1140
1140
1142
1145
1143
1143
1378
1143
1148
1146
1168
1290
1146
1148
1149
1291
1149
1325
1418
1149
1326
1152
1152
1156
1158
1155
1155
1157
1160
1158
1158
1158
1165
1161
1161
1165
1167
1164
1164
1166
1167
1167
1167
1170
1298
1315
1170
1171
1315
1173
1300
1315
1173
1318
1173
1305
1318
1331
1318
1332
1178
1182
1440
1481
1497
1183
1184
1199
1482
1181
1186
1449
1450
1491
1187
1188
1204
1492
1190
1191
1490
1180
1193
1194
1433
1434
1196
1197
1436
1437
1201
1202
1515
1183
1481
1499
1500
1185
1482
1185
1200
1500
1188
1491
1520
1521
1189
1205
1189
1492
1518
1521
1192
1193
1439
1440
1192
1483
1490
1195
1483
1195
1441
1442
1195
1197
1484
1484
1198
1201
1444
1445
1198
1485
1203
1485
1200
1208
1513
1209
1203
1447
1450
1203
1486
1515
1486
1205
1207
1524
1206
1207
1215
1214
1524
1209
1210
1513
1211
1211
1212
1523
1213
1213
1218
1523
1219
1215
1216
1525
1217
1217
1220
1525
1221
1219
1453
1529
1532
1453
1533
1221
1454
1531
1535
1454
1534
1280
2846
3880
3892
1224
1225
1227
1226
1228
1251
1226
1229
1237
1283
1284
1286
1344
1230
1238
1252
1228
1229
2048
3865
3867
1230
1255
2163
3865
1230
1240
1292
2164
3894
3895
3918
1241
1256
2165
1233
1345
1401
1403
1405
1407
3877
1235
1237
1344
1401
1402
1406
1265
1271
1272
3878
1236
1239
1266
1270
1271
1289
1290
1291
1240
1408
1409
3918
3921
1242
1269
1273
1274
1295
1296
1297
3885
1240
1283
1284
1412
1413
1414
1415
1241
1258
1282
1284
1286
1288
1242
1243
1289
1290
1292
1422
1423
1424
1425
3894
1260
1292
1294
2169
3893
3895
1246
1295
1296
1246
1266
1298
1299
1247
1268
1302
1303
1304
1248
1262
1301
1304
1306
1307
1269
1308
1309
1281
1311
1312
3883
3898
1264
1280
1312
1313
2172
3897
3900
1250
1252
1253
1257
1466
1251
1254
1467
1252
1255
1256
1258
1254
1256
1259
1474
2190
1255
1475
2258
3879
1256
2259
3879
1260
2257
1258
1259
1469
1260
1260
1476
2191
2260
1262
1263
1477
1264
1264
1478
2261
3880
2262
3880
1267
1314
1317
1319
1320
3881
1269
1298
1299
1300
1314
1315
1316
1268
3882
1302
1303
1305
1316
1318
1319
1320
3883
1308
1309
1310
1321
1322
3901
1272
1273
1276
1324
1325
1326
1406
1272
1274
1314
1275
1407
1275
1277
1327
1328
1329
1409
3886
1275
1321
3878
3887
1410
3878
3884
1277
1324
1325
1411
1293
1327
1328
1279
1302
1316
1330
1331
1311
1322
1333
1334
1281
2847
3880
1312
2848
3871
3892
3898
3900
1286
1288
1417
1419
1286
1287
1402
1417
1419
1420
1286
1288
1292
1325
1406
1411
1414
1418
1404
1416
1417
1420
1294
1412
1415
1291
1296
1324
1291
1298
1326
1294
3895
1409
1411
1421
1423
1422
1425
3893
1297
1308
3905
1297
1327
1329
3907
1300
1300
1309
1330
1332
1305
1306
1307
1305
1306
1311
1331
1305
1307
1306
1307
1312
1313
1310
3911
1310
1333
1335
3913
1313
1334
3883
3899
1313
3900
3897
1317
1320
1321
1317
1318
1318
1320
1322
1330
1331
1332
1319
1319
1320
1323
1323
3881
3902
1323
1333
1334
1335
3883
3903
3881
3883
3904
1326
1327
1326
1329
1329
1421
3909
3910
1332
1333
1332
1335
1335
3915
3916
1338
1340
1346
1338
1341
1342
1347
1340
1341
1342
1348
1342
1351
1354
1355
1349
1358
1359
1361
1345
1346
3917
1345
1349
1401
1402
1403
3918
1348
3919
1347
1348
1349
1349
1364
1367
1368
1352
1356
1381
1382
1385
1352
1355
1353
1355
1356
1357
1355
1356
1359
1361
1363
1386
1388
1389
1361
1362
1363
1361
1362
1368
1361
1363
1362
1363
1369
1391
1393
1395
1370
1396
1398
1399
1366
1368
1403
1366
1369
1376
1378
1380
1404
1370
1405
1368
1369
1370
1370
1371
1373
1374
1374
1378
1374
1375
1379
1374
1375
1393
1380
1394
1378
1416
1379
1417
1380
1380
1383
1385
1385
1386
1384
1385
1387
1389
1389
1389
1390
1389
1390
1398
1400
1395
1396
1394
1395
1397
1394
1395
1399
1399
1399
1400
1399
1400
1403
1407
1408
1403
1404
1405
1405
1406
1416
1418
1420
1407
1407
1409
1411
1413
1414
1410
1410
3877
3918
3922
1410
1421
1423
1424
3923
3877
3920
1413
1414
1415
1419
1414
1415
1423
1420
1425
1418
1419
1420
1420
1424
3924
1424
1425
3925
1424
1425
3928
1430
1432
1513
1428
1429
1431
1460
1430
1451
1522
1432
1461
1431
1512
1432
1434
1436
1496
1442
1495
1437
1438
1443
1508
1437
1438
1445
1496
1509
1440
1441
1498
1497
1442
1503
1502
1445
1446
1510
1445
1446
1447
1448
1511
1448
1450
1449
1519
1450
1520
1452
1460
1528
1536
11165
1453
1461
1529
11166
1457
1532
1533
11168
1470
1534
1535
1539
11169
1460
1462
1463
1537
11177
1463
1465
1467
1538
11181
1458
1461
11193
1462
1468
11194
1465
1468
1469
11196
1461
1536
11175
1462
11176
1464
11179
1464
1537
11178
1465
1468
11180
1466
11183
1467
1469
1474
11184
1475
1538
11182
11195
1476
11197
1471
1539
11201
1472
1540
11202
1473
1540
11203
1477
1541
11204
1475
1476
3823
11212
3824
4003
11211
3825
11215
1478
1541
11205
3826
4004
11217
1480
1481
1488
1482
1512
1482
1490
1513
1484
1489
1485
1486
1514
1488
1489
1490
1490
1492
1493
1515
1494
1524
1494
1517
1527
1496
1502
1504
1505
1498
1499
1501
1503
1500
1501
1507
1503
1506
1507
1505
1506
1509
1507
1509
1510
1511
1519
1513
1522
1523
1515
1516
1517
1517
1519
1521
1520
1521
1523
1528
1529
1525
1527
1526
1531
1527
1530
1529
11735
1532
11736
1531
1539
11738
1535
1539
11737
1533
11152
11153
1535
11157
11158
1537
9355
11165
11175
1538
9356
11177
11178
4003
9357
11181
11182
1540
9380
11169
11201
11737
11738
1541
9381
11202
11203
4004
9382
11204
11205
1623
1625
1637
1971
2081
3341
1626
1627
1644
2000
2113
3265
3268
3270
3342
1624
1650
1753
2138
2483
2485
2487
2489
1546
1549
1565
1956
1547
1550
1567
1961
1548
1551
1569
1966
3243
3246
3247
1552
1571
1634
1637
1638
1736
1971
1550
1553
1573
1976
1551
1554
1575
1981
3244
3246
3248
1986
3243
3244
3246
1579
1634
1635
1637
3247
1554
1557
1582
1995
1555
1558
1584
1641
1644
1645
2000
1586
1641
1644
3248
3271
3272
3275
3277
1589
1635
1642
2425
2427
3419
3420
3421
3422
1558
1561
1592
2013
1562
1594
1805
1806
1809
1810
2018
1560
1563
1596
1805
1808
2433
2434
2435
2590
2594
2595
2596
1599
2432
2433
2434
2444
1562
1602
2032
1563
1604
2037
1606
1805
1808
1809
2042
2438
2439
2443
2444
1655
1739
2047
2438
2440
2442
1566
1567
1573
1568
1574
3707
1568
1569
1575
1570
1576
3708
1570
1571
1577
3250
3253
3254
1572
1578
3257
3258
3259
3709
1572
1579
1662
1665
1666
1740
1580
1669
1670
1671
1741
3710
1574
1575
1582
1576
1583
3711
1576
1577
1584
3251
3253
3255
1578
1585
3257
3260
3261
3712
3246
3250
3251
3253
3253
3257
3258
3260
1662
1663
1665
3250
1665
1669
1670
1672
3258
1614
1615
1659
1669
3620
3710
1583
1584
1592
1585
1593
3713
1585
1586
1594
1676
1679
1681
1587
1595
1683
1686
1687
3714
1676
1679
3251
3285
3286
3289
3290
1679
1683
1686
3260
3299
3300
3303
3304
1618
1660
1683
1835
1836
3624
3714
3773
3774
1663
1677
2446
2448
3429
3430
3431
3432
1672
1684
1692
2453
2454
3439
3440
3441
3442
1615
1617
1695
1701
1702
2555
2556
2558
2559
1593
1594
1602
1595
1603
3715
1595
1604
1812
1813
1815
1817
1597
1605
1706
1709
1710
3716
1599
1606
1812
1818
2461
2462
2464
2604
2608
2609
2610
1686
1706
1709
1815
1915
1916
1919
1920
1618
1621
1706
1733
1734
3628
3716
3751
3752
2460
2461
2462
2473
1698
1707
1715
2466
2467
1611
1620
1718
1822
1823
1603
1604
1605
3717
1605
1606
1607
3718
1607
1812
1817
1818
2472
2473
2474
2475
1709
1710
1711
1712
2479
2480
2481
2482
3719
1747
2441
2469
2470
2472
1748
2470
2476
2477
2481
1616
1697
1700
1702
1704
1705
1796
3609
1619
1699
1825
1826
1622
1720
1724
1829
1830
3770
1722
1725
1804
1828
1830
1832
1833
3617
1616
1671
1786
3621
3710
1616
1661
1673
1701
1702
1704
3622
1675
1787
3623
1661
1685
1834
1835
3771
1687
1730
1731
3626
3714
3743
3744
1620
1689
1729
1730
1825
1826
1827
3741
1708
1732
1733
1822
1823
1824
3749
1622
1710
3630
3716
3719
1712
1732
1734
1829
1831
3631
3719
3750
3751
3770
1624
1638
1750
1971
2082
1625
1639
1751
2084
1629
1640
2083
2484
2485
2487
3343
1645
1837
1838
1842
1843
2000
2115
2292
1646
3264
3265
3270
3343
1630
1647
1838
1839
1840
2490
2491
2492
3052
1651
2484
2487
3264
3454
3455
3456
3457
1652
2490
2491
2501
1632
1655
1755
2047
2162
2493
2494
2499
2161
2493
2496
2499
2500
2502
2639
2643
3052
1636
1638
1662
1757
1636
1640
1663
2425
2427
2428
3249
1639
1648
1664
1758
1638
1640
3243
1639
1761
1640
1650
1762
1651
2507
2508
2511
3245
1645
1676
1806
1846
1847
1851
1852
1677
3249
3272
3273
3274
1649
1678
1807
1847
1848
1849
2503
2504
2505
1645
1646
3244
3279
3282
3283
1810
1853
1855
1857
1859
3245
3278
3282
3283
1652
1854
1855
1856
2513
2514
2515
2598
1650
1690
1764
2424
2425
2428
2430
1654
1691
2503
2504
1766
2506
2508
2510
2511
2507
2508
3278
3459
3460
3461
3462
2513
2514
2526
1655
1713
1767
2431
2432
2436
2437
2442
1714
1807
2516
2517
1656
1769
2521
2523
2525
2438
2494
2519
2523
2525
2500
2526
2528
2598
2679
1659
1660
3257
3599
3709
3712
1661
3259
3655
3709
1661
3261
3654
3712
1835
3263
3656
3771
3774
1664
1666
1773
1664
1667
2446
2448
2450
3252
1668
1690
1774
1666
1667
3254
1668
1670
1775
1668
1672
1692
2533
2534
2536
3256
1674
1693
1776
1671
1673
3259
1671
1674
1780
1675
1781
1673
1674
2453
2454
2456
3262
1675
1695
2542
2546
2547
3263
1675
1696
1782
1697
1783
1681
1813
1872
1873
1876
1878
3252
3286
3287
3288
1691
1814
1873
1874
1875
2529
2530
2531
1681
3255
3292
3294
3296
3297
1684
1692
3256
3293
3294
3295
1686
1815
1879
1882
1883
1885
1688
1694
1816
1880
1881
1882
2539
2540
2541
1687
3261
3307
3308
3309
3311
3262
3300
3301
3302
1695
3263
3306
3307
3310
1687
1886
1888
1890
1892
1706
1894
1895
1896
1899
1698
1707
1887
1888
1889
2549
2550
2551
1699
1708
1893
1894
1897
2552
2553
2554
1693
1790
2445
2446
2449
2450
1714
2529
2530
2533
2534
3469
3470
3471
3472
1696
1791
2532
2534
2536
2538
1698
1715
2539
2540
2542
2546
3478
3479
3481
3482
1697
1793
2452
2454
2456
2458
1794
2542
2544
2545
2547
2549
2550
1718
2552
2553
1704
1705
1912
3720
3776
1704
1912
1914
3721
3771
3775
3776
1704
1705
2542
1728
1834
2543
2556
2557
3722
2544
2555
2558
1710
1923
1924
1925
1927
1816
1916
1917
1918
2466
2467
2468
1718
1922
1923
1926
2573
2574
2575
1710
1711
1817
1712
1712
1719
1818
1915
1918
1920
1921
2577
2578
2580
1720
1922
1924
1925
1928
2583
2587
2588
1717
1798
2459
2460
2463
2465
2469
1814
2560
2561
1816
2563
2564
1719
1818
2474
2567
2568
2569
1721
1799
2471
2566
2569
2571
2572
2573
2574
2479
2577
2578
2579
2480
2583
2584
2587
1722
1801
2476
2576
2579
2581
2582
1802
2478
2584
2585
2586
2589
1732
1829
1935
1940
1941
1725
1726
1830
1833
2480
3660
3719
3770
1727
2478
3658
3769
1727
2482
3659
3719
2477
3602
3769
1729
1909
1945
1946
1731
1834
1893
1945
1946
1947
3742
1731
1733
1894
3744
1836
1895
3743
1734
1922
1940
1941
1942
3750
1734
1923
3752
1924
3751
1749
1751
1752
1759
2221
3827
1740
1756
1757
1760
1761
2177
4015
1742
1756
1758
1759
1763
3828
1739
1745
1767
1768
3841
1747
1767
1768
1769
2189
2440
2441
2442
4016
1741
1770
1771
1773
1775
4017
1743
1777
1780
1781
3768
4018
1770
1772
1774
1788
3829
1777
1779
1781
1784
3830
1778
1789
1792
1793
3831
1747
1797
1798
3855
1748
1800
1802
1803
3832
1748
1797
1798
1799
2469
2470
2471
4019
1800
1801
1802
2476
2477
2478
3769
4020
1750
1760
2177
2220
3833
1751
1761
2177
2222
1753
1762
2223
1753
1765
2238
3834
1766
2239
1755
1768
2184
2189
3835
1769
2189
2256
1757
1760
1770
3836
1758
1761
1773
1762
1764
1774
1760
1762
1765
3837
1761
3838
1762
1766
1764
1765
1788
3839
1766
1790
1766
3840
1769
1798
1769
3842
1771
1773
3843
1772
1775
1777
3844
1776
1778
1789
3845
1774
1775
1776
1790
1776
1780
1782
1791
1778
1780
3846
1779
1782
3847
1783
1785
1792
3848
1781
1782
1783
1786
1783
1793
1787
1794
1785
1786
3696
3768
3849
1787
1795
3697
3850
1787
3693
3768
1796
3695
1789
1790
3851
1791
3852
1791
1793
1794
1795
3853
1794
1796
1796
3699
3854
3698
1799
1800
3856
1799
1801
1801
3857
1802
1804
1804
3700
3769
3858
3694
3769
1806
1809
1812
1810
1813
2591
2593
2595
2596
1814
2516
2517
2518
2590
2591
2592
1809
1811
2023
2519
2520
2522
2524
2597
2602
2603
1810
2291
2292
2597
2599
2601
2603
1870
2597
2598
2602
2679
2680
2681
3049
1813
1817
1815
2605
2607
2609
2610
2560
2561
2562
2604
2605
2606
1817
2612
2614
2615
2617
2563
2564
2565
2611
2612
2613
1818
2567
2568
2570
2613
2615
2616
2617
1907
1917
1936
2618
2619
1918
1933
2577
2621
2622
1921
1937
2580
2624
2625
1824
1826
1938
1824
1940
2573
1939
1942
1827
1945
2552
1827
1948
1947
1949
1831
1832
1833
3733
1831
1832
1941
2583
1832
1833
2584
1943
3728
3735
3770
2585
3736
3770
1836
2556
2557
2559
3306
3772
1836
3307
3774
3308
3773
1841
1842
1843
2371
3268
1842
1843
1855
3053
1841
1843
1844
1856
2627
2628
2629
3269
1841
1842
2372
2630
2631
2632
2633
3051
2376
2634
2635
2636
2637
3267
2377
3054
1857
3270
1864
2488
2627
2628
2498
2638
2639
2646
3049
1850
1851
1852
1853
3271
1851
1852
1873
2591
1850
1852
1860
1874
2649
2650
2651
3273
1850
1851
1854
1861
2592
2652
2653
2654
1858
1862
2655
2656
2657
3276
1859
2593
1876
3277
1857
1858
1859
3279
1858
1859
1863
2600
2658
2659
2660
1857
1859
2599
1857
1858
1864
2661
2662
2663
3281
3282
1865
2664
2665
2666
3284
2601
1900
2426
2649
2650
1863
1867
2652
2653
1865
2429
2655
2656
1869
2658
2659
2509
2661
2662
2512
2664
2665
1929
2433
2590
2667
2668
1869
2592
2670
2671
1871
2435
2594
2673
2674
2600
2676
2677
2520
2638
2679
2680
2524
2602
2682
2683
1876
1877
1878
1879
3285
1876
1878
2605
1876
1877
1900
2685
2686
2687
3287
1877
1878
1880
1901
2606
2688
2689
2690
3289
1884
1902
2691
2692
2693
3291
1885
2607
1883
1884
1885
3292
1884
1885
1903
2611
2694
2695
2696
1883
1884
1887
1904
2697
2698
2699
3295
1883
1885
1888
2612
1890
3297
1905
2700
2701
2702
3298
2614
1890
1891
1892
1896
3299
1890
1891
1906
2703
2704
2705
3302
1890
1892
1916
1891
1892
1897
1907
1917
2706
2707
2708
3304
1898
1908
2709
2710
2711
3305
1899
1919
1895
1898
1909
2712
2713
2714
3306
1895
1899
1923
1896
3308
1898
1899
3309
1898
1899
1910
1926
2715
2716
2717
1911
2718
2719
2720
3312
1927
2447
2685
2686
1903
1930
2688
2689
1905
2451
2691
2692
1932
2694
2695
1906
2535
2697
2698
2537
2700
2701
2455
2703
2704
1910
2706
2707
1911
2457
2709
2710
2543
2712
2713
1936
2715
2716
2548
2718
2719
1914
2555
3776
1914
1950
2557
3726
3772
2559
3772
3775
1919
1920
1921
1925
1919
1920
2612
1919
1921
1926
2618
2619
2620
1920
1921
2613
2621
2622
2623
1927
2615
1928
2624
2625
2626
1924
1928
1935
2739
2740
2741
1924
1927
1925
1927
1928
1927
1928
1936
2742
2743
2744
1937
2745
2746
2747
2461
2604
2721
2722
1932
2606
2724
2725
1934
2464
2608
2727
2728
2611
2730
2731
2568
2613
2733
2734
2570
2616
2736
2737
2583
2739
2740
2742
2743
2588
2745
2746
1939
1948
3727
3749
1944
3749
3777
1942
2739
1942
1943
1944
1944
3728
3750
3750
3778
1947
2712
1947
1950
2557
1951
1949
3729
3741
1951
3741
3779
1951
3730
3742
3742
3780
1953
1957
1972
3872
1954
1958
1973
1955
1959
1974
1956
1960
1975
1961
1976
1958
1962
1977
3863
1959
1963
1978
1960
1964
1979
1961
1965
1980
1966
1981
1963
1967
1982
3313
3316
3317
3864
1964
1968
1983
3320
3321
3322
1965
1969
1984
3327
3328
3329
1966
1970
1985
3334
3335
3336
1971
1986
3341
3344
3345
1968
1987
2053
2056
2057
2173
3865
1969
1988
2060
2061
2062
2174
1970
1989
2067
2068
2069
2175
1971
1990
2074
2075
2076
2176
2081
2082
2177
1973
1977
1991
3873
1974
1978
1992
1975
1979
1993
1976
1980
1994
1981
1995
1978
1982
1996
3315
3316
3318
3866
1979
1983
1997
3320
3323
3324
1980
1984
1998
3327
3330
3331
1981
1985
1999
3334
3337
3338
1986
2000
3342
3344
3346
3313
3315
3316
3586
3316
3320
3321
3323
3320
3327
3328
3330
3327
3334
3335
3337
3341
3342
3344
2048
2053
2054
2056
3313
2056
2060
2061
2063
3321
2060
2067
2068
2070
3328
2067
2074
2075
2077
3335
1992
1996
2009
3874
1993
1997
2010
1994
1998
2011
1995
1999
2012
2000
2013
1997
2014
2086
2087
2088
2090
3868
1998
2002
2015
2092
2095
2096
1999
2003
2016
2099
2102
2103
2000
2004
2017
2106
2109
2110
2018
2113
2115
2005
2049
3314
3349
3350
3351
2088
2092
2095
3323
3369
3370
3373
3374
2092
2099
2102
3330
3383
3384
3387
3388
2099
2106
2109
3337
3397
3398
3401
3402
2050
2054
2749
2751
3489
3490
3491
3492
2063
2093
2119
2756
2757
3499
3500
3501
3502
2070
2100
2122
2763
2764
3509
3510
3511
3512
2077
2107
2127
2770
2771
3519
3520
3521
3522
2010
2014
2028
3875
2011
2015
2029
2012
2016
2030
2013
2017
2031
2018
2032
2015
2033
2264
2265
2266
2268
3869
2016
2020
2034
2270
2273
2274
2017
2021
2035
2277
2280
2281
2018
2022
2036
2284
2287
2288
2037
2291
2292
2294
2296
2024
2051
2085
2776
2777
2778
2783
2784
2785
2095
2266
2270
2273
3007
3010
3012
3013
2102
2270
2277
2280
3021
3024
3026
3027
2109
2277
2284
2287
3035
3038
3040
3041
2042
2291
2293
2297
2495
2496
2497
2498
3049
3050
3055
2052
2118
2783
2784
2125
2142
2271
2786
2787
2130
2145
2278
2789
2790
2135
2150
2285
2792
2793
2029
2033
3876
2030
2034
2031
2035
2032
2036
2037
2034
2038
3870
2035
2039
2036
2040
2037
2041
2042
2039
2263
2264
2268
2269
2798
2799
2800
2801
3871
2040
2273
2274
2275
2276
2805
2806
2807
2808
2041
2280
2281
2282
2283
2812
2813
2814
2815
2042
2287
2288
2289
2290
2819
2820
2821
2822
2291
2296
2297
2823
2824
2828
2829
2185
2795
2796
2799
2846
2186
2796
2802
2803
2807
2187
2803
2809
2810
2814
2188
2810
2816
2817
2821
2189
2823
2825
2827
2163
2164
3587
3865
2050
3356
3357
3358
3588
2164
2831
2833
3529
3530
3531
3532
2052
2166
2836
2837
2838
2843
2844
2845
2170
2843
2844
2055
2057
2163
2194
2055
2058
2164
2749
2751
2752
3314
2059
2117
2165
2192
2057
2058
3317
2059
2061
2197
2059
2063
2119
2854
2855
2857
3319
2065
2120
2198
2062
2064
3322
2062
2065
2202
2066
2068
2203
2064
2065
2756
2757
2759
3325
2066
2070
2122
2864
2865
2867
3326
2066
2123
2204
2072
2124
2205
2069
2071
3329
2069
2072
2209
2073
2075
2210
2071
2072
2763
2764
2766
3332
2073
2077
2127
2877
2878
2880
3333
2073
2128
2211
2079
2129
2212
2076
2078
2081
3336
2076
2079
2216
2080
2082
2217
2078
2079
2770
2771
2773
3339
2080
2083
2132
2890
2891
2893
3340
2080
2133
2218
2084
2134
2219
2082
2083
3345
2084
2222
2084
2902
2903
2905
2906
3347
2138
2223
2118
2166
2316
2317
2318
2850
2851
2852
2087
2090
2167
2265
2315
2317
2320
2321
2088
2168
3315
3348
3350
3352
3354
2090
3318
3362
3364
3366
3367
2093
2119
3319
3363
3364
3365
2095
2266
2322
2325
2326
2328
2097
2121
2267
2323
2324
2325
2860
2861
2862
2096
3324
3376
3377
3380
3381
3325
3370
3371
3372
2100
2122
3326
3377
3378
3379
2096
2329
2331
2333
2335
2102
2270
2336
2338
2340
2342
2125
2271
2330
2331
2332
2870
2871
2872
2104
2126
2272
2337
2338
2339
2873
2874
2875
2103
3331
3390
3391
3394
3395
3332
3384
3385
3386
2107
2127
3333
3391
3392
3393
2103
2343
2345
2347
2349
2109
2277
2350
2352
2354
2356
2130
2278
2344
2345
2346
2883
2884
2885
2111
2131
2279
2351
2352
2353
2886
2887
2888
2110
2113
3338
3404
3405
3408
3409
3339
3398
3399
3400
2132
3340
3405
3406
3407
3414
2110
2357
2359
2361
2363
2115
2284
2364
2366
2368
2370
2135
2285
2358
2359
2360
2896
2897
2898
2116
2136
2286
2365
2366
2367
2899
2900
2901
2114
2115
3346
3413
3415
3417
3265
3347
3411
3413
3415
2294
2371
2374
2375
2377
2139
2372
2373
2374
2909
2910
2911
3058
2120
2169
2224
2748
2749
2752
2754
2170
2850
2851
2854
2855
3537
3538
3539
3540
2123
2226
2853
2855
2857
2859
2125
2142
2860
2861
2864
2865
3547
3548
3549
3550
2124
2229
2755
2757
2759
2761
2128
2230
2863
2865
2867
2869
2870
2871
2130
2145
2873
2874
2877
2878
3557
3558
3559
3560
2129
2233
2762
2764
2766
2768
2133
2234
2876
2878
2880
2882
2883
2884
2135
2150
2886
2887
2890
2891
2905
3567
3568
3569
3570
2134
2236
2769
2771
2773
2775
2138
2237
2889
2891
2893
2895
2896
2897
2139
2155
2899
2900
2138
2483
2903
2908
3577
3579
2239
2903
2906
2908
2160
2909
2910
2171
2263
2798
2913
2914
2915
2144
2172
2241
2795
2912
2914
2917
2918
2267
2919
2920
2146
2269
2800
2923
2924
2925
2148
2243
2797
2922
2925
2927
2928
2272
2929
2930
2275
2805
2933
2934
2935
2151
2276
2806
2940
2941
2942
2149
2246
2802
2932
2935
2937
2938
2153
2247
2804
2939
2942
2944
2945
2279
2946
2947
2282
2812
2950
2951
2952
2156
2283
2813
2957
2958
2959
2154
2250
2809
2949
2952
2954
2955
2158
2251
2811
2956
2959
2961
2962
2160
2286
2963
2964
2289
2819
2967
2968
2969
2290
2820
2974
2975
2976
2986
2159
2254
2816
2966
2969
2971
2972
2162
2255
2818
2973
2976
2978
2979
2980
2981
3058
2162
2983
2984
2989
2256
2827
2983
2988
2989
2165
2259
3865
2165
2831
2833
2835
3588
2169
2257
2170
2417
2418
2419
2990
2991
2992
2168
2312
2416
2418
2420
2422
3868
3878
3355
3357
3359
3360
3589
3868
3877
2260
2830
2831
2834
2835
2990
2991
2310
2848
2994
2995
2996
2262
2847
2993
2995
2997
2999
2174
2193
2194
2196
2197
3879
4005
2175
2200
2201
2202
2203
4006
2176
2207
2208
2209
2210
4007
2177
2213
2214
2216
2217
4008
2220
2222
4009
2182
2190
2192
2193
2195
3792
2195
2199
2201
2204
2227
3787
2199
2206
2208
2211
2231
3788
2183
2206
2214
2215
2218
3789
2191
2224
2225
3807
2232
2235
2236
3790
2189
2253
2256
3791
2186
2240
2241
2242
2243
2795
2796
2797
3880
4010
2187
2244
2245
2246
2247
2802
2803
2804
4011
2188
2248
2249
2250
2251
2809
2810
2811
4012
2189
2252
2253
2254
2255
2816
2817
2818
4013
2256
2825
2826
2827
4014
2191
2257
2258
3823
2260
3825
2194
2198
2224
2257
2194
2196
2258
3793
2197
2259
2196
2198
2225
3794
2197
2201
3795
2198
2202
2204
2226
2200
2205
2228
3796
2201
2203
2208
3797
2202
3798
2203
2204
2205
2209
2205
2229
2211
2230
2207
2212
2232
3799
2208
2210
2214
3800
2209
3801
2210
2211
2212
2216
2212
2233
2218
2234
2214
2215
2217
2220
3802
2216
3803
2219
2221
2235
3804
2217
2218
2219
2222
2219
2236
2223
2237
2221
2222
3805
2223
2238
3806
2223
2239
2226
2260
2226
2227
3808
2229
2228
2229
3809
2230
2231
3810
2230
2233
2232
2233
3811
2234
3812
2234
2236
2237
2238
3813
2237
2239
2239
3814
2241
2242
2261
3815
2243
2262
2243
2245
3816
2246
2245
2247
2248
3817
2246
3818
2247
2250
2249
2250
3819
2251
2252
3820
2251
2254
2253
2254
3821
2255
3822
2255
2256
2259
2260
2259
3824
3879
3879
2262
3826
3880
3880
2264
2269
2310
2776
2780
2781
2782
2913
2915
2916
2265
2268
2311
2266
2312
2777
2779
2781
2782
2268
3001
3003
3005
3006
2271
2919
2920
2921
3000
3001
3002
2269
2273
2275
2923
2924
2926
3002
3004
3005
3006
2274
3014
3017
3019
3020
2786
2787
2788
3007
3008
3009
2278
2929
2930
2931
3014
3015
3016
2274
2275
2276
2280
2276
2933
2934
2936
3009
3011
3012
3013
2282
2940
2941
2943
3016
3018
3019
3020
2281
3028
3031
3033
3034
2789
2790
2791
3021
3022
3023
2285
2946
2947
2948
3028
3029
3030
2281
2282
2283
2287
2283
2950
2951
2953
3023
3025
3026
3027
2289
2957
2958
2960
3030
3032
3033
3034
2288
2294
3042
3045
3047
3048
2792
2793
2794
3035
3036
3037
2963
2964
2965
3042
3043
3044
3058
2288
2289
2290
2296
2290
2967
2968
2970
3037
3039
3040
3041
2297
2974
2975
2977
3044
3046
3047
3048
2292
2296
2294
3050
3053
3054
3055
2295
2645
2646
2647
2648
3049
3051
3055
2296
3057
3059
3061
3062
2297
3056
3060
3061
3232
3233
3234
3235
2297
2984
2985
2986
2987
3060
3061
3062
2313
2776
2913
3063
3064
2379
2403
2778
3066
3067
2405
2780
2916
3069
3070
2385
2406
3008
3072
3073
2404
2933
3009
3075
3076
2408
2936
3011
3078
3079
2391
2409
3022
3081
3082
2407
2950
3023
3084
3085
2411
2953
3025
3087
3088
2397
2412
3036
3090
3091
2410
2967
3037
3093
3094
2414
2970
3039
3096
3097
2311
2836
2840
2841
2842
2994
2996
2998
3871
3883
2312
3869
3871
3882
2837
2839
2841
2842
3869
3881
2836
2994
3099
3100
2840
2998
3104
3595
3891
2319
2320
2321
2322
3348
2319
2321
2378
2417
3106
3107
3108
3349
2320
2321
2418
2777
2319
2320
2323
2379
2778
3109
3110
3111
2327
2380
3112
3113
3114
3353
2328
2779
2420
3354
2326
2327
2328
3362
2327
2328
2381
3000
3115
3116
3117
2326
2327
2330
2382
3118
3119
3120
3365
2326
2328
2331
3001
2333
3367
2383
3121
3122
3123
3368
3003
2333
2334
2335
2336
3369
2333
2334
2384
3124
3125
3126
3372
2333
2335
3007
2334
2335
2339
2385
3008
3127
3128
3129
3374
2341
2386
3130
3131
3132
3375
2342
3010
2340
2341
2342
3376
2340
2341
2344
2387
3133
3134
3135
3379
2340
2342
2345
3014
2341
2342
2388
3015
3136
3137
3138
2347
3381
2389
3139
3140
3141
3382
3017
2347
2348
2349
2350
3383
2347
2348
2390
3142
3143
3144
3386
2347
2349
3021
2348
2349
2353
2391
3022
3145
3146
3147
3388
2355
2392
3148
3149
3150
3389
2356
3024
2354
2355
2356
3390
2354
2355
2358
2393
3151
3152
3153
3393
2354
2356
2359
3028
2355
2356
2394
3029
3154
3155
3156
2361
3395
2395
3157
3158
3159
3396
3031
2361
2362
2363
2364
3397
2361
2362
2396
3160
3161
3162
3400
2361
2363
3035
2362
2363
2367
2397
3036
3163
3164
3165
3402
2369
2398
3166
3167
3168
3403
2370
3038
2368
2369
2370
3404
2368
2369
2373
2399
3169
3170
3171
3407
2368
2370
2374
3042
2369
2370
2400
3043
3172
3173
3174
2375
3409
2401
3175
3176
3177
3410
3045
2375
2376
2377
3413
2376
2377
3056
3178
3179
3180
3181
2375
2376
2402
3182
3183
3184
3416
2375
2377
3059
3417
3185
3186
3187
3188
3412
3057
2423
2750
3106
3107
2381
3109
3110
2383
2753
3112
3113
2403
3115
3116
2384
2856
3118
3119
2858
3121
3122
2758
3124
3125
2388
3127
3128
2389
2760
3130
3131
2390
2866
3133
3134
2406
3136
3137
2868
3139
3140
2765
3142
3143
2394
3145
3146
2395
2767
3148
3149
2396
2879
3151
3152
2409
3154
3155
2881
3157
3158
2772
3160
3161
2400
3163
3164
2401
2774
3166
3167
2402
2892
3169
3170
2412
3172
3173
2894
3175
3176
2907
3182
3183
3000
3189
3190
2924
3002
3192
3193
2926
3004
3195
3196
3015
3198
3199
2940
3016
3201
3202
2943
3018
3204
3205
3029
3207
3208
2957
3030
3210
3211
2960
3032
3213
3214
3043
3216
3217
2415
2974
3044
3219
3220
2977
3046
3222
3223
2987
3060
3229
3230
2420
2421
2422
3355
3884
2420
2421
2423
3236
3237
3238
3356
2420
2422
2837
2421
2422
2838
3239
3240
3591
3596
3885
3359
3241
3242
3361
3592
3597
3886
2839
3887
2832
3236
3237
2428
2430
2506
3424
3427
2428
2430
2446
2447
3273
3418
3420
2428
2507
3274
3424
3425
3426
3427
2511
2512
3276
3423
3425
2449
3419
3421
2435
2436
2437
2521
2436
2437
2444
2460
2435
2437
2461
2668
2435
2436
2444
2522
2524
2673
2444
2525
2463
2439
2444
2519
2522
2525
2823
2440
2443
2824
2441
2825
2442
2443
2444
2469
2444
2472
2473
2449
2450
2532
3434
3437
2449
2450
3287
3428
3430
2450
2533
3288
3434
3435
3436
3437
3429
3431
2536
2537
3291
3433
3435
2456
2458
2545
3444
3447
2456
2546
3301
3444
3445
3446
3447
2456
2458
2534
2535
3302
3438
3440
2547
2548
3305
3443
3445
2538
3439
3442
2463
2464
2465
2566
2463
2465
2473
2463
2464
2722
2464
2465
2473
2567
2570
2727
2473
2572
2468
2550
2618
2468
2564
2621
2620
2623
2471
2473
2471
2475
2474
2476
2473
2475
2474
2475
2479
2567
2569
2572
2481
2478
2479
2478
2482
2480
2480
2481
2578
2579
2582
2482
2584
2587
2589
2482
2485
2489
3449
3452
2485
2902
3266
3449
3450
3451
3452
2487
2903
2634
2904
3267
3448
3450
2489
2508
2509
3269
3453
3455
2510
3454
3457
2492
2502
2632
2492
2514
2627
2629
2633
2494
2497
2823
2983
2495
2499
2823
2497
2498
2519
2823
2497
2498
2645
2646
2984
2823
2985
2499
2520
2638
2523
2501
2640
3052
2502
2526
3052
2644
3052
2505
2529
2649
2505
2517
2652
2651
2654
2510
2511
3464
3466
2511
3280
3464
3465
3466
3467
2510
2511
3281
3458
3460
3459
3461
3284
3463
3465
2515
2527
2658
2515
2661
2660
2663
2518
2560
2667
2518
2670
2669
2672
2520
2522
2523
2524
2680
2523
2524
2525
2524
2525
2683
2527
2598
2528
2598
2676
2598
2678
2681
2531
2685
2531
2561
2688
2687
2690
2536
2538
3474
3476
2536
3293
3474
3475
3476
3477
2536
2538
3295
3468
3470
3298
3473
3475
3469
3471
2541
2563
2694
2541
2549
2697
2696
2699
2544
2547
3306
3478
3480
2545
3479
3481
2547
3484
3486
2547
3310
3484
3485
3486
3487
3312
3483
3485
2551
2703
2551
2706
2705
2708
2554
2712
2554
2574
2715
2714
2717
2558
2559
2558
2559
3478
2559
3479
2562
2721
2562
2724
2723
2726
2565
2730
2565
2733
2732
2735
2570
2571
2572
2570
2572
2570
2571
2577
2734
2571
2572
2579
2737
2581
2575
2739
2575
2742
2741
2744
2580
2581
2582
2586
2580
2581
2622
2580
2582
2587
2581
2582
2588
2625
2589
2585
2588
2740
2585
2589
2586
2588
2589
2588
2589
2745
2594
2596
2604
2667
2668
2669
2593
2596
2605
2593
2594
2600
2670
2671
2672
2595
2601
2595
2602
2673
2674
2675
2596
2603
2610
2599
2603
3050
2599
2600
3052
2601
3053
2601
2602
2676
2677
2678
2603
2603
2682
2683
2684
2608
2610
2721
2722
2723
2607
2610
2607
2608
2611
2724
2725
2726
2609
2614
2609
2616
2727
2728
2729
2610
2617
2614
2616
2730
2731
2732
2614
2615
2615
2616
2733
2734
2735
2617
2617
2617
2736
2737
2738
2620
2706
2620
2624
2743
2626
2623
2733
2623
2625
2626
2626
2746
2626
2629
2661
2629
2636
3453
2637
2631
2632
2641
3178
2633
2635
3179
2633
2644
2637
2635
2636
3185
2637
3186
2637
3448
2640
3049
2640
2648
3049
2679
3049
2642
2644
3051
3225
2643
2647
3051
3226
2644
2648
3051
3051
2646
2647
3232
2648
2648
3233
2651
2685
2651
2655
3418
2657
2654
2670
2654
2656
2659
2657
2657
3423
2657
2664
2660
2676
2660
2664
2666
2663
2663
2665
3458
2666
2666
2666
3463
2669
2721
2669
2673
2675
2672
2672
2674
2677
2675
2675
2675
2682
2678
2678
2682
2684
2681
2681
2683
2684
2684
2684
2687
2687
2691
3428
2693
2690
2724
2690
2692
2695
2693
2693
3433
2693
2700
2696
2730
2696
2700
2702
2699
2703
2699
2701
3468
2702
2702
2702
3473
2705
2705
2709
3438
2711
2708
2708
2710
2716
2711
2711
3443
2711
2719
2714
2714
2718
3480
2720
2717
2742
2717
2719
2720
2720
3483
2720
2723
2723
2727
2729
2726
2726
2728
2731
2729
2729
2729
2736
2732
2732
2736
2738
2735
2735
2737
2738
2738
2738
2741
2741
2745
2747
2744
2744
2746
2747
2747
2747
2752
2754
2853
3494
3497
2752
2754
2831
2832
3349
3488
3490
2752
2854
3351
3494
3495
3496
3497
2857
2858
3353
3493
3495
2834
3489
3492
2759
2761
2863
3504
3507
2759
2864
3371
3504
3505
3506
3507
2759
2761
2855
2856
3372
3498
3500
2867
2868
3375
3503
3505
2859
3499
3502
2766
2768
2876
3514
3517
2766
2877
3385
3514
3515
3516
3517
2766
2768
2865
2866
3386
3508
3510
2880
2881
3389
3513
3515
2869
3509
3512
2773
2775
2889
3524
3527
2773
2890
3399
3524
3525
3526
3527
2773
2775
2878
2879
3400
3518
3520
2893
2894
3403
3523
3525
2882
3519
3522
2780
2782
2836
3063
3064
3065
2779
2782
2837
2779
2780
3000
3066
3067
3068
2781
3003
2781
3004
3069
3070
3071
2782
3005
2842
2785
2843
3063
2785
2851
3066
3065
3068
2788
2871
3072
2788
2920
3075
3074
3077
2791
2884
3081
2791
2930
3084
3083
3086
2794
2897
3090
2794
2947
3093
3092
3095
2797
2798
2847
2797
2801
2800
2802
2799
2800
2848
2914
2915
2917
2801
2849
2801
2805
2923
2925
2928
2807
2804
2805
2804
2808
2806
2809
2806
2807
2934
2935
2938
2808
2812
2941
2942
2945
2808
2814
2811
2812
2811
2815
2813
2816
2813
2814
2951
2952
2955
2815
2819
2958
2959
2962
2815
2821
2818
2819
2818
2822
2826
2820
2827
2820
2821
2968
2969
2972
2822
2828
2975
2976
2979
2822
2829
2824
2828
2825
2829
2826
2827
2829
2828
2829
2983
2985
2986
2988
2834
2835
3534
3893
3929
2834
2835
3356
3528
3530
2835
3358
3534
3535
3598
3894
3929
3529
3531
3895
2840
2842
3099
3100
3101
2839
2842
2839
2840
3102
3103
3590
3594
3901
2841
3902
2841
3104
3105
3595
3903
2842
3904
2845
3099
2845
2991
3102
3101
3103
2847
2849
3880
2848
3880
2849
2995
2996
2999
3871
3871
3892
2852
2990
3106
2852
3109
3108
3111
2857
2859
3542
3544
2857
3363
3542
3543
3544
3545
2857
2859
3365
3536
3538
3368
3541
3543
3537
3539
2862
2919
3115
2862
2870
3118
3117
3120
2867
2869
3552
3554
2867
3378
3552
3553
3554
3555
2867
2869
3379
3546
3548
3382
3551
3553
3547
3549
2872
3124
2872
3127
3126
3129
2875
2883
3133
2875
2929
3136
3135
3138
2880
2882
3562
3564
2880
3392
3562
3563
3564
3565
2880
2882
3393
3556
3558
3396
3561
3563
3557
3559
2885
3142
2885
3145
3144
3147
2888
2896
3151
2888
2946
3154
3153
3156
2893
2895
3572
3574
2893
3406
3572
3573
3574
3575
2893
2895
2906
2907
3407
3566
3568
3410
3571
3573
2908
3567
3570
2898
3160
2898
3163
3162
3165
2901
2910
3169
2901
2963
3172
3171
3174
2903
2905
3411
3577
3578
3579
3580
2906
3185
3412
3576
3578
2906
3414
3582
3583
3584
3585
2908
3416
3581
3583
3582
3585
2911
2980
3180
2911
3182
3181
3184
2916
2917
2918
2922
2916
2918
2994
3064
2917
2918
2995
2916
2917
2923
2926
3069
2928
2997
2921
3189
2921
3192
3191
3194
2926
2927
2928
2926
2928
2926
2927
2933
3193
2927
2928
2935
3196
2937
2931
3198
2931
3201
3200
3203
2936
2937
2938
2939
2936
2937
3076
2936
2938
2941
2937
2938
2943
3079
2945
2943
2944
2945
2943
2944
2950
3202
2943
2945
2944
2945
2952
3205
2954
2948
3207
2948
3210
3209
3212
2953
2954
2955
2956
2953
2954
3085
2953
2955
2958
2954
2955
2960
3088
2962
2960
2961
2962
2960
2961
2967
3211
2960
2962
2961
2962
2969
3214
2971
2965
3216
2965
2981
3219
3218
3221
2970
2971
2972
2973
2970
2971
3094
2970
2972
2975
2971
2972
2977
3097
2979
2977
2978
2979
2977
2978
2987
3220
2977
2979
2978
2979
2988
3223
2989
2982
3058
3227
2982
3058
3229
3058
3228
3231
2985
2988
2985
2987
3232
3234
2986
2987
2988
2989
3230
2989
2992
3236
2992
3239
3238
3240
2997
2998
2999
3897
2997
2998
3100
2997
2999
2998
2999
3898
3104
3899
3900
3003
3004
3189
3190
3191
3003
3006
3007
3004
3006
3009
3192
3193
3194
3005
3005
3195
3196
3197
3006
3013
3010
3013
3010
3011
3015
3072
3073
3074
3011
3013
3075
3076
3077
3012
3017
3012
3018
3078
3079
3080
3013
3019
3017
3020
3021
3017
3018
3198
3199
3200
3018
3020
3023
3201
3202
3203
3019
3019
3204
3205
3206
3020
3027
3024
3027
3024
3025
3029
3081
3082
3083
3025
3027
3084
3085
3086
3026
3031
3026
3032
3087
3088
3089
3027
3033
3031
3034
3035
3031
3032
3207
3208
3209
3032
3034
3037
3210
3211
3212
3033
3033
3213
3214
3215
3034
3041
3038
3041
3038
3039
3043
3090
3091
3092
3039
3041
3093
3094
3095
3040
3045
3040
3046
3096
3097
3098
3041
3047
3045
3048
3059
3045
3046
3216
3217
3218
3046
3048
3060
3219
3220
3221
3047
3047
3222
3223
3224
3048
3062
3050
3052
3053
3055
3052
3054
3056
3053
3054
3055
3057
3061
3057
3058
3225
3226
3227
3228
3059
3061
3059
3060
3062
3062
3229
3230
3231
3062
3065
3099
3065
3069
3071
3068
3109
3068
3070
3190
3071
3071
3071
3195
3074
3127
3074
3078
3199
3080
3077
3192
3077
3079
3080
3080
3204
3080
3083
3145
3083
3087
3208
3089
3086
3201
3086
3088
3089
3089
3213
3089
3092
3163
3092
3096
3217
3098
3095
3210
3095
3097
3098
3098
3222
3098
3101
3101
3104
3105
3103
3239
3590
3105
3594
3105
3595
3108
3236
3108
3112
3488
3114
3111
3111
3113
3116
3114
3114
3493
3114
3121
3117
3189
3117
3121
3123
3120
3124
3120
3122
3536
3123
3123
3123
3541
3126
3126
3130
3498
3132
3129
3129
3131
3137
3132
3132
3503
3132
3140
3135
3142
3135
3139
3546
3141
3138
3198
3138
3140
3141
3141
3551
3141
3144
3144
3148
3508
3150
3147
3147
3149
3155
3150
3150
3513
3150
3158
3153
3160
3153
3157
3556
3159
3156
3207
3156
3158
3159
3159
3561
3159
3162
3162
3166
3518
3168
3165
3165
3167
3173
3168
3168
3523
3168
3176
3171
3182
3171
3175
3566
3177
3174
3216
3174
3176
3177
3177
3571
3177
3179
3180
3225
3181
3186
3181
3227
3188
3184
3184
3187
3581
3188
3186
3187
3188
3188
3576
3191
3191
3195
3197
3194
3194
3196
3197
3197
3197
3200
3200
3204
3206
3203
3203
3205
3206
3206
3206
3209
3209
3213
3215
3212
3212
3214
3215
3215
3215
3218
3218
3222
3224
3221
3229
3221
3223
3224
3224
3224
3226
3227
3228
3233
3228
3235
3231
3231
3234
3235
3233
3234
3235
3235
3238
3238
3241
3528
3242
3240
3591
3242
3596
3242
3533
3592
3597
3245
3247
3341
3245
3248
3342
3249
3278
3280
3283
3343
3247
3248
3249
3250
3249
3251
3252
3272
3274
3275
3252
3254
3252
3255
3256
3286
3288
3290
3254
3255
3256
3258
3256
3260
3262
3293
3294
3296
3259
3261
3259
3262
3263
3261
3262
3263
3263
3300
3301
3303
3307
3310
3311
3266
3269
3278
3343
3266
3268
3343
3267
3343
3411
3268
3269
3412
3448
3450
3451
3270
3413
3270
3281
3453
3455
3456
3282
3275
3276
3277
3279
3275
3277
3286
3276
3277
3287
3418
3420
3422
3275
3276
3280
3283
3284
3423
3425
3426
3289
3280
3281
3282
3283
3284
3283
3284
3282
3284
3458
3460
3462
3463
3465
3467
3289
3290
3291
3292
3289
3290
3289
3291
3428
3430
3432
3290
3291
3293
3296
3298
3433
3435
3436
3296
3297
3298
3296
3298
3296
3297
3300
3297
3298
3302
3468
3470
3472
3304
3473
3475
3477
3303
3304
3305
3309
3303
3304
3303
3305
3310
3304
3305
3438
3440
3441
3311
3312
3443
3445
3446
3308
3312
3478
3480
3482
3308
3311
3309
3311
3312
3311
3312
3483
3485
3487
3314
3317
3587
3315
3319
3350
3351
3352
3588
3318
3589
3317
3318
3319
3321
3319
3323
3325
3363
3364
3366
3322
3324
3322
3325
3326
3328
3324
3325
3326
3330
3326
3370
3371
3373
3332
3377
3378
3380
3329
3331
3329
3332
3333
3335
3331
3332
3333
3337
3333
3384
3385
3387
3339
3391
3392
3394
3336
3338
3344
3336
3339
3340
3345
3338
3339
3340
3346
3340
3398
3399
3401
3347
3405
3406
3408
3343
3345
3343
3346
3347
3345
3346
3347
3347
3411
3414
3415
3352
3353
3354
3362
3353
3354
3356
3488
3490
3491
3352
3354
3357
3352
3353
3363
3366
3368
3493
3495
3496
3359
3359
3360
3361
3920
3359
3361
3528
3530
3532
3359
3360
3588
3360
3361
3588
3921
3588
3922
3533
3535
3593
3598
3923
3366
3367
3368
3366
3368
3366
3367
3370
3367
3368
3372
3536
3538
3540
3374
3541
3543
3545
3373
3374
3375
3376
3373
3374
3373
3375
3378
3374
3375
3498
3500
3501
3380
3382
3503
3505
3506
3380
3381
3382
3380
3381
3384
3380
3382
3381
3382
3386
3546
3548
3550
3388
3551
3553
3555
3387
3388
3389
3390
3387
3388
3387
3389
3392
3388
3389
3508
3510
3511
3394
3396
3513
3515
3516
3394
3395
3396
3394
3395
3398
3394
3396
3395
3396
3400
3556
3558
3560
3402
3561
3563
3565
3401
3402
3403
3404
3401
3402
3401
3403
3406
3402
3403
3518
3520
3521
3408
3410
3523
3525
3526
3408
3409
3410
3408
3409
3415
3408
3410
3409
3410
3416
3566
3568
3569
3417
3571
3573
3575
3412
3414
3413
3416
3576
3578
3580
3417
3415
3416
3417
3417
3581
3583
3584
3422
3423
3421
3422
3424
3421
3422
3430
3431
3426
3426
3426
3427
3426
3427
3465
3466
3432
3433
3431
3432
3434
3431
3432
3436
3436
3436
3437
3436
3437
3475
3476
3441
3443
3441
3442
3444
3441
3442
3470
3446
3471
3446
3446
3447
3446
3447
3485
3486
3451
3453
3451
3452
3454
3451
3452
3578
3456
3579
3456
3456
3457
3456
3457
3460
3461
3462
3463
3461
3462
3464
3461
3462
3467
3467
3466
3467
3466
3467
3472
3473
3471
3472
3474
3471
3472
3477
3477
3476
3477
3476
3477
3479
3482
3481
3482
3483
3482
3484
3487
3487
3486
3487
3486
3487
3491
3493
3491
3492
3494
3491
3492
3530
3496
3531
3496
3496
3497
3496
3497
3543
3544
3501
3503
3501
3502
3504
3501
3502
3538
3506
3539
3506
3506
3507
3506
3507
3553
3554
3511
3513
3511
3512
3514
3511
3512
3548
3516
3549
3516
3516
3517
3516
3517
3563
3564
3521
3523
3521
3522
3524
3521
3522
3558
3526
3559
3526
3526
3527
3526
3527
3573
3574
3532
3533
3531
3532
3534
3531
3532
3535
3535
3593
3535
3929
3598
3540
3541
3539
3540
3542
3539
3540
3545
3545
3544
3545
3544
3545
3550
3551
3549
3550
3552
3549
3550
3555
3555
3554
3555
3554
3555
3560
3561
3559
3560
3562
3559
3560
3565
3565
3564
3565
3564
3565
3569
3571
3569
3570
3572
3569
3570
3583
3575
3585
3575
3574
3575
3574
3575
3580
3581
3579
3580
3582
3579
3580
3584
3584
3584
3585
3584
3585
3587
3589
3864
3866
3917
3588
3864
3867
3589
3918
3866
3919
3591
3594
3890
3596
3888
3593
3597
3889
3598
3896
3595
3912
3914
3597
3906
3908
3926
3929
3654
3655
3709
3712
3939
3606
3608
3611
3647
3648
3932
3950
3952
6221
3604
3614
3615
3657
3972
3658
3659
3769
3946
3609
3632
3633
3933
3947
3968
3607
3610
3661
3974
3616
3635
3636
3667
3943
6242
3625
3638
3639
3942
6245
3614
3627
3641
3642
3661
3974
3975
6249
3622
3625
3644
3685
3686
3687
3689
3721
3623
3632
3633
3634
3644
3646
3698
3720
3722
3615
3627
3701
3702
3613
3632
3644
3932
6222
3619
3638
3645
3647
3951
3634
3646
3648
3948
3949
3950
3629
3649
3650
3657
3972
3973
6259
3629
3669
3670
3631
3660
3672
3673
3734
3658
3662
3663
3664
3665
3673
3674
3694
3733
3736
3635
3649
3652
3653
3958
3641
3666
3675
3977
3621
3622
3655
3710
3930
3623
3693
3710
3931
3623
3644
3656
3721
3722
3932
3695
3933
3626
3654
3677
3678
3714
3739
3740
3934
3656
3676
3677
3737
3628
3680
3681
3714
3747
3748
3935
3629
3679
3680
3701
3702
3703
3745
3630
3683
3684
3716
3755
3756
3936
3669
3670
3671
3682
3683
3753
3631
3716
3719
3937
3667
3668
3672
3682
3684
3719
3734
3735
3754
3755
3938
3976
3634
3933
6239
3634
3968
6240
3979
3980
3637
3668
3672
3958
3985
3986
3987
3988
3637
3664
3673
3943
6244
3665
3674
3981
3982
3983
3984
3640
3641
3647
3676
3951
3952
6246
3640
3677
3934
3942
6248
3643
3678
3934
6247
3643
3675
3679
3977
3978
6250
3643
3650
3680
3935
6252
3681
3935
6251
3646
3722
3666
3676
3685
3688
3686
3687
3720
3648
3685
3952
3686
3950
3651
3653
3668
3682
3958
3959
6260
3651
3683
3936
6262
3684
3936
3976
6261
3672
3682
3690
3691
3657
3690
3959
3656
3712
3941
3656
3709
3940
3677
3737
3740
3942
3669
3973
3660
3769
3944
3660
3719
3945
3673
3719
3734
3736
3943
3675
3701
3975
3663
3664
3944
3969
6219
3665
3969
6441
3665
3944
6443
6442
3679
3704
3705
3668
3938
3992
6444
3976
6447
3671
3690
3671
3702
3762
3692
3764
3674
3691
3735
3674
3736
3733
3704
3978
3678
3679
3685
3688
3689
3738
3678
3740
3681
3739
3681
3704
3705
3706
3746
3681
3683
3748
3747
3684
3690
3691
3692
3754
3684
3756
3755
3686
3689
3687
3689
3757
3689
3705
3758
3760
3692
3692
3765
3767
3695
3696
3768
3970
3700
3769
3969
3697
3698
3971
3697
3768
3859
3994
3699
3861
3995
3699
3968
3862
3996
3769
3860
3997
3703
3704
3703
3781
3706
3783
3706
3706
3784
3786
3708
3711
6287
3709
3712
6288
3710
6215
3768
6216
3712
3713
6289
3714
6290
3714
3715
6292
3716
6293
3716
3717
6295
3718
6296
3718
6298
3719
6299
3989
3990
3991
3992
3722
3757
3761
3722
3737
3757
3759
3760
3761
3726
3732
3738
3758
3759
3727
3731
3753
3762
3763
3728
3735
3754
3765
3766
3730
3772
3775
3729
3749
3777
3750
3778
3731
3741
3779
3732
3742
3780
3745
3781
3782
3746
3784
3785
3735
3736
3735
3736
3770
3765
3738
3740
3771
3739
3746
3758
3759
3760
3772
3740
3747
3773
3774
3742
3744
3745
3749
3779
3743
3746
3772
3780
3744
3747
3773
3748
3752
3746
3748
3753
3781
3782
3783
3747
3784
3785
3786
3748
3756
3750
3752
3753
3777
3751
3754
3778
3752
3755
3756
3754
3756
3762
3763
3764
3755
3765
3766
3767
3756
3760
3761
3760
3784
3760
3761
3775
3776
3764
3781
3764
3766
3777
3767
3767
3767
3778
4021
6458
3966
3967
3993
3998
4022
3772
3774
3773
3775
3774
3776
3778
3780
3782
3785
3783
3783
3785
3786
3786
3786
3794
3796
3798
3809
12355
3796
3799
3801
3811
12359
3790
3799
3803
3804
12363
3812
3813
12389
3822
3835
4014
12407
3793
3794
3807
3823
12344
3795
3824
4005
12350
3795
3808
12352
3798
4005
12351
3797
3810
12356
3798
3801
4006
12354
4006
12353
3800
3812
12360
3801
3803
4007
12358
4007
12357
3803
3804
3805
4008
12362
4008
12361
3806
3813
12364
3806
3833
4009
12365
3814
3827
12366
3808
3825
12383
3809
12384
3810
12385
3811
12386
3812
12387
12388
3814
12390
3834
12391
3816
3826
4010
12399
3818
4010
12400
3818
3819
4011
12402
4011
12401
3820
4012
12403
3821
4012
12404
3822
4013
12405
4013
12406
3824
3825
12349
4003
12417
12420
4004
12422
3833
3834
3837
12434
3829
3836
3837
3839
12440
3843
3845
3851
12454
3846
3848
3849
4018
12459
3847
3852
3853
12473
3857
3858
4020
12481
3838
4009
12433
3840
12436
3842
4014
12438
3838
3843
4015
12441
3838
3840
12443
4015
12442
3840
3851
12447
12448
3842
3855
4016
12426
4016
12451
3844
4017
12455
3845
3846
4017
12456
3847
3852
12457
3847
4018
12458
3848
12460
3850
3853
12461
3850
3859
4021
12462
3854
3861
12463
3852
12471
12472
3854
12474
3862
12475
3856
4019
12432
3857
4019
12479
4020
12480
3860
4022
12482
3861
3999
4021
12488
4000
4022
12494
3862
4002
12489
4001
12492
3864
3866
3872
3865
3867
3917
3879
3868
3873
3917
3919
3917
3918
3869
3874
3877
3878
3870
3875
3881
3882
3871
3876
3882
3883
3892
3873
3874
3875
3876
3878
3919
3920
3922
3881
3884
3887
4003
4004
3882
3902
3904
3883
3898
3899
3903
3904
3886
3887
3920
3886
3887
3888
3901
3905
3906
3907
3889
3908
3909
3910
3923
3902
3890
3905
3906
3896
3908
3909
3901
3911
3912
3899
3903
3914
3915
3895
3925
3927
3895
3921
3925
3926
3927
3928
3923
3924
3926
3899
3900
3899
3900
3915
3902
3903
3911
3912
3913
3904
3904
3914
3915
3916
3907
3911
3907
3908
3910
3910
3910
3924
3913
3913
3914
3916
3916
3916
3919
3919
3921
3922
3922
3923
3922
3923
3924
3926
3928
3928
3927
3928
3927
3928
3929
3931
3932
3940
6216
6291
3933
3970
6216
6303
3933
3942
6221
6222
6305
3947
3971
6239
6304
3935
3941
6247
6248
6293
6294
3936
6251
6252
6293
6306
3937
6261
6262
6296
6310
3938
3976
3991
6296
6309
6445
6446
3976
3992
6445
3940
3941
6215
6217
6290
3942
6215
6232
3942
6233
6290
6234
6245
6248
3944
3945
3992
6237
6242
6244
3946
3966
6219
6235
6443
3946
3989
6236
3967
6218
3968
6239
6240
6319
3949
3953
6222
6255
3979
6222
6253
3952
3953
3952
3954
3977
3955
3955
6221
6258
3955
3964
6223
6246
6221
6246
6257
3957
3962
3972
6225
6259
3961
3973
6259
6267
3959
3960
3961
3973
3961
3985
6227
6260
6260
6273
3963
3974
6229
6249
3965
3975
6249
6278
3965
3977
6230
6250
3978
6250
6282
3967
3969
3998
6417
3993
6416
3971
3996
6240
6422
6423
6471
6472
3997
6219
6429
6430
6441
6463
6464
3971
3994
6418
6458
3995
6420
3973
3974
3975
3978
6446
3978
3980
6239
6448
6238
6239
6240
3982
3984
6442
6449
3983
3986
6451
3984
3987
6244
6450
6241
6244
6442
3986
3988
6447
6454
3987
6452
3988
6242
6243
6242
6447
6453
3990
3992
6300
3991
6299
6456
3992
6299
6457
6444
6445
6455
3998
6459
6582
3995
3999
6458
6468
3996
4002
6469
4001
6465
3998
4000
6466
6460
6582
4002
6577
6581
12578
6507
6582
12543
4002
6506
12542
6578
12579
4005
11211
12417
12534
4010
11217
12422
12538
4006
12000
12350
12351
4007
12001
12353
12354
4008
12002
12357
12358
4009
12003
12361
12362
4015
12004
12365
12433
4011
12040
12399
12400
4012
12041
12401
12402
4013
12042
12403
12404
4014
12043
12405
12406
4016
12044
12407
12438
4017
11748
12441
12442
4019
11758
12426
12451
4018
11762
12455
12456
4021
11763
12458
12459
4020
11782
12432
12479
4022
11783
12480
12481
6581
12462
12488
12509
6582
12482
12494
12513
4024
4025
4031
5107
4026
4032
4285
4286
4287
4026
4027
4033
4292
4293
4294
5108
4028
4034
4108
4109
4110
4028
4029
4035
4115
4116
4117
5109
4030
4036
4122
4123
4124
4030
4037
4129
4130
4131
5110
5532
5533
5596
5597
5599
5600
4032
4033
4039
4286
4288
4290
4292
4295
4296
5111
4285
4286
4288
4292
4293
4295
5112
4108
4109
4111
4286
4292
4115
4116
4118
4293
5113
4109
4115
4122
4123
4125
4116
4129
4130
4132
4859
5571
5596
5598
5602
5645
5646
5649
5650
4040
4041
4047
4137
4139
4141
4143
4146
4147
5114
4136
4137
4139
4288
4143
4144
4146
4295
5115
4111
4137
4143
4300
4301
4302
4072
4118
4144
4213
4214
4217
4218
4219
4220
4223
4224
4863
4063
4069
4125
4151
4152
4512
4513
4515
4516
4070
4132
4156
4157
4158
4853
4978
4981
4983
4076
4081
4307
4385
4386
4389
4395
4396
4399
5601
5638
5640
5641
5643
4048
4049
4054
4162
4164
4166
4168
4171
4172
5116
4139
4161
4162
4164
4146
4168
4169
4171
5117
4065
4162
4168
4312
4313
4314
4072
4094
4169
4270
4271
4273
4274
4275
4276
4279
4280
4867
4078
4086
4092
4318
4319
4555
4856
4941
4943
4944
4986
4055
4056
5118
4057
4164
4165
4166
4167
4327
4330
4331
4057
4058
4171
4172
4173
4174
4328
4330
4332
4334
4337
4338
5119
4088
4327
4328
4330
4094
4334
4335
4337
5120
4100
4328
4334
4341
4342
4344
4465
4466
4469
4104
4335
4348
4349
4351
4472
4473
4476
4876
4354
5603
5605
5608
6076
4112
4138
4180
4181
4569
4570
4573
4575
4113
4145
4187
4188
4588
4589
4592
4593
4075
4114
4192
4193
4194
4141
4147
4356
4357
4358
4085
4142
4363
4364
4365
4078
4086
4149
4370
4371
4372
4079
4087
4210
4211
4119
4145
4214
4215
4652
4653
4656
4657
4120
4220
4221
4222
4864
4076
4081
4121
4227
4228
4229
4148
4231
4233
4234
4235
4236
4238
4240
4242
4865
4078
4092
4149
4377
4378
4379
4084
4093
4237
4238
4707
4708
4712
4713
4866
4955
4958
4960
4126
5611
5612
5613
4127
4384
4385
4386
4128
4306
5618
5619
5620
4390
4391
4098
4948
4949
4099
4309
4951
4952
4133
4394
4395
4396
4134
4247
4248
4249
4854
5544
4135
4246
4248
4250
4251
4307
4393
4395
4397
4399
5545
4855
4954
4955
4960
4993
4163
4401
4402
4403
4170
4408
4409
4410
4098
4267
4268
4166
4172
4311
4314
4316
4317
4414
4416
4418
4419
4421
4423
4425
4427
4167
4327
4415
4416
4417
4100
4174
4328
4422
4423
4424
4101
4329
4429
4430
4431
4170
4436
4437
4438
4276
4278
4823
4824
4827
4828
4868
4941
4942
4945
4947
4173
4442
4444
4446
4448
4449
4451
4453
4455
4869
4100
4174
4334
4443
4444
4445
4104
4335
4450
4451
4452
4870
4102
4105
4336
4457
4458
4459
4961
4962
4321
4964
4965
4464
4465
4466
4341
5625
5626
5627
4323
4342
4457
4458
4460
4463
4466
4468
4469
5631
5634
5635
5636
4324
4343
5632
5633
5634
4471
4472
4473
5033
4323
4348
4968
4969
4970
4349
4478
4479
4480
4858
5546
4325
4350
4477
4480
4482
4483
4967
4970
4972
4973
5547
4110
4112
4287
4110
4113
4294
4114
4122
4112
4113
4290
4296
4300
4301
4303
4114
4180
4181
4183
4291
4114
4125
4187
4188
4190
4298
4126
4192
4193
4195
4117
4119
4294
4117
4120
5113
4121
4123
4129
4119
4120
4297
5113
4121
4125
4214
4215
4217
4298
4121
4132
4220
4221
4223
5113
4127
4133
4227
4228
4230
4124
4126
4124
4127
5599
4128
5600
4126
4127
4151
4152
4154
4128
5611
5612
5614
4128
4384
4385
4387
5601
5602
5618
5619
5621
4131
4133
5599
4131
4134
4860
5582
4135
5586
5597
4133
4134
4156
4157
4159
4861
4135
4394
4395
4397
5601
4135
4247
4248
4250
4862
5538
5585
5598
4140
4289
4487
4488
4489
4490
4141
4290
4300
4302
4304
4484
4486
4487
4489
4291
4484
4485
4488
4140
4141
4161
4494
4495
4496
4497
4162
4356
4357
4359
4492
4493
4494
4496
4163
4363
4364
4366
4491
4492
4495
4147
4296
4301
4302
4305
4498
4501
4503
4504
4148
4297
4499
4502
4503
4504
5115
4298
4498
4499
4500
4147
4148
5115
4168
4356
4358
4360
4506
4508
4510
4511
4169
4507
4509
4510
4511
5115
4170
4370
4371
4373
4377
4378
4380
4505
4506
4507
4154
4155
4383
4974
4977
5610
4154
4155
4188
5611
4154
4215
4384
4974
4975
4976
4977
4189
4216
4245
4513
4514
4387
5614
4512
4515
4596
4597
5615
4159
4221
4394
4521
4522
4524
4525
4159
4247
4526
4527
4529
4530
4880
4529
4881
4978
4980
4981
4250
4397
4517
4518
4519
4520
4254
4527
4528
4882
4165
4535
4536
4537
4538
4166
4312
4314
4316
4532
4534
4535
4537
4401
4403
4404
4532
4533
4536
4165
4166
4167
4167
4415
4416
4418
4533
4534
4535
4538
4172
4313
4314
4317
4539
4542
4544
4545
4173
4540
4543
4544
4545
5117
4408
4410
4411
4436
4438
4439
4539
4540
4541
4172
4173
5117
4174
4174
5117
4422
4423
4425
4443
4444
4446
4541
4542
4543
4544
4264
4272
4464
4546
4547
4253
4552
4553
4888
4471
4560
4889
4985
4986
4991
4475
4559
4560
4890
4198
4299
4564
4565
4183
4184
4300
4484
4183
4192
4576
4577
4579
4580
4199
4485
4570
4571
4572
4195
4303
4563
4564
4566
4567
4202
4304
4486
4563
4565
4566
4568
4569
4571
4573
4574
4197
4204
4577
4578
4205
4299
4582
4583
4584
4190
4191
4301
4498
4190
4193
4595
4596
4597
4598
4206
4500
4589
4590
4591
4195
4303
4581
4582
4585
4586
4208
4305
4501
4581
4583
4585
4587
4588
4590
4592
4594
4195
4197
4195
4196
5611
4196
4197
4210
5613
4600
4601
4602
4603
4596
4598
4600
4603
5615
4212
4577
4579
4600
4602
4355
4605
4606
4491
4610
4611
4612
4202
4256
4357
4362
4364
4366
4367
4492
4619
4621
4622
4623
4211
4257
4616
4617
4359
4493
4604
4605
4607
4608
4609
4611
4613
4614
4259
4361
4620
4621
4212
4624
4625
4355
4628
4629
4630
4245
4505
4635
4636
4637
4208
4263
4358
4369
4371
4373
4375
4506
4645
4647
4649
4651
4360
4508
4627
4628
4631
4632
4634
4636
4638
4639
4265
4361
4646
4647
4648
4212
4948
4212
4267
4617
4625
4217
4218
4226
4231
4659
4660
4664
4665
4674
4675
4677
4217
4218
4499
4217
4227
4659
4661
4663
4664
4232
4500
4653
4654
4655
4230
4234
4502
4652
4654
4656
4658
4223
4224
4226
4236
4666
4667
4671
4672
4674
4676
4678
4223
4224
4864
4223
4228
4666
4668
4670
4671
4224
4237
4666
4669
4670
4672
4864
4978
4979
4982
4983
4230
4240
4864
4241
4667
4668
4669
4243
4674
4675
4676
4230
4384
4679
4680
4681
4682
4230
4394
4683
4685
4686
4687
4386
4396
4679
4682
4683
4687
4673
4674
4677
4678
4234
4235
4243
4701
4702
4704
4705
4721
4723
4724
4245
4505
4689
4690
4691
4234
4235
4271
4376
4378
4380
4382
4507
4509
4688
4690
4692
4693
4244
4273
4695
4697
4698
4700
4730
4731
4733
4240
4242
4243
4714
4715
4718
4719
4722
4723
4725
4240
4252
4714
4716
4718
4720
4866
4993
4996
4998
4240
4242
4276
4866
4277
4708
4709
4710
4866
4715
4716
4717
4244
4279
4707
4710
4711
4713
4730
4732
4734
4721
4722
4723
4283
4730
4731
4732
4735
4736
4250
4251
4518
4520
4738
4740
4250
4738
4739
4740
4741
4871
4250
4251
5592
4251
4738
4741
4898
4934
5594
5595
4883
4979
4992
4993
4996
4745
4746
4884
4752
4753
4885
4311
4414
4757
4758
4260
4312
4400
4401
4404
4405
4532
4771
4773
4774
4775
4267
4761
4762
4415
4533
4765
4766
4767
4315
4772
4773
4316
4418
4534
4756
4758
4759
4760
4764
4766
4768
4769
4269
4420
4776
4777
4311
4421
4780
4781
4782
4266
4313
4407
4408
4411
4413
4539
4795
4797
4799
4800
4422
4541
4789
4790
4791
4315
4796
4797
4798
4317
4425
4542
4779
4781
4783
4785
4788
4790
4792
4794
4269
4762
4269
4429
4962
4434
4776
4273
4274
4282
4442
4817
4818
4821
4822
4837
4838
4840
4273
4274
4435
4436
4439
4441
4540
4443
4541
4811
4812
4813
4283
4804
4806
4808
4809
4844
4845
4847
4446
4543
4810
4812
4814
4816
4279
4280
4282
4449
4830
4831
4835
4836
4837
4839
4841
4279
4280
4868
4824
4825
4826
4280
4450
4830
4833
4834
4836
4868
4985
4987
4989
4990
4283
4823
4825
4828
4829
4844
4846
4848
4453
4868
4454
4831
4832
4833
4456
4837
4838
4839
4844
4845
4846
4852
4890
4895
4924
4287
4289
4287
4290
4291
4289
4290
4291
4291
4484
4488
4489
4294
4296
4294
4297
5112
4298
4296
4297
5112
4298
4298
5112
4498
4499
4504
4303
4304
4305
4355
4564
4565
4566
4582
4583
4585
4303
4304
4303
4305
4304
4305
4356
4359
4360
5602
5638
5639
5642
5535
5598
5646
5647
5648
5650
5002
5575
5645
5647
5651
4321
4999
5000
4322
5002
5003
5576
4315
4316
4317
4757
4758
4759
4780
4781
4783
4315
4316
4357
4315
4317
4358
4316
4317
4361
4772
4773
4774
4796
4797
4799
4320
4391
4437
4320
4410
4438
4546
4440
4548
5005
5006
5008
5009
5675
4325
4968
4970
4972
5606
5653
5654
5655
5657
5607
5652
5653
5656
5536
5605
5659
5661
5662
5664
5581
5604
5659
5660
5663
4329
4331
4416
4417
4419
4329
4332
4423
4424
4427
4333
4341
4430
4431
4433
4331
4332
4333
4333
4344
4345
4336
4338
4444
4445
4448
4336
4339
4451
4452
4455
5120
4340
4342
4348
4458
4459
4462
4338
4339
5120
4340
4344
4340
4351
5120
4346
4352
4343
4345
5626
5627
5629
4343
4346
5606
4347
5607
5633
5634
5636
4345
4346
4347
4347
5608
5609
4350
4352
4969
4970
4973
5606
4350
4353
4479
4480
4483
4877
5539
4354
5539
5605
4352
4353
4878
4354
5608
4354
4879
5539
5539
4359
4360
4361
4605
4606
4608
4628
4630
4632
4359
4360
4359
4361
4360
4361
4620
4621
4622
4646
4647
4649
4366
4367
4368
4609
4366
4368
4610
4366
4367
4401
4367
4368
4402
4616
4613
4405
4615
4618
4373
4374
4375
4634
4641
4373
4374
4390
4635
4373
4375
4408
4374
4375
4409
4638
4640
4413
4642
4380
4381
4382
4688
4695
4380
4381
4390
4689
4380
4382
4436
4381
4382
4391
4437
4696
4692
4392
4694
4699
4441
4700
4387
4388
4389
5617
4387
4388
4387
4389
5619
4388
4389
5621
4680
4682
4975
4977
5622
4392
4735
4392
4737
4397
4398
4399
4518
4519
4397
4398
4397
4399
4398
4399
4522
4525
4685
4687
4404
4405
4406
4764
4404
4405
4405
4406
4761
4404
4406
4765
4768
4763
4770
4411
4412
4413
4786
4788
4411
4413
4412
4413
4411
4412
4789
4792
4793
4787
4418
4419
4420
4428
4758
4760
4418
4420
4766
4767
4769
4418
4419
4419
4420
4430
4433
4434
4777
4425
4426
4427
4428
4781
4782
4785
4425
4426
4464
4790
4791
4794
4425
4427
4426
4427
4431
4465
4432
4467
4803
4433
4432
4433
4434
4432
4434
5625
4433
4434
4432
4433
5626
5628
4439
4440
4441
4804
4810
4439
4441
4440
4441
4805
4439
4440
4811
4814
4807
4815
4808
4446
4447
4448
4456
5011
5015
5016
4446
4447
4464
4812
4813
4816
4446
4448
4447
4448
4458
4466
4460
4468
4818
4819
4822
4462
4453
4454
4455
4456
5012
5015
5017
4453
4454
4471
4870
4453
4455
4870
4454
4455
4459
4472
4870
4461
4474
4831
4833
4836
5018
5022
5023
4462
5011
5012
5015
4460
4968
5019
5020
5021
5024
4460
4462
4462
4969
5021
5022
5023
5024
5011
5013
5014
5016
4971
5018
5019
5022
5014
5015
5016
5017
4467
4468
4469
5624
4467
4468
4547
4467
4469
5626
4468
4469
5628
5629
4474
4476
4477
4967
5028
5029
5030
5031
4474
4985
4989
4991
5026
5027
5029
5030
5034
4474
4476
4969
4476
4479
4857
5025
5026
5030
5031
4556
4971
4481
5025
5027
5028
5032
4483
4973
4481
4482
4483
4481
4482
4893
5546
4481
4483
4894
4482
4483
5546
4895
5025
5028
5031
5546
4486
4489
4486
4490
4491
4570
4571
4573
4487
4493
4489
4490
4494
4489
4490
4497
4493
4497
4610
4611
4613
4493
4496
4532
4494
4496
4497
4496
4497
4536
4537
4501
4504
4502
4504
4501
4502
4505
4589
4590
4592
4653
4654
4656
4503
4508
4503
4509
4504
4510
4508
4509
4635
4636
4638
4689
4690
4692
4508
4511
4539
4509
4511
4540
4510
4510
4511
4545
4515
4516
4974
4515
4516
4589
4653
4516
4655
4736
4593
4657
4976
4519
4520
4521
4526
4519
4520
4525
4530
4524
4525
4981
4524
4525
4668
4524
4669
4749
4982
4670
4983
4529
4530
4531
4981
4529
4530
4739
4882
4529
4531
4752
4882
4980
4882
4740
4754
4984
4534
4537
4534
4538
4765
4766
4768
4535
4537
4538
4537
4538
4542
4545
4543
4545
4542
4543
4789
4790
4792
4811
4812
4814
4544
4544
4545
4548
4789
4811
4548
4813
4815
4550
4742
4824
4945
4557
4827
4947
4554
4555
4558
4944
4554
4555
4745
4888
4943
4555
4559
4888
4747
4946
4561
4888
4557
4833
4989
4834
4990
4561
4562
4988
4561
4890
4561
4562
4890
5027
4890
4986
4991
5029
4566
4567
4568
4576
4566
4567
4601
4566
4568
4605
4579
4602
4607
4573
4574
4575
4576
4573
4575
4573
4574
4611
4574
4575
4578
4612
4614
4580
4579
4580
4579
4580
4580
4624
4585
4586
4587
4595
4585
4586
4601
4585
4587
4628
4586
4587
4629
4598
4603
4599
4631
4592
4593
4594
4595
4592
4593
4592
4594
4636
4593
4594
4637
4597
4599
4639
4597
4598
4599
4597
4598
4644
4602
4603
4602
4603
4607
4608
4619
4607
4608
4608
4620
4622
4613
4614
4615
4613
4615
4613
4614
4614
4615
4624
4626
4618
4761
4618
4625
4626
4622
4623
4622
4622
4623
4773
4775
4626
4626
4631
4632
4633
4643
4645
4631
4632
4631
4633
4632
4633
4646
4644
4649
4650
4638
4639
4640
4643
4638
4640
4735
4638
4639
4639
4640
4644
4642
4643
4645
4651
4787
4644
4649
4650
4651
4649
4650
4649
4651
4797
4650
4651
4798
4800
4656
4657
4658
4659
4656
4657
4656
4658
4690
4657
4658
4662
4691
4663
4665
4693
4663
4664
4665
4664
4665
4702
4663
4664
4680
4975
4663
4665
4703
4976
4681
4704
4670
4671
4672
4671
4672
4684
4715
4670
4671
4685
4670
4672
4716
4686
4718
4677
4678
4679
4683
4677
4678
4677
4721
4678
4684
4722
4681
4686
4681
4682
4681
4682
4686
4687
4686
4728
4686
4687
4692
4693
4694
4701
4692
4694
4735
4692
4693
4693
4694
4703
4736
4704
4706
4737
4698
4699
4700
4701
4699
4700
4805
4698
4700
4806
4705
4706
4808
4704
4705
4706
4704
4705
4704
4706
4711
4712
4713
4714
4712
4713
4742
4824
4711
4712
4717
4711
4713
4726
4825
4719
4727
4720
4743
4828
4718
4719
4720
4718
4719
4728
4718
4720
4749
4719
4720
4729
4750
4724
4725
4728
4724
4725
4730
4733
4729
4734
4727
4732
4842
4729
4734
4729
4733
4734
4733
4845
4734
4846
4737
4737
4740
4741
4740
4741
4901
4904
4743
4958
4750
4960
4747
4748
4751
4957
4747
4748
4884
4956
4748
4753
4884
4959
4755
4884
4954
4750
4996
4998
4754
4755
4995
4754
4755
4885
4992
4755
4885
4997
4885
4994
4759
4760
4771
4759
4772
4759
4760
4774
4763
4763
4776
4778
4768
4769
4770
4768
4770
4768
4769
4769
4770
4777
4778
4774
4775
4774
4774
4775
4778
4778
4783
4784
4785
4795
4802
4783
4784
4796
4783
4785
4784
4785
4799
4801
4803
4787
4795
4802
4800
4792
4793
4794
4802
4792
4793
4792
4794
4793
4794
4803
4799
4800
4801
4799
4801
4799
4800
4800
4801
4803
4807
4808
4809
4817
4807
4808
4808
4809
4820
4821
4814
4815
4816
4817
4814
4815
4814
4816
4815
4816
4819
4820
4822
4820
4821
4822
4821
4822
4820
4822
4827
4828
4829
4830
4827
4828
4828
4829
4842
4827
4829
4832
4834
4835
4843
4834
4835
4836
4835
4836
4849
4834
4835
4834
4836
4850
4840
4841
4844
4840
5011
4841
4849
5012
4847
4848
4850
4843
4846
4848
4850
4847
4848
4847
4848
4850
5018
4852
4875
4888
4920
4890
4925
4861
4864
4880
4881
5133
4862
4871
4896
4898
4927
4934
4936
5123
4856
4866
4883
4884
4954
4955
4956
5137
4868
4888
4889
4941
4942
4943
5141
4876
4894
5032
5033
5035
4877
4893
4894
4928
5145
4860
4861
5049
5110
5113
4862
5069
5110
5548
4862
4880
5070
5113
5133
5134
4871
5071
5123
5124
5549
4864
4865
5053
5113
5115
4866
4881
5072
5113
5133
5135
4866
4867
5073
5115
4868
4883
5074
5137
5138
4868
4869
5058
5117
4870
4889
5075
5141
5143
4870
5076
5117
5120
5033
5034
5037
5038
5077
5120
4880
4899
4901
4902
4904
5124
4874
4882
4900
4901
4875
4884
4908
4909
4885
4913
4914
4888
4918
4877
4878
5033
5035
5037
5120
5121
4879
4894
5129
5145
5147
5563
4879
5120
5130
5131
5564
4882
5134
4882
4883
4978
4979
4980
5135
4885
4900
4901
4902
5132
4885
4992
4993
4994
5138
4885
4888
4908
4909
4910
5139
4913
4914
4916
5136
4887
4905
4907
4930
5152
4892
4911
4929
5155
4890
4918
4920
5142
4890
4985
4986
4987
5034
5143
4924
4925
5032
5140
4892
4917
4921
4932
5160
4919
4931
5162
4895
4922
4933
4939
5146
4895
5147
4924
4926
5032
5144
4897
4898
4899
4936
5148
4903
4906
4935
5151
4904
4934
4902
4903
4904
5122
4902
4903
4913
5122
4902
4904
5122
4915
5122
4906
4912
4938
5156
4915
4937
5158
4910
4911
4912
5126
4910
4914
4910
4911
4918
5126
4916
5126
4919
5126
4915
4916
5125
4915
4916
5125
4916
5125
5125
4919
4920
4923
5128
4919
4920
5128
5128
4925
5128
4922
4923
4940
5164
4926
4939
5167
4925
4926
5127
4925
4926
5127
5127
5127
5039
5040
5041
5042
5187
5544
5549
5556
4933
5195
5546
5550
5563
4930
4931
5200
4938
5202
4932
5217
4940
5219
5196
5546
5551
4936
5039
4936
4937
5198
5040
5199
4938
5203
5205
4940
5221
5222
4942
4947
4987
4943
4945
4955
4946
4956
4946
4947
4988
4946
4947
4958
4959
4990
4950
5613
4950
4952
4961
4953
5616
4953
4999
5620
4953
4964
5623
4956
4957
4994
4956
4958
4959
4959
4960
4995
4959
4960
4998
4963
4964
4963
5625
4966
5630
4966
4966
5005
5632
5637
4971
4972
4973
4971
4972
4971
4973
4972
4973
5019
5022
5024
4976
4977
4976
4977
4979
4983
4980
4982
4984
4992
4983
4984
4983
4984
4996
4997
4987
4989
4987
4988
4990
4990
4991
4990
4991
4994
4997
4994
4998
4995
4997
4998
4997
4998
5001
5639
5001
5003
5006
5004
5644
5004
5669
5004
5008
5651
5007
5652
5007
5008
5010
5658
5010
5010
5580
5660
5665
5013
5016
5013
5017
5018
5014
5020
5016
5017
5021
5016
5017
5023
5020
5023
5020
5024
5021
5023
5024
5023
5024
5026
5031
5032
5027
5030
5032
5029
5032
5029
5031
5030
5031
5034
5036
5034
5037
5038
5036
5037
5067
5147
5038
5067
5140
5144
5038
5067
5067
5143
5040
5042
5594
5041
5210
5042
5206
5557
5557
5594
5044
5046
5107
5678
5045
5047
5108
5679
5048
5109
5680
5704
5047
5050
5111
5682
5048
5051
5112
5683
5052
5113
5684
5705
5069
5070
5110
5113
5705
5051
5055
5114
5686
5052
5056
5115
5687
5053
5057
5072
5073
5074
5078
5080
5688
5718
5719
5072
5073
5113
5115
5064
5070
5072
5078
5086
5087
5090
5091
5132
5133
5134
5135
5056
5060
5116
5689
5057
5061
5117
5690
5058
5062
5075
5076
5077
5082
5084
5691
5707
5722
5073
5075
5076
5117
5064
5067
5075
5082
5100
5101
5104
5105
5140
5141
5142
5143
5061
5118
5692
5062
5119
5693
5120
5694
5708
5071
5079
5087
5088
5089
5168
5074
5080
5093
5095
5097
5099
5136
5137
5138
5139
5066
5081
5094
5095
5096
5170
5083
5101
5102
5103
5169
5068
5077
5084
5121
5085
5100
5103
5105
5106
5129
5144
5145
5146
5147
5171
5181
5182
5183
5071
5110
5453
5705
5071
5113
5705
5087
5088
5090
5460
5705
5074
5113
5074
5115
5075
5077
5077
5117
5120
5120
5079
5080
5705
5718
5081
5087
5089
5091
5454
5705
5706
5081
5082
5719
5083
5094
5095
5097
5455
5720
5083
5084
5722
5085
5101
5103
5105
5456
5723
5085
5707
5708
5457
5708
5721
5090
5091
5092
5093
5122
5090
5091
5090
5092
5123
5172
5091
5092
5094
5173
5124
5097
5098
5149
5150
5174
5184
5197
5229
5230
5231
5097
5098
5099
5125
5097
5098
5178
5097
5099
5101
5098
5099
5102
5153
5154
5179
5185
5201
5250
5251
5252
5157
5159
5180
5186
5204
5257
5258
5259
5104
5126
5104
5105
5106
5127
5104
5105
5104
5106
5161
5163
5175
5191
5218
5236
5237
5238
5105
5106
5176
5128
5165
5166
5177
5192
5220
5243
5244
5245
5108
5111
5109
5112
5110
5113
5467
5704
5112
5114
5113
5115
5115
5116
5117
5117
5118
5119
5119
5120
5121
5130
5129
5130
5708
5124
5125
5132
5148
5149
5150
5151
5124
5148
5150
5187
5197
5199
5134
5126
5136
5156
5157
5158
5159
5128
5139
5152
5153
5154
5155
5128
5140
5144
5164
5165
5166
5167
5142
5160
5161
5162
5163
5131
5475
5708
5131
5708
5476
5708
5134
5135
5136
5134
5135
5138
5138
5139
5138
5139
5141
5142
5142
5143
5142
5143
5146
5147
5146
5147
5195
5165
5167
5192
5196
5221
5150
5151
5199
5150
5151
5157
5184
5197
5158
5198
5154
5155
5156
5202
5154
5155
5161
5185
5159
5201
5162
5200
5158
5159
5205
5158
5159
5186
5203
5204
5162
5163
5164
5219
5162
5163
5191
5217
5166
5218
5166
5167
5222
5166
5167
5192
5220
5221
5172
5173
5269
5454
5460
5170
5176
5236
5237
5241
5242
5273
5456
5178
5179
5250
5255
5256
5277
5455
5181
5182
5457
5462
5475
5174
5187
5229
5233
5234
5270
5460
5178
5229
5230
5234
5235
5271
5454
5208
5229
5231
5233
5224
5236
5238
5239
5244
5181
5243
5245
5248
5249
5275
5456
5183
5194
5243
5244
5246
5180
5258
5262
5263
5278
5455
5250
5252
5256
5258
5230
5257
5258
5263
5183
5457
5463
5183
5195
5464
5475
5196
5243
5246
5248
5526
5527
5530
5531
5186
5188
5197
5198
5189
5191
5200
5201
5190
5203
5204
5206
5208
5209
5210
5469
5549
5190
5207
5208
5231
5193
5211
5212
5251
5214
5215
5257
5193
5217
5218
5194
5220
5221
5223
5224
5238
5196
5226
5227
5196
5466
5563
5226
5465
5199
5208
5199
5203
5210
5202
5217
5202
5204
5211
5205
5205
5205
5215
5209
5210
5479
5209
5214
5232
5209
5210
5233
5480
5213
5215
5252
5213
5223
5253
5216
5254
5216
5261
5216
5259
5260
5219
5219
5220
5224
5222
5222
5227
5222
5225
5240
5225
5227
5228
5239
5228
5246
5228
5244
5247
5230
5234
5231
5235
5232
5257
5233
5235
5261
5234
5327
5235
5326
5263
5328
5237
5241
5245
5238
5242
5250
5240
5251
5240
5241
5247
5242
5253
5242
5249
5333
5255
5334
5245
5248
5245
5247
5249
5247
5248
5249
5249
5331
5330
5251
5255
5252
5253
5254
5259
5254
5255
5256
5260
5256
5340
5262
5339
5259
5261
5259
5262
5260
5261
5262
5263
5263
5336
5337
5265
5266
5458
5812
5814
6528
5267
5287
5289
5291
5292
5459
5815
6527
5267
5453
5467
5554
6535
5300
5301
5303
5304
5460
5555
6536
5270
5271
5302
5324
5325
5326
5270
5271
5303
5454
5460
5304
5324
5326
5327
5460
5469
5278
5305
5325
5326
5328
5400
5401
5402
5454
5275
5316
5329
5331
5529
5274
5275
5277
5317
5332
5333
5334
5438
5439
5440
5456
5318
5329
5332
5333
5319
5329
5330
5331
5446
5447
5448
5456
5463
5278
5306
5325
5335
5337
5278
5279
5307
5338
5339
5340
5412
5413
5414
5455
5308
5335
5336
5337
5419
5420
5421
5455
5309
5335
5338
5339
5300
5391
5394
5398
5399
5473
6546
5320
5367
5368
5370
5833
6538
5370
5374
5378
5379
5474
6529
5288
5481
5483
5767
6541
6568
5484
5486
5487
5498
5768
5487
5488
5491
5505
5804
5311
5494
5495
5803
6542
5289
5291
5301
5348
5349
5352
5354
6540
5289
5290
5348
5350
5352
5353
5481
5482
5483
5497
5499
5501
5503
5763
5292
5781
6541
5292
5293
5296
5454
5783
5292
5293
5303
5454
5454
5785
5298
5348
5351
5353
5354
5400
5401
5404
5405
5454
5296
5497
5498
5500
5504
5764
5299
5504
5505
5510
5511
5787
5298
5299
5455
5497
5500
5503
5788
5298
5299
5307
5313
5385
5387
5389
5390
5413
5416
5417
5455
5308
5355
5357
5359
5360
5420
5423
5424
5455
5314
5455
5504
5507
5510
5791
5301
5304
5471
6545
5303
5391
5392
5394
5395
6539
5304
5305
5396
5397
5398
5304
5305
5400
5403
5405
5396
5398
5399
5470
5400
5402
5403
5397
5411
5419
5412
5413
5417
5420
5401
5419
5420
5423
5411
5412
5426
5314
5511
5512
5514
5519
5797
5367
5518
5520
5522
5798
5314
5315
5369
5456
5518
5519
5521
5524
5799
5314
5315
5361
5363
5365
5366
5438
5439
5442
5444
5456
5456
5511
5514
5517
5801
5319
5372
5427
5429
5431
5432
5448
5450
5451
5456
5376
5437
5446
5318
5438
5440
5441
5447
5437
5445
5375
5446
5448
5450
5321
5322
5368
5370
5371
5474
5927
6530
5323
5468
5813
6531
5323
5457
5475
5708
5929
5476
5708
5928
5327
5396
5478
5328
5397
5327
5328
5480
5337
5330
5437
5331
5333
5530
5334
5338
5445
5334
5340
5336
5411
5337
5339
5340
5426
5340
5343
5349
6533
6540
6547
5343
5344
5350
5482
5352
5483
6532
6540
5345
5356
5485
5358
5382
5486
5347
5362
5381
5492
5364
5384
5493
5352
5353
5354
5352
5354
5392
5352
5353
5356
5353
5354
5357
5393
5359
5395
5358
5359
5360
5385
5500
5358
5359
5501
5359
5360
5407
5388
5502
5503
5389
5408
5364
5365
5366
5427
5514
5364
5365
5386
5515
5365
5366
5387
5433
5430
5516
5390
5517
5432
5434
5369
5373
5518
5522
5524
5834
6542
5369
5371
5457
5835
5372
5457
5836
5371
5373
6543
5372
5374
5457
5373
5375
5457
5378
5428
5429
5431
6544
5375
5380
5462
5474
5376
5378
5446
5450
5452
5463
5377
5380
5461
5525
5528
5529
5553
5378
5379
5553
6529
5435
6529
5380
5474
5553
6529
5464
5474
5553
5382
5386
5488
5388
5489
5384
5428
5495
6544
5430
5496
5388
5389
5390
5507
5388
5390
5508
5389
5390
5409
5509
5410
5510
5394
5395
5403
5394
5395
6547
5395
5404
5407
6547
5405
5399
5472
5402
5399
5403
5472
5401
5405
5402
5404
5406
5419
5405
5406
5405
5406
5423
5425
5408
5423
5410
5424
5410
5416
5433
5417
5421
5414
5415
5421
5414
5416
5439
5418
5426
5440
5417
5418
5422
5417
5418
5442
5424
5443
5421
5425
5421
5424
5422
5424
5425
5424
5425
5445
5430
5431
5432
5521
5430
5431
5522
5431
5432
5435
5523
5524
5436
5434
5442
5436
5444
5436
5450
5451
5447
5439
5444
5448
5440
5442
5443
5445
5443
5444
5449
5443
5444
5451
5447
5452
5448
5449
5451
5451
5452
5451
5452
5458
5460
5467
5548
5455
5459
5930
5456
5932
5457
5931
5462
5463
5934
5459
5705
5812
5937
5460
5705
5938
5549
5464
5465
5525
5527
5528
5463
5464
5475
5528
5529
5530
5531
5466
5475
5527
5528
5531
5466
5525
5526
5527
5551
5553
5550
5553
5563
5532
5548
5554
5812
6624
5474
5476
5562
6625
5470
5477
5478
5479
5480
5549
5556
5471
5472
5555
5560
5473
5552
5555
6521
5473
5477
5478
5559
5558
6521
5475
5561
6625
5476
5563
5564
5478
5479
5557
5480
5480
5557
5482
5484
5987
5483
5485
6537
6541
5485
5499
5990
5486
5501
5489
5502
5489
5506
6056
5489
5492
5508
5509
5491
5493
5494
5512
6049
5492
5513
6050
5493
5515
5496
5516
5496
5520
6053
5496
5522
6542
5523
5499
5503
5980
5499
5502
5506
5981
5501
5982
5502
5503
5507
5502
5503
5509
5506
5507
6014
5506
5508
5513
6015
5509
6016
5509
5510
5509
5510
5515
5517
5513
5517
6035
5513
5516
5520
6036
5515
6037
5516
5517
5521
5516
5517
5523
5519
5524
6042
5520
5521
6043
5523
6044
5523
5524
5523
5524
5526
5529
5527
5530
5531
5529
5531
5530
5531
5533
5582
5584
5586
5587
6600
5565
5566
5568
5570
6601
5535
5565
5567
5571
5585
5598
5545
5572
6088
6089
6090
6092
5547
5577
6079
6101
6103
6104
6106
5539
6073
6074
6076
6606
5544
5549
5582
5583
5585
5589
5591
5592
5542
5543
5546
5547
5561
5562
5563
5564
6073
6076
6079
6605
5541
5552
5558
5559
5560
5583
5589
5590
5591
5593
6519
5545
5572
5588
6525
5543
5546
5553
6520
5547
5577
6526
5589
5592
5594
5585
5591
5592
5593
5595
5547
5550
5551
5549
5554
5582
5555
5556
5551
5553
5563
5553
5555
5558
5560
6521
5561
6522
5555
5584
6534
5560
5583
6523
5557
5560
5589
5559
5590
5559
6521
5560
5562
5563
6625
5564
6625
5564
5566
5570
5586
5597
5567
5568
5587
6602
5569
5572
5588
6609
5569
5570
6610
5571
6080
6081
6084
6085
6611
5571
5596
6087
6088
6091
6092
6081
6082
6083
6085
6603
5666
6080
6082
6086
6564
5578
5666
5667
6565
5669
6087
6089
6093
5669
5670
5675
6073
6094
6096
6097
6099
6604
5672
5673
6566
6075
6094
6095
6098
6567
5675
5677
6102
6078
6101
6102
6105
5584
5586
5584
5588
6518
5587
6524
5586
5588
5587
5588
6607
6608
5590
5591
5593
5594
5592
5593
5595
5595
5595
5597
5600
5598
5599
5601
5600
5601
5602
5602
5638
5642
5643
5604
5609
6077
5605
5607
5659
5663
5664
6078
5606
6079
5607
5608
5609
5653
5656
5657
5609
5614
5615
5616
5617
5614
5615
5614
5616
5618
5615
5616
5621
5623
5621
5622
5623
5621
5623
5621
5622
5638
5622
5623
5639
5640
5628
5629
5630
5631
5628
5630
5628
5629
5629
5630
5633
5636
5637
5635
5636
5637
5635
5637
5652
5636
5637
5635
5636
5653
5654
5640
5643
5640
5644
5641
5643
5644
5648
5643
5644
5649
5650
5651
5646
5649
6087
5647
5650
6088
5648
6089
5650
5651
5650
5651
5654
5658
5654
5657
5655
5657
5658
5662
5657
5658
5663
5664
5665
5661
5664
6101
5661
5665
6102
5662
6103
5664
5665
5664
5665
5668
6569
5668
5670
5673
5671
6086
5671
5671
5676
6093
5674
6095
6570
5674
5676
5677
6100
5676
5677
6107
5679
5682
6287
5680
5683
6288
5681
5684
6215
5704
5710
5711
5729
5730
5805
6216
5683
5686
6289
5684
5687
6290
5688
5709
5710
5729
5732
6217
6232
6233
6234
5697
5705
5709
5711
5731
5936
5687
5689
6292
5688
5690
6293
5691
5696
5698
5725
5726
6294
6306
6307
6308
5690
5692
6295
5691
5693
6296
5694
5700
5702
5727
5728
6297
6309
6310
6311
5693
6298
5694
6299
5695
6300
6455
6456
6457
5702
5703
5708
5724
5727
5748
5749
5750
5909
6218
6235
6236
6237
5697
5698
5709
5718
5725
5699
5706
5712
5713
5733
5734
5751
5754
5755
5756
5699
5700
5719
5726
5701
5714
5715
5720
5735
5736
5752
5757
5758
5759
5701
5702
5722
5728
5703
5716
5717
5723
5737
5738
5753
5760
5761
5762
5703
5707
5727
5721
5724
6060
6062
6064
6065
5705
5812
5706
5709
5710
5711
5718
5937
5938
5718
5720
5930
5708
5721
5722
5721
5928
5929
5710
5732
5711
5729
5730
5935
5713
5714
5725
5734
6138
5725
5731
5733
6136
5715
5726
5736
6145
5717
5726
5735
6147
5717
5724
5728
5738
6149
5728
5737
6150
5719
5720
5722
5723
5932
5723
5934
5723
5931
5727
5738
5746
5747
6134
6135
6148
6149
6155
6178
6302
6342
5726
5732
6108
6113
6114
6115
6136
6138
5728
6109
6116
6117
6118
6145
6147
5728
6111
6131
6132
6133
6110
6120
6121
6122
6149
6150
5730
5732
6291
5731
5951
6303
5732
5733
5739
6112
6136
6304
6305
5734
5740
6112
5736
5741
6137
5736
5737
5744
6146
5745
6125
5738
5742
6126
5743
6148
5740
5936
5951
5957
5958
6163
6420
6480
5741
5755
5958
6163
5745
5756
5911
5912
5970
5971
6187
6190
6192
6193
5743
5744
5761
5918
5919
5974
5975
6194
6197
6199
6200
5747
5762
5914
5915
5972
5973
6201
6204
6206
6207
5745
5758
5925
5926
5978
5979
6208
6211
6213
6214
5759
5921
5922
5976
5977
6171
6174
6176
6177
5747
5749
5953
6060
6155
6065
6066
6068
6071
6072
6178
5749
5750
5967
6416
5909
5953
5968
6155
6417
6473
5806
5909
5928
5754
5755
5930
5936
5939
5754
5757
5759
5932
5945
5757
5760
5761
5931
5948
5756
5930
5942
5756
5936
5941
5759
5940
5758
5932
5944
5759
5761
5946
5943
5762
5931
5950
6064
5762
5949
5947
6065
5767
5781
5783
5863
5864
5868
5869
5980
5982
5984
5985
5987
5988
5989
5788
5980
5981
5983
6014
5766
5820
5821
5825
5908
6509
5833
5837
5838
5927
6548
5987
5989
6550
6563
5981
5990
5992
6056
5776
5809
5844
5996
5771
5774
5808
5816
5817
5818
5819
5954
6555
5773
5782
5808
5846
5847
5850
5851
6549
5774
5844
5940
5993
5994
5996
5774
5775
5784
5808
5939
5808
5941
5955
5993
5994
5997
5779
5786
5846
5848
5849
5850
5942
5994
5995
5997
5999
5811
5852
6000
5779
5943
5995
6000
6001
6005
5779
5789
5794
5859
5860
5861
5862
5944
6007
6008
6010
6013
5790
5855
5856
5857
5858
5945
6001
6003
6005
5853
5946
6007
6009
6011
6029
5782
5785
5815
6550
5784
5815
5863
5865
5867
5869
6551
5785
5786
5788
5930
5785
5786
5815
5930
5815
5930
5790
5863
5866
5867
5868
5930
5791
6014
6015
6019
6035
5790
5791
5932
5980
5983
5985
5790
5791
5800
5876
5878
5879
5880
5932
5870
5872
5873
5874
5932
5801
5932
6014
6017
6019
5793
5810
5882
5961
5823
5947
6021
6022
6024
5796
5800
5885
5886
5887
5888
5948
6028
6030
6031
6033
5883
5949
6022
6028
6029
6034
5802
5826
5889
5890
5891
5892
5950
6023
6024
6025
6027
5801
6035
6036
6038
6043
5803
5834
6042
6044
6046
5801
5802
5836
5931
6042
6043
6045
6047
5801
5802
5827
5829
5830
5831
5931
5931
6035
6038
6040
5839
5893
5895
5896
5897
5931
6053
6054
6553
6015
6050
6056
6057
5807
5812
5935
5951
5956
6458
6583
5813
5908
5967
6584
5808
5814
5935
5956
6512
5815
5936
5957
6508
5811
5910
5911
5940
5913
5914
5947
6067
5920
5921
5943
5814
5937
6589
5927
5928
6513
5815
5937
6510
5938
6511
5818
5819
5846
5997
5818
5819
5842
6556
5843
5993
5851
6556
5822
5826
5837
5908
6061
5822
5824
5908
5959
6509
5823
5908
5933
5960
5824
5826
5961
6021
6024
6027
6059
5825
5962
6509
5826
5838
5890
5891
6509
5839
6063
5830
5831
5832
5893
6038
5830
5832
5840
5877
6039
5830
5831
5878
5886
5880
6040
5888
5896
5841
5898
6041
5834
5835
5927
6552
5836
5838
6042
6046
6047
6553
5836
5837
5927
5934
5839
5934
5839
5927
5934
5839
5894
5895
5897
6554
5934
5841
5906
6051
5903
6052
5843
5954
5964
6561
5845
5954
5963
5845
5910
5955
5965
5955
5966
5993
5849
5850
5851
5850
5851
5865
6557
5849
5850
5856
5866
5857
5867
6557
5854
5920
6002
5854
5884
5923
5924
6009
5857
5858
5859
5857
5858
5872
5861
5873
5861
5862
5861
5862
5878
5886
5879
5887
5867
5868
5869
5868
5869
5871
5899
5867
5869
5900
5867
5868
5872
5874
5901
5873
5874
5875
5876
5983
5874
5875
5904
5984
5873
5874
5879
5985
5881
5905
5986
5879
5880
5881
6017
5880
5881
5906
6018
5879
5880
6019
5907
6020
5883
5913
6022
5884
5916
5917
6029
5887
5888
5889
5887
5888
5892
5891
5892
5891
5892
5895
5896
5896
5897
5898
6045
5897
5898
5902
6046
5896
5897
6047
5903
6048
5901
5904
5988
5901
6551
6557
6559
5989
6551
6558
5903
6054
6554
6055
5905
5991
5907
5992
5907
6057
6058
5909
5927
5968
6584
5929
5933
6060
6061
6062
5912
5940
5958
5969
5912
5921
5940
5971
5940
5958
5970
5915
5916
5947
5915
5947
5973
6068
5919
5947
5972
5917
5919
5949
5918
5923
5949
5919
5925
5949
5975
5949
5974
5922
5924
5943
5922
5943
5977
5926
5943
5976
5924
5925
5946
5926
5946
5926
5946
5979
5946
5978
5929
6514
5929
5934
5932
5938
5939
5942
5932
5934
5948
5950
5944
5945
5953
6059
6060
6061
6061
6062
6063
6064
5936
5937
5951
5938
5939
5941
5938
5941
5942
5941
5942
5943
5994
5995
5996
5958
5945
5945
5946
6000
6001
6002
5945
5946
5948
5949
6007
6008
6009
5949
5950
6022
6023
6024
6059
5949
5950
6028
6029
6030
6063
5956
6418
5953
5961
6059
6066
6067
6069
5960
6066
6069
6072
6473
5955
5957
5963
5964
6477
6560
5957
5958
5965
5966
6479
5957
6468
6516
6469
6477
6479
6517
5969
5970
6480
5960
5962
5968
6476
6515
5961
5968
6481
5962
6067
6069
6070
6482
6483
6515
5964
5966
6475
6475
6561
5966
5969
6478
6478
5968
6459
6584
6460
6476
6481
6584
5970
6488
5971
6490
5977
6492
5973
5974
6493
6071
6494
5975
6486
5979
6487
5977
5978
6495
6496
5979
6497
6498
5982
5985
5982
5986
6016
5984
5990
5985
5986
6017
5985
5986
5991
5992
6020
5988
5990
5989
5991
6550
6562
5991
5992
6058
5997
5998
5995
5997
5996
5999
5998
6000
5999
5999
6004
6005
6002
6004
6002
6003
6008
6006
6009
6005
6006
6010
6005
6006
6012
6008
6013
6030
6009
6010
6012
6012
6013
6012
6013
6032
6033
6016
6017
6016
6018
6037
6020
6056
6019
6020
6019
6020
6039
6057
6040
6058
6026
6027
6023
6026
6024
6025
6028
6027
6026
6027
6031
6034
6030
6031
6030
6032
6033
6033
6034
6033
6034
6037
6040
6037
6041
6044
6049
6039
6050
6040
6041
6045
6040
6041
6051
6048
6052
6043
6047
6044
6045
6048
6053
6047
6048
6047
6048
6054
6055
6050
6052
6053
6051
6052
6057
6055
6055
6055
6553
6058
6058
6063
6065
6066
6067
6068
6062
6065
6062
6063
6064
6064
6065
6068
6072
6068
6070
6071
6070
6072
6499
6071
6502
6072
6503
6504
6075
6079
6630
6075
6077
6631
6078
6094
6098
6099
6632
6077
6079
6078
6079
6101
6105
6106
6081
6084
6571
6082
6085
6572
6083
6573
6085
6086
6090
6085
6086
6091
6092
6093
6088
6091
6089
6092
6090
6092
6093
6092
6093
6096
6099
6574
6096
6100
6575
6097
6576
6099
6100
6104
6099
6100
6105
6106
6107
6103
6106
6103
6107
6104
6106
6107
6106
6107
6113
6115
6305
6307
6313
6114
6117
6118
6325
6364
6365
6368
6370
6120
6122
6123
6132
6390
6391
6395
6396
6131
6133
6237
6297
6339
6136
6137
6163
6301
6114
6305
6314
6316
6115
6317
6347
6348
6352
6353
6117
6307
6315
6117
6118
6121
6308
6322
6308
6323
6119
6122
6371
6372
6376
6377
6124
6141
6142
6147
6325
6378
6379
6385
6386
6388
6389
6121
6133
6311
6331
6122
6311
6329
6124
6397
6398
6402
6403
6124
6135
6143
6144
6149
6404
6405
6406
6407
6409
6410
6129
6130
6150
6336
6337
6411
6412
6414
6415
6127
6128
6137
6145
6146
6151
6154
6168
6173
6174
6176
6129
6130
6146
6148
6150
6153
6165
6170
6196
6197
6199
6128
6139
6151
6325
6335
6142
6168
6325
6334
6130
6141
6153
6337
6144
6170
6336
6132
6134
6237
6341
6133
6135
6338
6297
6340
6135
6235
6302
6346
6342
6343
6138
6316
6138
6139
6140
6156
6164
6179
6188
6190
6192
6145
6317
6140
6156
6317
6355
6179
6301
6317
6354
6142
6146
6157
6379
6146
6180
6378
6144
6148
6160
6342
6405
6148
6184
6404
6147
6325
6147
6157
6167
6180
6209
6211
6213
6150
6149
6160
6166
6184
6202
6204
6206
6150
6152
6156
6168
6424
6154
6158
6169
6157
6161
6170
6426
6164
6172
6173
6174
6178
6419
6473
6158
6179
6431
6159
6180
6435
6164
6181
6161
6167
6183
6162
6184
6342
6439
6165
6185
6166
6186
6428
6187
6188
6191
6192
6421
6480
6188
6189
6190
6167
6195
6196
6197
6178
6202
6203
6204
6209
6210
6211
6169
6180
6425
6173
6183
6184
6185
6427
6175
6176
6177
6208
6495
6175
6177
6189
6175
6176
6209
6176
6177
6190
6212
6213
6193
6496
6203
6204
6207
6428
6501
6503
6504
6505
6181
6301
6432
6183
6436
6182
6188
6421
6438
6191
6421
6437
6470
6209
6186
6440
6186
6196
6202
6191
6192
6193
6490
6191
6192
6191
6193
6192
6193
6491
6492
6198
6199
6200
6201
6486
6198
6200
6210
6198
6199
6202
6199
6200
6211
6205
6206
6214
6487
6205
6206
6207
6493
6205
6206
6205
6207
6206
6207
6494
6212
6213
6214
6497
6212
6213
6212
6214
6213
6214
6498
6216
6217
6232
6288
6291
6303
6458
6232
6233
6290
6235
6236
6416
6344
6441
6443
6228
6253
6254
6312
6222
6245
6257
6258
6313
6239
6253
6255
6314
6230
6246
6256
6257
6315
6263
6264
6328
6449
6229
6259
6266
6267
6329
6231
6269
6270
6330
6260
6272
6273
6331
6454
6275
6276
6321
6249
6278
6279
6322
6250
6281
6282
6323
6284
6285
6324
6234
6291
6234
6290
6294
6305
6307
6237
6302
6344
6346
6417
6237
6300
6339
6341
6455
6239
6240
6360
6448
6320
6448
6363
6433
6244
6338
6442
6449
6450
6243
6244
6339
6444
6453
6340
6450
6452
6453
6341
6443
6450
6246
6248
6307
6247
6250
6257
6307
6248
6251
6307
6307
6250
6252
6259
6278
6308
6251
6282
6308
6252
6308
6262
6308
6255
6349
6448
6255
6256
6275
6350
6258
6351
6258
6281
6315
6258
6315
6315
6260
6262
6267
6311
6261
6273
6311
6447
6262
6311
6446
6311
6265
6269
6392
6265
6272
6393
6451
6271
6274
6394
6268
6270
6279
6329
6268
6273
6329
6271
6274
6329
6271
6399
6271
6285
6400
6401
6274
6331
6452
6274
6331
6331
6277
6281
6366
6277
6284
6367
6283
6286
6369
6280
6282
6322
6280
6285
6322
6283
6286
6322
6283
6323
6283
6323
6323
6286
6373
6286
6374
6375
6288
6289
6290
6290
6292
6293
6303
6305
6293
6295
6294
6296
6306
6306
6307
6296
6298
6299
6309
6310
6309
6311
6339
6340
6444
6445
6446
6447
6455
6299
6456
6457
6455
6456
6304
6316
6319
6354
6421
6432
6342
6344
6419
6304
6418
6305
6316
6319
6320
6420
6313
6314
6308
6310
6308
6313
6315
6311
6322
6323
6310
6457
6311
6329
6331
6318
6321
6348
6349
6350
6314
6315
6320
6347
6349
6351
6352
6323
6347
6350
6351
6353
6317
6320
6325
6354
6355
6356
6357
6359
6361
6326
6357
6358
6320
6362
6363
6422
6433
6434
6356
6358
6359
6360
6326
6365
6366
6367
6323
6329
6371
6374
6375
6377
6364
6366
6368
6369
6327
6330
6372
6373
6374
6334
6335
6380
6381
6383
6384
6381
6382
6333
6386
6387
6332
6338
6391
6392
6393
6331
6397
6400
6401
6402
6333
6398
6399
6400
6340
6390
6393
6394
6396
6343
6407
6408
6412
6413
6335
6378
6425
6355
6424
6337
6404
6427
6379
6426
6340
6341
6343
6391
6393
6396
6449
6450
6451
6340
6341
6452
6453
6454
6346
6345
6405
6428
6439
6345
6346
6407
6410
6442
6345
6346
6429
6430
6441
6443
6351
6352
6353
6352
6353
6357
6365
6351
6352
6358
6351
6353
6366
6359
6368
6355
6362
6432
6431
6359
6360
6361
6362
6359
6361
6381
6359
6360
6448
6363
6383
6363
6434
6433
6368
6369
6370
6371
6368
6370
6381
6368
6369
6369
6370
6373
6382
6375
6376
6384
6375
6376
6377
6376
6377
6386
6398
6375
6376
6387
6375
6377
6400
6388
6402
6379
6436
6435
6383
6384
6385
6383
6384
6384
6387
6388
6388
6389
6388
6389
6412
6388
6414
6394
6395
6396
6397
6395
6396
6407
6394
6395
6399
6408
6394
6396
6401
6403
6409
6401
6402
6403
6402
6403
6412
6401
6403
6413
6401
6402
6415
6405
6440
6439
6409
6410
6411
6409
6410
6409
6413
6415
6414
6415
6414
6415
6415
6417
6459
6419
6429
6460
6461
6464
6420
6458
6468
6428
6429
6461
6421
6422
6467
6469
6472
6422
6437
6438
6467
6423
6472
6433
6434
6437
6438
6471
6425
6431
6436
6427
6435
6440
6430
6462
6430
6464
6463
6432
6434
6438
6434
6436
6438
6470
6440
6442
6443
6449
6445
6447
6446
6447
6453
6454
6451
6451
6452
6454
6454
6457
6457
6468
6581
6460
6582
6466
6582
6462
6464
6466
6473
6463
6466
6474
6500
6501
6505
6464
6466
6466
6467
6469
6470
6471
6472
6475
6477
6478
6479
6506
6476
6481
6482
6483
6507
6470
6472
6480
6469
6577
6578
6471
6489
6491
6472
6474
6481
6499
6504
6505
6482
6499
6500
6505
6477
6478
6485
6481
6483
6515
6479
6484
6479
6488
6489
6480
6488
6489
6490
6491
6482
6483
6499
6500
6502
6515
6485
6506
6517
6560
6579
6506
6561
6580
6487
6493
6498
6489
6490
6491
6491
6492
6496
6494
6503
6496
6497
6498
6502
6504
6501
6502
6503
6505
6503
6504
6505
6578
6579
6580
13103
6515
6582
13104
6511
6512
6517
6549
6555
6594
6597
13118
6515
6548
6554
6584
6590
6593
13113
6511
6512
6528
6589
13115
6527
6550
6551
6586
6587
13116
6516
6583
13117
6514
6531
6584
13114
6530
6548
6552
6584
6590
6591
13119
6584
13120
6517
6577
6583
13122
6560
6578
6579
6599
13123
6519
6523
6524
6608
13139
6521
6525
13149
6522
6526
6605
13156
6523
6545
6546
6622
6623
13173
6529
6625
13174
6534
6536
13178
6534
6600
6607
13137
6603
6608
13150
6604
6605
13157
6528
6536
6540
6541
6613
6614
13168
6535
6589
13167
6543
6544
6618
6619
6625
13170
6531
6538
6543
6616
6618
6625
13171
6625
13172
6533
6537
6540
6615
6540
6547
6615
6535
6624
13176
6536
6624
13175
6539
6545
6620
6623
13177
6541
6568
6612
6542
6543
6552
6616
6540
6545
6547
6620
6541
6613
6550
6568
6614
6544
6553
6617
6544
6618
6619
6546
6623
6547
6622
6621
6552
6554
6590
6551
6555
6557
6594
6551
6562
6563
6587
6558
6559
6586
6553
6591
6554
6592
6593
6556
6560
6597
6557
6561
6596
6559
6595
6559
6562
6588
6588
6561
6599
6598
6563
6585
6568
6585
6569
6571
6573
6636
6566
6569
6626
6570
6628
6574
6575
6632
6638
6612
6627
6575
6629
6572
6611
6634
6573
6603
6611
6635
6603
6633
6576
6604
6632
6639
6576
6640
6604
6637
6578
6581
13280
13281
6580
6599
13121
6598
13121
6583
12578
13242
13280
6584
12543
13104
13254
6589
12901
13117
13122
12910
13113
13114
13119
13120
6587
6588
6612
13110
6587
6588
6594
13110
6614
13110
6595
13110
6624
12914
13115
13167
6591
6593
13111
6592
6616
13111
6593
6617
13111
13111
6595
6597
13112
6596
13112
6597
6598
13112
6599
13112
6599
13121
13121
6601
6607
6624
12580
13137
13138
6602
6610
12581
13141
13142
6607
6609
6610
13141
6609
6633
6635
13151
6630
6637
6639
13159
6606
6625
6630
12600
13156
13157
13199
13201
6630
6631
13201
6608
13138
6609
13140
6611
13143
6611
13142
6634
6635
13144
6614
6615
13165
6614
6615
6620
13165
13165
6621
13165
6617
6618
13166
6619
13166
6619
13166
13166
6621
6623
13169
6622
13169
6623
13169
13169
12741
13175
13176
12743
13170
13171
13172
13174
6627
6628
13191
6636
13193
6629
13195
6640
13197
6632
13199
6632
13202
6638
6639
13200
6635
6636
13203
6635
6636
13204
13207
13209
6639
6640
13210
6639
6640
13211
13215
13216
6642
8249
8250
9355
11705
11706
6643
6645
6698
9358
11487
11488
6644
6646
6666
9361
11484
11485
6647
6741
9364
11495
11496
6698
6699
8250
11487
6666
6667
6698
11484
6666
6741
6742
11495
6699
6753
7089
7090
7091
6667
6669
6701
6702
8296
8297
8301
8302
6657
6742
6755
6758
8329
8330
8332
8333
6670
6761
6765
6766
7298
7299
7302
7303
6658
6675
6771
6772
6773
6660
6673
6777
6778
8259
8260
8261
6676
6780
6781
7140
7141
7143
8254
11499
6661
6707
6708
6780
6803
6804
6806
11491
6664
6707
6783
6784
6828
6829
6831
11503
6668
7099
7100
8433
8435
8437
8438
6671
6786
6787
6790
6660
6673
9163
9164
9167
8258
8259
8260
6677
6802
6803
6804
6664
6707
6810
6811
7382
7383
7384
7385
6674
6816
6817
6818
6828
6829
7410
7411
7412
7413
6783
7110
7111
7112
6668
11485
6668
6700
6701
6702
6704
11486
6742
7099
7100
7102
8264
8265
8266
8267
6700
6841
6842
6845
6754
6849
6851
7449
7450
7453
7454
6675
6786
6790
6791
6859
6863
7482
7485
7486
7488
6743
8269
8270
8271
7124
7125
9164
9167
9168
7127
7128
7131
6771
6773
6774
6881
6882
6885
6762
7139
7140
7141
6780
6802
6803
6805
6882
6883
6884
6887
6888
6889
6890
6891
7138
7141
7143
7144
6693
6713
6881
6893
6894
6895
6695
6714
6899
6900
7186
7187
7190
8277
8278
8280
6802
6882
6903
6904
6905
6694
6805
6883
6910
6911
6912
6697
6807
6916
6917
8290
8291
8294
6748
6815
6826
6920
6922
7586
7587
7590
7592
6816
6871
6927
6928
6929
6696
6827
6933
6934
8283
8284
8287
6749
6819
6872
6937
6939
7628
7629
7632
7634
6821
6832
6944
6945
6946
6689
6701
6721
6733
6735
6736
6737
11219
11486
6704
6711
6729
6730
6731
6732
9170
9171
9172
11234
11486
6692
6705
6722
6734
6735
6693
6713
6866
6950
6951
6715
6867
6953
6954
6725
6956
6957
6719
6726
6738
6739
6794
8276
8277
8278
6809
8283
8284
8285
6814
8290
8291
8292
6700
11488
6700
7089
7090
7092
8252
11489
6841
6845
6846
11490
6704
6841
8304
8305
8306
8309
6704
7099
7169
7170
7172
7173
6712
6842
8297
8298
8299
7102
7165
7166
7167
7168
6715
6843
8303
8304
8307
6716
7103
7170
7171
7193
7194
7197
6709
6810
6811
6813
11492
6709
6782
11493
6784
11494
6750
7100
7179
7181
7182
7184
8264
9173
9174
9175
9176
11220
7102
8265
9170
9171
9174
6859
6991
6992
6993
6860
6997
6998
6999
6794
7186
7187
7188
6861
7007
7008
7011
6795
7193
7194
7195
6744
6801
7046
7047
7050
6719
6720
6803
6888
11221
11491
6738
6805
6889
7046
7048
7049
7051
11237
6747
6806
7049
7050
7051
7052
11238
11491
6724
6841
7053
7054
7055
7057
11228
11490
6843
6867
7053
7056
6837
6844
6868
7232
7233
6839
6846
7231
7233
7234
7235
11241
11490
6866
6881
7058
7059
6883
6889
7061
7062
6877
6884
6890
7064
7065
6869
6879
6886
7067
7068
6731
6732
6733
11542
6731
6732
7165
7174
9213
9214
9215
6737
7166
9220
9221
11543
11544
11739
6736
6737
11235
6737
6953
8303
6736
6737
7053
8304
7054
11235
8305
6740
6910
6740
6911
6957
7061
6914
6958
6743
11496
6743
6755
6758
6759
11497
8269
8270
8272
11498
6808
7216
7218
7236
7237
7238
6747
6811
6834
7246
7247
7248
7249
11222
11492
6812
6835
7228
7230
7243
7244
7247
6813
7238
7240
7241
7242
11243
11492
6822
6833
7070
7074
8193
8194
8197
8198
6824
6875
7077
7081
8221
8222
8225
8226
6752
6755
7084
7085
7086
7087
11229
11497
6757
6876
7120
7252
7253
8510
8511
8512
8513
6759
7122
7250
7253
7254
7255
11244
11497
8252
8318
8319
8322
6761
7263
7267
8541
8543
8544
8547
6759
7100
7274
7275
7276
7277
6870
7101
8330
8331
6873
8268
8335
8338
9258
9260
9262
9263
6759
8269
8341
8344
8345
8347
8272
8335
8336
8337
8339
6874
8274
8342
8343
8344
7281
7284
8587
8589
8590
8592
8254
8348
8349
8352
6877
6884
7138
7291
7293
7294
6850
6878
7280
7299
7300
7301
6769
6851
6885
7306
7308
7309
7311
6769
7139
7281
7312
7315
7316
7318
6853
6879
6886
7305
7307
7308
6880
7142
7282
7313
7314
7315
6887
7144
7292
7294
7296
7297
6774
6775
6776
6892
6902
6774
6775
6786
6893
6775
6776
6787
6899
6774
6776
6903
6896
6906
6788
6897
6901
6908
6779
6927
7124
6779
6798
6933
8376
8377
8379
6932
6935
6782
11500
6782
8256
11501
11502
6785
7111
7112
7113
11504
6785
11505
11506
6788
6791
6997
6788
6792
7004
6789
7000
6791
6792
6990
7002
6791
6792
6991
6995
7003
6996
7006
6870
7101
9178
9179
9180
9184
9185
9186
7103
9191
9192
9195
6963
6968
6972
7351
7352
7353
6800
6964
7104
7365
7367
7369
7370
8257
8258
8262
8263
6973
8376
8377
8378
6966
6970
7105
7366
7367
7368
6967
6976
7350
7353
7354
7356
8375
8378
8380
8381
6805
6806
6807
6808
7046
7050
7051
7373
7375
7378
6805
6807
6904
6905
6907
6805
6806
6806
6807
6810
6910
6912
6915
6813
6814
6917
7393
7397
7398
7150
7151
7372
7373
7375
6827
7379
7380
7383
8284
8285
8286
6813
7396
7397
7398
7399
6813
6828
7389
7390
7391
7392
6830
7162
7163
7386
7387
7389
7375
7376
7377
7378
7393
7394
7397
8290
8292
8293
6819
6820
6821
6822
6920
6922
6924
7109
6819
6821
6928
6929
6931
7127
6819
6820
6823
7128
6820
6821
7110
6824
6937
6939
6942
7129
6825
7114
6944
6945
6947
7115
6824
6825
7070
7074
7075
7116
11249
6824
6825
7134
11223
7077
7081
7082
7135
11247
7119
11248
6833
7109
7400
7401
7404
7407
7408
7411
6831
6834
7417
7418
7419
7420
6831
7111
7424
7425
7426
7427
6835
7414
7415
7417
6836
7113
7403
7404
7405
7406
7115
7421
7422
7425
7116
7428
7429
7432
6836
7437
7438
7440
7441
11224
11503
7435
7436
7437
7118
7431
7432
7433
7434
11250
11503
6855
7088
8382
8385
6839
7089
8325
8387
8389
8390
8391
11227
11489
7092
8382
8383
8384
8386
11251
11489
6857
7093
8326
8388
8389
6843
6846
6843
6847
6859
8297
8298
8301
6844
6861
7053
7056
7057
7490
7491
7494
8304
8307
8309
6846
6847
6862
7088
7232
7233
7235
7496
7499
7500
6846
6847
7090
7092
6865
7094
6855
6862
7088
7443
7444
7445
6854
7091
7263
7456
7458
7460
7461
6856
7264
7450
7451
7452
6854
6863
7463
7466
7467
7469
6857
7093
7265
7457
7458
7459
6858
6864
7464
7465
7466
6865
7094
7442
7445
7446
7448
6868
7470
7471
6878
7270
7473
7474
7271
7476
7477
6869
6879
7479
7480
6865
6991
6992
6995
7490
7492
7493
7494
6866
6881
7482
7483
7484
6867
7489
7490
7491
6868
7496
7498
7499
6865
6885
7504
7506
7507
7509
6869
6886
7503
7505
7506
7497
7499
7500
7501
7510
7511
7513
7514
7516
7517
7519
7520
7522
7523
9178
9179
9182
7127
7525
7526
7529
6875
7129
7533
7536
8867
8869
8870
8873
6876
7130
7541
7542
8895
8896
8899
8901
7133
7547
7548
7549
7135
7554
7557
8937
8939
8940
8942
7136
7561
7564
8966
8967
8969
8970
7145
7567
7568
7287
7570
7571
7573
7574
7147
7288
7576
7577
6883
6886
6893
6895
6896
7058
7059
7060
7482
7484
7488
6883
6887
6903
6904
6906
6884
6911
6912
6913
7061
7062
7063
6886
6887
7064
7065
7066
7291
7294
7296
6886
6887
7067
7068
7069
7305
7308
7311
7503
7506
7509
6889
6891
11233
11500
6890
7062
11254
6891
7064
7145
11256
7148
11255
11500
6896
6897
6898
6909
6896
6897
6997
6897
6898
6956
6999
6896
6898
6911
6957
6913
7000
6914
6958
6901
7004
6901
6916
6965
8393
8394
8396
6918
6906
6907
6908
6909
6906
6908
6906
6907
6912
6907
6908
6917
6913
6915
6918
6913
6914
6915
6914
6915
6913
6914
6913
6915
6918
6986
8407
8408
8410
6918
6936
6943
7580
7581
7582
6924
6937
7070
7593
7595
7597
7599
7071
7400
7587
7588
7589
6924
6944
7401
7600
7603
7604
7606
6941
7072
7594
7595
7596
6942
6947
7579
7581
7583
7585
6948
7402
7601
7602
7603
6936
6943
7608
7609
7610
6932
7525
7614
7616
7618
7619
6931
6939
7526
7614
7617
7619
7620
6931
6932
6945
6940
7527
7615
7616
7617
6942
6947
7607
7609
7612
7613
6949
7607
7610
7611
7613
6935
6973
8400
8401
8404
6935
6946
7408
6949
7622
7623
7624
6942
7077
7642
7644
7646
7648
7078
7532
7629
7630
7631
6942
7533
7635
7638
7639
7641
7534
7636
7637
7638
7079
7643
7644
7645
7621
7624
7625
7627
7650
7651
7652
6947
7421
7656
7658
7660
7661
6947
6949
6949
7422
7656
7659
7660
7662
7649
7650
7653
7654
7423
7657
7658
7659
7649
7652
7654
7655
6952
6954
6998
7510
6952
6956
6999
6955
7001
6955
7007
6955
7008
7513
7009
6958
6958
7058
6977
6981
6985
7664
7665
7666
6982
7033
7372
7675
7676
7677
6980
6983
7034
7690
7691
7692
6984
6988
7374
7697
7698
7699
6977
6985
7704
7705
7706
6967
7328
7718
7720
7722
7723
8275
8276
8279
8281
6986
8393
8394
8395
6979
7329
7719
7720
7721
6989
7703
7706
7707
7709
8392
8395
8397
8398
6977
6981
7726
7727
7728
6978
7035
7333
7737
7738
7739
6979
7334
7752
7753
7754
6980
6983
7036
7759
7760
7761
6981
6985
7766
7767
7768
8400
8401
8402
6976
6987
7380
7780
7783
7784
7786
8282
8285
8286
8288
6984
6988
7381
7781
7782
7783
6989
7765
7768
7769
7771
8399
8402
8403
8405
7788
7789
7790
7039
7341
7803
7804
7805
7342
7814
7815
7816
7040
7821
7822
7823
7828
7829
7830
7042
7386
7835
7836
7837
7043
7854
7855
7856
7388
7861
7862
7863
7868
7869
7870
8407
8408
8409
6989
7394
7882
7885
7886
7888
8289
8292
8293
8295
7395
7883
7884
7885
7867
7870
7872
7873
8406
8409
8411
8412
6994
6995
6996
7010
6995
6996
6994
6995
7011
8298
6994
6996
7014
8299
7012
8300
7013
7016
7000
7003
7482
7001
7003
7008
7483
7000
7001
7002
7002
7009
7003
7010
7013
7485
7006
7185
7186
7190
7191
7015
7330
7890
7891
7892
7016
7889
7892
7894
7895
7009
7012
8303
7009
7013
7489
7010
7012
7013
7012
7013
7490
8307
8308
7492
7016
7171
7192
7194
7197
7198
7345
7897
7898
7899
7896
7899
7901
7902
7025
7030
7912
7913
7914
11521
7026
7176
7319
7919
7920
7921
7027
7178
7926
7927
7928
11522
7028
7031
7320
7933
7934
7935
7029
7035
7333
7940
7941
7942
7025
7030
7947
7948
7949
11507
7028
7031
7335
7962
7963
7964
7032
7038
7969
7970
7971
11508
7980
7981
7982
11517
7180
7337
7987
7988
7989
7183
8002
8003
8004
11518
7338
8009
8010
8011
7039
7341
8026
8027
8028
8035
8036
11519
11641
7343
8040
8041
8042
7041
8047
8048
11520
11643
7042
7237
8058
8059
8060
7040
7043
8067
8068
8069
7039
8082
8083
8084
7040
7043
8093
8094
8095
7044
8100
8101
8102
11509
11529
7041
8111
8112
8113
11510
8128
8129
8130
8137
8138
8139
8149
8150
11526
11681
7243
8154
8155
8156
8165
8166
8167
8172
8173
8174
11523
11527
7245
8183
8184
8185
11524
11528
7048
7051
7048
7052
7236
11239
7049
11239
7051
7052
11239
7051
7052
7238
7240
11239
7054
7057
7055
11240
7057
7231
11240
7057
7232
7514
7235
7060
7061
7060
7067
7511
7063
7069
7063
7063
7064
7066
7066
7066
7068
7567
7069
7069
7519
7069
7573
7075
7077
8200
8201
8204
8205
7428
8194
8195
8196
7079
8201
8202
8203
7080
8208
8209
8210
11536
7075
7429
8214
8217
8218
8220
11537
7082
8207
8209
8211
8213
11538
7430
8215
8216
8217
11539
7082
8228
8229
8232
8233
7553
8222
8223
8224
8229
8230
8231
8236
8237
8238
11532
7082
7554
8242
8245
8246
8248
11533
8235
8237
8239
8241
11534
7555
8243
8244
8245
11535
7085
7087
7181
7274
7086
7184
11540
7087
7250
11541
7254
7275
7092
7093
7094
7443
7445
7446
8382
8385
8386
7092
7093
8318
7092
7094
7093
7094
8319
7457
7458
7461
8320
8388
8389
8391
7278
7283
8414
8415
8416
9048
7098
7258
7284
8420
8423
8424
8426
8994
7259
7279
7285
8421
8422
8423
7286
8413
8416
8418
8419
9002
9054
7102
8445
8446
8449
8450
7102
8440
8441
8442
8444
8433
8434
9179
9180
9181
8427
8429
8430
8432
9170
9174
9175
8445
8447
9191
9195
9196
7108
7328
8455
8457
8458
8460
9163
9165
9166
9169
7329
7334
8455
8456
8459
7323
7331
7336
8463
8464
8465
7125
7324
9207
9208
9209
7327
7332
8462
8465
8466
8467
9206
9209
9211
9212
7113
7114
7115
7116
7401
7404
7406
7114
7115
7113
7115
7113
7114
7117
7118
7119
7421
7425
7426
7118
7119
7429
7432
7434
11259
7118
7119
11225
11504
11258
11504
11257
7122
7123
7136
7252
7253
7255
8268
11262
7122
7123
8270
11230
11498
8272
11260
11498
7137
8273
11261
7126
7525
7126
7522
9207
9208
9210
7524
7531
7129
7133
7526
7529
7530
7129
7132
7134
7130
7135
7533
7536
7538
7132
7133
7136
7541
7542
7545
8268
7132
7133
8271
7137
8273
7548
7549
7551
8274
7135
7137
11231
7136
7554
7557
7559
11264
7137
7561
7564
7566
11265
11263
7142
7143
7144
7145
7293
7294
7297
7142
7144
8348
7142
7143
7146
8349
7143
7144
7147
7313
7315
7318
8350
7148
7147
7148
7568
11268
7147
7148
8355
11266
11499
7576
8356
11232
11267
11499
7151
7152
7670
7674
7681
7151
7152
7216
7675
7678
7683
7217
7673
7680
7155
7156
7732
7736
7743
7155
7156
7220
7737
8363
7734
7740
8364
7221
7742
7746
7159
7160
7794
7798
7802
7159
7160
7224
7803
8371
7800
7806
8372
7225
7797
7808
7163
7164
7834
7841
7845
7163
7164
7228
7835
7838
7847
7229
7840
7844
7166
7168
8427
7167
8305
7168
7169
8306
7172
8429
7172
7173
8296
7172
7173
8445
7173
8299
8446
8302
8427
9170
9213
9214
9217
7177
7179
8483
8485
8487
8488
9173
9222
9223
9224
9225
11515
7180
8428
8475
8476
8479
7182
8430
8478
8479
8480
8481
9175
9216
9217
9218
9219
7183
8482
8483
8484
11516
7182
7184
8500
8503
8505
8506
11511
8439
8489
8490
8493
7182
7184
8316
8317
8440
8441
8492
8493
8494
8495
8500
8501
8502
11512
8497
8499
11513
7189
7190
7191
7889
7190
7191
7189
7190
9185
7189
7191
7890
9186
7893
9188
7895
7196
7197
7198
7896
7196
7197
9191
7197
7198
7196
7198
7897
9192
7900
9193
7902
7201
7202
7903
7905
7918
7201
7202
7919
8310
8359
7907
7922
8360
7904
7923
8311
7205
7206
7939
7953
7957
7205
7206
7220
7940
8363
7943
7959
8365
7222
7945
7956
7209
7210
7986
7993
7997
7209
7210
7987
8314
8367
7990
7999
8368
7991
7995
8315
7213
7214
8019
8023
8025
7213
7214
7224
8026
8371
8021
8029
8373
7226
8024
8031
7217
7218
8051
8055
8057
7217
7218
8058
8053
8061
8056
8063
7221
7222
8081
8088
8106
7221
7222
8082
8085
8090
8086
8109
7225
7226
8121
8125
8127
7225
7226
8128
8123
8131
8126
8132
7229
7230
8153
8160
8178
7229
7230
8154
8157
8162
8159
8181
7234
7235
11242
7235
7516
7234
7235
8382
8383
11242
7239
7240
8056
11549
11645
7239
7242
7243
7372
8058
8060
8063
7240
7242
7375
7241
7245
8078
8080
11524
11550
11652
7241
11551
7242
7246
11552
7248
7376
7245
7248
7386
8154
8156
8159
7245
7249
7436
8179
8181
11545
7246
8183
8185
8188
11546
7248
7249
11547
7248
7249
7389
7437
7390
7438
11548
7254
7255
8514
8516
8517
8519
11553
7560
8334
8507
8508
8511
7255
7561
8517
8518
8519
8520
11554
7254
7255
8335
8336
8507
8509
8510
8512
11555
7562
8514
8515
8518
11556
7261
7266
8522
8523
8524
9023
7260
7267
8528
8531
8532
8534
8997
7262
7268
8529
8530
8531
7269
8521
8524
8525
8527
9009
9029
7272
8535
8536
9344
7273
7279
8538
8539
7269
8319
8548
8550
8551
8553
7270
7280
8541
8542
8545
7271
8320
8548
8549
8552
7272
8321
8556
8557
8558
7269
7284
8562
8565
8566
8568
7273
7285
8563
8564
8565
8324
8555
8558
8559
8560
7287
8569
8570
8326
8572
8573
8575
8576
9252
7290
8578
8579
7275
7277
8440
7276
8336
7277
8329
8337
8332
8442
7289
8581
8582
9055
7290
8584
8585
7287
8587
8588
8591
7286
8348
8595
8596
8597
8600
7288
8350
8594
8595
8598
7289
8351
8602
8603
8604
7286
8608
8611
8612
8613
7290
8609
8610
8611
8354
8601
8604
8605
8607
8615
8616
8356
8618
8619
8357
8621
8622
8624
8625
7295
7296
7305
7567
7295
7296
7297
7306
7312
7295
7297
7313
7568
7296
7297
7310
7317
7569
7311
7318
7302
7303
7304
7306
7312
7302
7303
7450
8587
7303
7304
7307
7452
7570
7302
7304
7314
7571
8588
7316
8589
7309
7454
7310
7317
7572
7310
7311
7573
7309
7310
7311
7309
7310
7465
7574
7309
7311
7466
7467
7575
7316
7317
7318
7317
7318
7576
7316
7317
7577
8594
7316
7318
8595
8596
7578
7337
8428
8631
8632
8635
7338
7343
8646
8647
8650
7339
7344
7346
8654
8655
8656
7340
7348
8431
8661
8662
8663
7339
7346
8668
8669
8670
7522
9227
9228
9229
7327
7347
8434
8678
8681
8682
8684
9177
9180
9181
9183
7340
7348
8436
8679
8680
8681
7349
8667
8670
8671
8673
9226
9229
9230
9232
7332
8693
8695
8696
8698
9184
9187
9189
9190
7342
8693
8694
8697
7345
9233
9234
9237
7344
7346
8705
8706
8707
7349
8704
8707
8708
8710
9236
9237
9238
9239
7341
8715
8716
8717
7342
8722
8723
8726
7338
7343
8733
8734
8737
7339
7344
8741
8742
8743
8439
8751
8752
8755
8762
8763
8766
8770
8771
8772
8443
8781
8782
8783
8799
8800
8801
8806
8807
8810
8817
8818
8821
8825
8826
8827
9240
9241
9244
8840
8841
8842
7349
8447
8846
8849
8850
8852
9194
9195
9196
9197
8448
8847
8848
8849
8839
8842
8844
8845
9243
9244
9245
9246
7354
7355
7356
7361
7365
7355
7356
7362
7726
7766
7354
7355
7366
7705
7727
7354
7356
7706
7768
7370
7707
7363
7371
7729
7364
7769
7359
7360
7361
7365
8257
7359
7360
7368
7733
8451
7369
8262
8452
7363
7371
7735
7363
7364
8375
7363
7364
7748
7777
7749
7778
8380
7369
7370
7371
7370
7371
7719
7752
7369
7370
7720
8455
7369
7371
7753
8456
8457
7723
7756
7374
7376
7386
7675
7677
7678
7374
7378
7393
7682
7683
7377
7388
7395
7698
7699
7700
7376
7378
7377
7390
7378
7391
7396
7398
7381
7384
7387
7407
7773
7774
7381
7385
7394
7382
7388
7395
7782
7783
7784
7384
7385
7391
7396
7384
7385
7411
7392
7412
7399
7388
7390
7835
7837
7838
7388
7392
7415
7846
7847
7391
7862
7863
7864
7390
7392
7417
7391
7392
7419
7395
7398
7875
7876
7395
7399
7396
7884
7885
7886
7398
7399
7398
7399
7402
7405
7414
7428
7587
7589
7590
7402
7406
7421
7403
7416
7423
7602
7603
7604
7405
7406
7418
7424
7405
7406
7432
7420
7433
7426
7409
7412
7415
7409
7413
7422
7410
7416
7423
7412
7413
7418
7424
7412
7413
7419
7427
7416
7420
7435
7416
7419
7418
7419
7420
7437
7419
7420
7441
7423
7426
7423
7427
7424
7658
7659
7660
7426
7427
7426
7427
7430
7433
7435
8194
8196
8197
7430
7434
11581
7431
7439
8215
8217
8218
11582
7433
7434
7440
11583
7433
7434
7441
11584
7439
7441
7438
7439
11577
7438
7441
7440
11578
7440
11579
7441
11580
7446
7447
7448
7456
7463
7446
7447
7457
7470
7447
7448
7464
7471
7498
7446
7448
7499
7461
7462
7468
7472
7469
7501
7453
7454
7455
7456
7463
7453
7454
8541
7453
7455
7459
7473
8542
7454
7455
7465
7474
7460
8543
7467
7462
7468
7475
7460
7461
7462
7461
7462
7476
7460
7461
8548
7460
7462
7477
8549
8550
7478
7467
7468
7469
7468
7469
7479
7505
7467
7468
7480
7467
7469
7506
7481
7507
7472
7476
8385
7472
7479
7517
7478
7481
7475
7477
8569
7475
7480
7570
7478
7481
7478
8388
7478
8572
7481
7520
7481
7574
7485
7488
7485
7487
7489
7510
7487
7488
7503
7511
7486
7492
7487
7488
7493
7504
7495
7508
7512
7509
7492
7495
7513
7492
7494
7494
7495
7496
7514
7493
7494
7495
7497
7500
7502
7515
7500
7502
7516
7500
7501
7502
7504
7501
7502
7505
7517
7500
7501
7507
7508
7518
7508
7509
7519
7507
7508
7509
7507
7508
7520
7507
7509
7521
7512
7513
7512
7519
7515
7521
7515
7515
7516
7518
7518
7518
7520
7521
7521
7521
7524
9227
9228
9231
7524
7547
8331
7552
7531
8853
8855
8856
8858
7530
7533
8854
8855
8856
8859
7534
8853
8854
8857
7535
7546
8861
8862
8863
7530
7531
7548
7538
7551
8860
8862
8865
8866
7552
8860
8863
8864
8866
7553
8867
8868
8871
7538
8875
8876
8877
8880
8874
8875
8878
7540
8882
8883
8884
7538
7541
7557
8888
8891
8893
8894
7544
7558
8889
8890
8891
7545
8881
8884
8886
8887
7560
8334
8896
8897
8898
7546
8903
8904
8905
7545
7564
8916
8919
8921
8922
7545
7549
8338
8909
8912
8913
8915
7550
8340
8910
8911
8912
7565
8917
8918
8919
7551
8902
8905
8907
8908
8924
8925
8926
7552
8342
8930
8932
8934
8935
7551
7552
7551
8343
8930
8933
8934
8936
8346
8931
8932
8933
8923
8925
8928
8929
8923
8926
8927
8928
8937
8938
8941
7559
8945
8946
8947
8950
11585
8944
8945
8948
11586
7563
8952
8953
8954
11587
7559
7564
8958
8961
8962
8964
7565
8959
8960
8961
7566
8951
8954
8956
8957
11588
8965
8967
8968
7566
8973
8974
8976
8978
11589
8972
8974
8975
11590
8980
8981
8982
11591
7566
8986
8989
8990
8992
8987
8988
8989
8979
8982
8984
8985
11592
7569
7573
7569
7576
7575
7578
7572
7574
7572
7577
8615
7575
7578
7575
7575
7578
7578
8618
7583
7584
7585
7593
7600
7583
7584
7594
7623
7583
7585
7624
7650
7584
7585
7601
7651
7597
7625
7598
7605
7606
7653
7590
7591
7592
7593
7600
7590
7592
8194
7591
7592
7596
8195
7590
7591
7602
7604
7598
7605
7599
8198
7597
7598
7599
7597
7598
7643
7597
7599
7644
8201
7598
7599
8202
7646
8204
7604
7605
7606
7605
7606
7657
7604
7605
7604
7606
7658
7661
7611
7612
7613
7614
7611
7612
7615
7622
7612
7613
7624
7650
7611
7613
7652
7618
7620
7627
7654
7618
7619
7620
7618
7620
7636
7618
7619
8853
7619
7620
7638
8854
8855
7641
7625
7626
7627
7635
7642
7626
7627
7636
7625
7626
7643
7625
7627
7646
7640
7647
7641
7632
7633
7634
7635
7642
7632
7634
8222
8867
7632
7633
7637
8868
7633
7634
7645
8223
7639
8869
7640
7647
7648
8226
7639
7640
7641
7640
7641
7639
7640
8874
7639
7641
8875
8876
7646
7647
7648
7646
7647
7646
7648
8229
7647
7648
8230
8232
7653
7654
7655
7656
7653
7654
7653
7655
7657
7654
7655
7661
7662
7660
7661
7662
7661
7662
7660
7661
7660
7662
7667
7668
7669
7685
7689
7696
7667
7669
7686
7788
7868
7667
7668
7690
7790
7829
7668
7669
7697
7830
7869
7687
7693
7791
7694
7701
7831
7688
7702
7871
7672
7673
7685
7689
7672
7673
7691
7795
8052
7687
7693
7796
7695
8053
7678
7679
7680
7689
7696
7678
7680
8058
7679
7680
7692
7836
8059
7678
7679
7698
7837
7700
7694
7701
7839
7695
8061
7683
7684
7685
7696
7683
7684
7699
7875
7700
7688
7702
7877
7687
7688
7687
7688
7810
7879
7811
7880
7693
7694
7695
7693
7694
7821
7854
7693
7695
7822
8067
7694
7695
7855
8068
7824
7857
8070
7700
7701
7702
7701
7702
7861
7883
7700
7701
7862
7700
7702
7884
7865
7887
7707
7708
7709
7714
7718
7708
7709
7715
7788
7868
7707
7708
7719
7789
7707
7709
7870
7723
7716
7724
7792
7717
7872
7712
7713
7714
7718
8275
7712
7713
7721
7799
8689
7722
8279
8690
7716
7724
7801
7716
7717
8392
7716
7717
7810
7879
7812
7881
8397
7722
7723
7724
7723
7724
7814
7722
7723
8693
7722
7724
7815
8694
8695
7818
7729
7730
7731
7747
7751
7758
7729
7731
7748
7828
7729
7730
7752
7789
7730
7731
7759
7790
7829
7749
7756
7757
7762
7793
7750
7763
7832
7734
7735
7747
7751
7734
7735
7753
8711
7755
8712
7749
7756
7740
7741
7742
7751
7758
7740
7742
8082
8715
7740
7741
7754
7804
8716
7741
7742
7760
7805
8083
7755
8718
7757
7762
7807
7764
8085
7745
7746
7747
7758
7745
7746
7761
7842
8089
7750
7763
7843
7764
8090
7749
7750
7749
7750
7850
7851
7755
7756
7757
7756
7757
7814
7755
7756
8722
7755
7757
7816
8723
8724
7819
7762
7763
7764
7762
7763
7821
7854
7762
7764
7823
8093
7763
7764
7856
8094
7825
7858
8096
7769
7770
7771
7776
7780
7769
7770
7777
7828
7770
7771
7781
7830
7869
7769
7771
7870
7778
7779
7785
7833
7786
7873
7774
7775
7776
7780
8282
7774
7775
7782
7846
7784
8286
7779
7785
7848
7778
7779
8399
7778
7779
7850
8403
7852
7784
7785
7786
7785
7786
7861
7883
7784
7785
7863
7784
7786
7885
7866
7888
7791
7792
7793
7809
7813
7820
7791
7792
7810
7792
7793
7814
7791
7793
7821
7811
7824
7812
7818
7819
7825
7796
7797
7809
7820
7796
7797
7822
8122
7811
7824
7826
8123
7800
7801
7809
7813
7800
7801
7815
8795
7817
8796
7812
7818
7806
7807
7808
7813
7820
7806
7808
8128
8799
7806
7807
7816
8800
7807
7808
7823
8129
7817
8802
7819
7825
7826
8131
7811
7812
7811
7812
7817
7818
7819
7818
7819
7817
7818
8806
7817
7819
8807
8808
7824
7825
7826
7824
7825
7824
7826
8137
7825
7826
8138
8140
7831
7832
7833
7849
7853
7860
7832
7833
7850
7831
7832
7854
7831
7833
7861
7857
7865
7851
7858
7852
7866
7838
7839
7840
7853
7860
7838
7840
8154
7839
7840
7855
8155
7838
7839
7862
7864
7857
7865
7859
8157
7843
7844
7849
7853
7843
7844
7856
8161
7851
7858
7859
8162
7847
7848
7849
7860
7847
7848
7863
7864
7852
7866
7851
7852
7851
7852
7857
7858
7859
7857
7858
7857
7859
8165
7858
7859
8166
8168
7864
7865
7866
7865
7866
7864
7865
7864
7866
7871
7872
7873
7878
7882
7871
7872
7879
7871
7873
7883
7872
7873
7880
7887
7881
7888
7876
7877
7878
7882
8289
7876
7877
7884
7886
8293
7880
7887
7880
7881
8406
7880
7881
8411
7886
7887
7888
7887
7888
7886
7887
7886
7888
7893
7894
7895
7893
7895
9233
7893
7894
7898
9234
7894
7895
7899
9235
7901
7900
7901
7902
7900
7902
9240
7900
7901
9241
7901
7902
9242
7904
7909
7925
11604
7929
8473
11603
7907
7908
7909
7932
7907
7908
7933
8020
8627
7936
8628
7910
7938
8022
7910
7911
11606
7917
8033
11605
7915
7916
7917
7925
7932
7915
7917
11605
11631
11641
7915
7916
7927
7980
11632
7916
7917
7934
7981
8035
7930
11606
11633
7931
7937
7983
7938
8037
7922
7923
7924
7925
7932
7922
7923
8475
8631
7923
7924
7928
7988
8476
7922
7924
7935
7989
8632
7936
8633
7929
8477
7931
7937
7992
7929
7930
7931
7929
7930
8482
11603
11634
7930
7931
8002
11635
7929
7931
8003
8484
8486
11604
11636
8006
7936
7937
7938
7936
7938
8040
8646
7937
7938
8009
8042
7936
7937
8010
8647
8648
8013
8044
7943
7944
7945
7961
7968
7943
7945
8082
8715
7943
7944
7962
8027
8717
7944
7945
7969
8028
8084
7965
8719
7967
7973
8030
7974
8086
7950
7951
7952
7961
7968
7975
7951
7952
7963
7981
8035
7950
7952
7970
8036
11557
7950
7951
7976
7982
11558
7972
7977
11559
7966
7978
7985
7967
7973
8038
7955
7956
7968
7975
7955
7956
7971
8107
11560
7972
7977
11561
7974
8109
7959
7960
7961
7975
7959
7960
7964
7998
8729
7965
8730
7966
7978
8000
7965
7966
7967
7965
7967
8041
8733
7966
7967
8009
8042
7965
7966
8011
8734
8735
8014
8045
7972
7973
7974
7973
7974
8047
8111
7972
7973
8048
11562
7972
7974
8113
11563
11564
8049
8115
7977
7978
7977
7978
8016
11565
11566
8018
7983
7984
7985
8001
8008
8015
7983
7984
8002
11607
7983
7985
8009
7984
7985
8016
11608
8006
8013
8007
8017
11609
8014
8018
7990
7991
7992
8001
8008
7990
7991
8489
8751
7991
7992
8003
8490
7990
7992
8010
8752
8012
8753
8005
8491
8006
8013
7995
7996
8001
8015
7995
7996
8004
8496
11610
8005
8498
8007
8017
11611
7999
8000
8008
8015
7999
8000
8011
8758
8012
8759
8014
8018
8005
8006
8007
8006
8007
11612
8005
8006
8501
8005
8007
8502
11613
8504
11614
8012
8013
8014
8013
8014
8012
8013
8762
8012
8014
8763
8764
8017
8018
8017
8018
11615
11616
8021
8022
8032
8039
8021
8022
8040
8791
8043
8792
8033
8044
8024
8032
8046
11638
8050
8126
11637
8029
8030
8031
8039
8046
8029
8031
8128
8799
8029
8030
8041
8801
8030
8031
8047
8130
8043
8803
8045
8049
8050
8132
8033
8034
11640
8037
11639
8037
8038
8039
8046
11642
8037
8038
8042
8038
8048
11622
11642
8044
11641
8045
8049
8043
8044
8045
8043
8044
8817
8043
8045
8818
8044
8045
8819
8049
8050
11644
8049
8050
8149
8049
11625
11644
8151
11643
8053
8054
8064
8066
8053
8054
8067
8122
8070
8065
8071
8124
8056
8064
8077
11646
8080
11645
8061
8062
8063
8066
8077
8061
8063
8061
8062
8068
8155
8062
8063
8078
8156
8070
8072
8079
8158
8080
8065
8073
11648
8075
8135
11647
8070
8071
8072
8073
8070
8071
8137
8070
8072
8165
8071
8072
8074
8139
8167
8075
8141
8076
8169
8075
8076
8077
11651
8075
8076
8144
8172
11523
8146
11649
8079
8175
11650
8079
8080
11654
8079
8080
8183
11524
8186
11653
11652
8085
8086
8087
8092
8110
8085
8086
8085
8087
8093
8129
8086
8087
8111
8130
8096
8115
8097
8116
8133
8090
8091
8092
8117
8090
8091
8094
8161
8096
8098
8120
8163
8096
8097
8098
8099
8096
8097
8138
8096
8098
8166
8097
8098
8100
8139
8167
8104
8142
8105
8170
8103
8104
8105
8110
8117
8104
8105
8144
8172
8103
8104
8112
8145
11567
8103
8105
8118
8174
11568
8114
8119
11569
8116
8147
8120
8176
8108
8109
8110
8117
8108
8109
8113
11570
8114
8119
11571
8115
8114
8115
8116
8115
8116
8149
8114
8116
8150
11572
8114
8115
11573
11574
8152
8119
8120
8119
8120
8190
11575
11576
8191
8123
8124
8134
8136
8123
8124
8137
8140
8135
8141
8126
8134
8148
11676
8151
11675
8131
8132
8133
8136
8148
8131
8132
8131
8133
8138
8132
8133
8149
8140
8151
8142
8152
8135
8143
11678
8146
11677
8140
8141
8142
8143
8140
8141
8140
8142
8141
8142
8144
8146
8147
8146
8147
8148
11680
8146
8147
11529
8147
8150
11529
11660
11680
11679
8152
8151
8152
11682
8151
8152
8152
11663
11682
11681
8157
8158
8159
8164
8182
8157
8159
8157
8158
8165
8158
8159
8183
8168
8169
8186
8188
8162
8163
8164
8189
8162
8163
8166
8168
8170
8191
8168
8169
8170
8171
8168
8169
8168
8170
8169
8170
8172
8175
8176
8175
8176
8177
8182
8189
8175
8176
8175
8177
8184
11650
11665
8176
8177
8190
11666
8186
8191
8187
8192
11667
8180
8181
8182
8189
8180
8181
8185
11668
8187
8192
11669
8188
8186
8187
8188
8186
8188
8186
8187
11653
11670
8187
8188
11671
11672
8191
8192
8191
8192
11673
11674
8197
8198
8199
8200
8214
8197
8198
8198
8199
8202
8197
8199
8215
8218
8204
8206
8219
8204
8205
8206
8207
8204
8205
8229
8204
8206
8205
8206
8208
8231
8211
8233
8212
8211
8212
8213
8214
8211
8212
8236
8211
8213
8237
11699
8212
8213
8216
11700
8239
8219
8220
11701
8218
8219
8220
8218
8219
8219
8220
11702
8218
8220
11703
11704
8225
8226
8227
8228
8242
8225
8226
8937
8226
8227
8230
8225
8227
8243
8938
8246
8939
8232
8234
8247
8232
8233
8234
8235
8232
8233
8232
8234
8233
8234
8236
8239
8240
8239
8240
8241
8242
8239
8240
8239
8241
11693
8240
8241
8244
11694
8247
8248
11695
8246
8247
8248
8246
8247
8944
8247
8248
11696
8246
8248
8945
11697
8946
11698
8250
8251
9021
11706
8252
11705
8252
8993
9022
9024
9025
9027
11707
8318
8322
8323
11482
8254
8255
9000
9030
9050
9051
9053
11483
8256
8349
8352
8353
11708
8256
9031
11709
11710
8261
8262
8263
8375
8262
8263
9163
8261
8262
9164
8261
8263
8376
8379
9165
8381
8265
8267
11226
11497
8266
9171
9174
9176
11290
11486
8267
11292
11485
11486
11291
11485
11497
8272
8273
8274
8335
8338
8339
8272
8274
8272
8273
8273
8274
8343
8344
8345
8279
8280
8281
8392
8279
8281
9184
8279
8280
9185
8280
8281
8393
9187
8396
8398
8286
8287
8288
8399
8287
8288
8400
8286
8287
8286
8288
8404
8405
8293
8294
8295
8406
8293
8294
8294
8295
8407
8293
8295
8410
8412
8300
8301
8302
8306
8301
8302
8300
8301
8307
8300
8302
8308
8309
8305
8308
8305
8309
8306
8308
8309
8308
8309
8311
8313
8475
9198
8312
8473
8477
8313
8474
8478
9216
8480
9199
9218
8315
8317
8489
9202
8316
8491
8498
8317
8492
8499
8494
9203
8320
8323
8325
8320
8324
8321
8326
8548
8552
8553
9247
9249
9251
8323
8324
8327
8556
8558
8559
9023
9252
9254
9256
8323
8324
9025
8328
9027
9029
8328
9247
9248
9250
9251
11245
11482
9247
9249
8328
9039
9252
9253
9256
9041
9253
9255
9256
11296
11482
8332
8333
8341
8332
8333
8433
8333
8342
8435
8347
9257
9258
9259
8336
8339
8337
9257
9260
9261
9263
8339
8341
9265
9267
9269
9270
8339
8343
9266
9268
9269
9270
8345
8346
9264
9265
9266
8345
8347
9271
9275
9276
9277
8347
9272
9274
9275
9276
8345
9273
9274
9275
9277
8345
8347
9271
9272
9273
8350
8354
8350
8353
8355
8351
8356
8595
8598
8600
8353
8354
8357
8602
8604
8607
9048
8353
8354
9051
8358
9053
9054
8356
8358
11301
11708
8357
8619
11299
8358
8621
9055
11246
9058
11300
11708
8360
8362
8631
9198
8361
8628
8633
8362
8629
8634
8638
8636
8640
9200
8364
8365
8715
8366
8712
8718
8366
8719
8730
8713
8720
8731
8368
8370
8751
9202
8369
8753
8759
8370
8754
8760
8776
8756
8778
9204
8372
8373
8799
8374
8796
8802
8374
8792
8803
8793
8797
8804
8379
8380
8381
8379
8381
8379
8380
8401
8380
8381
8402
8403
8383
8386
8384
11253
8386
8387
11253
8386
8388
8391
8390
8391
11252
8391
8390
8391
9247
9248
11252
8396
8397
8398
8396
8398
8396
8397
8408
8397
8398
8409
8411
8403
8404
8405
8404
8405
8403
8404
8403
8405
8410
8411
8412
8410
8412
8410
8411
8411
8412
8417
8418
8419
8420
9066
8417
8418
8421
8581
8603
8417
8419
8582
9048
9067
8418
8419
8604
9048
8425
8583
9071
8426
8605
9048
9072
8424
8425
8426
9059
8425
8426
8584
8610
8424
8425
8530
8585
9061
8424
8426
8531
8611
8532
9063
8586
9065
8612
8429
8430
9213
9217
9218
8439
9278
9279
9280
8432
8446
8432
8441
9279
9281
9283
9284
8443
8448
9289
9290
9293
8444
8449
9292
9293
9294
9295
8435
8438
8438
8447
9301
9302
9303
9306
8437
8442
9298
9299
8443
8448
9300
9301
9304
8438
8444
8449
9303
9304
9305
9306
8450
9307
9308
9309
8441
8442
9203
9205
8444
9308
9310
9312
9313
8444
9316
9317
9318
9319
9322
9321
9322
9323
9324
8446
8450
8449
8450
9330
9331
9332
9335
9329
9330
9333
8450
9332
9333
9334
9335
8452
8454
8456
8711
8453
8457
9165
8454
8458
8469
9166
8461
8472
8714
8457
8460
8693
8457
8461
8722
8458
8460
8461
8462
8460
8461
8463
8697
8726
8467
8698
8468
8727
8466
8467
8468
8469
8467
8468
8705
8741
8466
8468
8470
8669
8743
8466
8467
8670
8707
8471
8671
8708
8472
8744
8471
8472
9206
8471
8472
8686
8748
8687
9211
8749
8474
8486
11718
8487
9224
11719
8477
8480
9278
8477
8481
8484
8490
8478
8486
8480
8481
8487
8480
8481
8493
9279
9281
8488
8495
8485
8486
11600
11718
8485
8488
8500
11601
8486
8488
8501
8487
11602
11719
8487
8488
8506
8491
8494
9307
8491
8495
8501
8492
8504
8494
8495
8505
8494
8495
9308
9310
8506
8497
8498
8502
11593
8499
8503
11594
8499
8504
8505
8503
8506
11595
8504
8506
8503
8504
11596
8505
11597
8505
8506
8509
8512
9257
8509
8513
8515
8965
8510
8516
8512
8513
8517
8512
8513
8967
9258
9260
8520
8969
8516
8519
11720
8516
8520
8972
8517
8519
8520
8519
8520
8974
11721
11722
8976
8525
8526
8527
8528
9112
8525
8526
8535
9023
9113
8526
8527
8529
8536
8557
8525
8527
8558
9023
9023
9116
8533
8537
9118
8534
8560
8532
8533
8534
9105
8533
8534
8538
8564
8532
8533
8539
9108
8532
8534
8565
9109
8540
9111
8566
8537
9122
9346
8537
8538
8576
8540
9124
8540
8579
8540
8585
9120
9121
8543
8547
8587
8543
8546
8549
8569
8544
8550
8546
8547
8551
8562
8546
8547
8563
8570
8591
8554
8567
8571
8568
8592
8550
8553
8550
8554
8572
8551
8553
8554
8555
8553
8554
8556
8573
8559
8561
8574
8559
8560
8561
8562
8559
8561
8575
8560
8561
8564
8576
8559
8560
8566
8567
8577
8566
8567
8568
8567
8568
8578
8609
8566
8567
8579
8566
8568
8611
8580
8613
8571
8572
8571
8578
8616
8574
8580
8574
8574
8575
9249
8577
8577
9254
8577
8579
8580
8580
8624
8580
8583
8584
8622
8583
9055
9160
8586
9162
8586
8625
8586
9157
9159
8589
8592
8589
8593
8594
8615
8590
8596
8592
8593
8597
8608
8592
8593
8609
8616
8613
8599
8614
8617
8596
8599
8618
8596
8600
8597
8599
8600
8601
8599
8600
8602
8619
8606
8620
8607
8605
8606
8607
8608
8606
8607
8621
8605
8606
8610
8622
8605
8607
8612
8614
8623
8612
8613
8614
8613
8614
8624
8612
8614
8625
8612
8613
8626
8617
8618
8617
8624
8620
8626
8620
8620
8621
8623
8623
8623
8625
8626
8626
8626
8628
8630
8646
8791
8629
8648
8630
8642
8649
8644
8652
8794
8633
8636
9278
8633
8637
8647
8752
8634
8648
8636
8637
8649
8660
8636
8637
8661
8755
9280
8664
9282
8651
8665
8757
8640
8641
8642
8660
8640
8641
8662
8832
9285
8664
9286
8645
8666
8834
8644
8645
8653
8644
8645
8654
8814
8836
8658
8815
8659
8837
8648
8652
8817
8648
8651
8762
8649
8651
8652
8653
8651
8652
8655
8766
8821
8657
8767
8658
8822
8657
8658
8659
8660
8658
8659
8826
8840
8657
8658
8770
8827
8657
8659
8663
8771
8841
8665
8773
8828
8666
8843
8664
8665
8666
8664
8665
8781
9289
8664
8666
8847
9290
8665
8666
8782
8848
9291
8785
8851
8671
8672
8673
8678
8685
8672
8673
8679
8771
8841
8671
8672
8686
8772
8671
8673
8842
8687
8683
8688
8774
8684
8844
8676
8677
8678
8685
9177
8676
8677
8680
8777
9296
8682
9181
9297
8683
8688
8779
8682
8683
8684
8683
8684
8782
8848
8682
8683
8783
9300
8682
8684
8849
9301
9302
8786
8852
8687
8688
9226
8687
8688
8788
9230
8789
8690
8692
8694
8795
8691
8695
9187
8692
8696
8700
9189
8699
8702
8798
8695
8698
8695
8699
8806
8696
8698
8699
8704
8698
8699
8705
8810
8708
8709
8811
8702
8703
8704
9236
8702
8703
8706
8814
8836
8709
8816
8710
8838
9238
8708
8709
8710
8708
8709
8825
8709
8710
8826
8840
8708
8710
8842
8829
8845
8712
8714
8722
8713
8724
8714
8725
8747
8727
8749
8718
8719
8718
8721
8723
8800
8719
8721
8733
8801
8720
8724
8720
8735
8721
8725
8736
8728
8739
8805
8724
8727
8724
8728
8807
8725
8727
8728
8740
8727
8728
8741
8810
8744
8746
8812
8730
8732
8734
8758
8731
8735
8732
8736
8747
8738
8750
8761
8735
8739
8818
8735
8738
8763
8736
8738
8739
8740
8738
8739
8742
8766
8821
8745
8768
8746
8823
8744
8745
8746
8747
8744
8746
8825
8745
8746
8770
8827
8744
8745
8748
8772
8749
8750
8775
8830
8749
8750
8749
8750
8788
8790
8753
8756
9307
8753
8757
8762
8754
8764
8756
8757
8765
8780
8756
8757
8781
9309
8784
9311
8767
8785
8759
8761
8763
8760
8764
8761
8765
8787
8768
8790
8764
8767
8764
8768
8765
8767
8768
8769
8767
8768
8770
8773
8775
8773
8774
8775
8780
8787
8773
8775
8773
8774
8782
8774
8775
8788
8785
8786
8789
8790
8778
8779
8780
8787
8778
8779
8783
9314
8784
9315
8786
8789
8784
8785
8786
8784
8785
9318
8785
8786
8784
8786
9319
9320
8789
8790
8789
8790
8792
8794
8817
8793
8819
8794
8813
8820
8815
8822
8796
8798
8806
8797
8808
8798
8809
8813
8811
8816
8802
8803
8802
8805
8807
8803
8805
8818
8804
8808
8804
8819
8805
8809
8820
8812
8823
8808
8811
8808
8812
8809
8811
8812
8824
8811
8812
8825
8829
8830
8815
8816
8824
8815
8816
8826
8828
8829
8819
8822
8819
8823
8820
8822
8823
8824
8822
8823
8827
8828
8830
8828
8829
8830
8829
8830
8828
8829
8828
8830
8833
8834
8835
8846
9194
8833
8834
8847
9325
8850
9196
9326
8837
8851
8837
8838
8839
9243
8837
8838
8840
8843
8845
9245
8843
8844
8845
8846
8843
8845
8843
8844
8848
8844
8845
8851
8852
8850
8851
8852
8850
8851
9329
8851
8852
8850
8852
9330
9331
8855
8858
8855
8859
8875
8856
8858
8859
8860
8858
8859
8861
8878
8864
8865
8880
8864
8865
8866
8864
8865
8882
8865
8866
8884
8925
8864
8866
8926
8886
8928
8869
8873
8937
8869
8872
8874
8870
8876
8872
8873
8877
8888
8872
8873
8889
8941
8879
8892
8894
8942
8876
8879
8876
8880
8877
8879
8880
8881
8879
8880
8882
8885
8886
8885
8886
8887
8888
8885
8886
8885
8887
8890
8904
8886
8887
8905
8892
8893
8907
8892
8893
8894
8892
8894
8959
8892
8893
8918
8893
8894
8919
8961
8921
8962
8899
8900
8901
8909
8916
8899
8901
8967
9258
8899
8900
8910
9259
8900
8901
8917
8968
8913
9262
8914
8920
8922
8970
8906
8907
8908
8909
8916
8906
8908
8911
8924
8906
8907
8918
8907
8908
8925
8914
8920
8921
8915
8929
8913
8914
8915
8913
8914
9264
8914
8915
8931
8913
8915
8933
9266
9268
8936
8920
8921
8922
8920
8922
8987
8920
8921
8921
8922
8989
8990
8927
8928
8929
8930
8927
8929
8931
8928
8929
8927
8928
8935
8936
8934
8935
8936
8935
8936
8934
8935
9272
8934
8936
9273
9274
8939
8942
8939
8943
8944
8940
8946
8942
8943
8947
8958
8942
8943
8959
8962
8949
8963
8946
8949
8946
8950
11723
8947
8949
8950
8951
8949
8950
8952
11724
8955
8956
11725
8955
8956
8957
8958
8955
8956
11726
8955
8957
8960
8981
8956
8957
8982
11727
8963
11728
8964
8985
8962
8963
8964
8962
8963
8963
8964
8988
8962
8964
8989
8992
8969
8971
8972
8969
8970
8971
8973
8986
8969
8970
8970
8971
8987
8976
8990
8977
8991
8976
8977
8976
8977
8978
8979
8976
8978
11729
8977
8978
8980
11730
8983
8984
11731
8983
8984
8985
8986
8983
8984
11732
8983
8985
8988
8984
8985
11733
8991
11734
8992
8990
8991
8992
8990
8991
8991
8992
8990
8992
8995
9024
9025
9026
8997
8998
9002
9059
9060
9063
9064
9022
9032
9033
8997
8998
9004
9077
9078
9082
9083
9009
9105
9106
9109
9110
9015
9129
9130
9133
9134
9000
9030
9042
9043
9049
9050
9051
9010
9014
9019
9060
9061
9062
9015
9049
9066
9069
9070
9072
9016
9020
9052
9067
9068
9069
9009
9033
9084
9086
9088
9090
9007
9010
9014
9078
9079
9080
9008
9011
9035
9085
9086
9087
9012
9017
9097
9098
9013
9038
9100
9101
9026
9112
9114
9116
9117
9012
9106
9107
9108
9013
9028
9113
9114
9115
9019
9119
9120
9122
9123
9350
9017
9130
9131
9132
9042
9140
9143
9144
9146
9018
9044
9141
9142
9143
9019
9149
9150
9020
9047
9154
9155
9157
9158
9057
9160
9161
9022
11735
9032
9034
11736
9027
9028
9029
9039
9344
9346
9348
9027
9028
9032
9040
9027
9029
9028
9029
9033
9041
9035
9113
9114
9116
9349
9350
9352
9353
9031
9043
11737
11738
9034
9035
9036
9035
9037
9038
9085
9086
9088
9339
9341
9342
9037
9040
9340
9341
9342
9343
11147
11736
9337
9338
11152
11736
9339
9341
9350
9041
9344
9345
9348
9041
9351
9352
9353
9354
11155
11707
9345
9347
9348
11148
11707
9044
9049
9044
9046
9050
9047
9052
9141
9143
9146
9047
9147
11157
9047
9056
11159
11737
9057
9154
11149
9052
9053
9054
9055
9052
9054
9052
9053
9056
9053
9054
9057
9067
9069
9072
9058
9057
9058
11160
9057
9058
11161
11483
9160
11150
11162
11483
9063
9064
9065
9066
9063
9064
9106
9130
9063
9065
9108
9157
9064
9065
9068
9132
9158
9109
9070
9133
9071
9159
9070
9071
9072
9071
9072
9160
9070
9071
9142
9161
9070
9072
9143
9144
9162
9075
9076
9084
9091
9075
9076
9085
9095
9088
9089
9093
9096
9081
9082
9083
9084
9091
9082
9083
9106
9130
9081
9082
9087
9097
9107
9081
9083
9092
9098
9131
9089
9093
9099
9090
9110
9094
9134
9088
9089
9090
9088
9089
9100
9088
9090
9114
9089
9090
9101
9115
9102
9117
9093
9094
9093
9094
9103
9137
9104
9138
9096
9100
9336
9102
9104
9099
9101
9119
9099
9103
9149
9102
9104
9102
9339
9102
9123
9104
9152
9109
9110
9111
9112
9109
9110
9110
9111
9115
9119
9109
9111
9120
9117
9118
9121
9116
9117
9118
9116
9118
9122
9116
9117
9117
9118
9123
9124
9121
9123
9121
9157
9124
9124
9349
9124
9127
9128
9136
9140
9127
9128
9141
9147
9139
9145
9148
9146
9133
9134
9135
9136
9140
9133
9134
9134
9135
9137
9149
9133
9135
9142
9150
9144
9138
9139
9145
9151
9138
9139
9138
9139
9152
9153
9144
9145
9146
9145
9146
9154
9144
9145
9155
9144
9146
9156
9148
9154
9153
9156
9151
9152
9151
9155
9158
9153
9156
9153
9156
9156
9161
9159
9159
9161
9162
9162
9162
9165
9169
9165
9168
9166
9168
9169
9206
9168
9169
9207
9210
9212
9172
9175
9214
9217
9219
9172
9176
11711
9173
9220
9222
9225
11544
11712
9175
9176
11713
9175
9176
11714
9181
9182
9183
9226
9182
9183
9227
9181
9182
9181
9183
9231
9232
9187
9190
9187
9188
9188
9190
9233
9189
9189
9235
9190
9236
9239
9193
9196
9193
9197
9240
9194
9242
9196
9197
9243
9196
9197
9246
9199
9200
9278
9201
9281
9201
9282
9286
9283
9287
9203
9204
9307
9205
9310
9205
9311
9315
9312
9316
9210
9211
9212
9210
9212
9210
9211
9228
9211
9212
9229
9230
9215
9218
9215
9219
9220
9216
9221
9218
9219
9224
9218
9219
9225
9221
9225
11544
9224
11739
9223
9225
11544
11716
9224
11717
11719
11739
9225
9230
9231
9232
9231
9232
9230
9231
9230
9232
9235
9239
9235
9238
9241
9236
9238
9239
9238
9239
9244
9245
9242
9246
9242
9245
9243
9245
9246
9245
9246
9248
9251
9250
11297
9251
9254
9251
9255
11297
9256
9254
9344
9255
9345
11298
9256
9256
11298
9260
9261
9260
9262
9261
9262
9264
9263
9263
9267
9263
9268
9269
9267
9268
9267
9270
9271
9268
9270
9273
9269
9269
9270
9277
9276
9277
9274
9276
9274
9277
9275
9276
9277
9281
9282
9281
9284
9308
9282
9284
9289
9309
9283
9283
9291
9284
9292
9294
9313
9286
9288
9290
9325
9287
9291
9288
9292
9295
9328
9291
9294
9318
9291
9295
9329
9292
9294
9295
9294
9295
9322
9333
9323
9334
9297
9299
9300
9314
9298
9302
9299
9303
9305
9317
9302
9305
9319
9302
9306
9330
9303
9305
9306
9305
9306
9322
9333
9324
9335
9310
9311
9310
9313
9311
9313
9318
9312
9312
9320
9313
9321
9323
9315
9317
9319
9316
9320
9317
9321
9324
9320
9323
9320
9324
9321
9323
9324
9323
9324
9326
9328
9329
9327
9331
9328
9332
9334
9331
9334
9331
9335
9332
9334
9335
9334
9335
9338
9339
9338
9340
11153
9342
9342
9342
9343
11151
9342
9343
9352
9354
11151
9346
9347
11154
9348
9349
9348
9351
11154
9353
9350
9353
9352
9353
9354
11156
9353
9354
11156
9356
9358
9488
10728
11163
11185
9357
9359
9490
9491
11171
11187
9360
9494
9495
11172
11190
12534
9359
9361
11375
11376
11377
11378
9360
9362
9368
9498
9499
9500
9363
9369
9505
9506
9507
12535
9362
9364
9400
9401
10017
10032
9363
9365
9370
9366
9371
9512
9513
9514
12536
9365
9404
9405
10018
10035
9366
9372
9373
9519
9520
9521
12537
10019
10729
11374
11375
11379
11489
9490
9498
9499
9501
11377
9494
9498
9505
9506
9508
9371
9372
9376
9400
9401
9402
9403
9410
9411
9412
9499
9500
9503
9504
9513
9515
9517
9506
9512
9513
9515
9373
9378
9404
9405
9406
9407
9413
9414
9415
9520
9522
9524
9513
9519
9520
9522
9408
9501
9527
9531
9532
9508
9529
9531
9534
9535
9390
9410
9411
9452
9453
9456
9532
9410
9515
9535
9537
9538
9392
9411
9413
9414
9446
9447
9449
9413
9522
9538
9540
9541
9381
9383
9545
10731
11170
11206
11483
11708
11709
11710
9382
9384
9546
9547
11207
11208
9385
9548
9549
11209
11210
12538
9384
9418
9419
9430
9432
10022
10048
10049
10051
11499
11500
11501
11502
9385
9386
9550
9551
9552
9553
9387
9554
9555
9556
9557
12539
9387
9388
9420
9421
9422
9423
9430
9431
9432
9433
9389
9558
9559
9560
9561
12540
9389
9426
9427
9428
9429
9434
9435
9436
9437
9564
9565
9566
9567
12541
9402
9409
9451
9452
9453
9392
9403
9411
9439
9440
9441
9406
9445
9446
9447
9407
9414
9457
9458
9459
9397
9416
9568
9569
9419
9420
9430
9463
9465
9467
9469
9625
9626
9627
9628
9398
9422
9431
9464
9465
9466
9424
9471
9932
9933
9934
9935
9426
9434
9474
9475
9476
9428
9435
9572
9573
9574
9401
9402
10017
11378
9403
9404
10032
9403
9451
9452
9454
10033
11380
9406
9439
9440
9442
9721
9722
9723
9724
9405
9406
10018
9407
10035
9407
9445
9446
9448
10036
9457
9458
9460
10037
9409
9526
10019
11379
9451
9453
9455
9532
10045
11380
9412
9533
9412
9439
9441
9443
9413
9538
9415
9415
9416
9457
9459
9461
9417
9541
9417
9424
9568
9425
9543
9419
9545
9550
10048
9552
10049
9421
9422
9552
9423
9553
9558
9423
9426
9464
9465
9467
9427
9560
9425
9428
9471
9429
9562
9427
9428
9474
9476
9478
9429
9564
9429
9572
9573
9575
9566
9431
9432
10022
9433
9434
9465
9466
9469
10050
9433
10051
9436
10052
9435
9436
9475
9476
9479
10023
9437
9573
9574
9576
10053
9437
10054
10055
9442
9443
9444
9450
9615
9617
9442
9443
9452
9442
9444
9445
9586
9731
9732
9735
9443
9444
9447
9454
9587
9737
9739
9742
9456
9484
9487
9618
9619
9448
9484
9485
9486
9487
9584
9448
9449
9457
9449
9486
9487
9460
9480
9481
9482
9483
9585
9461
9482
9483
9454
9455
9456
9647
9650
9454
9455
9588
9454
9456
9455
9456
9589
9590
9460
9461
9460
9462
9591
9461
9462
9568
9578
9579
9580
9581
9592
9579
9581
9570
9580
9581
9593
9756
9757
9759
9467
9468
9469
9594
9659
9662
9664
9467
9468
9474
9467
9469
9468
9469
9475
9595
9477
9596
9665
9669
9670
9597
9569
9582
9598
9929
9930
9934
9936
9937
9938
9472
9572
9577
9599
9773
9774
9776
9930
9931
9932
9935
9477
9478
9479
9571
9600
9678
9682
9683
9477
9478
9477
9479
9601
9478
9479
9573
9602
9685
9689
9691
9575
9576
9603
9481
9483
9578
9605
9482
9485
9607
9483
9486
9579
9485
9487
9610
9486
9612
9487
9489
9490
10728
11185
11377
9492
9526
10729
11186
11379
9491
9492
11171
9493
9494
9498
11187
9493
9501
9527
11188
9496
9502
9528
11189
9495
9496
11172
9497
9505
11190
11302
9497
9508
9529
11191
9509
9530
11192
11303
9500
9502
9500
9503
11378
9504
9506
9502
9503
11379
9504
9508
9531
9504
9532
11380
9510
9533
9507
9509
11304
9507
9510
9511
9512
11305
9509
9510
9511
9534
11306
9511
9515
9535
9516
9536
11307
9514
9516
11308
9514
9517
9518
9519
11309
9516
9517
9518
9537
11310
9518
9522
9538
9523
9539
11311
9521
9523
11312
9521
9524
9525
11313
9523
9524
9525
9540
11314
9525
9541
9542
11315
9527
10730
11198
9528
11173
9529
9531
11199
9530
11174
9534
11200
11316
9533
9533
9535
9536
11317
9536
9537
11318
9539
11319
9539
9540
11320
9542
11321
9542
9543
9544
11322
9544
9562
9563
11323
9546
10731
11206
9547
9550
11207
9548
9551
11208
9549
9554
11209
9555
11210
11324
9551
9552
9553
9554
9553
9556
9555
9556
9557
11325
9557
9558
9559
11326
9559
9560
9561
11327
9561
9564
9565
11328
9563
9566
9567
11329
9565
9566
9567
11330
9567
11331
9570
9570
9623
9929
9933
9934
9957
9958
9959
9624
9968
9969
9970
9575
9576
9577
9629
9844
9845
9849
9575
9577
9575
9576
9576
9577
9630
9631
9632
9579
9580
9651
9581
9581
9656
9769
9936
9937
9771
9930
9936
9939
9941
9585
9586
9609
9610
9611
9612
9730
9732
9734
10021
10036
9592
9604
9605
9607
9608
10036
10038
9721
9730
9731
9732
9589
9722
9737
9738
9739
9589
9590
10020
10033
10045
9647
9648
9649
9650
9737
9738
9741
10033
10046
9649
9650
10045
10047
9592
9755
9757
9759
9761
10025
10037
9651
9653
9654
9656
10037
10056
9624
9756
9757
9758
9625
9658
9659
9662
9597
9601
9668
9669
9670
9671
10028
10050
9602
9665
9666
9669
9628
9661
9662
9663
9664
10050
10060
9769
9942
9943
9947
9958
9979
9981
9982
9632
9773
9774
9775
9629
9638
9640
9678
9679
9682
9603
9688
9689
9690
9691
10023
10030
9685
9686
9689
9631
9681
9682
9683
9684
10023
10066
9607
9608
9609
9779
9781
10237
10336
10338
9607
9608
9633
9635
9651
9608
9633
9634
9635
9636
9643
9652
9779
9782
10238
10337
10338
9612
9692
9694
9653
10242
9611
9612
10131
9611
9612
9618
9815
9816
10086
10134
10373
9614
9637
9638
9639
9640
9672
9679
9795
9797
10252
10343
10344
9642
9673
9783
9785
9787
9788
9789
9790
10256
10339
10341
9617
9647
9737
9803
9805
9807
9808
9648
9741
9804
9805
9806
10082
9619
9742
9799
9800
9801
9802
9619
9732
9814
9815
9816
9817
9735
9810
9811
9812
9813
9622
9823
9824
10103
10107
9660
9714
9715
10106
10108
9826
9827
10096
10153
9842
9957
9958
9962
9969
10012
10014
10016
9968
9970
9971
9627
9628
9658
9662
9663
10124
9627
9628
10022
10027
10049
10049
10122
10022
10123
9762
9765
9843
9844
9845
9631
9632
10031
10053
9844
9847
9848
9849
10053
10128
9773
9775
9777
9845
9846
9848
9849
10127
9635
9636
9692
9635
9636
9743
9751
9752
9695
9744
9639
9640
9696
9787
9639
9640
9762
9763
9789
9698
9642
9645
9725
9726
9727
9728
9766
9864
9865
10246
10554
10555
9767
9851
9853
9854
9855
9856
9857
10250
10551
10552
9644
9743
9744
9745
9746
9831
9883
9885
10293
10680
10681
9646
9832
9872
9873
9878
9879
9880
9881
10298
10677
10678
9646
9747
9748
9749
9750
9837
9904
9905
10288
10686
10687
9838
9892
9893
9894
9895
9896
9897
10291
10683
10684
9648
9650
9649
9805
9806
9807
10159
9650
10160
9653
9656
9752
9753
9653
9657
9751
9752
9753
9754
9831
10058
9654
10058
9656
9657
9755
10058
9756
9833
9911
9912
9759
9910
9911
9914
9760
9834
9910
9912
9913
9914
10058
9660
9663
9710
10168
9660
9664
9665
9661
9667
9715
10170
9663
9664
9668
10171
9663
9664
10174
9670
9667
9670
9667
9671
9686
10162
10211
9668
10108
10163
10216
9670
9671
10164
9670
9671
9689
9690
10167
9673
9677
9762
9763
9764
9765
9843
10064
9674
9767
9915
9916
9917
9918
10064
9677
9768
9772
9924
9925
9927
9928
10064
9773
9845
9920
9921
9776
9925
9926
9984
9777
9846
9919
9921
9922
9923
10064
9680
9683
9685
9697
9698
9680
9684
9843
10774
9681
9687
9796
9797
10070
10343
10776
9683
9684
9688
10777
9683
9684
9844
9691
9847
10780
9687
9691
9687
9690
10329
9688
10331
9690
9691
10332
9690
9691
10334
9694
9695
9779
9694
9695
9780
9874
9781
9782
9875
9698
9699
9791
9795
9698
9699
9796
9797
9794
9798
9701
9702
10176
10183
9809
10177
10184
9703
10378
10643
9705
10379
10645
9705
9708
9818
10672
10376
10673
9707
9717
9821
10614
9709
9822
10615
9709
9819
10625
9820
10626
9711
9715
10208
9713
9716
10210
9713
9719
9823
10449
9825
10450
9716
9824
10106
10215
9716
10106
9825
10106
9718
9829
10702
9720
9830
10703
9720
9826
10710
9828
10711
9722
9724
9730
9731
9733
10034
10036
9723
9738
9739
9740
10033
10232
9724
10032
10033
10234
10032
10036
10233
9727
9728
9856
9860
9727
9728
9748
9949
9750
9861
9857
9950
9733
9734
9735
9736
9811
9813
10024
10085
10369
9733
9734
10024
9733
9735
9739
9734
9735
9740
10024
9815
9817
10024
10086
10372
9742
9740
9741
9742
9800
9801
10071
10258
10345
9741
9742
9740
9741
10260
9740
9742
10262
9804
9805
9808
10263
9744
9746
9953
9745
9875
9746
9877
9878
9880
9954
9749
9750
9894
9900
9749
9750
9964
9896
9965
9901
9752
9754
9953
9753
9754
9910
9913
9955
9759
9760
9761
10057
9759
9760
9911
9912
9914
9968
9759
9761
9760
9761
9971
10057
9972
10057
10057
9763
9765
9764
9916
9765
9917
9919
9922
9767
9770
9837
9949
9950
9951
9952
10062
9768
9975
9976
9977
9978
10062
9770
9945
9985
9986
9987
9988
10062
9979
9981
10007
9840
9947
9980
9981
9982
9983
10062
9943
9979
9984
9988
9776
9777
9778
9945
10063
9776
9777
9920
9921
9923
9776
9778
9944
9777
9778
10063
9925
9926
9928
9943
10063
9948
10063
9781
9782
10338
9781
9782
9882
10068
10336
9883
10337
9785
9786
9791
9795
10341
9785
9786
9792
9850
10069
9793
9851
10339
9794
9798
10340
9789
9790
9791
9789
9790
9854
9915
9916
9793
9855
9793
9794
9793
9794
9866
9867
9797
9798
10344
9797
9798
10070
10343
10342
9801
9802
9803
10347
9801
9802
9811
10071
9808
10345
9812
10346
9807
9808
9809
9808
9809
10345
10363
9807
9808
9807
9809
10364
10347
10367
9812
9813
9814
10371
9812
9813
10085
10370
9817
10369
9816
9817
10374
9816
9817
10086
10373
10372
9819
10088
10376
10637
9820
10094
10596
9822
10392
10598
9822
9829
10095
10630
10393
10631
9825
9826
10431
9825
10433
10460
10434
9828
10688
9828
10395
10429
10689
9830
10691
9830
10102
10715
10429
10716
9832
9834
9953
9954
9955
9956
10115
9835
9838
9989
9990
9991
9992
10115
9968
9993
9994
9835
9972
9994
9995
9996
9997
10115
9841
9973
9999
10000
10001
10002
10115
9969
9993
9998
10002
9838
9840
9964
9965
9966
9967
10114
9841
10003
10004
10005
10006
10114
9958
10007
10011
10012
9841
9961
10008
10009
10010
10011
10114
9962
10013
10014
10015
10016
10114
9998
10012
10014
9846
9847
10129
9847
9849
9846
9849
9921
9922
9848
10129
9848
10129
9849
10129
9851
9852
9866
10135
9853
9867
10551
9853
9863
9868
10550
9864
9869
10552
9855
9857
9975
9856
9867
9857
9869
9976
9859
9861
9862
9898
9860
9863
9868
9861
9864
9869
9865
9901
9863
9865
9902
10136
9864
10553
9865
10555
9905
10554
9867
9868
9869
9869
9871
9873
9886
9890
10149
9872
9884
9887
10676
9873
9885
9888
10678
9889
9893
10677
9875
9876
9882
9877
9883
9877
9884
9887
9885
9888
9880
9881
9888
9880
9881
9895
9989
9990
9889
9897
9883
9884
10150
9885
10680
9885
10679
10681
9887
9889
9906
9888
9889
9909
9891
9893
9906
10151
9892
9903
9907
10682
9893
9904
9908
10684
9909
10683
9896
9897
9908
9896
9897
10003
10004
9909
9899
9901
9902
9900
9903
9907
9901
9904
9908
9905
9903
9905
10152
9904
10685
9905
10687
10686
9907
9909
9908
9909
9913
9914
9914
9913
9914
9994
9995
9916
9918
9975
9917
9918
9924
9927
9977
9922
9923
9924
9923
9926
9922
9923
9928
9927
9928
9927
9928
9985
9928
9986
9931
9933
9942
9931
9932
9939
9940
9941
9943
9935
9944
9934
9935
9934
9935
9938
9979
9938
9941
9940
9984
9941
9944
9946
9959
9944
9945
9984
9985
9988
9948
9947
9948
10029
9947
9948
9960
10029
9961
10029
10029
9950
9952
9964
9951
9976
9952
9978
9980
9967
9983
9954
9955
9956
9990
9956
9995
9991
9996
9959
9963
9970
9959
9961
10007
10009
10011
9960
9961
9963
10026
9962
10026
9963
9973
10026
9974
10026
9965
9967
9966
10004
9967
10005
10008
10010
9969
9972
9993
9994
9997
9970
9973
9998
10000
10002
9974
9972
9974
10113
9973
10113
9974
10113
10113
9976
9977
9978
9978
9986
9987
9982
9982
9983
9987
9982
9983
10009
9988
10010
9985
9986
9988
9987
9988
9990
9992
10003
9991
9992
9999
10001
10006
9997
9995
9997
9996
9997
9999
10002
10000
10001
10002
10001
10002
10014
10015
10004
10006
10005
10006
10013
10015
10009
10010
10011
10013
10010
10011
10016
10016
10015
10016
10015
10016
10032
10033
11376
11484
10032
10035
10036
11495
10045
10730
11227
11251
11252
11253
10033
10045
10046
10047
11219
10024
10036
10038
10131
10132
10133
10134
11229
10027
10050
10051
10123
11491
10030
10050
10053
10054
10066
11503
10034
10073
10074
10076
10077
10258
10259
10262
10264
11220
10037
10056
10057
11230
10029
10113
10114
11231
10049
10122
10123
11221
10030
10050
10060
10164
10165
10166
10167
11222
10062
10063
11223
10066
10332
10333
10334
10335
11224
10053
10127
10128
11225
10233
10234
11485
10046
10232
10234
11374
11486
10036
10232
10233
11226
10037
11496
10037
10038
10233
11497
10056
11498
10056
10237
10239
10241
10242
11244
10044
10058
10130
10238
10239
10848
10849
10850
10851
10043
10062
10125
10246
10247
10866
10867
10871
10872
10064
10067
10126
10252
10253
10897
10898
10899
10900
10046
10232
10259
10260
10261
11236
10114
10235
10287
10288
10922
10923
10927
10928
10115
10236
10293
10295
10951
10952
10954
10955
10047
11228
11240
11241
11242
11374
10157
10158
10159
10160
10260
10261
10263
11234
10158
10160
11235
10049
10731
11232
11266
11267
11268
10122
11233
11254
11255
11256
10052
10060
11492
10052
11493
10054
11494
10055
10128
11504
10055
11505
11506
10058
11260
10058
10113
11261
10115
10238
10239
10242
11262
10065
10116
10161
10162
10165
10304
10306
10123
10171
10172
10173
10174
11243
10117
10124
10168
10169
10172
10308
10310
10064
10114
10246
10247
10250
11247
10064
10127
11248
10129
10252
10253
10256
11249
10230
10329
10330
10333
10128
10777
10778
10779
10780
11250
10129
10231
10774
10775
10778
10150
10243
10336
10337
10135
10251
10339
10340
10257
10342
10343
10079
10085
10345
10346
10084
10087
10089
10175
10176
10076
10077
10078
10079
10085
10369
10370
10371
10076
10077
10132
10265
10267
10311
10081
10138
10312
10349
10350
10351
10086
10134
10178
10180
10372
10373
10374
10083
10313
10348
10350
10352
10353
10084
10087
10140
10178
10179
10180
10181
10188
10189
10190
10348
10351
10353
10354
10586
10587
10588
10083
10084
10258
10345
10346
10347
10362
10363
10367
10368
10157
10261
10314
10782
10783
10784
10146
10315
10356
10357
10358
10159
10263
10363
10364
10365
10264
10316
10355
10357
10359
10360
10781
10784
10786
10787
10148
10175
10176
10177
10182
10183
10184
10185
10355
10358
10360
10361
10666
10667
10668
10369
10370
10372
10373
10093
10188
10189
10092
10094
10145
10375
10093
10148
10377
10378
10092
10094
10109
10380
10381
10095
10097
10112
10383
10384
10137
10386
10387
10140
10389
10390
10141
10392
10102
10144
10393
10107
10118
10394
10395
10102
10120
10397
10398
10103
10107
10118
10401
10402
10403
10104
10161
10325
10412
10413
10414
10105
10121
10326
10423
10424
10425
10106
10108
10163
10203
10204
10205
10206
10215
10216
10217
10400
10403
10405
10406
10411
10414
10416
10417
10155
10429
10153
10431
10432
10433
10169
10327
10442
10443
10444
10156
10328
10453
10454
10455
10170
10207
10208
10209
10210
10430
10433
10434
10436
10441
10444
10446
10447
10459
10460
10215
10216
10137
10141
10462
10463
10466
10119
10142
10218
10474
10475
10476
10139
10143
10219
10485
10486
10487
10120
10144
10495
10496
10499
10115
11263
10115
10287
10288
10291
11264
10293
10295
10298
11265
10230
10766
10769
10788
10789
11545
10770
10773
10791
10792
11239
11549
10153
10502
10503
10504
10154
10224
10510
10511
10512
10155
10528
10529
10532
10156
10225
10535
10536
10539
10124
11237
10124
11238
10168
10172
10174
11239
10235
10543
11093
11095
11247
11274
11277
11533
10231
10545
11100
11101
11249
11282
11284
11537
10129
11257
10129
11258
10774
10778
10780
11259
10236
10794
11113
11115
11117
11118
11262
11554
10133
10134
10237
10133
10134
10548
10241
10549
10244
10550
10551
10152
10248
10553
10554
10145
10556
10557
10560
10146
10317
10567
10568
10571
10147
10318
10579
10580
10581
10148
10585
10586
10587
10145
10596
10597
10600
10154
10319
10604
10605
10606
10147
10320
10619
10620
10621
10155
10629
10630
10633
10636
10637
10640
10321
10647
10648
10651
10322
10659
10660
10661
10665
10666
10667
10151
10292
10676
10677
10297
10679
10680
10285
10682
10683
10290
10685
10686
10688
10689
10690
10323
10696
10697
10698
10714
10715
10718
10324
10721
10722
10725
10158
10159
10740
10782
10783
10785
10160
10741
10160
10364
10365
10366
10163
10166
10169
10412
10414
10416
10788
10163
10167
10204
10205
10329
10164
10170
10166
10167
10171
10166
10167
10333
10789
10173
10790
10334
10170
10174
10208
10209
10170
10173
10442
10444
10446
10791
10171
10173
10174
10173
10174
10792
10793
10177
10188
10346
10177
10378
10347
10180
10181
10265
10180
10181
10186
10574
10187
10268
10575
10184
10185
10269
10362
10184
10185
10643
10367
10272
10644
10187
10189
10195
10190
10374
10190
10370
10190
10390
10371
10192
10199
10384
10480
10194
10385
10481
10194
10197
10380
10491
10382
10492
10196
10390
10574
10198
10391
10576
10198
10387
10592
10388
10593
10200
10398
10516
10202
10399
10517
10202
10213
10394
10524
10396
10525
10205
10206
10303
10418
10205
10206
10211
10306
10212
10421
10209
10210
10307
10448
10209
10210
10310
10450
10212
10216
10214
10217
10214
10419
10459
10421
10461
10217
10460
10217
10461
10224
10319
10801
10802
10805
10318
10320
10808
10809
10812
10222
10223
10469
10473
10482
10222
10223
10227
10474
10732
10471
10477
10733
10228
10478
10483
10323
10815
10816
10819
10324
10326
10826
10827
10830
10228
10229
10509
10518
10522
10228
10229
10510
10736
10513
10519
10514
10523
10737
10833
10834
11577
10836
10837
11259
11581
10234
10259
10260
10262
11290
10234
11291
11292
10840
11119
11122
11123
11124
11264
11585
10843
11133
11136
11137
11138
11265
11589
10241
10242
10852
10854
10856
10857
10242
10293
10853
10854
10857
10858
10241
10242
10794
10294
10795
10845
10846
10849
10796
10845
10847
10848
10851
10297
10852
10853
10855
10251
10859
10860
10861
10286
10542
10867
10868
10869
10250
10288
10874
10875
10876
10879
10250
10253
10543
10881
10883
10885
10886
10290
10873
10874
10877
10255
10544
10880
10882
10883
10256
10860
10862
10863
10865
10887
10888
10890
10256
10774
10909
10910
10913
10914
10256
10545
10904
10905
10906
10907
10546
10775
10894
10895
10898
10547
10901
10902
10905
10887
10889
10892
10893
10776
10908
10909
10911
10262
10263
10264
10262
10264
11293
10262
10263
10263
10264
10783
10784
10787
11294
10363
10365
10368
11295
10267
10268
10348
10267
10268
10273
10349
10742
10352
10743
10274
10354
10271
10272
10355
10781
10271
10272
10281
10356
10746
10359
10747
10786
10282
10361
10274
10276
10567
10750
10275
10569
10575
10276
10563
10570
10577
10566
10573
10751
10279
10280
10603
10610
10616
10279
10280
10300
10604
10754
10301
10608
10617
10609
10613
10755
10282
10284
10647
10758
10283
10644
10649
10284
10646
10650
10654
10653
10657
10759
10292
10915
10916
10919
10839
10923
10924
10925
10291
10295
10840
10929
10932
10934
10935
10291
10937
10938
10939
10942
10296
10841
10930
10931
10932
10936
10937
10940
10298
10916
10917
10918
10921
10943
10944
10947
10298
10965
10967
10968
10969
10842
10950
10952
10953
10298
10843
10957
10960
10961
10963
10844
10958
10959
10960
10964
10965
10966
10944
10945
10946
10949
10301
10302
10695
10704
10708
10301
10302
10696
10762
10700
10705
10701
10709
10763
10305
10306
10407
10411
10305
10306
10412
10766
10409
10415
10767
10416
10309
10310
10437
10441
10309
10310
10442
10770
10439
10445
10771
10446
10313
10548
10743
10744
11220
11513
10315
10317
10971
10972
10975
10316
10972
10973
10974
10976
11220
11511
10740
11105
11106
11109
11294
10321
10978
10979
10982
10979
10980
10981
10983
11106
11107
11108
11111
11295
11515
10321
10989
10990
10993
10322
10996
10997
11000
10323
11003
11004
11007
10322
11014
11015
11018
11021
11022
11025
11032
11033
11036
11039
11040
11043
10328
11050
11051
11054
10327
10788
11061
11062
11065
10328
11068
11069
11072
10791
11079
11080
11083
11086
11087
11090
10331
10334
10331
10335
10775
10833
10332
10776
10334
10335
10777
10334
10335
10834
10779
10835
10338
10852
10338
10680
10853
10854
10341
10551
10887
10341
10342
10888
10344
10889
10344
10908
10344
10909
10910
10347
10347
10370
10352
10353
10354
10352
10354
10567
10971
10352
10353
10357
10972
10353
10354
10358
10568
10973
10360
10569
10359
10360
10361
10359
10361
10647
10978
10359
10360
10979
10360
10361
10648
10980
10649
10366
10367
10368
10781
10367
10368
10366
10367
10366
10368
10783
10785
10787
10371
10372
10371
10374
10374
10374
10376
10377
10386
10636
10379
10638
10379
10389
10665
10379
10666
10669
10382
10387
10462
10382
10383
10392
10463
10385
10464
10385
10393
10495
10385
10398
10496
10497
10388
10389
10556
10388
10557
10391
10558
10391
10585
10391
10587
10589
10393
10597
10629
10396
10459
10502
10396
10397
10503
10399
10505
10399
10429
10528
10399
10529
10530
10404
10405
10406
10418
10422
10404
10406
10419
10459
10502
10404
10405
10423
10432
10504
10405
10406
10433
10460
10420
10427
10506
10428
10436
10421
10461
10409
10410
10418
10422
10409
10410
10424
10520
11057
10426
11058
10420
10427
10521
10415
10416
10417
10422
10415
10416
11061
10415
10417
10425
10443
11062
10416
10417
10444
10426
11063
10428
10447
10420
10421
10420
10421
10524
10526
10426
10427
10428
10427
10428
10453
10535
10426
10427
10536
11068
10426
10428
10455
11069
11070
10537
10458
10714
10434
10435
10436
10448
10452
10434
10435
10449
10688
10435
10436
10453
10690
10434
10436
10450
10451
10457
10692
10458
10439
10440
10448
10452
10439
10440
10454
10706
11075
10456
11076
10451
10457
10707
10445
10446
10447
10452
10445
10446
11079
10445
10447
10455
11080
10446
10447
10456
11081
10458
10450
10451
10450
10451
10710
10712
10456
10457
10458
10457
10458
10721
10456
10457
10722
11086
10456
10458
11087
11088
10723
10461
10461
10464
10467
10491
10557
10464
10468
10495
10597
10465
10492
10497
10467
10468
10484
10493
10498
10467
10468
10485
10560
10600
10489
10494
10561
10490
10501
10601
10471
10472
10484
10493
10471
10472
10486
10564
10797
10488
10798
10489
10494
10565
10477
10478
10479
10484
10498
10477
10478
10510
10801
10477
10479
10487
10605
10802
10478
10479
10499
10511
10606
10488
10803
10500
10513
10490
10501
10607
10481
10483
10496
10516
10482
10492
10497
10483
10493
10498
10500
10519
10488
10489
10490
10489
10490
10579
10619
10488
10489
10580
10808
10488
10490
10620
10809
10810
10582
10622
10492
10494
10592
10493
10494
10595
10497
10501
10629
10497
10500
10529
10498
10500
10501
10500
10501
10532
10633
10533
10634
10505
10506
10524
10505
10508
10528
10689
10506
10508
10535
10690
10507
10525
10530
10507
10526
10537
10508
10527
10531
10538
10534
10541
10694
10513
10514
10515
10531
10538
10513
10514
10815
10513
10515
10532
10697
10514
10515
10539
10698
10816
10533
10540
10817
10534
10541
10699
10517
10519
10529
10518
10525
10530
10519
10527
10531
10533
10521
10523
10536
10822
10522
10526
10537
10523
10527
10538
10540
10823
10525
10526
10527
10527
10530
10534
10714
10530
10533
10531
10533
10534
10533
10534
10718
10719
10537
10541
10721
10537
10540
10826
10538
10540
10541
10540
10541
10725
10827
10828
10726
10839
11093
11094
11275
10545
11097
11098
11247
11278
11281
11534
10547
11096
11097
11279
11103
11104
11249
11286
11288
11538
10836
11099
11100
11283
11102
11103
11287
10549
11229
11540
10796
11229
11541
10552
10553
10859
10552
10860
10555
10862
10555
10873
10555
10686
10874
10875
10558
10562
10585
10636
10558
10561
10592
10559
10589
10593
10561
10562
10578
10590
10594
10561
10562
10579
10640
10582
10595
10583
10591
10641
10565
10566
10578
10594
10565
10566
10580
10985
10582
10595
10584
10986
10569
10573
10989
10569
10572
10586
10648
10570
10588
10572
10573
10578
10590
10572
10573
10581
10651
10990
10583
10591
10652
10584
10991
10575
10576
10587
10577
10588
10577
10589
10593
10590
10594
10582
10583
10584
10582
10583
10659
10582
10584
10996
10583
10584
10660
10997
10662
10998
10589
10591
10665
10588
10591
10667
10588
10589
10590
10590
10591
10671
10593
10595
10594
10595
10598
10602
10625
10637
10598
10601
10629
10599
10626
10631
10601
10602
10618
10627
10632
10601
10602
10619
10640
10622
10634
10623
10628
10642
10607
10608
10609
10618
10632
10608
10609
10696
11003
10607
10609
10620
11004
10607
10608
10633
10697
10622
10634
10635
10700
10624
11005
10612
10613
10618
10627
10612
10613
10621
10655
11010
10623
10628
10656
10624
11011
10615
10617
10630
10702
10616
10626
10631
10617
10627
10632
10635
10705
10622
10623
10624
10622
10623
10659
10622
10624
11014
10623
10624
10661
11015
10663
11016
10626
10628
10672
10627
10628
10675
10631
10634
10631
10635
10715
10632
10634
10635
10634
10635
10718
10720
10638
10641
10665
10638
10642
10672
10639
10669
10673
10641
10642
10658
10670
10674
10641
10642
10659
10662
10671
10663
10675
10644
10645
10666
10646
10668
10646
10669
10673
10670
10674
10649
10653
11021
10649
10652
10667
10650
10668
10652
10653
10658
10670
10652
10653
10660
11022
10662
10671
10664
11023
10656
10657
10658
10674
10656
10657
10661
11028
10663
10675
10664
11029
10662
10663
10664
10662
10663
10662
10664
11032
10663
10664
11033
11034
10669
10671
10668
10669
10668
10671
10670
10670
10671
10673
10675
10674
10675
10678
10679
10943
10678
10683
10944
10681
10945
10681
10964
10681
10965
10967
10684
10685
10915
10684
10916
10687
10917
10687
10936
10687
10937
10938
10691
10692
10710
10691
10694
10714
10692
10694
10721
10693
10711
10716
10693
10712
10723
10694
10713
10717
10724
10719
10726
10699
10700
10701
10717
10724
10700
10701
11039
10699
10700
10718
10699
10701
10725
11040
10719
10726
10720
10727
11041
10703
10705
10715
10704
10711
10716
10705
10713
10717
10720
10707
10709
10722
11046
10708
10712
10723
10709
10713
10724
10727
11047
10711
10712
10713
10713
10716
10719
10716
10720
10717
10719
10720
10719
10720
10723
10726
10723
10727
11050
10724
10726
10727
10726
10727
11051
11052
10729
11163
11375
11705
10730
11167
11482
11164
11245
11296
11297
11298
11170
11246
11299
11300
11301
10733
10735
10736
10801
10734
10798
10803
10735
10799
10804
11385
10739
10806
11386
10737
10739
10815
10738
10817
10823
10739
10818
10824
11397
10820
11398
10741
11105
11109
11110
11234
11543
11234
11235
11542
10743
10745
10750
10971
10744
10973
10745
10974
11405
10753
10977
11406
10747
10749
10758
10978
10748
10980
11107
10749
10981
11108
11332
10761
10984
11333
10751
10753
10989
10752
10986
10991
10753
10987
10992
11419
10994
11420
10755
10757
10762
11003
10756
11005
11011
10757
11006
11012
11334
10765
11009
11335
10759
10761
11021
10760
11023
11029
10761
11024
11030
11342
11026
11343
10763
10765
11039
10764
11041
11047
10765
11042
11048
11349
11045
11350
10767
10769
11061
10768
11058
11063
10769
11059
11064
11440
11067
11441
10771
10773
11079
10772
11076
11081
10773
11077
11082
11270
11085
11271
10776
10780
10776
10779
10836
10895
10898
10899
10777
10909
10911
10914
10779
10780
10779
10780
10837
10838
10785
10786
10787
10785
10786
11105
10785
10787
10786
10787
11106
11107
10790
10791
11061
11065
11067
11546
10790
10834
11222
11548
10793
11222
11547
10793
11079
11083
11085
11550
10793
11239
11243
11551
11243
11552
10796
11244
11262
11555
10842
11112
11113
11114
11112
11115
11116
11117
11244
11553
10798
10800
10808
10985
10799
10810
10800
10811
11391
10813
10988
11392
10803
10806
10815
10803
10807
10809
11004
10804
10810
10806
10807
10811
11387
10806
10807
10819
11007
11388
10820
11389
10814
11008
11390
10810
10813
10996
10810
10814
11014
10811
10813
10814
11381
10813
10814
11000
11018
11382
11001
11383
11019
11384
10817
10820
10817
10821
10827
11040
10818
10828
10820
10821
10829
11399
10820
10821
11043
11400
11401
10831
11044
11402
10823
10825
10826
11057
10824
10828
10825
10829
11403
10832
11060
11404
10828
10832
11068
10828
10831
11051
10829
10831
10832
11393
10831
10832
11054
11072
11394
11055
11395
11073
11396
10835
10836
11579
10835
11224
11578
10838
11224
11580
10838
11100
11283
11284
11582
10838
11250
11259
11584
11250
11583
11119
11120
11121
10843
11127
11128
11129
11132
11264
11588
10844
11126
11127
11130
11133
11134
11135
11141
11142
11143
11146
11265
11592
11140
11141
11144
10847
10851
11112
10847
10850
10855
10950
10848
10856
10850
10851
10857
10850
10851
10952
11113
10858
10955
11115
10854
10856
10854
10858
10965
10857
10856
10858
10966
10857
10858
10969
10862
10864
10873
10862
10865
10887
10864
10865
10880
10890
10863
10875
10864
10865
10876
10881
10878
10884
10885
10893
10870
10871
10872
10876
10881
10871
10872
10923
11093
10870
10871
10877
10925
10870
10872
10882
11094
10878
10884
10879
10928
10886
11095
10875
10878
10875
10879
10937
10876
10878
10879
10878
10879
10940
10942
10884
10885
10901
10884
10885
10886
10884
10886
11096
10885
10886
10905
11097
10906
11098
10889
10893
10889
10891
10908
10892
10910
10891
10893
10901
10892
10903
10912
10893
10904
10913
10906
10896
10900
10902
11099
10896
10899
10911
10897
10903
10912
10899
10900
10904
10913
10899
10900
11100
10914
10907
11101
10903
10906
10903
10907
11102
10904
10906
10907
10906
10907
11103
11104
10910
10912
10910
10914
10913
10912
10914
10913
10914
10917
10920
10936
10917
10921
10944
10918
10938
10920
10921
10929
10939
10920
10921
10930
10947
10933
10941
10935
10949
10926
10927
10928
10929
10939
10927
10928
11119
10926
10927
10931
11120
10926
10928
10940
10933
10941
10934
11122
10942
10933
10934
10935
10933
10935
10958
10933
10934
11126
10934
10935
10960
11127
11128
10963
10938
10941
10938
10942
10939
10941
10942
10941
10942
10945
10948
10964
10945
10949
10946
10967
10948
10949
10957
10968
10948
10949
10958
10962
10970
10963
10955
10956
10966
10954
10955
10956
10957
10968
10954
10955
11133
10954
10956
10959
11134
10961
11136
10969
10962
10970
10961
10962
10963
10962
10963
10961
10962
11140
10961
10963
11141
11142
10967
10970
10967
10969
10969
10970
10968
10969
10970
10973
10977
10989
10973
10976
10979
10974
10976
10977
11407
10976
10977
10982
10993
11408
10983
11409
10994
11410
10980
10984
11021
10980
10983
10981
10983
10984
11411
10983
10984
11025
11412
11413
11026
11414
10986
10988
10996
10987
10998
10988
10999
11425
11001
11426
10991
10994
10991
10995
10997
11022
10992
10998
10994
10995
10999
11421
10994
10995
11025
11422
11423
11002
11027
11424
10998
11001
10998
11002
11032
10999
11001
11002
11415
11001
11002
11036
11416
11417
11037
11418
11005
11009
11039
11005
11008
11014
11006
11016
11008
11009
11017
11340
11008
11009
11043
11429
11019
11430
11045
11341
11011
11013
11015
11028
11012
11016
11013
11017
11336
11020
11031
11337
11016
11019
11016
11020
11033
11017
11019
11020
11338
11019
11020
11036
11427
11428
11038
11339
11023
11026
11023
11027
11032
11024
11034
11026
11027
11035
11348
11026
11027
11433
11434
11037
11435
11029
11031
11033
11030
11034
11031
11035
11344
11038
11345
11034
11037
11034
11038
11035
11037
11038
11346
11037
11038
11431
11432
11347
11041
11045
11041
11044
11051
11042
11052
11044
11045
11053
11356
11044
11045
11357
11055
11358
11359
11047
11049
11050
11075
11048
11052
11049
11053
11351
11056
11078
11269
11052
11056
11086
11052
11055
11053
11055
11056
11352
11055
11056
11090
11353
11354
11091
11355
11058
11060
11068
11059
11070
11060
11071
11444
11073
11445
11063
11067
11063
11066
11069
11080
11064
11070
11066
11067
11071
11442
11066
11067
11083
11360
11074
11084
11361
11443
11070
11073
11070
11074
11087
11071
11073
11074
11436
11073
11074
11090
11437
11438
11092
11439
11076
11078
11086
11077
11088
11078
11089
11272
11091
11273
11081
11085
11081
11084
11087
11082
11088
11084
11085
11089
11366
11084
11085
11367
11092
11368
11369
11088
11091
11088
11092
11089
11091
11092
11362
11091
11092
11363
11364
11365
11095
11119
11277
11095
11096
11276
11098
11274
11098
11280
11098
11103
11281
11278
11101
11102
11285
11101
11284
11104
11282
11104
11289
11104
11288
11286
11107
11110
11107
11111
11294
11108
11110
11111
11370
11110
11111
11294
11371
11372
11294
11373
11115
11116
11115
11118
11133
11116
11118
11135
11462
11117
11117
11463
11118
11464
11138
11465
11122
11123
11122
11125
11126
11123
11125
11275
11466
11124
11128
11124
11277
11467
11125
11129
11468
11131
11469
11128
11131
11128
11132
11141
11129
11131
11132
11470
11131
11132
11144
11471
11472
11146
11473
11136
11138
11136
11139
11140
11138
11139
11474
11137
11142
11138
11139
11143
11475
11476
11145
11477
11142
11145
11142
11146
11143
11145
11146
11478
11145
11146
11479
11480
11481
11151
11152
11155
11168
11736
11154
11155
11164
11296
11707
11150
11157
11159
11169
11160
11161
11170
11153
11156
11168
11153
11168
11736
11168
11156
11164
11298
11156
11164
11707
11164
11158
11169
11159
11169
11737
11161
11169
11737
11162
11170
11246
11162
11170
11483
11170
11300
11483
11165
11167
11185
11706
11167
11168
11198
11166
11175
11735
11167
11168
11176
11736
11186
11707
11193
11170
11201
11206
11177
11185
11187
11188
11181
11187
11190
11191
11188
11194
11198
11199
11191
11196
11199
11200
11176
11177
11185
11179
11186
11193
11178
11179
11180
11181
11187
11180
11188
11194
11183
11189
11195
11182
11183
11184
11190
11211
11184
11191
11196
11192
11197
11212
11186
11188
11198
11189
11189
11191
11199
11192
11213
11192
11200
11214
11194
11198
11195
11196
11199
11197
11200
11215
11216
11202
11206
11203
11207
11204
11208
11205
11209
11210
11217
11207
11208
11209
11210
11218
11212
11213
12417
11214
11215
12349
11214
11302
12419
12534
11216
11303
12418
11216
12420
11316
12421
11218
12422
11324
12423
12538
11228
11234
11235
11486
11226
11229
11293
11295
11511
11513
11713
11714
11233
11237
11238
11491
11224
11243
11492
11547
11548
11231
11247
11248
11250
11503
11578
11580
11257
11258
11504
11290
11291
11497
11245
11251
11252
11489
11240
11241
11490
11244
11497
11540
11541
11260
11261
11498
11263
11264
11266
11268
11299
11254
11255
11500
11236
11294
11486
11542
11543
11711
11712
11240
11542
11290
11293
11294
11711
11239
11254
11239
11243
11491
11549
11551
11242
11242
11251
11490
11253
11492
11551
11552
11260
11497
11553
11555
11296
11297
11482
11299
11300
11249
11264
11533
11534
11249
11257
11259
11537
11538
11258
11503
11583
11584
11253
11489
11253
11297
11256
11256
11267
11500
11268
11259
11259
11504
11581
11584
11262
11498
11262
11263
11265
11554
11555
11265
11265
11585
11588
11589
11592
11267
11301
11499
11268
11499
11273
11351
11355
11657
11271
11272
11366
11684
11369
11549
11683
11273
11362
11686
11364
11685
11276
11277
11278
11450
11276
11277
11451
11280
11452
11453
11280
11281
11446
11280
11281
11287
11447
11448
11288
11449
11284
11285
11286
11458
11284
11285
11459
11460
11289
11461
11288
11289
11454
11288
11289
11455
11456
11457
11292
11293
11486
11711
11714
11292
11485
11497
11485
11486
11295
11714
11295
11712
11713
11298
11482
11298
11301
11301
11708
11708
11303
11304
12277
12534
11306
11316
12058
11305
11306
12278
12535
11307
11308
12280
12535
11307
11317
12059
11310
11318
12279
11309
11310
12281
12536
11311
11312
12282
12536
11311
11319
12060
11314
11320
12283
11313
11314
12061
12537
11315
12284
12537
11315
11321
12286
11322
12285
11317
12287
11318
12288
11319
12289
11320
12290
11321
12291
11322
12292
11323
12062
11329
12293
11325
12063
12538
11326
12064
12539
11327
12294
12539
11328
12065
12540
11330
12295
12540
11331
12296
11331
12066
12541
12297
12541
11333
11370
11411
11599
11343
11414
11598
11335
11336
11340
11618
11341
11350
11617
11337
11338
11620
11339
11345
11619
11339
11340
11428
11623
11347
11427
11621
11341
11430
11626
11359
11429
11624
11343
11344
11348
11628
11434
11627
11345
11346
11630
11347
11629
11347
11348
11432
11633
11431
11631
11434
11435
11636
11350
11351
11356
11656
11359
11655
11352
11658
11354
11355
11356
11661
11354
11355
11363
11394
11525
11358
11395
11660
11364
11659
11358
11359
11664
11358
11359
11400
11429
11526
11402
11663
11662
11361
11367
11443
11528
11546
11368
11439
11442
11670
11364
11365
11366
11689
11364
11365
11437
11530
11687
11368
11439
11688
11368
11369
11692
11368
11369
11531
11550
11691
11550
11690
11372
11373
11515
11717
11372
11373
11514
11543
11712
11543
11715
11515
11712
11716
11376
11380
11490
11376
11377
11487
11378
11488
11378
11379
11380
11380
11383
11384
11387
11391
11559
11383
11384
11416
11427
11507
11392
11417
11558
11390
11428
11557
11386
11387
11391
11561
11389
11398
11560
11389
11390
11564
11389
11390
11400
11429
11508
11401
11563
11430
11562
11392
11566
11426
11565
11395
11396
11399
11403
11569
11395
11396
11437
11509
11402
11567
11404
11438
11568
11398
11399
11403
11571
11401
11570
11401
11402
11574
11401
11402
11510
11573
11572
11404
11576
11445
11575
11406
11407
11513
11594
11410
11420
11593
11409
11410
11511
11597
11409
11410
11412
11422
11512
11413
11511
11595
11423
11596
11413
11414
11515
11602
11413
11414
11433
11516
11515
11601
11434
11600
11417
11418
11421
11425
11609
11417
11418
11431
11517
11426
11608
11424
11432
11607
11420
11421
11425
11611
11423
11610
11423
11424
11614
11423
11424
11433
11518
11613
11435
11612
11426
11616
11615
11428
11431
11519
11430
11622
11430
11520
11625
11432
11521
11435
11632
11434
11435
11522
11634
11635
11438
11439
11442
11444
11667
11438
11439
11527
11445
11666
11665
11441
11442
11444
11669
11443
11545
11668
11443
11672
11546
11671
11445
11674
11673
11448
11449
11450
11534
11695
11448
11449
11455
11532
11452
11694
11456
11534
11693
11452
11453
11533
11698
11452
11453
11466
11535
11696
11467
11533
11697
11456
11457
11458
11538
11701
11456
11457
11536
11538
11699
11461
11700
11460
11461
11537
11704
11460
11461
11539
11582
11537
11582
11703
11702
11463
11465
11474
11556
11464
11553
11720
11465
11553
11554
11722
11476
11554
11721
11467
11469
11586
11468
11585
11723
11469
11470
11585
11725
11472
11724
11472
11473
11588
11728
11472
11473
11479
11587
11726
11481
11588
11727
11476
11477
11590
11476
11477
11478
11589
11731
11589
11729
11480
11730
11480
11481
11592
11734
11480
11481
11591
11732
11592
11733
11489
11705
11707
11708
11709
11737
11485
11486
11488
11495
11490
11488
11489
11705
11490
11490
11492
11493
11500
11494
11503
11494
11502
11505
11496
11497
11498
11498
11500
11501
11708
11502
11502
11710
11504
11505
11506
11506
11517
11519
11557
11558
11510
11520
11562
11563
11525
11527
11567
11568
11526
11572
11573
11513
11515
11595
11597
11516
11518
11595
11596
11540
11594
11543
11544
11712
11715
11716
11601
11602
11713
11716
11717
11522
11600
11601
11521
11607
11608
11522
11612
11613
11521
11621
11622
11526
11624
11625
11631
11632
11634
11635
11529
11530
11649
11650
11531
11652
11653
11529
11530
11659
11660
11662
11663
11530
11665
11666
11531
11546
11670
11671
11679
11687
11688
11550
11690
11691
11536
11693
11694
11534
11585
11697
11698
11538
11693
11695
11586
11696
11697
11699
11700
11538
11581
11703
11704
11699
11701
11582
11702
11703
11541
11553
11543
11715
11739
11546
11548
11577
11668
11547
11550
11671
11548
11552
11578
11550
11551
11683
11552
11690
11552
11555
11720
11722
11555
11589
11721
11722
11590
11720
11721
11559
11562
11622
11559
11565
11608
11564
11566
11561
11563
11570
11564
11566
11564
11625
11564
11573
11566
11615
11569
11572
11660
11569
11575
11666
11574
11576
11571
11573
11574
11576
11574
11663
11574
11576
11673
11578
11579
11580
11580
11582
11583
11582
11584
11583
11703
11584
11588
11723
11725
11723
11724
11591
11726
11727
11592
11727
11728
11592
11729
11731
11729
11730
11732
11733
11733
11734
11594
11596
11610
11597
11597
11601
11597
11613
11599
11600
11627
11718
11602
11717
11719
11602
11634
11602
11604
11627
11718
11606
11628
11606
11629
11639
11630
11609
11612
11632
11609
11615
11614
11616
11611
11613
11614
11616
11614
11635
11614
11616
11618
11624
11637
11655
11620
11626
11638
11620
11621
11629
11639
11623
11640
11623
11631
11641
11623
11625
11626
11642
11626
11643
11662
11626
11644
11628
11634
11630
11636
11630
11631
11633
11633
11633
11635
11636
11636
11636
11638
11643
11675
11640
11644
11640
11641
11642
11642
11644
11644
11681
11646
11652
11683
11648
11654
11684
11648
11649
11677
11685
11651
11686
11651
11679
11687
11651
11653
11688
11654
11689
11654
11690
11654
11691
11692
11656
11662
11675
11658
11664
11676
11658
11659
11677
11685
11661
11678
11661
11679
11687
11661
11663
11664
11680
11664
11681
11664
11682
11667
11670
11688
11667
11673
11672
11674
11669
11671
11672
11674
11672
11691
11672
11674
11676
11681
11678
11682
11678
11679
11680
11680
11682
11682
11684
11690
11686
11692
11686
11687
11689
11689
11689
11691
11692
11692
11692
11695
11699
11695
11696
11698
11698
11698
11723
11701
11701
11702
11704
11704
11704
11706
11707
11735
11736
11710
11710
11738
11712
11714
11713
11716
11714
11717
11739
11717
11719
11722
11722
11729
11725
11725
11726
11728
11728
11728
11733
11731
11731
11732
11734
11734
11734
11736
11738
11790
11792
11793
11815
12008
12115
11792
11795
11797
11822
12012
12140
11795
11798
11827
12016
12165
12167
11793
11799
11800
11844
12190
11796
11801
11802
11848
12203
11803
11862
12044
12230
12439
11803
11805
11865
12049
12243
11806
11874
12220
12274
11749
11762
11808
11810
12004
12444
12445
11750
11764
11812
11813
11815
11816
12008
11751
11766
11820
11821
11822
11823
12012
11752
11826
11827
11828
11831
12016
11766
11768
11834
11835
11836
11838
11769
11813
11814
11818
11819
11842
11755
11772
11819
11821
11824
11846
11756
11826
11830
11832
11851
11772
11833
11834
11839
11858
11758
11781
11862
11864
12452
11759
11782
11862
12044
12452
12453
11760
11784
11863
11864
11865
11866
12049
11761
11786
11867
11868
11869
11870
12053
11788
11872
11873
11875
11876
12057
11763
11764
11877
11879
12464
12465
11765
11881
11882
12428
12467
12509
11765
11766
11887
11888
11890
11891
11767
11770
11894
11895
11896
12510
11767
11906
11907
11908
11909
11768
11911
11912
11913
11914
12511
11921
11922
11924
11925
12512
11888
11889
11893
11905
11936
11881
11890
11894
11895
11897
11885
11894
11901
11902
12498
12510
11904
11905
11907
11944
11775
11904
11911
11915
11917
11948
11901
11913
11918
11919
12511
12517
11833
11921
11923
11926
11954
11918
11924
11928
11929
12512
12521
11897
11933
11938
11940
11941
11902
11935
11940
11943
12503
11919
11943
11950
11952
12525
11929
11952
11956
11959
12527
11782
11961
11966
12483
11783
11784
11961
12483
12484
11785
11962
11963
12485
12486
12513
11785
11786
11965
11966
11967
11968
11787
11969
11970
11971
11972
12514
11787
11788
11975
11976
11977
11978
11789
11979
11980
11981
11982
12515
11789
11987
11988
11989
11990
11993
11994
11995
11996
12516
11791
11810
12004
12092
12424
11793
11799
11811
12093
12435
11794
11816
12008
12116
11794
11817
12117
11797
11800
11818
12118
11796
11823
12012
12141
11797
11798
11824
12143
11801
11825
12142
11802
11830
12166
12169
11841
12179
12437
11801
11845
12191
11849
12202
11853
12034
12221
11866
12049
12242
11805
11807
11869
12053
12256
11870
12053
12255
11807
11875
12057
12276
11876
12057
12275
11809
11810
11812
11877
12444
11811
11814
11840
11878
12425
11811
11815
12445
11817
11841
12446
11813
11814
11815
11887
11816
11820
11888
11817
11843
11889
11816
11817
11818
11822
11818
11844
11825
11845
11820
11825
11847
11905
11821
11822
11906
11823
11826
11907
11823
11825
11824
11827
11825
11830
11848
11849
11827
11831
11834
11828
11830
11829
11831
12165
11830
11832
11852
12166
11853
11832
11838
11839
11855
11835
11837
11859
11904
11835
11838
11907
11836
11908
11921
11837
11838
11922
11839
11860
11923
11839
11861
11841
11843
11931
12449
11844
12450
11843
11845
11847
11936
11844
11937
11845
11849
11847
11848
11851
11944
11849
11946
11849
11853
11854
11855
11857
11871
11853
11855
11858
11853
11854
11855
12034
11874
12220
11861
11857
11860
11953
11985
11861
11986
11859
11861
11944
11860
11945
11954
11861
11955
11866
12453
11864
11865
11868
11965
11866
11966
11866
11870
11868
11869
11872
11975
11870
11976
11870
11876
11873
11874
11986
11873
11876
11987
11875
11988
11875
11876
11878
11879
11887
12464
11880
11889
11931
12427
11880
11881
11890
12465
11883
11892
11932
12466
11882
11883
12428
11884
11885
11894
12467
11884
11897
11933
12468
11886
11898
11934
12469
11886
12429
12496
12509
11902
11935
12470
12497
11888
11889
11890
11891
11906
11892
11937
11891
11892
11893
11895
11909
11893
11897
11938
11899
11910
11939
11896
11898
11896
11899
11912
11900
11901
11913
11898
11899
11900
11902
11940
11900
11915
11941
11903
11916
11942
11903
12499
12510
11903
12500
11919
11943
12501
11908
11910
11945
11906
11910
11946
11907
11909
11908
11909
11911
11910
11912
11915
11947
11912
11914
11921
11913
11915
11914
11916
11917
11918
11924
11916
11949
11917
11919
11950
11920
11926
11951
11920
12511
12518
11920
12519
11929
11952
12520
11922
11924
11923
11925
11927
11955
11925
11926
11927
11928
11927
11929
11956
11930
11957
11930
12512
12522
11930
12523
11959
12524
11932
11937
12476
11933
11938
12477
11934
12430
11935
11940
12478
12431
12502
11937
11939
11946
11938
11939
11941
11947
11942
11942
11949
11943
11950
12504
11945
11946
11947
11948
11947
11949
11949
11951
11954
11950
11951
11952
11956
12526
11955
11958
11991
11955
11956
11957
11957
11958
11959
11960
11992
11960
12528
11997
12529
11962
11967
12484
11963
11969
12485
11964
11970
12486
11973
12487
12505
12513
11966
11968
11976
11967
11968
11969
11971
11977
11970
11971
11972
11973
11972
11979
11974
11980
11974
12506
12514
11983
12507
12514
11976
11978
11987
11977
11978
11979
11981
11989
11980
11981
11982
11983
11982
11993
11984
11994
11984
12508
12515
11998
12515
12530
11986
11990
11991
11988
11988
11989
11990
11990
11993
11995
11992
11995
11996
11997
11994
11995
11996
11998
11996
11999
11999
12531
11999
12516
12532
12516
12533
12001
12074
12079
12080
12368
12369
12534
12002
12005
12081
12082
12371
12372
12003
12006
12084
12085
12345
12375
12004
12007
12088
12089
12346
12378
12008
12092
12381
12424
12006
12009
12074
12095
12096
12097
12098
12007
12010
12020
12101
12102
12103
12008
12011
12021
12108
12109
12110
12012
12115
12116
12010
12013
12067
12119
12120
12122
12123
12011
12014
12023
12126
12127
12128
12012
12015
12024
12133
12134
12135
12016
12140
12141
12014
12025
12068
12144
12147
12148
12015
12026
12151
12152
12153
12016
12027
12158
12159
12160
12165
12167
12168
12018
12078
12080
12171
12330
12370
12081
12083
12094
12173
12373
12022
12075
12094
12096
12100
12180
12084
12097
12101
12102
12104
12088
12101
12108
12109
12111
12069
12119
12121
12124
12192
12102
12122
12126
12127
12129
12109
12126
12133
12134
12136
12070
12120
12144
12145
12147
12127
12147
12151
12152
12154
12134
12151
12158
12159
12161
12104
12175
12182
12184
12185
12111
12177
12184
12187
12188
12129
12185
12194
12196
12197
12136
12188
12196
12199
12200
12154
12197
12207
12210
12211
12161
12200
12210
12215
12216
12166
12220
12222
12040
12063
12076
12224
12408
12041
12224
12225
12231
12410
12038
12046
12231
12233
12342
12050
12244
12245
12322
12054
12072
12244
12258
12260
12041
12045
12224
12408
12409
12538
12042
12046
12225
12410
12411
12043
12047
12226
12227
12412
12413
12044
12048
12228
12229
12414
12415
12049
12230
12416
12439
12046
12076
12077
12341
12342
12343
12539
12047
12050
12231
12232
12233
12048
12051
12234
12235
12236
12237
12049
12052
12238
12239
12240
12241
12053
12242
12243
12051
12054
12077
12244
12245
12246
12052
12055
12247
12248
12249
12250
12053
12056
12251
12252
12253
12254
12057
12255
12256
12055
12073
12258
12260
12261
12056
12264
12265
12266
12267
12057
12270
12271
12272
12273
12275
12276
12059
12078
12277
12287
12418
12278
12279
12288
12331
12279
12281
12283
12290
12301
12282
12284
12286
12308
12537
12285
12292
12293
12319
12064
12423
12538
12076
12294
12539
12071
12294
12295
12540
12295
12297
12327
12541
12068
12074
12298
12299
12302
12303
12536
12070
12305
12308
12309
12537
12075
12298
12300
12301
12312
12299
12305
12306
12308
12077
12322
12324
12341
12073
12323
12326
12327
12077
12326
12327
12329
12541
12332
12333
12334
12336
12535
12330
12334
12335
12337
12341
12343
12322
12323
12324
12540
12079
12172
12331
12367
12080
12277
12332
12368
12081
12333
12369
12082
12095
12371
12083
12084
12097
12372
12086
12099
12174
12374
12085
12086
12345
12087
12088
12101
12375
12087
12104
12175
12376
12090
12105
12176
12377
12089
12090
12346
12091
12092
12108
12378
12091
12111
12177
12379
12093
12112
12178
12380
12093
12115
12381
12117
12179
12382
12095
12099
12181
12330
12096
12097
12333
12098
12119
12334
12098
12099
12100
12102
12122
12100
12104
12182
12106
12124
12183
12103
12105
12103
12106
12107
12109
12126
12105
12106
12107
12111
12184
12107
12129
12185
12113
12130
12186
12110
12112
12115
12110
12113
12114
12116
12133
12112
12113
12114
12117
12187
12114
12136
12188
12118
12137
12189
12116
12117
12118
12140
12118
12190
12142
12191
12120
12122
12298
12121
12123
12299
12125
12145
12193
12300
12123
12124
12125
12127
12147
12125
12129
12194
12131
12149
12195
12128
12130
12128
12131
12132
12134
12151
12130
12131
12132
12136
12196
12132
12154
12197
12138
12155
12198
12135
12137
12140
12135
12138
12139
12141
12158
12137
12138
12139
12142
12199
12139
12161
12200
12143
12162
12201
12141
12142
12143
12167
12143
12202
12169
12203
12146
12148
12305
12146
12149
12204
12306
12150
12205
12307
12148
12149
12150
12152
12150
12154
12207
12156
12208
12153
12155
12153
12156
12157
12159
12155
12156
12157
12161
12210
12157
12211
12163
12212
12160
12162
12167
12160
12163
12164
12168
12162
12163
12164
12169
12215
12164
12216
12170
12217
12166
12168
12170
12168
12169
12170
12170
12221
12222
12172
12173
12338
12393
12287
12339
12392
12174
12181
12394
12175
12182
12395
12176
12347
12177
12184
12396
12178
12348
12179
12187
12397
12190
12398
12181
12183
12192
12337
12182
12338
12183
12185
12194
12186
12186
12188
12196
12189
12190
12189
12191
12199
12191
12202
12193
12194
12312
12195
12204
12313
12195
12197
12207
12198
12198
12200
12210
12201
12202
12201
12203
12215
12203
12221
12205
12207
12316
12206
12208
12317
12209
12257
12318
12208
12209
12211
12213
12259
12212
12212
12213
12214
12216
12214
12262
12218
12263
12217
12221
12217
12218
12219
12222
12219
12268
12223
12269
12223
12222
12223
12274
12343
12409
12226
12232
12411
12227
12234
12412
12228
12235
12413
12229
12238
12414
12230
12239
12415
12242
12416
12232
12343
12233
12234
12236
12245
12235
12236
12237
12238
12237
12247
12240
12248
12239
12240
12241
12242
12241
12251
12243
12252
12243
12255
12246
12323
12246
12247
12249
12260
12248
12249
12250
12251
12250
12264
12253
12265
12252
12253
12254
12255
12254
12270
12256
12271
12256
12275
12258
12259
12325
12261
12326
12261
12262
12261
12264
12266
12263
12266
12267
12268
12265
12266
12267
12270
12267
12272
12269
12272
12273
12274
12271
12272
12273
12275
12273
12276
12276
12276
12278
12419
12534
12280
12332
12535
12280
12289
12335
12281
12336
12535
12282
12302
12536
12283
12303
12536
12286
12291
12304
12285
12309
12537
12286
12310
12292
12311
12288
12421
12289
12339
12290
12340
12291
12314
12292
12315
12320
12296
12321
12341
12539
12324
12540
12297
12328
12329
12541
12299
12302
12334
12300
12303
12304
12306
12313
12302
12304
12314
12335
12303
12336
12304
12308
12311
12315
12307
12309
12307
12311
12316
12310
12317
12309
12311
12310
12311
12319
12320
12313
12314
12337
12315
12316
12315
12340
12320
12317
12320
12318
12319
12321
12325
12320
12321
12328
12323
12342
12324
12327
12326
12328
12329
12329
12329
12331
12333
12338
12332
12335
12339
12333
12336
12334
12336
12336
12340
12338
12340
12339
12340
12342
12343
12349
12350
12352
12367
12383
12357
12372
12375
12376
12361
12375
12378
12379
12376
12387
12395
12396
12379
12389
12396
12397
12417
12418
12420
12351
12368
12417
12352
12353
12369
12355
12370
12384
12354
12355
12371
12356
12357
12372
12356
12373
12385
12359
12374
12386
12358
12359
12360
12361
12375
12360
12376
12387
12363
12377
12388
12362
12363
12364
12365
12378
12364
12379
12389
12366
12380
12390
12366
12381
12433
12382
12391
12434
12368
12370
12392
12418
12369
12419
12370
12371
12373
12393
12372
12373
12374
12374
12394
12376
12395
12377
12377
12379
12396
12380
12381
12380
12382
12397
12382
12424
12398
12435
12384
12392
12420
12385
12393
12386
12394
12387
12395
12388
12389
12396
12390
12391
12397
12398
12436
12393
12421
12394
12395
12398
12437
12400
12408
12422
12401
12409
12402
12410
12403
12411
12404
12412
12405
12413
12406
12414
12407
12415
12416
12438
12409
12423
12410
12411
12412
12413
12414
12415
12416
12439
12419
12419
12421
12534
12421
12423
12538
12433
12435
12445
12427
12440
12444
12446
12449
12432
12451
12452
12454
12464
12466
12476
12458
12465
12467
12468
12462
12467
12470
12490
12509
12468
12473
12477
12478
12470
12475
12478
12493
12479
12483
12434
12442
12435
12436
12443
12437
12446
12437
12448
12450
12439
12451
12453
12441
12443
12447
12454
12442
12444
12455
12443
12445
12446
12448
12445
12464
12446
12450
12448
12449
12471
12450
12450
12476
12453
12453
12483
12455
12457
12471
12456
12464
12457
12458
12465
12460
12466
12472
12459
12460
12461
12462
12467
12461
12468
12473
12463
12469
12474
12463
12488
12470
12475
12489
12465
12466
12468
12477
12469
12469
12470
12478
12491
12472
12476
12473
12477
12474
12475
12478
12492
12477
12480
12484
12481
12485
12482
12486
12487
12494
12484
12485
12486
12487
12495
12513
12489
12490
12578
12491
12492
12579
12491
12496
12509
12544
12493
12497
12545
12493
12542
12502
12546
12495
12543
12505
12513
12547
12497
12498
12509
12548
12500
12502
12549
12499
12500
12510
12550
12501
12510
12517
12551
12501
12503
12552
12504
12519
12553
12503
12562
12504
12563
12525
12564
12506
12513
12570
12507
12514
12571
12508
12514
12572
12515
12530
12573
12510
13242
12511
13243
12512
12517
12518
13244
12521
12522
13245
12514
13254
12515
13255
12516
12530
13256
12532
12533
13257
12518
12519
12554
12520
12521
12555
12520
12525
12556
12523
12526
12557
12522
12523
12558
12524
12559
12524
12527
12560
12528
12561
12526
12565
12527
12566
12528
12567
12529
12568
12531
12569
12532
12574
12533
12575
12533
12576
12577
12535
12536
12537
12539
12540
12541
12546
12579
13103
12547
13104
12545
12548
12578
13101
13242
12546
12549
12579
13105
12562
13106
12570
13102
13254
12549
12550
13242
13258
12552
12562
13259
12551
12552
13243
13246
12553
12554
13243
13260
12553
12563
13261
12556
12564
13262
12555
12556
13244
13247
12557
12558
13244
13263
12557
12565
13265
12560
12566
13264
12559
12560
13245
13248
12561
13245
13266
12561
12567
13268
12568
13267
12563
13269
12564
13249
12565
13270
12566
13271
12567
13250
12568
13272
12569
13251
12575
13273
12571
13254
13274
12572
13255
13275
12573
13252
13255
12574
13256
13277
12576
13256
13276
12577
13253
12577
13257
13279
13257
13278
12579
13280
13281
12581
12582
12621
12622
12741
13133
13145
12583
12625
12626
12627
13134
12583
12584
12588
12631
12632
12633
12731
12585
12589
12638
12639
12640
12585
12586
12590
12645
12646
12647
12732
12587
12591
12652
12653
12654
12587
12592
12659
12660
12661
12733
12593
12829
12830
12831
12621
12631
12632
12634
12758
12626
12631
12638
12639
12641
12632
12645
12646
12648
12769
12639
12645
12652
12653
12655
12646
12659
12660
12662
12777
12653
12659
12829
12830
12832
12634
12666
12672
12673
12785
12641
12669
12672
12676
13031
13032
13035
13036
12648
12673
12680
12681
12792
12655
12676
12680
12684
13045
13046
13049
13050
12662
12681
12688
12689
12797
12609
12684
12688
12832
12843
12844
12847
12848
12601
12602
12693
12694
12743
12983
12985
12987
13161
13162
12982
12983
12985
13164
13199
12603
12604
12699
12700
12701
12702
12744
12990
12992
12994
12705
12983
12989
12990
12992
12605
12606
12709
12710
12711
12712
12739
12997
12999
13001
12715
12990
12996
12997
12999
12607
12721
12722
12723
12724
12740
12837
12839
12841
12617
12836
12837
12839
12997
12685
12833
12844
12845
12846
12612
12690
12834
13003
13005
13007
13008
12835
13004
13005
13006
12614
12687
12725
12726
12615
12692
12852
12853
12616
12850
12851
12852
12714
12728
12729
12619
12720
12856
12858
12855
12856
12857
12619
12717
12722
12860
12862
12864
12865
12718
12836
12861
12862
12863
12724
12837
13010
13013
13014
13015
12838
13011
13012
13013
12622
12623
12820
13133
12624
12626
12631
13145
12624
12634
12666
12818
13146
12629
12635
12667
13147
12627
12628
13134
13142
12627
12629
13134
12630
12638
12630
12668
13018
13019
13021
13144
13148
12630
12641
12669
13148
12642
12670
13025
13026
13028
12633
12635
12633
12636
12760
12637
12639
12645
12635
12636
12756
12637
12641
12672
12637
12648
12673
12762
12643
12649
12674
12640
12642
12640
12643
12644
12652
12642
12643
12644
12675
13032
13033
13035
12644
12655
12676
12656
12677
13039
13040
13042
12647
12649
12647
12650
12770
12651
12653
12659
12649
12650
12772
12651
12655
12680
12651
12662
12681
12773
12657
12663
12682
12654
12656
12654
12657
12658
12829
12656
12657
12658
12683
13046
13047
13049
12658
12684
12832
12685
12833
13052
13056
13057
12661
12663
12661
12664
12778
12665
12830
12663
12664
12779
12665
12688
12832
12665
12689
12780
12690
12834
12667
12822
13135
12669
12672
13154
13018
13019
13020
13152
13024
13026
13028
13029
13136
12675
13025
13026
13027
12678
12695
12869
12870
12674
12674
12787
12676
12680
13032
13033
13034
13038
13040
13042
13043
12683
13039
13040
13041
12703
12872
12873
12686
12704
12875
12876
12682
12682
12793
12684
12688
13046
13047
13048
13052
13054
13055
13057
13052
13053
13056
12713
12878
12879
12714
12881
12882
12690
12690
12691
12798
12692
12692
12719
12799
12720
12694
12699
12824
13161
12697
12700
13162
12703
12886
12887
12982
13060
13061
13062
13160
12705
12983
13066
13069
13070
13071
13164
12706
12984
13067
13068
13069
12700
12701
12828
12702
12705
12702
12709
12827
12707
12710
12889
12890
12713
12892
12893
12707
13073
13075
13077
13078
12989
13074
13075
13076
12715
12990
13080
13083
13084
13085
12716
12991
13081
13082
13083
12710
12711
12806
12712
12715
12712
12721
12808
12717
12722
12895
12896
12898
12899
12717
13087
13089
13091
13092
12996
13088
13089
13090
12997
13095
13096
13097
13099
12998
13094
13095
13098
12720
12723
12813
12724
12722
12723
12815
12724
12724
12817
12727
12846
12881
12727
12728
12851
12849
12854
12730
12855
12730
12861
12898
12859
12866
12732
12741
12757
12758
12759
12760
12915
12733
12767
12768
12769
12770
12916
12774
12775
12777
12778
12905
12735
12742
12752
12781
12961
13179
12736
12753
12755
12782
12965
12742
12756
12757
12761
12784
12738
12763
12767
12771
12773
12790
12745
12774
12776
12779
12795
12740
12744
12805
12806
12807
12808
12920
12814
12815
12816
12817
12921
12819
12820
12914
13184
13185
12818
12819
12821
13183
12744
12823
12824
12918
13189
13190
12825
12826
12827
12828
12919
12746
12748
12750
12763
12909
12747
12764
12774
12905
12935
12748
12775
12905
12936
12751
12776
12937
12751
12794
12809
12947
12751
12788
12795
12948
12796
12949
12753
12819
12914
12960
13180
12754
12757
12915
12963
12755
12759
12765
12915
12964
12761
12766
12783
12962
12758
12762
12785
12818
12758
12759
12819
12760
12820
12760
12761
12768
12762
12769
12762
12771
12786
12772
12787
12764
12766
12788
12917
12765
12767
12916
12968
12766
12768
12916
12967
12771
12789
12966
12768
12770
12774
12769
12771
12770
12772
12773
12777
12772
12791
12773
12792
12779
12793
12775
12777
12776
12778
12780
12796
12778
12779
12780
12780
12797
12798
12782
12821
12969
13181
12783
12784
12971
12786
12789
12970
12785
12786
12821
12787
12822
12787
12791
12792
12789
12790
12972
12791
12973
12791
12793
12795
12792
12793
12797
12796
12799
12812
12796
12797
12798
12798
12799
12813
12801
12823
12918
12974
13182
12802
12825
12919
12976
12803
12826
12919
12975
12804
12805
12920
12978
12807
12810
12920
12977
12806
12807
12826
12808
12827
12808
12814
12815
12811
12812
12979
12811
12814
12921
12980
12816
12921
12981
12813
12816
12817
12815
12816
12817
12817
12820
12822
13186
12820
13184
13185
12822
13187
13188
12824
12825
13189
12828
13190
12826
12828
12827
12828
12831
12833
12831
12834
12835
12833
12834
12835
12844
12845
12847
12835
13004
13005
13007
12838
12840
12862
12863
12865
12998
12838
12841
12842
13012
13013
13014
12840
12841
13001
12842
13002
12842
12847
12848
12849
13003
12847
12848
13052
12847
12849
13004
12848
12849
13053
13007
13054
13009
12853
12854
13006
12854
12855
12853
12856
13008
13009
12859
12858
12858
12859
13011
13015
13016
12864
12865
12866
13010
12864
12866
13094
12864
12865
13095
12865
12866
13012
13096
13014
13016
12868
12870
12884
13155
12871
13023
13194
12871
12872
13027
12871
12886
13030
12874
13034
12874
12876
12889
12877
13037
12877
12878
13041
12877
12892
13044
12880
13048
12880
12882
12895
12883
13051
12883
13053
12883
12899
13058
12885
12886
13163
12888
13065
13198
12888
12888
12890
13067
13072
12891
12892
12891
13074
12894
13079
12894
12894
12896
13081
13086
12897
12899
12897
13088
12900
13093
12900
13094
12900
13100
12902
12914
12922
12924
13107
13125
13242
12903
12915
12926
12927
13217
13218
13243
12904
12916
12930
12931
13221
13222
13244
12905
12932
12933
13225
13226
13245
12916
12935
12936
12927
12928
12929
12940
12962
13220
12908
12917
12929
12931
12942
13223
12909
12932
12934
12945
13228
12917
12935
12937
12948
12911
12918
12950
12951
13109
13128
13254
12912
12919
12952
12953
12954
13236
13255
12913
12920
12955
12956
13237
13238
13256
12921
12958
12959
13240
13241
13257
12915
12960
13129
13180
12916
12963
12964
12967
12968
12966
12968
12972
12919
12974
13114
13119
13132
13171
13172
13182
12920
12975
12976
12921
12977
12978
12980
12981
12923
12924
12926
12960
13125
12925
12928
12938
12961
13126
12925
13107
13217
13258
12939
13124
13219
13259
12927
12928
12963
13217
12930
12964
13218
12941
12965
13219
12930
12943
12966
13224
12931
12967
13221
12932
12968
13222
12933
12935
13225
12934
12936
13226
12937
12946
13227
12936
12968
12937
12949
12939
12941
12969
13127
13108
13229
13269
12941
12943
12970
13230
12971
13229
12943
12945
12972
13231
12973
13232
12946
12947
12957
13235
12946
12948
13234
12949
13233
12949
12979
12949
12972
12951
12953
12974
13128
12954
13109
13274
12953
12956
12975
13236
12954
12976
13236
13275
12956
12958
12977
13237
12978
13238
12959
12979
13239
12959
12980
13241
12981
13240
12961
12963
13129
12965
12969
13130
12964
12965
12966
12970
12964
12965
12967
12971
12967
12973
12968
12971
13131
12971
12973
12973
12976
13132
12976
12978
12978
12980
12981
12981
12984
12986
13061
13062
13064
13200
12984
12987
12988
12989
13068
13069
13071
12986
12987
13201
12988
13202
12988
12992
12993
12991
12993
13075
13076
13078
12991
12994
12995
12996
13082
13083
13085
12993
12994
12995
12995
12999
13000
12998
13000
13089
13090
13092
12998
13001
13002
13095
13098
13099
13000
13001
13002
13002
13007
13008
13009
13007
13009
13007
13008
13008
13009
13014
13015
13016
13015
13016
13014
13016
13014
13015
13021
13022
13023
13024
13136
13021
13022
13136
13205
13021
13023
13025
13022
13023
13194
13206
13028
13136
13136
13208
13030
13028
13029
13030
13028
13030
13028
13029
13032
13029
13030
13034
13036
13035
13036
13037
13038
13035
13036
13035
13037
13039
13036
13037
13042
13044
13042
13043
13044
13042
13044
13042
13043
13046
13043
13044
13048
13050
13049
13050
13051
13055
13049
13050
13049
13051
13056
13050
13051
13057
13058
13054
13057
13054
13058
13055
13057
13058
13057
13058
13063
13064
13065
13066
13164
13063
13065
13198
13212
13063
13064
13164
13213
13064
13065
13068
13164
13214
13071
13164
13072
13070
13071
13072
13070
13072
13074
13071
13072
13070
13071
13075
13077
13077
13078
13079
13080
13077
13079
13077
13078
13078
13079
13082
13085
13086
13084
13085
13086
13084
13086
13088
13085
13086
13084
13085
13089
13091
13091
13092
13093
13097
13091
13093
13091
13092
13092
13093
13098
13099
13100
13096
13100
13096
13099
13097
13099
13100
13099
13100
13105
13107
13242
13258
13280
13104
13109
13254
13274
13106
13121
13281
13120
13106
13124
13259
13281
13108
13269
13122
13124
13125
13121
13124
13127
13120
13128
13112
13116
13131
13165
13113
13119
13132
13166
13118
13121
13127
13120
13128
13119
13172
13116
13117
13129
13167
13118
13130
13168
13118
13122
13125
13123
13126
13171
13123
13123
13280
13124
13281
13126
13126
13129
13127
13130
13131
13132
13130
13180
13131
13179
13181
13182
13137
13145
13146
13185
13141
13145
13148
13146
13149
13154
13188
13148
13151
13154
13138
13139
13176
13140
13141
13145
13140
13146
13149
13178
13143
13147
13150
13142
13143
13144
13144
13148
13151
13152
13204
13205
13207
13147
13147
13186
13148
13154
13150
13173
13151
13154
13203
13205
13207
13208
13204
13205
13206
13155
13158
13191
13192
13163
13194
13157
13161
13174
13159
13162
13163
13195
13196
13164
13199
13210
13213
13214
13215
13200
13211
13212
13213
13162
13190
13164
13198
13168
13169
13181
13170
13171
13182
13168
13175
13180
13177
13179
13173
13177
13187
13174
13189
13172
13178
13188
13190
13176
13177
13184
13178
13185
13178
13183
13186
13180
13181
13183
13184
13187
13189
13184
13186
13187
13185
13186
13188
13188
13190
13193
13195
13193
13194
13206
13209
13197
13197
13198
13212
13216
13200
13201
13202
13211
13213
13215
13202
13207
13208
13209
13207
13209
13207
13208
13208
13209
13214
13215
13216
13215
13216
13214
13216
13214
13215
13218
13219
13246
13220
13221
13260
13220
13229
13261
13224
13230
13262
13222
13224
13247
13223
13225
13263
13224
13228
13231
13264
13232
13265
13226
13228
13248
13227
13266
13228
13233
13267
13234
13268
13230
13249
13232
13270
13232
13234
13250
13271
13234
13235
13251
13272
13239
13273
13238
13252
13238
13241
13276
13277
13240
13253
13241
13278
13279
13243
13258
13244
13246
13260
13245
13247
13263
13248
13266
13258
13260
13261
13260
13263
13265
13263
13266
13268
13261
13269
13270
13264
13271
13272
13267
13272
13273
13255
13275
13277
13273
13278
13255
13274
13256
13275
13257
13276
13277
13278
13279
13259
13261
13269
13262
13262
13265
13270
13264
13265
13268
13271
13267
13268
13272
13271
13275
13277
13279
13279
13281
)


// ************************************************************************* //
